# Blender 5.0.0
# www.blender.org
mtllib Craft.mtl
o Laser_Guns.013
v -3.535425 -2.932050 -1.454433
v -3.535425 -2.967232 -1.313881
v -3.573084 -3.088822 -1.363436
v -3.573084 -3.043828 -1.543201
v -3.573084 -3.043828 -1.543201
v -3.573084 -3.088822 -1.363436
v -5.277125 -3.074417 -1.357569
v -5.277125 -3.030590 -1.532694
v -3.535425 -1.914478 -1.195819
v -3.535425 -2.137071 -1.569676
v -3.573084 -2.027040 -1.690600
v -3.573084 -1.742351 -1.212438
v -3.535425 -2.021446 -0.774056
v -3.535425 -1.914478 -1.195819
v -3.573084 -1.742351 -1.212438
v -3.573084 -1.879163 -0.673011
v -3.535425 -2.395306 -0.551472
v -3.535425 -2.021446 -0.774056
v -3.573084 -1.879163 -0.673011
v -3.573084 -2.357332 -0.388319
v -3.535425 -2.817067 -0.658432
v -3.535425 -2.395306 -0.551472
v -3.573084 -2.357332 -0.388319
v -3.573084 -2.896749 -0.525124
v -3.535425 -3.039392 -1.031866
v -3.535425 -2.817067 -0.658432
v -3.573084 -2.896749 -0.525124
v -3.573084 -3.181116 -1.002743
v -3.535425 -2.967232 -1.313881
v -3.535425 -3.039392 -1.031866
v -3.573084 -3.181116 -1.002743
v -3.573084 -3.088822 -1.363436
v -3.535425 -2.558824 -1.676648
v -3.535425 -2.932050 -1.454433
v -3.573084 -3.043828 -1.543201
v -3.573084 -2.566467 -1.827412
v -3.535425 -2.137071 -1.569676
v -3.535425 -2.558824 -1.676648
v -3.573084 -2.566467 -1.827412
v -3.573084 -2.027040 -1.690600
v -3.573084 -1.742351 -1.212438
v -3.573084 -2.027040 -1.690600
v -5.277125 -2.040068 -1.676284
v -5.277125 -1.762736 -1.210463
v -3.573084 -1.879163 -0.673011
v -3.573084 -1.742351 -1.212438
v -5.277125 -1.762736 -1.210463
v -5.277125 -1.896014 -0.684980
v -3.573084 -2.357332 -0.388319
v -3.573084 -1.879163 -0.673011
v -5.277125 -1.896014 -0.684980
v -5.277125 -2.361823 -0.407640
v -3.573084 -2.896749 -0.525124
v -3.573084 -2.357332 -0.388319
v -5.277125 -2.361823 -0.407640
v -5.277125 -2.887316 -0.540916
v -3.573084 -3.181116 -1.002743
v -3.573084 -2.896749 -0.525124
v -5.277125 -2.887316 -0.540916
v -5.277125 -3.164335 -1.006192
v -3.573084 -3.088822 -1.363436
v -3.573084 -3.181116 -1.002743
v -5.277125 -3.164335 -1.006192
v -5.277125 -3.074417 -1.357569
v -3.573084 -2.566467 -1.827412
v -3.573084 -3.043828 -1.543201
v -5.277125 -3.030590 -1.532694
v -5.277125 -2.565561 -1.809560
v -3.573084 -2.027040 -1.690600
v -3.573084 -2.566467 -1.827412
v -5.277125 -2.565561 -1.809560
v -5.277125 -2.040068 -1.676284
v -5.277125 -2.540563 -1.637526
v -5.277125 -2.144042 -1.536957
v -5.277125 -2.040068 -1.676284
v -5.277125 -2.565561 -1.809560
v -5.277125 -2.891016 -1.428874
v -5.277125 -3.030590 -1.532694
v -5.277125 -2.992202 -1.031021
v -5.277125 -2.918722 -1.318158
v -5.277125 -3.074417 -1.357569
v -5.277125 -3.164335 -1.006192
v -5.277125 -2.783352 -0.680240
v -5.277125 -2.887316 -0.540916
v -5.277125 -2.386831 -0.579671
v -5.277125 -2.361823 -0.407640
v -5.277125 -2.035337 -0.788944
v -5.277125 -1.896014 -0.684980
v -5.277125 -1.934770 -1.185465
v -5.277125 -1.762736 -1.210463
v 18.747957 0.182851 -0.221159
v 18.881847 0.182851 -0.618099
v 18.981497 0.262231 -0.419629
v 18.981497 -0.293469 -0.419629
v 18.881847 -0.214089 -0.618099
v 18.747957 -0.214089 -0.221159
v 4.185756 -1.327039 0.281828
v 4.185756 -1.015619 1.551208
v 3.542436 -1.015619 1.421488
v 4.185756 0.984381 1.551208
v 4.185756 1.253451 0.281828
v 3.542436 0.984381 1.421488
v -3.345335 -1.005279 -0.360693
v -3.187385 -0.710759 0.994937
v -3.187385 -1.005279 -0.360693
v -3.345335 -0.710759 0.994937
v -3.292685 -0.710759 0.994937
v -3.345335 0.679521 0.994937
v -3.345335 -0.864619 1.185807
v -3.345335 0.833381 1.185807
v -3.345335 -0.247329 0.994937
v -3.187385 -0.735389 -1.035423
v -3.187385 0.974041 -0.360693
v -3.187385 0.704151 -1.035423
v -3.187385 0.216091 0.994937
v -3.187385 0.679521 0.994937
v -3.240045 0.679521 0.994937
v -3.345335 0.974041 -0.360693
v 7.529537 -1.015619 -1.419631
v 17.244337 -0.486179 -0.890189
v 17.244337 -0.674399 -0.419629
v 7.529537 -1.415619 -0.419630
v 7.529537 1.384381 -0.419630
v 17.244337 0.643161 -0.419629
v 17.244337 0.454941 -0.890189
v 7.529537 0.984381 -1.419631
v 17.244337 0.454941 0.050931
v 17.326538 0.504601 0.100591
v 17.326538 0.712691 -0.419629
v 17.890846 0.504601 0.100591
v 17.890846 0.712691 -0.419629
v 17.326538 -0.535839 -0.939849
v 17.326538 -0.743929 -0.419629
v 17.326538 0.504601 -0.939849
v 17.244337 -0.486179 0.050931
v 17.326538 -0.535839 0.100591
v 17.890846 -0.535839 -0.939849
v 17.890846 -0.743929 -0.419629
v 17.890846 0.504601 -0.939849
v 17.890846 -0.535839 0.100591
v 4.185756 -1.015619 -1.419632
v 4.185756 0.984381 -1.419632
v 4.185756 1.384381 -0.419632
v 4.185756 -1.415619 -0.419632
v 3.542436 1.384381 -0.419632
v 3.542436 -1.015619 -1.419632
v 3.542436 0.984381 -1.419632
v 3.542436 -1.415619 -0.419632
v 7.529536 0.784381 0.580370
v 7.529536 -0.815619 0.580370
v -3.047575 -1.015619 1.421487
v -3.047575 -1.415619 -0.419633
v -3.345335 -1.204219 -0.377293
v -3.047575 0.984381 1.421487
v -3.047575 1.384381 -0.419633
v -3.047575 -1.015619 -1.419633
v -3.047575 0.984381 -1.419633
v -3.345335 1.172981 -0.377293
v -3.345335 -0.864619 -1.226293
v -3.345335 0.833381 -1.226293
v -3.345335 -0.735389 -1.035423
v -3.345335 0.704151 -1.035423
v -3.240045 0.216091 0.994937
v -3.240045 -0.710759 0.994937
v -3.240045 -0.247329 0.994937
v -3.187385 -0.247329 0.994937
v -3.292685 -0.247329 0.994937
v -3.345335 0.216091 0.994937
v -3.292685 0.679521 0.994937
v -3.292685 0.216091 0.994937
v -3.240045 -0.247329 -0.314933
v -3.240045 0.216091 -0.314933
v -3.187385 0.216091 -0.314933
v -3.187385 -0.247329 -0.314933
v -3.345335 -0.247329 -0.314933
v -3.345335 0.216091 -0.314933
v -3.292685 0.216091 -0.314933
v -3.292685 -0.247329 -0.314933
v -3.240045 0.489801 0.994937
v -3.187385 0.489801 0.994937
v -3.187385 0.489801 -0.314933
v -3.240045 0.489801 -0.314933
v -3.345335 0.489801 0.994937
v -3.292685 0.489801 0.994937
v -3.292685 0.489801 -0.314933
v -3.345335 0.489801 -0.314933
v -3.292685 0.489801 0.994937
v -3.240045 0.489801 0.994937
v -3.240045 0.489801 -0.314933
v -3.292685 0.489801 -0.314933
v -3.240045 -0.521039 0.994937
v -3.292685 -0.521039 0.994937
v -3.292685 -0.521039 -0.314933
v -3.240045 -0.521039 -0.314933
v -3.292685 -0.521039 0.994937
v -3.345335 -0.521039 0.994937
v -3.345335 -0.521039 -0.314933
v -3.292685 -0.521039 -0.314933
v -3.187385 -0.521039 0.994937
v -3.240045 -0.521039 0.994937
v -3.240045 -0.521039 -0.314933
v -3.187385 -0.521039 -0.314933
v 7.146646 -0.588519 0.691540
v 7.146646 0.557281 0.691540
v 7.126697 0.557281 0.549740
v 7.126697 -0.588519 0.549740
v 18.003107 -0.334969 0.019671
v 18.003107 0.303731 0.019671
v 18.502398 0.143821 -0.140239
v 18.502398 -0.175059 -0.140239
v -3.187385 -0.521039 -0.314933
v -3.187385 -0.521039 -0.314933
v -3.187385 -0.521039 0.994937
v -3.187385 -0.521039 0.994937
v -3.292685 -0.521039 -0.314933
v -3.292685 -0.521039 -0.314933
v -3.292685 -0.521039 -0.314933
v -3.292685 -0.521039 -0.314933
v -3.292685 -0.521039 0.994937
v -3.292685 -0.521039 0.994937
v -3.292685 -0.521039 0.994937
v -3.292685 -0.521039 0.994937
v -3.047575 -1.015619 1.421487
v -3.047575 -1.015619 -1.419633
v 17.244337 0.454941 0.050931
v 17.244337 0.454941 -0.890189
v 17.244337 -0.486179 0.050931
v 17.244337 -0.486179 -0.890189
v -3.345335 0.974041 -0.360693
v -3.187385 0.679521 0.994937
v -3.187385 0.679521 0.994937
v 18.881847 0.182851 -0.618099
v 18.881847 0.182851 -0.618099
v 18.881847 0.182851 -0.618099
v 18.881847 0.182851 -0.618099
v 17.890846 0.504601 0.100591
v 17.890846 0.504601 -0.939849
v 3.542436 -1.015619 1.421488
v 3.542436 -1.015619 -1.419632
v -3.345335 -1.005279 -0.360693
v -3.345335 -0.710759 0.994937
v -3.345335 -0.710759 0.994937
v -3.345335 1.172981 -0.377293
v 7.529537 -1.015619 -1.419631
v -3.187385 0.704151 -1.035423
v -3.187385 0.704151 -1.035423
v 4.185756 -1.015619 1.551208
v 4.185756 -1.015619 -1.419632
v -3.345335 0.489801 0.994937
v -3.345335 0.489801 0.994937
v -3.345335 0.489801 -0.314933
v -3.345335 0.489801 -0.314933
v 17.326538 0.504601 -0.939849
v 17.326538 0.504601 0.100591
v -3.187385 0.489801 0.994937
v -3.187385 0.489801 0.994937
v -3.187385 0.489801 -0.314933
v -3.187385 0.489801 -0.314933
v 7.529537 0.984381 -1.419631
v 4.185756 0.984381 1.551208
v 4.185756 0.984381 -1.419632
v -3.345335 0.704151 -1.035423
v -3.345335 0.704151 -1.035423
v 18.747957 0.182851 -0.221159
v 18.747957 0.182851 -0.221159
v -3.240045 0.679521 0.994937
v 18.981497 -0.293469 -0.419629
v 18.981497 -0.293469 -0.419629
v 18.981497 0.262231 -0.419629
v 18.981497 0.262231 -0.419629
v 17.326538 -0.535839 0.100591
v 17.326538 -0.535839 -0.939849
v -3.187385 0.216091 0.994937
v -3.187385 0.216091 0.994937
v -3.187385 0.216091 0.994937
v -3.187385 0.216091 -0.314933
v 18.881847 -0.214089 -0.618099
v 18.881847 -0.214089 -0.618099
v -3.187385 -0.710759 0.994937
v -3.187385 -0.710759 0.994937
v 3.542436 0.984381 1.421488
v 3.542436 0.984381 -1.419632
v -3.345335 0.679521 0.994937
v -3.345335 0.679521 0.994937
v -3.345335 -0.864619 1.185807
v -3.345335 -0.864619 1.185807
v -3.345335 -0.864619 -1.226293
v -3.345335 -0.864619 -1.226293
v -3.187385 -1.005279 -0.360693
v -3.240045 0.489801 0.994937
v -3.240045 0.489801 0.994937
v -3.240045 0.489801 0.994937
v -3.240045 0.489801 0.994937
v -3.240045 0.489801 -0.314933
v -3.240045 0.489801 -0.314933
v -3.240045 0.489801 -0.314933
v -3.240045 0.489801 -0.314933
v 17.890846 -0.535839 -0.939849
v -3.292685 -0.710759 0.994937
v -3.345335 -0.247329 0.994937
v -3.345335 -0.247329 0.994937
v -3.345335 -0.247329 0.994937
v -3.345335 -0.247329 -0.314933
v -3.187385 -0.735389 -1.035423
v -3.187385 -0.735389 -1.035423
v -3.345335 0.833381 1.185807
v -3.345335 0.833381 1.185807
v -3.345335 0.833381 -1.226293
v -3.345335 0.833381 -1.226293
v -3.187385 0.974041 -0.360693
v -3.047575 0.984381 1.421487
v -3.047575 0.984381 -1.419633
v -3.345335 -0.521039 -0.314933
v -3.345335 -0.521039 -0.314933
v -3.345335 -0.521039 0.994937
v -3.345335 -0.521039 0.994937
v -3.345335 -1.204219 -0.377293
v -3.345335 -0.735389 -1.035423
v -3.345335 -0.735389 -1.035423
v -3.240045 0.216091 0.994937
v -3.240045 0.216091 0.994937
v -3.240045 0.216091 0.994937
v -3.240045 0.216091 -0.314933
v -3.240045 0.216091 -0.314933
v -3.240045 -0.247329 0.994937
v -3.240045 -0.247329 0.994937
v -3.240045 -0.247329 0.994937
v -3.240045 -0.247329 -0.314933
v -3.240045 -0.247329 -0.314933
v -3.187385 -0.247329 0.994937
v -3.187385 -0.247329 0.994937
v -3.187385 -0.247329 -0.314933
v -3.292685 -0.247329 0.994937
v -3.292685 -0.247329 0.994937
v -3.292685 -0.247329 0.994937
v -3.292685 -0.247329 -0.314933
v -3.292685 -0.247329 -0.314933
v -3.345335 0.216091 0.994937
v -3.345335 0.216091 0.994937
v -3.345335 0.216091 -0.314933
v -3.292685 0.216091 0.994937
v -3.292685 0.216091 0.994937
v -3.292685 0.216091 0.994937
v -3.292685 0.216091 -0.314933
v -3.292685 0.216091 -0.314933
v -3.292685 0.489801 0.994937
v -3.292685 0.489801 0.994937
v -3.292685 0.489801 0.994937
v -3.292685 0.489801 0.994937
v -3.292685 0.489801 -0.314933
v -3.292685 0.489801 -0.314933
v -3.292685 0.489801 -0.314933
v -3.292685 0.489801 -0.314933
v -3.240045 -0.521039 -0.314933
v -3.240045 -0.521039 -0.314933
v -3.240045 -0.521039 -0.314933
v -3.240045 -0.521039 -0.314933
v -3.240045 -0.521039 0.994937
v -3.240045 -0.521039 0.994937
v -3.240045 -0.521039 0.994937
v -3.240045 -0.521039 0.994937
v 7.529536 0.784381 0.580370
v 17.244337 0.454941 0.050931
v 17.244337 0.643161 -0.419629
v 7.529537 1.384381 -0.419630
v 7.529536 0.784381 0.580370
v 7.529537 1.384381 -0.419630
v 4.185756 1.384381 -0.419632
v 4.185756 1.253451 0.281828
v 17.244337 -0.486179 0.050931
v 7.529536 -0.815619 0.580370
v 7.529537 -1.415619 -0.419630
v 17.244337 -0.674399 -0.419629
v 7.529537 -1.415619 -0.419630
v 7.529536 -0.815619 0.580370
v 4.185756 -1.327039 0.281828
v 4.185756 -1.415619 -0.419632
v 7.126697 -0.588519 0.549740
v 7.126697 0.557281 0.549740
v 4.548686 0.711481 1.298238
v 4.548686 -0.742719 1.298238
v 6.966707 0.773551 0.606200
v 4.420075 1.111821 0.390908
v 4.420075 0.917781 1.306318
v 4.409736 -1.164989 0.386908
v 6.975585 -0.793239 0.603910
v 4.409736 -0.938619 1.309608
v 18.003107 0.303731 0.019671
v 18.003107 -0.334969 0.019671
v 18.502398 -0.175059 -0.140239
v 18.502398 0.143821 -0.140239
v 4.416915 -1.249769 0.401088
v 6.982757 -0.878019 0.618100
v 6.975585 -0.793239 0.603910
v 4.409736 -1.164989 0.386908
v 7.146646 0.557281 0.691540
v 4.568635 0.711481 1.440038
v 4.548686 0.711481 1.298238
v 7.126697 0.557281 0.549740
v 4.426006 0.988401 1.317248
v 6.972627 0.844171 0.617129
v 6.966707 0.773551 0.606200
v 4.420075 0.917781 1.306318
v 4.568635 -0.742719 1.440038
v 4.568635 0.711481 1.440038
v 4.185756 0.984381 1.551208
v 4.185756 -1.015619 1.551208
v 7.146646 -0.588519 0.691540
v 7.529536 -0.815619 0.580370
v 7.146646 0.557281 0.691540
v 7.529536 0.784381 0.580370
v 4.568635 -0.742719 1.440038
v 7.146646 -0.588519 0.691540
v 7.126697 -0.588519 0.549740
v 4.548686 -0.742719 1.298238
v 4.568635 0.711481 1.440038
v 4.568635 -0.742719 1.440038
v 4.548686 -0.742719 1.298238
v 4.548686 0.711481 1.298238
v 4.426006 1.182441 0.401848
v 6.972627 0.844171 0.617129
v 7.529536 0.784381 0.580370
v 4.185756 1.253451 0.281828
v 4.416915 -1.023389 1.323798
v 6.982757 -0.878019 0.618100
v 7.529536 -0.815619 0.580370
v 4.185756 -1.015619 1.551208
v 4.416915 -1.249769 0.401088
v 4.416915 -1.023389 1.323798
v 4.185756 -1.015619 1.551208
v 4.185756 -1.327039 0.281828
v 4.426006 0.988401 1.317248
v 4.426006 1.182441 0.401848
v 4.185756 1.253451 0.281828
v 4.185756 0.984381 1.551208
v 6.982757 -0.878019 0.618100
v 4.416915 -1.249769 0.401088
v 4.185756 -1.327039 0.281828
v 7.529536 -0.815619 0.580370
v 6.972627 0.844171 0.617129
v 4.426006 0.988401 1.317248
v 4.185756 0.984381 1.551208
v 7.529536 0.784381 0.580370
v 4.426006 1.182441 0.401848
v 4.426006 0.988401 1.317248
v 4.420075 0.917781 1.306318
v 4.420075 1.111821 0.390908
v 6.972627 0.844171 0.617129
v 4.426006 1.182441 0.401848
v 4.420075 1.111821 0.390908
v 6.966707 0.773551 0.606200
v 4.416915 -1.023389 1.323798
v 4.416915 -1.249769 0.401088
v 4.409736 -1.164989 0.386908
v 4.409736 -0.938619 1.309608
v 6.982757 -0.878019 0.618100
v 4.416915 -1.023389 1.323798
v 4.409736 -0.938619 1.309608
v 6.975585 -0.793239 0.603910
v -1.822674 11.606912 2.366886
v -1.822674 12.002025 2.704350
v -1.822674 11.901881 2.421557
v -1.822674 11.512219 2.877801
v -1.822674 11.807199 2.932470
v -1.822674 11.412076 2.595008
v 9.006786 11.648236 2.638790
v 9.006786 11.727023 2.706069
v 9.006786 11.668201 2.695168
v 9.006786 11.745903 2.604204
v 9.006786 11.765869 2.660583
v 9.006786 11.687090 2.593301
v -1.777054 2.943166 0.240738
v 2.063196 2.191180 0.098225
v -1.777054 2.191180 0.098224
v 2.222946 2.943166 0.240739
v 2.222946 2.191180 0.098225
v 2.222946 3.078871 1.525153
v 2.222946 3.288314 1.320754
v 2.222946 3.231604 1.625218
v 2.222946 3.195359 0.910481
v 2.222946 3.374121 0.873242
v -1.777054 3.231604 1.625218
v -1.777054 3.288314 1.320754
v 2.063196 3.231604 1.625218
v -1.777054 3.438113 0.610011
v 2.222946 4.613525 0.835024
v 2.222946 3.492127 0.344459
v -2.891935 3.438150 0.609818
v -2.891935 4.613528 0.835032
v -2.511075 4.562506 1.101095
v -1.830595 11.902148 2.421113
v -2.891935 4.562506 1.101095
v 2.222946 4.562506 1.101096
v 0.506425 11.902148 2.421113
v 2.222946 3.492127 0.344459
v 2.222946 3.374121 0.873242
v 2.222946 2.943166 0.240739
v -1.777054 3.374121 0.873241
v -1.777054 3.438113 0.610011
v -1.777054 2.943166 0.240738
v -2.511075 3.374121 0.873241
v -2.891935 3.374121 0.873241
v -1.777054 3.374121 0.873241
v 2.222946 2.570246 1.193408
v 2.222946 2.571748 1.185334
v 0.889616 2.571748 1.185334
v -1.777054 2.571748 1.185333
v -1.777054 2.570246 1.193407
v -3.692325 2.088558 1.519642
v -3.692325 1.934391 0.779660
v -3.692325 1.858217 1.181581
v -3.692325 2.674373 0.625493
v -3.692325 2.272452 0.549319
v -3.692325 2.848435 1.253958
v -3.692325 2.904249 0.962870
v -3.692325 2.490479 1.595816
v -3.692325 2.827541 1.366158
v -1.777054 2.279693 1.253419
v -1.777054 2.511094 1.633751
v -1.777054 2.083597 1.552726
v -1.777054 2.398502 1.275931
v -1.777054 2.438112 1.283440
v -1.777054 2.319299 1.260919
v -1.777054 2.358907 1.268428
v -1.777054 2.951413 0.960830
v -1.777054 2.896591 1.246718
v -1.777054 2.591157 1.084097
v -1.777054 2.600865 1.033473
v -1.777054 2.581455 1.134709
v -1.777054 2.218926 0.961754
v -1.777054 1.838595 1.193156
v -1.777054 1.919616 0.765648
v -1.777054 2.198911 1.067363
v -1.777054 2.188906 1.120172
v -1.777054 2.208917 1.014554
v 0.889616 2.188906 1.120172
v 2.222946 2.188906 1.120173
v 2.222946 2.279693 1.253420
v 0.222946 2.279693 1.253420
v 2.222946 2.352175 0.870968
v 2.222946 2.218926 0.961755
v 0.889616 2.218926 0.961754
v -1.777054 2.352175 0.870967
v -0.443724 2.218926 0.961754
v -1.777054 2.510592 0.900988
v 2.222946 2.600865 1.033473
v 2.222946 2.510592 0.900988
v -0.443724 2.600865 1.033473
v 0.889616 2.600865 1.033473
v 2.222946 2.438112 1.283440
v 1.222946 2.438112 1.283440
v -0.777054 2.438112 1.283440
v 2.323026 2.542325 1.093052
v 2.323026 2.482261 0.956542
v 2.323026 2.549566 1.055321
v 2.323026 2.264822 1.001844
v 2.323026 2.364166 0.934159
v 2.323026 2.257365 1.041211
v 2.323026 2.398697 1.236070
v 2.323026 2.369176 1.230473
v 2.323026 2.339654 1.224877
v 2.323026 2.310123 1.219284
v 2.323026 2.242442 1.119949
v 2.323026 2.249899 1.080582
v 2.323026 2.535089 1.130793
v 2.323026 2.527860 1.168530
v 2.323026 2.526736 1.174551
v 2.323026 2.428228 1.241663
v -1.822674 11.606912 2.366886
v 0.773216 11.606912 2.366886
v 0.773216 11.412076 2.595009
v -1.822674 11.412076 2.595008
v -1.822674 11.412076 2.595008
v 0.773216 11.412076 2.595009
v 0.773216 11.512219 2.877801
v -1.822674 11.512219 2.877801
v -1.822674 11.512219 2.877801
v 0.773216 11.512219 2.877801
v 0.773216 11.807199 2.932470
v -1.822674 11.807199 2.932470
v -1.822674 11.807199 2.932470
v 0.773216 11.807199 2.932470
v 0.773216 12.002025 2.704350
v -1.822674 12.002025 2.704350
v 0.773216 11.645440 2.475685
v 0.773216 11.826929 2.509322
v 3.778286 11.826929 2.509322
v 3.778286 11.645440 2.475686
v 0.773216 11.606912 2.366886
v -1.822674 11.606912 2.366886
v -1.822674 11.901881 2.421557
v 0.773216 11.901881 2.421557
v -1.822674 12.002025 2.704350
v 0.773216 12.002025 2.704350
v 0.773216 11.901881 2.421557
v -1.822674 11.901881 2.421557
v 0.773216 11.525557 2.616045
v 0.773216 11.606912 2.366886
v 0.773216 11.525557 2.616045
v 0.773216 11.587174 2.790046
v 0.773216 11.412076 2.595009
v 0.773216 11.587174 2.790046
v 0.773216 11.768673 2.823680
v 0.773216 11.512219 2.877801
v 0.773216 11.768673 2.823680
v 0.773216 11.888547 2.683323
v 0.773216 11.807199 2.932470
v 0.773216 11.888547 2.683323
v 0.773216 12.002025 2.704350
v 0.773216 11.826929 2.509322
v 0.773216 11.645440 2.475685
v 0.773216 11.901881 2.421557
v 3.778286 11.673332 2.554452
v 3.778286 11.772666 2.572860
v 7.028316 11.772666 2.572862
v 7.028316 11.673324 2.554458
v 3.778286 11.888547 2.683325
v 3.778286 11.826929 2.509322
v 3.778286 11.768673 2.823680
v 3.778286 11.888547 2.683325
v 3.778286 11.587174 2.790047
v 3.778286 11.768673 2.823680
v 3.778286 11.525557 2.616045
v 3.778286 11.587174 2.790047
v 3.778286 11.645440 2.475686
v 3.778286 11.525557 2.616045
v 3.778286 11.607723 2.631270
v 3.778286 11.607723 2.631270
v 3.778286 11.641448 2.726506
v 3.778286 11.641448 2.726506
v 3.778286 11.740780 2.744913
v 3.778286 11.740780 2.744913
v 3.778286 11.806391 2.668095
v 3.778286 11.806391 2.668095
v 3.778286 11.772666 2.572860
v 3.778286 11.673332 2.554452
v 7.028316 11.673324 2.554458
v 7.028316 11.772666 2.572862
v 7.030527 11.796213 2.545290
v 7.030527 11.661217 2.520267
v 7.028316 11.806391 2.668097
v 7.028316 11.772666 2.572862
v 7.028316 11.740770 2.744917
v 7.028316 11.806391 2.668097
v 7.028316 11.641438 2.726511
v 7.028316 11.740770 2.744917
v 7.028316 11.607713 2.631276
v 7.028316 11.641438 2.726511
v 7.028316 11.673324 2.554458
v 7.028316 11.607713 2.631276
v 7.030527 11.661217 2.520267
v 7.030527 11.796213 2.545290
v 7.218847 11.781785 2.562186
v 7.218847 11.668633 2.541214
v 7.028316 11.772666 2.572862
v 7.028316 11.806391 2.668097
v 7.030527 11.842042 2.674706
v 7.030527 11.796213 2.545290
v 7.028316 11.806391 2.668097
v 7.028316 11.740770 2.744917
v 7.030527 11.752877 2.779108
v 7.030527 11.842042 2.674706
v 7.028316 11.740770 2.744917
v 7.028316 11.641438 2.726511
v 7.030527 11.617891 2.754082
v 7.030527 11.752877 2.779108
v 7.028316 11.641438 2.726511
v 7.028316 11.607713 2.631276
v 7.030527 11.572062 2.624667
v 7.030527 11.617891 2.754082
v 7.028316 11.607713 2.631276
v 7.028316 11.673324 2.554458
v 7.030527 11.661217 2.520267
v 7.030527 11.572062 2.624667
v 7.218847 11.807554 2.423128
v 7.296557 11.819678 2.357697
v 7.296557 11.706536 2.336721
v 7.218847 11.694407 2.402164
v 7.030527 11.796213 2.545290
v 7.030527 11.842042 2.674706
v 7.218847 11.820196 2.670655
v 7.218847 11.781785 2.562186
v 7.030527 11.842042 2.674706
v 7.030527 11.752877 2.779108
v 7.218847 11.745461 2.758162
v 7.218847 11.820196 2.670655
v 7.030527 11.752877 2.779108
v 7.030527 11.617891 2.754082
v 7.218847 11.632319 2.737186
v 7.218847 11.745461 2.758162
v 7.030527 11.617891 2.754082
v 7.030527 11.572062 2.624667
v 7.218847 11.593908 2.628716
v 7.218847 11.632319 2.737186
v 7.030527 11.572062 2.624667
v 7.030527 11.661217 2.520267
v 7.218847 11.668633 2.541214
v 7.218847 11.593908 2.628716
v 7.241117 11.684813 2.586904
v 7.241117 11.750311 2.599036
v 9.006786 11.745903 2.604204
v 9.006786 11.687090 2.593301
v 7.218847 11.781785 2.562186
v 7.218847 11.820196 2.670655
v 7.241117 11.820196 2.670655
v 7.241117 11.781785 2.562186
v 7.218847 11.820196 2.670655
v 7.218847 11.745461 2.758162
v 7.241117 11.745461 2.758162
v 7.241117 11.820196 2.670655
v 7.296557 11.706536 2.336721
v 7.318827 11.819678 2.357697
v 7.318827 11.706536 2.336721
v 7.218847 11.632319 2.737186
v 7.218847 11.593908 2.628716
v 7.241117 11.593908 2.628716
v 7.241117 11.632319 2.737186
v 7.218847 11.593908 2.628716
v 7.218847 11.668633 2.541214
v 7.241117 11.668633 2.541214
v 7.241117 11.593908 2.628716
v 7.218847 11.807554 2.423128
v 7.218847 11.694407 2.402164
v 7.241117 11.781785 2.562186
v 7.241117 11.807554 2.423128
v 7.218847 11.807554 2.423128
v 7.241117 11.668633 2.541214
v 7.241117 11.694407 2.402164
v 7.241117 11.807554 2.423128
v 7.218847 11.668633 2.541214
v 7.218847 11.694407 2.402164
v 7.241117 11.694407 2.402164
v 7.241117 11.668633 2.541214
v 7.218847 11.606546 2.876235
v 7.218847 11.719687 2.897212
v 7.241117 11.632319 2.737186
v 7.241117 11.606546 2.876235
v 7.218847 11.606546 2.876235
v 7.241117 11.745461 2.758162
v 7.241117 11.719687 2.897212
v 7.241117 11.606546 2.876235
v 7.218847 11.745461 2.758162
v 7.218847 11.719687 2.897212
v 7.241117 11.719687 2.897212
v 7.241117 11.745461 2.758162
v 7.241117 11.807554 2.423128
v 7.318827 11.819678 2.357697
v 7.296557 11.819678 2.357697
v 7.218847 11.807554 2.423128
v 7.241117 11.694407 2.402164
v 7.318827 11.706536 2.336721
v 7.241117 11.807554 2.423128
v 7.218847 11.694407 2.402164
v 7.296557 11.706536 2.336721
v 7.318827 11.706536 2.336721
v 7.241117 11.694407 2.402164
v 7.296557 11.707563 2.962642
v 7.296557 11.594416 2.941679
v 7.318827 11.594416 2.941679
v 7.318827 11.707563 2.962642
v 7.218847 11.606546 2.876235
v 7.296557 11.707563 2.962642
v 7.218847 11.719687 2.897212
v 7.241117 11.606546 2.876235
v 7.318827 11.594416 2.941679
v 7.296557 11.594416 2.941679
v 7.218847 11.606546 2.876235
v 7.241117 11.719687 2.897212
v 7.318827 11.707563 2.962642
v 7.241117 11.606546 2.876235
v 7.218847 11.719687 2.897212
v 7.296557 11.707563 2.962642
v 7.318827 11.707563 2.962642
v 7.241117 11.719687 2.897212
v 7.241117 11.641558 2.637547
v 7.241117 11.641558 2.637547
v 7.241117 11.663793 2.700336
v 7.241117 11.632319 2.737186
v 7.241117 11.663793 2.700336
v 7.241117 11.729280 2.712472
v 7.241117 11.729280 2.712472
v 7.241117 11.772546 2.661825
v 7.241117 11.772546 2.661825
v 7.241117 11.781785 2.562186
v 7.241117 11.750311 2.599036
v 7.241117 11.684813 2.586904
v 9.006786 11.765869 2.660583
v 9.006786 11.745903 2.604204
v 9.006786 11.727023 2.706069
v 9.006786 11.765869 2.660583
v 9.006786 11.668201 2.695168
v 9.006786 11.727023 2.706069
v 9.006786 11.648236 2.638790
v 9.006786 11.668201 2.695168
v 9.006786 11.687090 2.593301
v 9.006786 11.648236 2.638790
v 2.222946 3.288314 1.320754
v 2.222946 3.374121 0.873242
v 2.222946 4.536277 1.255721
v -1.777054 3.374121 0.873241
v 2.222946 3.374121 0.873242
v 2.222946 2.943166 0.240739
v -1.777054 2.943166 0.240738
v 2.222946 1.558677 0.529180
v 2.063196 1.558677 0.529180
v 1.939796 1.441132 1.149404
v -1.642945 1.441132 1.149403
v -1.642945 1.073283 1.079156
v 1.939796 1.073283 1.079156
v -1.777054 2.870059 1.389165
v -1.777054 2.896591 1.246718
v -3.535425 2.896591 1.246718
v -3.535425 2.870059 1.389165
v 2.222946 1.947190 1.760923
v 2.222946 2.561867 1.877420
v 2.222946 2.599105 2.056183
v 2.222946 1.847128 1.913666
v 2.222946 2.843101 0.393473
v 2.222946 2.228426 0.276975
v 2.222946 1.711411 0.629246
v 2.222946 1.594923 1.243918
v 2.222946 1.416160 1.281157
v -1.777054 4.536277 1.255720
v -1.777054 4.562506 1.101095
v -1.777054 3.288314 1.320754
v -1.830595 11.925466 2.299547
v 0.506425 11.925466 2.299547
v 2.222946 3.374121 0.873242
v -1.777054 3.374121 0.873241
v -1.777054 3.438113 0.610011
v 2.222946 3.492127 0.344459
v -2.511075 3.288314 1.320753
v -2.511075 4.536277 1.255720
v 2.222946 3.374121 0.873242
v 2.222946 3.288314 1.320754
v -1.777054 3.288314 1.320754
v -1.777054 3.374121 0.873241
v -1.777054 2.511094 1.633751
v -1.777054 2.083597 1.552726
v -1.777054 1.847128 1.913665
v -1.777054 2.599105 2.056182
v -1.777054 2.870059 1.389165
v -1.777054 2.951413 0.960830
v -1.777054 2.896591 1.246718
v -1.777054 3.374121 0.873241
v -1.777054 2.706694 0.601668
v -1.777054 2.279191 0.520656
v -1.777054 1.919616 0.765648
v -1.777054 1.558677 0.529180
v -1.777054 1.838595 1.193156
v -1.777054 1.416163 1.281166
v -1.777054 1.838595 1.193156
v -1.777054 2.083597 1.552726
v -3.535425 2.083597 1.552726
v -3.535425 1.838595 1.193155
v -1.777054 1.919616 0.765648
v -3.535425 1.919616 0.765648
v -1.777054 2.279191 0.520656
v -3.535425 2.279191 0.520656
v -1.777054 2.706694 0.601668
v -3.535425 2.706694 0.601668
v -1.777054 2.951413 0.960830
v -3.535425 2.951413 0.960829
v -1.777054 2.511094 1.633751
v -3.535425 2.511094 1.633750
v -5.277115 2.827541 1.366158
v -5.277115 2.848435 1.253958
v -5.277115 2.490479 1.595816
v -5.277115 2.088558 1.519642
v -5.277115 1.993294 1.665053
v -5.277115 2.525934 1.766003
v -5.277115 2.973192 1.461263
v -5.277115 2.904249 0.962870
v -5.277115 3.006245 1.283790
v -5.277115 3.074546 0.927578
v -5.277115 2.674373 0.625493
v -5.277115 2.769639 0.480082
v -5.277115 2.272452 0.549319
v -5.277115 2.236998 0.379132
v -5.277115 1.934391 0.779660
v -5.277115 1.788980 0.684395
v -5.277115 1.858217 1.181581
v -5.277115 1.688030 1.217035
v -1.777054 2.870059 1.389165
v -1.777054 2.706694 0.601668
v -1.777054 2.279191 0.520656
v 0.889616 2.208917 1.014554
v 2.222946 2.208917 1.014554
v 0.889616 2.581455 1.134709
v 2.222946 2.581455 1.134709
v 1.222946 2.319299 1.260919
v 1.222946 2.279693 1.253420
v 2.222946 2.319299 1.260919
v 0.889616 2.591157 1.084098
v 2.222946 2.591157 1.084098
v 2.222946 3.132857 1.240440
v 0.889616 3.132857 1.240440
v -0.443724 2.591157 1.084097
v -0.443724 2.581455 1.134709
v -0.443724 3.132857 1.240440
v -1.777054 3.132857 1.240440
v -0.443724 2.571748 1.185333
v 0.889616 2.198911 1.067363
v 2.222946 2.198911 1.067363
v 2.222946 1.658176 0.910180
v 0.889616 1.658176 0.910180
v -0.443724 2.198911 1.067363
v -0.443724 2.188906 1.120172
v -0.443724 2.208917 1.014554
v -0.443724 1.658176 0.910180
v -1.777054 1.658176 0.910180
v 2.222946 2.398502 1.275931
v -0.777054 2.319299 1.260919
v 0.222946 2.319299 1.260919
v 0.222946 2.214918 1.811673
v -0.777054 2.214918 1.811673
v -1.777054 2.214918 1.811673
v -0.777054 2.279693 1.253419
v 0.222946 2.398502 1.275931
v -0.777054 2.398502 1.275931
v -0.777054 2.294132 1.826682
v 0.222946 2.294132 1.826682
v -1.777054 2.294132 1.826681
v 0.222946 2.438112 1.283440
v 1.222946 2.398502 1.275931
v 1.222946 2.294132 1.826682
v 2.222946 2.294132 1.826682
v 2.222946 2.214918 1.811673
v 1.222946 2.214918 1.811673
v 0.889616 1.648167 0.962980
v 2.222946 1.648167 0.962980
v -1.777054 1.648167 0.962980
v -0.443724 1.648167 0.962980
v 0.889616 3.142565 1.189816
v 2.222946 3.142565 1.189816
v -1.777054 3.142565 1.189816
v -0.443724 3.142565 1.189816
v 1.222946 2.254524 1.819173
v 2.222946 2.254524 1.819173
v -0.777054 2.254524 1.819172
v 0.222946 2.254524 1.819173
v -1.777054 2.254524 1.819172
v 2.222946 2.358907 1.268428
v 1.939796 1.533709 0.660943
v -1.642945 1.533709 0.660942
v 2.088836 1.441132 1.149404
v 2.088836 1.533709 0.660943
v 2.063196 1.416160 1.281157
v 1.939796 1.168139 0.591140
v 2.088836 1.168139 0.591140
v 2.088836 1.073283 1.079156
v -1.642945 1.168139 0.591139
v 2.063196 1.847128 1.913666
v 2.063196 2.599105 2.056183
v -1.642945 1.168139 0.591139
v -1.642945 1.168139 0.591139
v 2.088836 1.168139 0.591140
v 2.088836 1.168139 0.591140
v 1.939796 1.168139 0.591140
v 2.088836 1.533709 0.660943
v 2.088836 1.533709 0.660943
v -1.642945 1.533709 0.660942
v -1.642945 1.533709 0.660942
v 1.939796 1.533709 0.660943
v -1.777054 2.254524 1.819172
v 2.222946 2.254524 1.819173
v -0.443724 3.142565 1.189816
v -1.777054 3.142565 1.189816
v -1.777054 3.142565 1.189816
v 2.222946 3.142565 1.189816
v 2.222946 3.142565 1.189816
v 0.889616 3.142565 1.189816
v -0.443724 1.648167 0.962980
v -1.777054 1.648167 0.962980
v -1.777054 1.648167 0.962980
v 2.222946 1.648167 0.962980
v 2.222946 1.648167 0.962980
v 0.889616 1.648167 0.962980
v 1.222946 2.214918 1.811673
v 2.222946 2.214918 1.811673
v 2.222946 2.214918 1.811673
v -1.777054 2.214918 1.811673
v -1.777054 2.214918 1.811673
v -0.777054 2.214918 1.811673
v 0.222946 2.214918 1.811673
v -1.777054 1.658176 0.910180
v -1.777054 1.658176 0.910180
v -0.443724 1.658176 0.910180
v 0.889616 1.658176 0.910180
v 2.222946 1.658176 0.910180
v 2.222946 1.658176 0.910180
v -1.777054 3.132857 1.240440
v -1.777054 3.132857 1.240440
v -0.443724 3.132857 1.240440
v 0.889616 3.132857 1.240440
v 2.222946 3.132857 1.240440
v 2.222946 3.132857 1.240440
v -3.535425 2.706694 0.601668
v -1.777054 2.706694 0.601668
v 2.323026 2.310123 1.219284
v 3.778286 11.641448 2.726506
v 3.778286 11.641448 2.726506
v 2.323026 2.398697 1.236070
v 2.323026 2.398697 1.236070
v 7.318827 11.819678 2.357697
v 7.241117 11.729280 2.712472
v 7.241117 11.729280 2.712472
v -1.777054 2.352175 0.870967
v 2.222946 2.358907 1.268428
v -1.777054 2.358907 1.268428
v -1.777054 2.188906 1.120172
v -1.777054 2.188906 1.120172
v -0.443724 2.208917 1.014554
v 2.222946 2.208917 1.014554
v 2.222946 2.208917 1.014554
v 0.889616 2.208917 1.014554
v -1.777054 2.208917 1.014554
v -1.777054 2.208917 1.014554
v -1.777054 2.208917 1.014554
v -0.443724 2.198911 1.067363
v 2.222946 2.198911 1.067363
v 2.222946 2.198911 1.067363
v 0.889616 2.198911 1.067363
v -1.777054 2.198911 1.067363
v -1.777054 2.198911 1.067363
v -1.777054 2.198911 1.067363
v -1.777054 2.218926 0.961754
v 0.773216 11.826929 2.509322
v 0.773216 11.826929 2.509322
v 3.778286 11.826929 2.509322
v 3.778286 11.826929 2.509322
v 2.323026 2.257365 1.041211
v -2.891935 4.613528 0.835032
v -2.511075 4.562506 1.101095
v -2.511075 4.562506 1.101095
v -2.891935 4.562506 1.101095
v 2.222946 4.562506 1.101096
v 2.222946 4.562506 1.101096
v -1.777054 2.570246 1.193407
v -1.777054 2.570246 1.193407
v 2.222946 1.416160 1.281157
v -3.535425 2.951413 0.960829
v -1.777054 2.951413 0.960830
v -0.777054 2.438112 1.283440
v 1.222946 2.438112 1.283440
v -1.777054 2.438112 1.283440
v -1.777054 2.438112 1.283440
v 1.222946 2.398502 1.275931
v -0.777054 2.398502 1.275931
v 0.222946 2.398502 1.275931
v 2.222946 2.398502 1.275931
v 2.222946 2.398502 1.275931
v -1.777054 2.398502 1.275931
v -1.777054 2.398502 1.275931
v -1.777054 2.398502 1.275931
v -3.535425 2.511094 1.633750
v -1.777054 2.511094 1.633751
v 2.323026 2.264822 1.001844
v -1.777054 2.510592 0.900988
v 2.323026 2.364166 0.934159
v 0.222946 2.279693 1.253420
v -1.777054 2.279693 1.253419
v -1.777054 2.279693 1.253419
v 2.323026 2.369176 1.230473
v -3.535425 1.919616 0.765648
v -1.777054 1.919616 0.765648
v -5.277115 2.827541 1.366158
v -5.277115 2.827541 1.366158
v 7.241117 11.593908 2.628716
v 7.241117 11.593908 2.628716
v -3.692325 2.827541 1.366158
v -3.692325 2.827541 1.366158
v -5.277115 2.904249 0.962870
v -5.277115 2.904249 0.962870
v -3.692325 2.904249 0.962870
v -3.692325 2.904249 0.962870
v 7.318827 11.594416 2.941679
v -1.777054 3.231604 1.625218
v -1.777054 3.231604 1.625218
v 2.222946 3.231604 1.625218
v 2.063196 3.231604 1.625218
v -5.277115 2.088558 1.519642
v -3.692325 2.088558 1.519642
v 2.222946 3.492127 0.344459
v 2.222946 3.492127 0.344459
v 2.222946 3.288314 1.320754
v 2.222946 3.288314 1.320754
v -1.777054 3.288314 1.320754
v -1.777054 3.288314 1.320754
v -2.511075 3.288314 1.320753
v -2.511075 3.288314 1.320753
v 2.222946 2.191180 0.098225
v -1.777054 2.191180 0.098224
v -1.777054 3.438113 0.610011
v -1.777054 3.438113 0.610011
v 7.241117 11.663793 2.700336
v 7.241117 11.663793 2.700336
v 0.773216 11.901881 2.421557
v 0.773216 11.512219 2.877801
v 0.773216 11.606912 2.366886
v 3.778286 11.806391 2.668095
v 3.778286 11.806391 2.668095
v 2.323026 2.482261 0.956542
v 2.323026 2.542325 1.093052
v -1.830595 11.902148 2.421113
v -1.830595 11.902148 2.421113
v 0.506425 11.902148 2.421113
v 0.506425 11.902148 2.421113
v 0.889616 2.600865 1.033473
v -0.443724 2.600865 1.033473
v -1.777054 2.600865 1.033473
v -1.777054 2.600865 1.033473
v 3.778286 11.673332 2.554452
v 3.778286 11.673332 2.554452
v 0.773216 11.807199 2.932470
v -2.511075 3.374121 0.873241
v -2.511075 3.374121 0.873241
v -2.891935 3.374121 0.873241
v -2.891935 3.374121 0.873241
v 0.773216 12.002025 2.704350
v 7.218847 11.745461 2.758162
v 7.241117 11.745461 2.758162
v 7.241117 11.745461 2.758162
v -5.277115 2.848435 1.253958
v -3.692325 2.848435 1.253958
v -5.277115 2.272452 0.549319
v -5.277115 2.272452 0.549319
v -3.692325 2.272452 0.549319
v -3.692325 2.272452 0.549319
v -1.777054 2.870059 1.389165
v -3.535425 2.870059 1.389165
v 2.222946 4.613525 0.835024
v -2.891935 3.438150 0.609818
v -2.891935 3.438150 0.609818
v -1.830595 11.925466 2.299547
v -1.830595 11.925466 2.299547
v 0.506425 11.925466 2.299547
v 0.506425 11.925466 2.299547
v 2.323026 2.339654 1.224877
v 2.323026 2.339654 1.224877
v -3.535425 1.838595 1.193155
v -1.777054 1.838595 1.193156
v -1.777054 2.571748 1.185333
v -1.777054 2.571748 1.185333
v -1.777054 2.571748 1.185333
v 0.222946 2.319299 1.260919
v -0.777054 2.319299 1.260919
v 2.222946 2.319299 1.260919
v 2.222946 2.319299 1.260919
v 1.222946 2.319299 1.260919
v -1.777054 2.319299 1.260919
v -1.777054 2.319299 1.260919
v -1.777054 2.319299 1.260919
v 0.773216 11.888547 2.683323
v 0.773216 11.888547 2.683323
v 3.778286 11.888547 2.683325
v 3.778286 11.888547 2.683325
v 7.241117 11.684813 2.586904
v 7.241117 11.684813 2.586904
v 2.222946 2.943166 0.240739
v 2.222946 2.943166 0.240739
v 2.222946 2.943166 0.240739
v -1.777054 2.943166 0.240738
v -1.777054 2.943166 0.240738
v -5.277115 1.934391 0.779660
v -3.692325 1.934391 0.779660
v 7.241117 11.820196 2.670655
v 7.241117 11.820196 2.670655
v -5.277115 1.858217 1.181581
v -5.277115 1.858217 1.181581
v -3.692325 1.858217 1.181581
v -3.692325 1.858217 1.181581
v -0.443724 2.581455 1.134709
v 2.222946 2.581455 1.134709
v 2.222946 2.581455 1.134709
v 0.889616 2.581455 1.134709
v -5.277115 2.674373 0.625493
v -1.777054 2.581455 1.134709
v -1.777054 2.581455 1.134709
v -3.692325 2.674373 0.625493
v -1.777054 1.416163 1.281166
v 2.323026 2.242442 1.119949
v 2.323026 2.249899 1.080582
v 2.323026 2.535089 1.130793
v 2.323026 2.527860 1.168530
v 2.323026 2.526736 1.174551
v 0.773216 11.525557 2.616045
v 0.773216 11.525557 2.616045
v 3.778286 11.525557 2.616045
v 3.778286 11.525557 2.616045
v 2.222946 2.294132 1.826682
v 2.222946 2.294132 1.826682
v 1.222946 2.294132 1.826682
v -1.777054 2.294132 1.826681
v -1.777054 2.294132 1.826681
v 0.222946 2.294132 1.826682
v -0.777054 2.294132 1.826682
v 2.323026 2.428228 1.241663
v -0.443724 2.591157 1.084097
v 2.222946 2.591157 1.084098
v 2.222946 2.591157 1.084098
v 0.889616 2.591157 1.084098
v -1.777054 2.591157 1.084097
v -1.777054 2.591157 1.084097
v -1.777054 2.591157 1.084097
v 0.773216 11.645440 2.475685
v 0.773216 11.645440 2.475685
v 3.778286 11.645440 2.475686
v 3.778286 11.645440 2.475686
v 0.773216 11.587174 2.790046
v 0.773216 11.587174 2.790046
v 3.778286 11.587174 2.790047
v 3.778286 11.587174 2.790047
v 0.773216 11.768673 2.823680
v 0.773216 11.768673 2.823680
v 3.778286 11.768673 2.823680
v 3.778286 11.768673 2.823680
v 3.778286 11.607723 2.631270
v 3.778286 11.607723 2.631270
v 3.778286 11.740780 2.744913
v 3.778286 11.740780 2.744913
v 7.218847 11.781785 2.562186
v 7.241117 11.781785 2.562186
v 3.778286 11.772666 2.572860
v 3.778286 11.772666 2.572860
v 7.218847 11.668633 2.541214
v 7.241117 11.668633 2.541214
v 7.241117 11.668633 2.541214
v 7.218847 11.632319 2.737186
v 7.241117 11.632319 2.737186
v 7.241117 11.750311 2.599036
v 7.241117 11.750311 2.599036
v 7.241117 11.641558 2.637547
v 7.241117 11.641558 2.637547
v -5.277115 2.490479 1.595816
v -5.277115 2.490479 1.595816
v -3.692325 2.490479 1.595816
v -3.692325 2.490479 1.595816
v -1.777054 1.847128 1.913665
v 7.241117 11.772546 2.661825
v 7.241117 11.772546 2.661825
v 2.222946 4.536277 1.255721
v 2.222946 4.536277 1.255721
v -1.777054 4.536277 1.255720
v -2.511075 4.536277 1.255720
v -2.511075 4.536277 1.255720
v -1.777054 1.558677 0.529180
v -1.777054 1.558677 0.529180
v 2.222946 1.558677 0.529180
v 2.222946 1.558677 0.529180
v 2.063196 1.558677 0.529180
v 2.088836 1.441132 1.149404
v 2.088836 1.441132 1.149404
v 1.939796 1.441132 1.149404
v -1.642945 1.441132 1.149403
v -1.642945 1.441132 1.149403
v 2.088836 1.073283 1.079156
v 2.088836 1.073283 1.079156
v 0.773216 11.412076 2.595009
v -1.642945 1.073283 1.079156
v -1.642945 1.073283 1.079156
v 1.939796 1.073283 1.079156
v 2.063196 2.599105 2.056183
v -1.777054 2.599105 2.056182
v -1.777054 2.599105 2.056182
v 2.323026 2.549566 1.055321
v 2.063196 1.847128 1.913666
v 2.222946 1.847128 1.913666
v 2.222946 2.599105 2.056183
v 2.063196 2.599105 2.056183
v 2.063196 2.599105 2.056183
v 2.222946 2.599105 2.056183
v 2.222946 3.231604 1.625218
v 2.063196 3.231604 1.625218
v 2.063196 1.416160 1.281157
v 2.222946 1.416160 1.281157
v 2.222946 1.847128 1.913666
v 2.063196 1.847128 1.913666
v -3.535425 2.870059 1.389165
v -3.535425 2.896591 1.246718
v -3.573084 3.020979 1.288757
v -3.573085 2.987048 1.470943
v -3.573085 2.987048 1.470943
v -3.573084 3.020979 1.288757
v -5.277115 3.006245 1.283790
v -5.277115 2.973192 1.461263
v -3.535425 1.838595 1.193155
v -3.535425 2.083597 1.552726
v -3.573084 1.981153 1.680141
v -3.573084 1.667800 1.220242
v -3.535425 1.919616 0.765648
v -3.535425 1.838595 1.193155
v -3.573084 1.667800 1.220242
v -3.573084 1.771429 0.673478
v -3.535425 2.279191 0.520656
v -3.535425 1.919616 0.765648
v -3.573084 1.771429 0.673478
v -3.573084 2.231328 0.360125
v -3.535425 2.706694 0.601668
v -3.535425 2.279191 0.520656
v -3.573084 2.231328 0.360125
v -3.573084 2.778098 0.463741
v -3.535425 2.951413 0.960829
v -3.535425 2.706694 0.601668
v -3.573084 2.778098 0.463741
v -3.573084 3.091084 0.923112
v -3.535425 2.896591 1.246718
v -3.535425 2.951413 0.960829
v -3.573084 3.091084 0.923112
v -3.573084 3.020979 1.288757
v -3.535425 2.511094 1.633750
v -3.535425 2.870059 1.389165
v -3.573085 2.987048 1.470943
v -3.573085 2.527927 1.783766
v -3.535425 2.083597 1.552726
v -3.535425 2.511094 1.633750
v -3.573085 2.527927 1.783766
v -3.573084 1.981153 1.680141
v -3.573084 1.667800 1.220242
v -3.573084 1.981153 1.680141
v -5.277115 1.993294 1.665053
v -5.277115 1.688030 1.217035
v -3.573084 1.771429 0.673478
v -3.573084 1.667800 1.220242
v -5.277115 1.688030 1.217035
v -5.277115 1.788980 0.684395
v -3.573084 2.231328 0.360125
v -3.573084 1.771429 0.673478
v -5.277115 1.788980 0.684395
v -5.277115 2.236998 0.379132
v -3.573084 2.778098 0.463741
v -3.573084 2.231328 0.360125
v -5.277115 2.236998 0.379132
v -5.277115 2.769639 0.480082
v -3.573084 3.091084 0.923112
v -3.573084 2.778098 0.463741
v -5.277115 2.769639 0.480082
v -5.277115 3.074546 0.927578
v -3.573084 3.020979 1.288757
v -3.573084 3.091084 0.923112
v -5.277115 3.074546 0.927578
v -5.277115 3.006245 1.283790
v -3.573085 2.527927 1.783766
v -3.573085 2.987048 1.470943
v -5.277115 2.973192 1.461263
v -5.277115 2.525934 1.766003
v -3.573084 1.981153 1.680141
v -3.573085 2.527927 1.783766
v -5.277115 2.525934 1.766003
v -5.277115 1.993294 1.665053
v -1.822674 11.565288 -2.963705
v -1.822674 11.939060 -3.324660
v -1.822674 11.856369 -3.036282
v -1.822674 11.439580 -3.467885
v -1.822674 11.730672 -3.540461
v -1.822674 11.356888 -3.179508
v 9.006788 11.589935 -3.237619
v 9.006788 11.664469 -3.309583
v 9.006788 11.606421 -3.295113
v 9.006788 11.689531 -3.209060
v 9.006788 11.706017 -3.266553
v 9.006788 11.631494 -3.194587
v 2.222946 3.104543 -1.602913
v 2.222946 3.326073 -1.411682
v 2.222946 3.250882 -1.712116
v 2.222946 3.258338 -0.996499
v 2.222946 3.439041 -0.970243
v -1.777054 3.518985 -0.711412
v 2.222946 4.678459 -1.007773
v 2.222946 3.589108 -0.449652
v -2.891935 3.519033 -0.711221
v -2.891935 4.678459 -1.007774
v -2.511084 4.611299 -1.270223
v -1.830593 11.856662 -3.035855
v -2.891935 4.611299 -1.270223
v 2.222946 4.611299 -1.270222
v 0.506427 11.856662 -3.035854
v 2.222946 3.047504 -0.312611
v -1.777054 3.439041 -0.970244
v -1.777054 3.047504 -0.312612
v -2.511084 3.439041 -0.970244
v -2.891935 3.439041 -0.970244
v 2.222946 2.617121 -1.240736
v 2.222946 2.619112 -1.232769
v 0.889616 2.619112 -1.232769
v -1.777054 2.619112 -1.232769
v -1.777054 2.617121 -1.240737
v -3.692325 2.116415 -1.536957
v -3.692325 2.007710 -0.788943
v -3.692325 1.907142 -1.185465
v -3.692325 2.755724 -0.680240
v -3.692325 2.359203 -0.579671
v -3.692325 2.891094 -1.318158
v -3.692325 2.964574 -1.031021
v -3.692324 2.512935 -1.637526
v -3.692324 2.863389 -1.428874
v -1.777054 2.323447 -1.282899
v -1.777054 2.531196 -1.676648
v -1.777054 2.109443 -1.569676
v -1.777054 2.440660 -1.312622
v -1.777054 2.479735 -1.322535
v -1.777054 2.362520 -1.292802
v -1.777054 2.401595 -1.302715
v -1.777054 3.011765 -1.031866
v -1.777054 2.939605 -1.313881
v -1.777054 2.644665 -1.132907
v -1.777054 2.657445 -1.082970
v -1.777054 2.631892 -1.182832
v -1.777054 2.280598 -0.988068
v -1.777054 1.886850 -1.195819
v -1.777054 1.993819 -0.774056
v -1.777054 2.254174 -1.092258
v -1.777054 2.240963 -1.144358
v -1.777054 2.267385 -1.040158
v 0.889616 2.240963 -1.144357
v 2.222946 2.240963 -1.144357
v 2.222946 2.323447 -1.282898
v 0.222946 2.323447 -1.282899
v 2.222946 2.419140 -0.905585
v 2.222946 2.280598 -0.988068
v 0.889616 2.280598 -0.988068
v -1.777054 2.419140 -0.905585
v -1.777054 2.575429 -0.945221
v 2.222946 2.657445 -1.082969
v 2.222946 2.575429 -0.945220
v -0.443724 2.657445 -1.082970
v 2.222946 2.479735 -1.322534
v 1.222946 2.479735 -1.322534
v -0.777054 2.479735 -1.322534
v 0.773216 11.565288 -2.963704
v 0.773216 11.356888 -3.179507
v 0.773216 11.439580 -3.467885
v 0.773216 11.730672 -3.540460
v 0.773216 11.939060 -3.324660
v 0.773216 11.597101 -3.074653
v 0.773216 11.776198 -3.119307
v 3.778287 11.776198 -3.119306
v 3.778287 11.597101 -3.074651
v 0.773216 11.856369 -3.036282
v 0.773216 11.468873 -3.207432
v 0.773216 11.519753 -3.384870
v 0.773216 11.698859 -3.429521
v 0.773216 11.827079 -3.296745
v 3.778287 11.620134 -3.154975
v 3.778287 11.718158 -3.179413
v 7.028317 11.718148 -3.179414
v 7.028316 11.620125 -3.154977
v 3.778287 11.827079 -3.296745
v 3.778287 11.698859 -3.429521
v 3.778287 11.519753 -3.384870
v 3.778287 11.468873 -3.207431
v 3.778287 11.549947 -3.227647
v 3.778287 11.577795 -3.324763
v 3.778287 11.675827 -3.349198
v 3.778287 11.746006 -3.276529
v 7.030527 11.743344 -3.153329
v 7.030527 11.610127 -3.120112
v 7.028317 11.745996 -3.276530
v 7.028317 11.675817 -3.349200
v 7.028317 11.577795 -3.324762
v 7.028317 11.549947 -3.227646
v 7.218847 11.727911 -3.169312
v 7.218847 11.616252 -3.141471
v 7.030527 11.781187 -3.285300
v 7.030527 11.685816 -3.384064
v 7.030527 11.552608 -3.350845
v 7.030527 11.514766 -3.218874
v 7.218847 11.762121 -3.032086
v 7.296557 11.778217 -2.967518
v 7.296557 11.666568 -2.939674
v 7.218847 11.650465 -3.004255
v 7.218847 11.759628 -3.279924
v 7.218847 11.679690 -3.362705
v 7.218847 11.568041 -3.334861
v 7.218847 11.536323 -3.224249
v 7.241117 11.629612 -3.188065
v 7.241117 11.694246 -3.204171
v 7.241117 11.759628 -3.279924
v 7.241117 11.727911 -3.169312
v 7.241117 11.679690 -3.362705
v 7.318827 11.778217 -2.967518
v 7.318827 11.666568 -2.939674
v 7.241117 11.536323 -3.224249
v 7.241117 11.568041 -3.334861
v 7.241117 11.616252 -3.141471
v 7.241117 11.762121 -3.032086
v 7.241117 11.650465 -3.004255
v 7.218847 11.533828 -3.472078
v 7.218847 11.645477 -3.499922
v 7.241117 11.533828 -3.472078
v 7.241117 11.645477 -3.499922
v 7.296557 11.629383 -3.564499
v 7.296557 11.517725 -3.536658
v 7.318827 11.517725 -3.536658
v 7.318827 11.629383 -3.564499
v 7.241117 11.583345 -3.235972
v 7.241117 11.601706 -3.300003
v 7.241117 11.666330 -3.316113
v 7.241117 11.712606 -3.268201
v 2.222946 4.575679 -1.422957
v -1.777054 2.904423 -1.454433
v -3.535425 2.939605 -1.313881
v -3.535425 2.904423 -1.454433
v 2.222946 1.960583 -1.769165
v 2.222946 2.566988 -1.922963
v 2.222946 2.593253 -2.103664
v 2.222946 1.851371 -1.915508
v 2.222946 2.938300 -0.458951
v 2.222946 2.331887 -0.305155
v 2.222946 2.305621 -0.124455
v 2.222946 1.794329 -0.625196
v 2.222946 1.647989 -0.515993
v 2.222946 1.640533 -1.231610
v 2.222946 1.459833 -1.257876
v -1.777054 4.575679 -1.422958
v -1.777054 4.611299 -1.270223
v -1.777054 3.326073 -1.411683
v -1.830594 11.887347 -2.915941
v 0.506427 11.887347 -2.915941
v -2.511084 3.326073 -1.411683
v -2.511084 4.575679 -1.422958
v -1.777054 1.851371 -1.915508
v -1.777054 2.593253 -2.103664
v -1.777054 3.250882 -1.712117
v -1.777054 2.789439 -0.658431
v -1.777054 2.367678 -0.551472
v -1.777054 2.305621 -0.124456
v -1.777054 1.647989 -0.515993
v -1.777054 1.459833 -1.257876
v -3.535425 2.109443 -1.569676
v -3.535425 1.886850 -1.195819
v -3.535425 1.993819 -0.774056
v -3.535425 2.367678 -0.551472
v -3.535425 2.789439 -0.658432
v -3.535425 3.011765 -1.031866
v -3.535425 2.531196 -1.676648
v -5.277125 2.863389 -1.428874
v -5.277125 2.891094 -1.318158
v -5.277125 1.907142 -1.185465
v -5.277125 2.116415 -1.536957
v -5.277125 2.007710 -0.788944
v -5.277125 2.359203 -0.579671
v -5.277125 2.755724 -0.680240
v -5.277125 2.964574 -1.031021
v -5.277125 2.512935 -1.637526
v 2.323026 2.294412 -1.147402
v 2.323026 2.355903 -1.250684
v 0.889616 2.267385 -1.040158
v 2.222946 2.267385 -1.040158
v 0.889616 2.631892 -1.182832
v 2.222946 2.631892 -1.182832
v 1.222946 2.362520 -1.292802
v 1.222946 2.323447 -1.282898
v 2.222946 2.362520 -1.292802
v 0.889616 2.657445 -1.082970
v 0.889616 2.644665 -1.132907
v 2.222946 2.644665 -1.132907
v 2.222946 3.175810 -1.322028
v 0.889616 3.175810 -1.322028
v -0.443724 2.644665 -1.132907
v -0.443724 2.631892 -1.182832
v -0.443724 3.175810 -1.322028
v -1.777054 3.175810 -1.322028
v -0.443724 2.619112 -1.232769
v 0.889616 2.254174 -1.092257
v 2.222946 2.254174 -1.092257
v 2.222946 1.724043 -0.902356
v 0.889616 1.724043 -0.902357
v -0.443724 2.254174 -1.092258
v -0.443724 2.240963 -1.144357
v -0.443724 2.267385 -1.040158
v -0.443724 1.724043 -0.902357
v -1.777054 1.724043 -0.902357
v -0.443724 2.280598 -0.988068
v 2.323026 2.576332 -1.213317
v 2.323026 2.585850 -1.176091
v 2.222946 2.440660 -1.312621
v 2.323026 2.443287 -1.272846
v 2.323026 2.472425 -1.280241
v -0.777054 2.362520 -1.292802
v 0.222946 2.362520 -1.292802
v 0.222946 2.224711 -1.836156
v -0.777054 2.224711 -1.836156
v -1.777054 2.224711 -1.836157
v -0.777054 2.323447 -1.282899
v 0.222946 2.440660 -1.312621
v -0.777054 2.440660 -1.312621
v -0.777054 2.302861 -1.855973
v 0.222946 2.302861 -1.855973
v -1.777054 2.302861 -1.855973
v 0.222946 2.479735 -1.322534
v 1.222946 2.440660 -1.312621
v 1.222946 2.302861 -1.855973
v 2.222946 2.302861 -1.855972
v 2.222946 2.224711 -1.836156
v 1.222946 2.224711 -1.836156
v 0.889616 1.710820 -0.954449
v 2.222946 1.710820 -0.954449
v -1.777054 1.710820 -0.954450
v -0.443724 1.710820 -0.954450
v 0.889616 3.188591 -1.272091
v 2.222946 3.188591 -1.272091
v -1.777054 3.188591 -1.272091
v -0.443724 3.188591 -1.272091
v 1.222946 2.263784 -1.846059
v 2.222946 2.263784 -1.846059
v -0.777054 2.263784 -1.846060
v 0.222946 2.263784 -1.846060
v -1.777054 2.263784 -1.846060
v 2.222946 2.401595 -1.302715
v 2.323026 2.385028 -1.258072
v 2.323026 2.427243 -0.969393
v 2.323026 2.323961 -1.030884
v 2.323026 2.604908 -1.101644
v 2.323026 2.543762 -0.998950
v 2.323026 2.314114 -1.069722
v 2.323026 2.304260 -1.108564
v 2.323026 2.414162 -1.265457
v 2.323026 2.574842 -1.219258
v 2.323026 2.595378 -1.138863
v -1.642945 1.615023 -0.645986
v -1.642945 1.492799 -1.127884
v 2.088836 1.492799 -1.127883
v 2.088836 1.615023 -0.645985
v 2.088836 1.129925 -1.035310
v 2.088836 1.254397 -0.553995
v -1.642945 1.254397 -0.553995
v -1.642945 1.129925 -1.035310
v -1.642945 1.254397 -0.553995
v 2.088836 1.254397 -0.553995
v 2.088836 1.492799 -1.127883
v -1.642945 1.492799 -1.127884
v 2.088836 1.615023 -0.645985
v 2.088836 1.615023 -0.645985
v -1.642945 1.615023 -0.645986
v -1.642945 1.615023 -0.645986
v -1.777054 2.263784 -1.846060
v 2.222946 2.263784 -1.846059
v -0.443724 3.188591 -1.272091
v -1.777054 3.188591 -1.272091
v -1.777054 3.188591 -1.272091
v 2.222946 3.188591 -1.272091
v 2.222946 3.188591 -1.272091
v 0.889616 3.188591 -1.272091
v -0.443724 1.710820 -0.954450
v -1.777054 1.710820 -0.954450
v -1.777054 1.710820 -0.954450
v 2.222946 1.710820 -0.954449
v 2.222946 1.710820 -0.954449
v 0.889616 1.710820 -0.954449
v 2.222946 2.302861 -1.855972
v 2.222946 2.302861 -1.855972
v 1.222946 2.302861 -1.855973
v -1.777054 2.302861 -1.855973
v -1.777054 2.302861 -1.855973
v 0.222946 2.302861 -1.855973
v -0.777054 2.302861 -1.855973
v 1.222946 2.224711 -1.836156
v 2.222946 2.224711 -1.836156
v 2.222946 2.224711 -1.836156
v -1.777054 2.224711 -1.836157
v -1.777054 2.224711 -1.836157
v -0.777054 2.224711 -1.836156
v 0.222946 2.224711 -1.836156
v -1.777054 1.724043 -0.902357
v -1.777054 1.724043 -0.902357
v -0.443724 1.724043 -0.902357
v 0.889616 1.724043 -0.902357
v 2.222946 1.724043 -0.902356
v 2.222946 1.724043 -0.902356
v -1.777054 3.175810 -1.322028
v -1.777054 3.175810 -1.322028
v -0.443724 3.175810 -1.322028
v 0.889616 3.175810 -1.322028
v 2.222946 3.175810 -1.322028
v 2.222946 3.175810 -1.322028
v 7.028316 11.620125 -3.154977
v 7.028316 11.620125 -3.154977
v 7.218847 11.533828 -3.472078
v 7.218847 11.533828 -3.472078
v 7.241117 11.533828 -3.472078
v 7.241117 11.533828 -3.472078
v -1.830593 11.856662 -3.035855
v -1.830593 11.856662 -3.035855
v 0.506427 11.856662 -3.035854
v 0.506427 11.856662 -3.035854
v 3.778287 11.776198 -3.119306
v 3.778287 11.776198 -3.119306
v 0.773216 11.776198 -3.119307
v 0.773216 11.776198 -3.119307
v -1.777054 2.280598 -0.988068
v -1.777054 2.280598 -0.988068
v 3.778287 11.597101 -3.074651
v 3.778287 11.597101 -3.074651
v 0.773216 11.597101 -3.074653
v 0.773216 11.597101 -3.074653
v -1.777054 2.419140 -0.905585
v 2.222946 2.401595 -1.302715
v -1.777054 2.401595 -1.302715
v -1.777054 2.240963 -1.144358
v -1.777054 2.240963 -1.144358
v 7.030527 11.685816 -3.384064
v 7.030527 11.685816 -3.384064
v -0.443724 2.267385 -1.040158
v -1.777054 2.267385 -1.040158
v -1.777054 2.267385 -1.040158
v -1.777054 2.267385 -1.040158
v 0.889616 2.267385 -1.040158
v 2.222946 2.267385 -1.040158
v 2.222946 2.267385 -1.040158
v -0.443724 2.254174 -1.092258
v 2.222946 2.254174 -1.092257
v 2.222946 2.254174 -1.092257
v 0.889616 2.254174 -1.092257
v -1.777054 2.254174 -1.092258
v -1.777054 2.254174 -1.092258
v -1.777054 2.254174 -1.092258
v 3.778287 11.620134 -3.154975
v 3.778287 11.620134 -3.154975
v -0.443724 2.657445 -1.082970
v -1.777054 2.657445 -1.082970
v -1.777054 2.657445 -1.082970
v 7.030527 11.514766 -3.218874
v 7.030527 11.514766 -3.218874
v 0.773216 11.698859 -3.429521
v 0.773216 11.698859 -3.429521
v 3.778287 11.698859 -3.429521
v 3.778287 11.698859 -3.429521
v 7.296557 11.666568 -2.939674
v 7.318827 11.666568 -2.939674
v 7.318827 11.666568 -2.939674
v -1.777054 2.617121 -1.240737
v -1.777054 2.617121 -1.240737
v 0.773216 11.439580 -3.467885
v 0.773216 11.439580 -3.467885
v -1.822674 11.439580 -3.467885
v -1.822674 11.439580 -3.467885
v -1.777054 2.939605 -1.313881
v -1.777054 2.939605 -1.313881
v -1.777054 3.011765 -1.031866
v -1.777054 3.011765 -1.031866
v -1.777054 3.011765 -1.031866
v -3.535425 3.011765 -1.031866
v 7.030527 11.743344 -3.153329
v 7.030527 11.743344 -3.153329
v -0.777054 2.479735 -1.322534
v 1.222946 2.479735 -1.322534
v -1.777054 2.479735 -1.322535
v -1.777054 2.479735 -1.322535
v 1.222946 2.440660 -1.312621
v -0.777054 2.440660 -1.312621
v 0.222946 2.440660 -1.312621
v 2.222946 2.440660 -1.312621
v 2.222946 2.440660 -1.312621
v -1.777054 2.440660 -1.312622
v -1.777054 2.440660 -1.312622
v -1.777054 2.440660 -1.312622
v -1.777054 2.575429 -0.945221
v 9.006788 11.589935 -3.237619
v 9.006788 11.589935 -3.237619
v -1.777054 2.531196 -1.676648
v -1.777054 2.531196 -1.676648
v -1.777054 2.531196 -1.676648
v -3.535425 2.531196 -1.676648
v -2.511084 4.611299 -1.270223
v -2.511084 4.611299 -1.270223
v -2.891935 4.611299 -1.270223
v 2.222946 4.611299 -1.270222
v 2.222946 4.611299 -1.270222
v 7.028317 11.718148 -3.179414
v 7.028317 11.718148 -3.179414
v 0.773216 11.939060 -3.324660
v 0.773216 11.939060 -3.324660
v -1.822674 11.939060 -3.324660
v -1.822674 11.939060 -3.324660
v 7.218847 11.679690 -3.362705
v 7.218847 11.679690 -3.362705
v 7.241117 11.679690 -3.362705
v 7.218847 11.645477 -3.499922
v 7.218847 11.645477 -3.499922
v 7.241117 11.645477 -3.499922
v 7.241117 11.645477 -3.499922
v -2.891935 3.519033 -0.711221
v -2.891935 3.519033 -0.711221
v -1.777054 1.993819 -0.774056
v -1.777054 1.993819 -0.774056
v -1.777054 1.993819 -0.774056
v -3.535425 1.993819 -0.774056
v 7.218847 11.536323 -3.224249
v 7.241117 11.536323 -3.224249
v 7.241117 11.536323 -3.224249
v -3.692324 2.863389 -1.428874
v -3.692324 2.863389 -1.428874
v -5.277125 2.863389 -1.428874
v 2.222946 3.589108 -0.449652
v 2.222946 3.589108 -0.449652
v 0.773216 11.827079 -3.296745
v 0.773216 11.827079 -3.296745
v 3.778287 11.827079 -3.296745
v 3.778287 11.827079 -3.296745
v -2.891935 4.678459 -1.007774
v 2.222946 4.678459 -1.007773
v 0.222946 2.323447 -1.282899
v -1.777054 2.323447 -1.282899
v -1.777054 2.323447 -1.282899
v -1.777054 3.518985 -0.711412
v -1.777054 3.518985 -0.711412
v 9.006788 11.706017 -3.266553
v 9.006788 11.706017 -3.266553
v 9.006788 11.606421 -3.295113
v 9.006788 11.606421 -3.295113
v -3.692325 2.116415 -1.536957
v 0.773216 11.519753 -3.384870
v 0.773216 11.519753 -3.384870
v 3.778287 11.519753 -3.384870
v 3.778287 11.519753 -3.384870
v 2.222946 3.326073 -1.411682
v -1.777054 3.326073 -1.411683
v -1.777054 3.326073 -1.411683
v -2.511084 3.326073 -1.411683
v -2.511084 3.326073 -1.411683
v 0.773216 11.468873 -3.207432
v 0.773216 11.468873 -3.207432
v 3.778287 11.468873 -3.207431
v 3.778287 11.468873 -3.207431
v 0.773216 11.356888 -3.179507
v 0.773216 11.356888 -3.179507
v -1.822674 11.356888 -3.179508
v -1.822674 11.356888 -3.179508
v 7.241117 11.601706 -3.300003
v 7.241117 11.601706 -3.300003
v 0.773216 11.856369 -3.036282
v 0.773216 11.856369 -3.036282
v -1.822674 11.856369 -3.036282
v -1.822674 11.856369 -3.036282
v 0.222946 2.362520 -1.292802
v -0.777054 2.362520 -1.292802
v 2.222946 2.362520 -1.292802
v 2.222946 2.362520 -1.292802
v 1.222946 2.362520 -1.292802
v -1.777054 2.362520 -1.292802
v -1.777054 2.362520 -1.292802
v -1.777054 2.362520 -1.292802
v -1.777054 2.109443 -1.569676
v -1.777054 2.109443 -1.569676
v 0.773216 11.565288 -2.963704
v 0.773216 11.565288 -2.963704
v -1.822674 11.565288 -2.963705
v -1.822674 11.565288 -2.963705
v 3.778287 11.746006 -3.276529
v 3.778287 11.746006 -3.276529
v 0.773216 11.730672 -3.540460
v 0.773216 11.730672 -3.540460
v -1.822674 11.730672 -3.540461
v -1.822674 11.730672 -3.540461
v 9.006788 11.689531 -3.209060
v 9.006788 11.689531 -3.209060
v 2.222946 3.439041 -0.970243
v -1.777054 3.439041 -0.970244
v -2.511084 3.439041 -0.970244
v -2.511084 3.439041 -0.970244
v -2.891935 3.439041 -0.970244
v -2.891935 3.439041 -0.970244
v 7.296557 11.517725 -3.536658
v 7.318827 11.517725 -3.536658
v 7.318827 11.517725 -3.536658
v -3.692325 2.964574 -1.031021
v -3.692325 2.964574 -1.031021
v -5.277125 2.964574 -1.031021
v -1.777054 1.886850 -1.195819
v -1.777054 1.886850 -1.195819
v -1.777054 1.886850 -1.195819
v -3.535425 1.886850 -1.195819
v -1.777054 2.619112 -1.232769
v -1.777054 2.619112 -1.232769
v -1.777054 2.619112 -1.232769
v 2.222946 3.047504 -0.312611
v -1.777054 3.047504 -0.312612
v 7.218847 11.759628 -3.279924
v 7.241117 11.759628 -3.279924
v 7.241117 11.759628 -3.279924
v -3.692325 2.007710 -0.788943
v -3.692325 1.907142 -1.185465
v -3.692325 1.907142 -1.185465
v -5.277125 1.907142 -1.185465
v -0.443724 2.631892 -1.182832
v 2.222946 2.631892 -1.182832
v 2.222946 2.631892 -1.182832
v 0.889616 2.631892 -1.182832
v -1.777054 2.631892 -1.182832
v -1.777054 2.631892 -1.182832
v -3.692325 2.755724 -0.680240
v -1.777054 2.904423 -1.454433
v -1.777054 2.904423 -1.454433
v -1.777054 2.904423 -1.454433
v -3.535425 2.904423 -1.454433
v -3.692325 2.359203 -0.579671
v -3.692325 2.359203 -0.579671
v -5.277125 2.359203 -0.579671
v 9.006788 11.664469 -3.309583
v 9.006788 11.664469 -3.309583
v 7.030527 11.781187 -3.285300
v 7.030527 11.781187 -3.285300
v -3.692325 2.891094 -1.318158
v 3.778287 11.549947 -3.227647
v 3.778287 11.549947 -3.227647
v 7.028317 11.549947 -3.227646
v 7.028317 11.549947 -3.227646
v 3.778287 11.577795 -3.324763
v 3.778287 11.577795 -3.324763
v 7.028317 11.577795 -3.324762
v 7.028317 11.577795 -3.324762
v 3.778287 11.675827 -3.349198
v 3.778287 11.675827 -3.349198
v 7.218847 11.727911 -3.169312
v 7.218847 11.727911 -3.169312
v 7.241117 11.727911 -3.169312
v 7.030527 11.610127 -3.120112
v 7.030527 11.610127 -3.120112
v 7.028317 11.745996 -3.276530
v 7.028317 11.745996 -3.276530
v 3.778287 11.718158 -3.179413
v 3.778287 11.718158 -3.179413
v 7.028317 11.675817 -3.349200
v 7.028317 11.675817 -3.349200
v 7.218847 11.616252 -3.141471
v 7.218847 11.616252 -3.141471
v 7.241117 11.616252 -3.141471
v 7.218847 11.650465 -3.004255
v 7.218847 11.650465 -3.004255
v 7.241117 11.650465 -3.004255
v 7.241117 11.650465 -3.004255
v -0.443724 2.644665 -1.132907
v 2.222946 2.644665 -1.132907
v 2.222946 2.644665 -1.132907
v 0.889616 2.644665 -1.132907
v -1.777054 2.644665 -1.132907
v -1.777054 2.644665 -1.132907
v -1.777054 2.644665 -1.132907
v 7.030527 11.552608 -3.350845
v 7.030527 11.552608 -3.350845
v 7.218847 11.762121 -3.032086
v 7.218847 11.762121 -3.032086
v 7.241117 11.762121 -3.032086
v 7.241117 11.762121 -3.032086
v 7.296557 11.778217 -2.967518
v 7.318827 11.778217 -2.967518
v 7.318827 11.778217 -2.967518
v 7.241117 11.666330 -3.316113
v 7.241117 11.666330 -3.316113
v 7.218847 11.568041 -3.334861
v 7.218847 11.568041 -3.334861
v 7.241117 11.568041 -3.334861
v 7.241117 11.694246 -3.204171
v 7.241117 11.694246 -3.204171
v 7.241117 11.629612 -3.188065
v 7.241117 11.629612 -3.188065
v 7.296557 11.629383 -3.564499
v 7.318827 11.629383 -3.564499
v 7.318827 11.629383 -3.564499
v 7.241117 11.583345 -3.235972
v 7.241117 11.583345 -3.235972
v -3.692324 2.512935 -1.637526
v -3.692324 2.512935 -1.637526
v -5.277125 2.512935 -1.637526
v 7.241117 11.712606 -3.268201
v 7.241117 11.712606 -3.268201
v 2.222946 4.575679 -1.422957
v 2.222946 4.575679 -1.422957
v -1.777054 4.575679 -1.422958
v -2.511084 4.575679 -1.422958
v -2.511084 4.575679 -1.422958
v 9.006788 11.631494 -3.194587
v 9.006788 11.631494 -3.194587
v 2.222946 1.647989 -0.515993
v -1.777054 1.647989 -0.515993
v -1.830594 11.887347 -2.915941
v -1.830594 11.887347 -2.915941
v 0.506427 11.887347 -2.915941
v 0.506427 11.887347 -2.915941
v -1.777054 2.789439 -0.658431
v -1.777054 2.789439 -0.658431
v -1.777054 2.789439 -0.658431
v -3.535425 2.789439 -0.658432
v -1.777054 2.367678 -0.551472
v -1.777054 2.367678 -0.551472
v 2.222946 1.459833 -1.257876
v -1.777054 1.459833 -1.257876
v -1.777054 1.851371 -1.915508
v 2.222946 1.851371 -1.915508
v 2.222946 2.593253 -2.103664
v -1.777054 2.593253 -2.103664
v -1.777054 2.593253 -2.103664
v 2.222946 2.593253 -2.103664
v 2.222946 3.250882 -1.712116
v -1.777054 3.250882 -1.712117
v -1.777054 3.439041 -0.970244
v 2.222946 3.439041 -0.970243
v 2.222946 3.047504 -0.312611
v -1.777054 3.047504 -0.312612
v -1.777054 3.047504 -0.312612
v 2.222946 3.047504 -0.312611
v 2.222946 2.305621 -0.124455
v -1.777054 2.305621 -0.124456
v -1.777054 2.305621 -0.124456
v 2.222946 2.305621 -0.124455
v 2.222946 1.647989 -0.515993
v -1.777054 1.647989 -0.515993
v -1.777054 1.459833 -1.257876
v 2.222946 1.459833 -1.257876
v 2.222946 1.851371 -1.915508
v -1.777054 1.851371 -1.915508
v 2.088836 1.492799 -1.127883
v -1.642945 1.492799 -1.127884
v -1.642945 1.129925 -1.035310
v 2.088836 1.129925 -1.035310
v -1.777054 3.250882 -1.712117
v 2.222946 3.250882 -1.712116
v 2.222946 3.326073 -1.411682
v -1.777054 3.326073 -1.411683
v 2.222946 3.439041 -0.970243
v 2.222946 3.326073 -1.411682
v -1.777054 3.326073 -1.411683
v -1.777054 3.439041 -0.970244
v -3.535425 2.904423 -1.454433
v -3.535425 2.939605 -1.313881
v -3.573084 3.061194 -1.363436
v -3.573084 3.016201 -1.543201
v -3.573084 3.016201 -1.543201
v -3.573084 3.061194 -1.363436
v -5.277125 3.046788 -1.357569
v -5.277125 3.002962 -1.532694
v -3.535425 1.886850 -1.195819
v -3.535425 2.109443 -1.569676
v -3.573084 1.999413 -1.690600
v -3.573084 1.714723 -1.212438
v -3.535425 1.993819 -0.774056
v -3.535425 1.886850 -1.195819
v -3.573084 1.714723 -1.212438
v -3.573084 1.851534 -0.673011
v -3.535425 2.367678 -0.551472
v -3.535425 1.993819 -0.774056
v -3.573084 1.851534 -0.673011
v -3.573084 2.329706 -0.388319
v -3.535425 2.789439 -0.658432
v -3.535425 2.367678 -0.551472
v -3.573084 2.329706 -0.388319
v -3.573084 2.869120 -0.525124
v -3.535425 3.011765 -1.031866
v -3.535425 2.789439 -0.658432
v -3.573084 2.869120 -0.525124
v -3.573084 3.153487 -1.002743
v -3.535425 2.939605 -1.313881
v -3.535425 3.011765 -1.031866
v -3.573084 3.153487 -1.002743
v -3.573084 3.061194 -1.363436
v -3.535425 2.531196 -1.676648
v -3.535425 2.904423 -1.454433
v -3.573084 3.016201 -1.543201
v -3.573084 2.538839 -1.827411
v -3.535425 2.109443 -1.569676
v -3.535425 2.531196 -1.676648
v -3.573084 2.538839 -1.827411
v -3.573084 1.999413 -1.690600
v -3.573084 1.714723 -1.212438
v -3.573084 1.999413 -1.690600
v -5.277125 2.012440 -1.676284
v -5.277125 1.735108 -1.210463
v -3.573084 1.851534 -0.673011
v -3.573084 1.714723 -1.212438
v -5.277125 1.735108 -1.210463
v -5.277125 1.868386 -0.684980
v -3.573084 2.329706 -0.388319
v -3.573084 1.851534 -0.673011
v -5.277125 1.868386 -0.684980
v -5.277125 2.334195 -0.407640
v -3.573084 2.869120 -0.525124
v -3.573084 2.329706 -0.388319
v -5.277125 2.334195 -0.407640
v -5.277125 2.859689 -0.540916
v -3.573084 3.153487 -1.002743
v -3.573084 2.869120 -0.525124
v -5.277125 2.859689 -0.540916
v -5.277125 3.136708 -1.006192
v -3.573084 3.061194 -1.363436
v -3.573084 3.153487 -1.002743
v -5.277125 3.136708 -1.006192
v -5.277125 3.046788 -1.357569
v -3.573084 2.538839 -1.827411
v -3.573084 3.016201 -1.543201
v -5.277125 3.002962 -1.532694
v -5.277125 2.537933 -1.809560
v -3.573084 1.999413 -1.690600
v -3.573084 2.538839 -1.827411
v -5.277125 2.537933 -1.809560
v -5.277125 2.012440 -1.676284
v -5.277125 2.512935 -1.637526
v -5.277125 2.116415 -1.536957
v -5.277125 2.012440 -1.676284
v -5.277125 2.537933 -1.809560
v -5.277125 2.863389 -1.428874
v -5.277125 3.002962 -1.532694
v -5.277125 2.964574 -1.031021
v -5.277125 2.891094 -1.318158
v -5.277125 3.046788 -1.357569
v -5.277125 3.136708 -1.006192
v -5.277125 2.755724 -0.680240
v -5.277125 2.859689 -0.540916
v -5.277125 2.359203 -0.579671
v -5.277125 2.334195 -0.407640
v -5.277125 2.007710 -0.788944
v -5.277125 1.868386 -0.684980
v -5.277125 1.907142 -1.185465
v -5.277125 1.735108 -1.210463
v 2.323026 2.595378 -1.138863
v 2.323026 2.543762 -0.998950
v 2.323026 2.604908 -1.101644
v 2.323026 2.323961 -1.030884
v 2.323026 2.427243 -0.969393
v 2.323026 2.314114 -1.069722
v 2.323026 2.443287 -1.272846
v 2.323026 2.414162 -1.265457
v 2.323026 2.385028 -1.258072
v 2.323026 2.355903 -1.250684
v 2.323026 2.294412 -1.147402
v 2.323026 2.304260 -1.108564
v 2.323026 2.585850 -1.176091
v 2.323026 2.576332 -1.213317
v 2.323026 2.574842 -1.219258
v 2.323026 2.472425 -1.280241
v 2.088836 1.615023 -0.645985
v -1.642945 1.615023 -0.645986
v -1.777054 1.647989 -0.515993
v 2.222946 1.647989 -0.515993
v -1.642945 1.492799 -1.127884
v 2.088836 1.492799 -1.127883
v 2.222946 1.459833 -1.257876
v -1.777054 1.459833 -1.257876
v -1.642945 1.254397 -0.553995
v 2.088836 1.254397 -0.553995
v 2.088836 1.129925 -1.035310
v -1.642945 1.129925 -1.035310
v -1.822674 -11.639659 2.366886
v -1.822674 -12.034772 2.704350
v -1.822674 -11.934628 2.421557
v -1.822674 -11.544967 2.877801
v -1.822675 -11.839946 2.932470
v -1.822674 -11.444823 2.595008
v 9.006786 -11.680984 2.638789
v 9.006786 -11.759770 2.706069
v 9.006786 -11.700949 2.695168
v 9.006786 -11.778650 2.604203
v 9.006786 -11.798615 2.660583
v 9.006786 -11.719837 2.593299
v -1.777054 -2.975914 0.240738
v 2.092326 -2.223927 0.098225
v -1.777054 -2.223927 0.098225
v 2.222946 -2.975914 0.240739
v 2.222946 -2.223927 0.098225
v 2.222946 -3.111618 1.525153
v 2.222946 -3.321062 1.320754
v 2.222946 -3.264352 1.625218
v 2.222946 -3.228106 0.910481
v 2.222946 -3.406868 0.873242
v -1.777054 -3.264352 1.625218
v -1.777054 -3.321062 1.320754
v 2.092326 -3.264352 1.625218
v -1.777054 -3.470860 0.610011
v 2.222946 -4.646273 0.835024
v 2.222946 -3.524874 0.344459
v -2.891935 -3.470898 0.609818
v -2.891935 -4.646276 0.835033
v -2.511075 -4.595254 1.101096
v -1.830595 -11.934896 2.421113
v -2.891935 -4.595254 1.101095
v 2.222946 -4.595254 1.101096
v 0.506425 -11.934896 2.421113
v -1.777054 -3.406868 0.873241
v -2.511075 -3.406868 0.873241
v -2.891935 -3.406868 0.873241
v 2.222946 -2.602993 1.193408
v 2.222946 -2.604495 1.185334
v 0.889616 -2.604495 1.185333
v -1.777054 -2.604495 1.185333
v -1.777054 -2.602993 1.193407
v -3.692325 -2.121305 1.519642
v -3.692325 -1.967139 0.779660
v -3.692325 -1.890965 1.181582
v -3.692325 -2.707122 0.625493
v -3.692325 -2.305200 0.549320
v -3.692325 -2.881183 1.253958
v -3.692325 -2.936996 0.962870
v -3.692325 -2.523226 1.595816
v -3.692325 -2.860289 1.366159
v -1.777054 -2.312441 1.253419
v -1.777054 -2.543842 1.633751
v -1.777054 -2.116344 1.552726
v -1.777054 -2.431250 1.275931
v -1.777054 -2.470859 1.283440
v -1.777054 -2.352046 1.260919
v -1.777054 -2.391654 1.268428
v -1.777054 -2.984161 0.960830
v -1.777054 -2.929338 1.246718
v -1.777054 -2.623904 1.084097
v -1.777054 -2.633613 1.033473
v -1.777054 -2.614202 1.134709
v -1.777054 -2.251673 0.961754
v -1.777054 -1.871343 1.193156
v -1.777054 -1.952364 0.765648
v -1.777054 -2.231660 1.067363
v -1.777054 -2.221653 1.120172
v -1.777054 -2.241665 1.014554
v 0.889616 -2.221653 1.120172
v 2.222946 -2.221653 1.120172
v 2.222946 -2.312441 1.253420
v 0.222946 -2.312441 1.253420
v 2.222946 -2.384922 0.870968
v 2.222946 -2.251673 0.961754
v 0.889616 -2.251673 0.961754
v -1.777054 -2.384922 0.870967
v -0.443724 -2.251673 0.961754
v -1.777054 -2.543339 0.900988
v 2.222946 -2.633613 1.033473
v 2.222946 -2.543339 0.900988
v -0.443724 -2.633613 1.033473
v 0.889616 -2.633613 1.033473
v 2.222946 -2.470859 1.283440
v 1.222946 -2.470859 1.283440
v -0.777054 -2.470859 1.283440
v 2.323026 -2.575073 1.093052
v 2.323026 -2.515008 0.956542
v 2.323026 -2.582313 1.055321
v 2.323026 -2.297569 1.001844
v 2.323026 -2.396914 0.934159
v 2.323026 -2.290112 1.041211
v 2.323026 -2.431445 1.236070
v 2.323026 -2.401924 1.230473
v 2.323026 -2.372401 1.224877
v 2.323026 -2.342870 1.219284
v 2.323026 -2.275190 1.119949
v 2.323026 -2.282647 1.080581
v 2.323026 -2.567836 1.130793
v 2.323026 -2.560608 1.168530
v 2.323026 -2.559484 1.174550
v 2.323026 -2.460976 1.241663
v 0.773216 -11.639659 2.366886
v 0.773216 -11.444823 2.595009
v 0.773216 -11.544967 2.877801
v 0.773216 -11.839946 2.932470
v 0.773216 -12.034772 2.704350
v 0.773216 -11.678187 2.475685
v 0.773216 -11.859676 2.509322
v 3.778286 -11.859676 2.509322
v 3.778286 -11.678187 2.475686
v 0.773216 -11.934628 2.421557
v 0.773216 -11.558305 2.616045
v 0.773216 -11.619922 2.790046
v 0.773216 -11.801420 2.823680
v 0.773216 -11.921294 2.683323
v 3.778286 -11.706080 2.554452
v 3.778286 -11.805413 2.572860
v 7.028316 -11.805413 2.572861
v 7.028316 -11.706071 2.554457
v 3.778286 -11.921294 2.683325
v 3.778286 -11.801420 2.823680
v 3.778286 -11.619922 2.790047
v 3.778286 -11.558305 2.616045
v 3.778286 -11.640471 2.631270
v 3.778286 -11.674195 2.726506
v 3.778286 -11.773527 2.744913
v 3.778286 -11.839138 2.668095
v 7.030527 -11.828960 2.545290
v 7.030527 -11.693964 2.520267
v 7.028316 -11.839138 2.668096
v 7.028316 -11.773518 2.744917
v 7.028316 -11.674185 2.726510
v 7.028316 -11.640460 2.631275
v 7.218847 -11.814532 2.562185
v 7.218847 -11.701381 2.541214
v 7.030527 -11.874789 2.674705
v 7.030527 -11.785625 2.779107
v 7.030527 -11.650639 2.754082
v 7.030527 -11.604810 2.624667
v 7.218847 -11.840302 2.423127
v 7.296556 -11.852426 2.357697
v 7.296556 -11.739284 2.336720
v 7.218847 -11.727154 2.402164
v 7.218847 -11.852943 2.670655
v 7.218847 -11.778208 2.758162
v 7.218847 -11.665067 2.737185
v 7.218847 -11.626656 2.628716
v 7.241116 -11.717561 2.586903
v 7.241116 -11.783058 2.599035
v 7.241116 -11.852943 2.670655
v 7.241116 -11.814532 2.562185
v 7.241116 -11.778208 2.758162
v 7.318827 -11.852426 2.357697
v 7.318827 -11.739284 2.336720
v 7.241116 -11.626656 2.628716
v 7.241116 -11.665067 2.737185
v 7.241116 -11.701381 2.541214
v 7.241116 -11.840302 2.423127
v 7.241116 -11.727154 2.402164
v 7.218847 -11.639294 2.876235
v 7.218847 -11.752435 2.897211
v 7.241116 -11.639294 2.876235
v 7.241116 -11.752435 2.897211
v 7.296556 -11.740311 2.962641
v 7.296556 -11.627163 2.941678
v 7.318827 -11.627163 2.941678
v 7.318827 -11.740311 2.962641
v 7.241116 -11.674305 2.637547
v 7.241116 -11.696540 2.700336
v 7.241116 -11.762028 2.712471
v 7.241116 -11.805293 2.661825
v 2.222946 -4.569025 1.255721
v 2.222946 -1.591425 0.529180
v 2.092326 -1.591425 0.529180
v 1.966976 -1.473880 1.149404
v -1.642945 -1.473880 1.149403
v -1.642945 -1.106031 1.079156
v 1.966976 -1.106031 1.079156
v -1.777054 -2.902807 1.389165
v -3.535425 -2.929338 1.246718
v -3.535425 -2.902807 1.389165
v 2.222946 -1.979938 1.760922
v 2.222946 -2.594614 1.877420
v 2.222946 -2.631853 2.056183
v 2.222946 -1.879876 1.913666
v 2.222946 -2.875848 0.393473
v 2.222946 -2.261173 0.276975
v 2.222946 -1.744159 0.629246
v 2.222946 -1.627671 1.243918
v 2.222946 -1.448908 1.281157
v -1.777054 -4.569025 1.255720
v -1.777054 -4.595254 1.101096
v -1.830595 -11.958213 2.299547
v 0.506425 -11.958213 2.299547
v -2.511075 -3.321062 1.320754
v -2.511075 -4.569025 1.255720
v -1.777054 -1.879876 1.913665
v -1.777054 -2.631853 2.056182
v -1.777054 -2.739442 0.601668
v -1.777054 -2.311938 0.520656
v -1.777054 -1.591425 0.529180
v -1.777054 -1.448911 1.281166
v -3.535425 -2.116344 1.552726
v -3.535425 -1.871343 1.193155
v -3.535425 -1.952364 0.765648
v -3.535425 -2.311938 0.520656
v -3.535425 -2.739442 0.601668
v -3.535425 -2.984161 0.960829
v -3.535425 -2.543842 1.633750
v -5.277115 -2.860289 1.366158
v -5.277115 -2.881183 1.253958
v -5.277115 -1.890965 1.181581
v -5.277115 -2.121305 1.519642
v -5.277115 -1.967139 0.779660
v -5.277115 -2.305200 0.549319
v -5.277115 -2.707122 0.625493
v -5.277115 -2.936996 0.962870
v -5.277115 -2.523226 1.595816
v 0.889616 -2.241665 1.014554
v 2.222946 -2.241665 1.014554
v 0.889616 -2.614202 1.134709
v 2.222946 -2.614202 1.134709
v 1.222946 -2.352046 1.260919
v 1.222946 -2.312441 1.253420
v 2.222946 -2.352046 1.260919
v 0.889616 -2.623904 1.084098
v 2.222946 -2.623904 1.084098
v 2.222946 -3.165605 1.240440
v 0.889616 -3.165605 1.240440
v -0.443724 -2.623904 1.084097
v -0.443724 -2.614202 1.134709
v -0.443724 -3.165605 1.240440
v -1.777054 -3.165605 1.240440
v -0.443724 -2.604495 1.185333
v 0.889616 -2.231660 1.067363
v 2.222946 -2.231660 1.067363
v 2.222946 -1.690924 0.910180
v 0.889616 -1.690924 0.910180
v -0.443724 -2.231660 1.067363
v -0.443724 -2.221653 1.120172
v -0.443724 -2.241665 1.014554
v -0.443724 -1.690924 0.910180
v -1.777054 -1.690924 0.910180
v 2.222946 -2.431250 1.275931
v -0.777054 -2.352046 1.260919
v 0.222946 -2.352046 1.260919
v 0.222946 -2.247666 1.811673
v -0.777054 -2.247666 1.811673
v -1.777054 -2.247666 1.811673
v -0.777054 -2.312441 1.253419
v 0.222946 -2.431250 1.275931
v -0.777054 -2.431250 1.275931
v -0.777054 -2.326880 1.826682
v 0.222946 -2.326880 1.826682
v -1.777054 -2.326880 1.826681
v 0.222946 -2.470859 1.283440
v 1.222946 -2.431250 1.275931
v 1.222946 -2.326880 1.826682
v 2.222946 -2.326880 1.826682
v 2.222946 -2.247666 1.811673
v 1.222946 -2.247666 1.811673
v 0.889616 -1.680915 0.962980
v 2.222946 -1.680915 0.962980
v -1.777054 -1.680915 0.962980
v -0.443724 -1.680915 0.962980
v 0.889616 -3.175313 1.189816
v 2.222946 -3.175313 1.189816
v -1.777054 -3.175313 1.189816
v -0.443724 -3.175313 1.189816
v 1.222946 -2.287271 1.819173
v 2.222946 -2.287271 1.819173
v -0.777054 -2.287271 1.819172
v 0.222946 -2.287271 1.819173
v -1.777054 -2.287271 1.819172
v 2.222946 -2.391654 1.268428
v 1.966976 -1.566457 0.660943
v -1.642945 -1.566457 0.660942
v 2.088836 -1.473880 1.149404
v 2.088836 -1.566457 0.660943
v 2.092326 -1.448908 1.281157
v 1.966976 -1.200887 0.591140
v 2.088836 -1.200887 0.591140
v 2.088836 -1.106031 1.079156
v -1.642945 -1.200887 0.591139
v 2.092326 -1.879876 1.913666
v 2.092326 -2.631853 2.056183
v -1.642945 -1.200887 0.591139
v -1.642945 -1.200887 0.591139
v 2.088836 -1.200887 0.591140
v 2.088836 -1.200887 0.591140
v 1.966976 -1.200887 0.591140
v 2.088836 -1.566457 0.660943
v 2.088836 -1.566457 0.660943
v -1.642945 -1.566457 0.660942
v -1.642945 -1.566457 0.660942
v 1.966976 -1.566457 0.660943
v -1.777054 -2.287271 1.819172
v 2.222946 -2.287271 1.819173
v -0.443724 -3.175313 1.189816
v -1.777054 -3.175313 1.189816
v -1.777054 -3.175313 1.189816
v 2.222946 -3.175313 1.189816
v 2.222946 -3.175313 1.189816
v 0.889616 -3.175313 1.189816
v -0.443724 -1.680915 0.962980
v -1.777054 -1.680915 0.962980
v -1.777054 -1.680915 0.962980
v 2.222946 -1.680915 0.962980
v 2.222946 -1.680915 0.962980
v 0.889616 -1.680915 0.962980
v 1.222946 -2.247666 1.811673
v 2.222946 -2.247666 1.811673
v 2.222946 -2.247666 1.811673
v -1.777054 -2.247666 1.811673
v -1.777054 -2.247666 1.811673
v -0.777054 -2.247666 1.811673
v 0.222946 -2.247666 1.811673
v -1.777054 -1.690924 0.910180
v -1.777054 -1.690924 0.910180
v -0.443724 -1.690924 0.910180
v 0.889616 -1.690924 0.910180
v 2.222946 -1.690924 0.910180
v 2.222946 -1.690924 0.910180
v -1.777054 -3.165605 1.240440
v -1.777054 -3.165605 1.240440
v -0.443724 -3.165605 1.240440
v 0.889616 -3.165605 1.240440
v 2.222946 -3.165605 1.240440
v 2.222946 -3.165605 1.240440
v -1.777054 -2.311938 0.520656
v -1.777054 -2.311938 0.520656
v -3.535425 -2.739442 0.601668
v -1.777054 -2.739442 0.601668
v -1.777054 -2.739442 0.601668
v -1.777054 -2.739442 0.601668
v 2.323026 -2.342870 1.219284
v 3.778286 -11.674195 2.726506
v 3.778286 -11.674195 2.726506
v 2.323026 -2.431445 1.236070
v 2.323026 -2.431445 1.236070
v 7.296556 -11.852426 2.357697
v 7.318827 -11.852426 2.357697
v 7.318827 -11.852426 2.357697
v 7.241116 -11.762028 2.712471
v 7.241116 -11.762028 2.712471
v -1.777054 -2.384922 0.870967
v 2.222946 -2.391654 1.268428
v -1.777054 -2.391654 1.268428
v -1.777054 -2.221653 1.120172
v -1.777054 -2.221653 1.120172
v 7.030527 -11.785625 2.779107
v 7.030527 -11.785625 2.779107
v -0.443724 -2.241665 1.014554
v 2.222946 -2.241665 1.014554
v 2.222946 -2.241665 1.014554
v 0.889616 -2.241665 1.014554
v -1.777054 -2.241665 1.014554
v -1.777054 -2.241665 1.014554
v -1.777054 -2.241665 1.014554
v -0.443724 -2.231660 1.067363
v 2.222946 -2.231660 1.067363
v 2.222946 -2.231660 1.067363
v 0.889616 -2.231660 1.067363
v -1.777054 -2.231660 1.067363
v -1.777054 -2.231660 1.067363
v -1.777054 -2.231660 1.067363
v -1.777054 -2.251673 0.961754
v 0.773216 -11.859676 2.509322
v 0.773216 -11.859676 2.509322
v 3.778286 -11.859676 2.509322
v 3.778286 -11.859676 2.509322
v 2.323026 -2.290112 1.041211
v -2.891935 -4.646276 0.835033
v -2.511075 -4.595254 1.101096
v -2.511075 -4.595254 1.101096
v -2.891935 -4.595254 1.101095
v 2.222946 -4.595254 1.101096
v 2.222946 -4.595254 1.101096
v 7.296556 -11.739284 2.336720
v 7.318827 -11.739284 2.336720
v 7.318827 -11.739284 2.336720
v -1.777054 -2.602993 1.193407
v -1.777054 -2.602993 1.193407
v -1.777054 -2.929338 1.246718
v -1.777054 -2.929338 1.246718
v 2.222946 -1.448908 1.281157
v -3.535425 -2.984161 0.960829
v -1.777054 -2.984161 0.960830
v -1.777054 -2.984161 0.960830
v -1.777054 -2.984161 0.960830
v 7.030527 -11.828960 2.545290
v 7.030527 -11.828960 2.545290
v -0.777054 -2.470859 1.283440
v 1.222946 -2.470859 1.283440
v -1.777054 -2.470859 1.283440
v -1.777054 -2.470859 1.283440
v 1.222946 -2.431250 1.275931
v -0.777054 -2.431250 1.275931
v 0.222946 -2.431250 1.275931
v 2.222946 -2.431250 1.275931
v 2.222946 -2.431250 1.275931
v -1.777054 -2.431250 1.275931
v -1.777054 -2.431250 1.275931
v -1.777054 -2.431250 1.275931
v -3.535425 -2.543842 1.633750
v -1.777054 -2.543842 1.633751
v -1.777054 -2.543842 1.633751
v -1.777054 -2.543842 1.633751
v 2.323026 -2.297569 1.001844
v -1.777054 -2.543339 0.900988
v 2.323026 -2.396914 0.934159
v 9.006786 -11.680984 2.638789
v 9.006786 -11.680984 2.638789
v 0.222946 -2.312441 1.253420
v -1.777054 -2.312441 1.253419
v -1.777054 -2.312441 1.253419
v 2.323026 -2.401924 1.230473
v -3.535425 -1.952364 0.765648
v -1.777054 -1.952364 0.765648
v -1.777054 -1.952364 0.765648
v -1.777054 -1.952364 0.765648
v -5.277115 -2.860289 1.366158
v 7.218847 -11.626656 2.628716
v 7.241116 -11.626656 2.628716
v 7.241116 -11.626656 2.628716
v -3.692325 -2.860289 1.366159
v -3.692325 -2.860289 1.366159
v -5.277115 -2.936996 0.962870
v -3.692325 -2.936996 0.962870
v -3.692325 -2.936996 0.962870
v 7.296556 -11.627163 2.941678
v 7.318827 -11.627163 2.941678
v 7.318827 -11.627163 2.941678
v 9.006786 -11.700949 2.695168
v 9.006786 -11.700949 2.695168
v -1.777054 -3.264352 1.625218
v -1.777054 -3.264352 1.625218
v 2.222946 -3.264352 1.625218
v 2.092326 -3.264352 1.625218
v 9.006786 -11.798615 2.660583
v 9.006786 -11.798615 2.660583
v -3.692325 -2.121305 1.519642
v 2.222946 -3.524874 0.344459
v 2.222946 -3.524874 0.344459
v 2.222946 -3.321062 1.320754
v 2.222946 -3.321062 1.320754
v 2.222946 -3.321062 1.320754
v -1.777054 -3.321062 1.320754
v -1.777054 -3.321062 1.320754
v -1.777054 -3.321062 1.320754
v -2.511075 -3.321062 1.320754
v -2.511075 -3.321062 1.320754
v 2.222946 -2.223927 0.098225
v -1.777054 -2.223927 0.098225
v -1.777054 -3.470860 0.610011
v -1.777054 -3.470860 0.610011
v 7.241116 -11.696540 2.700336
v 7.241116 -11.696540 2.700336
v -1.822674 -11.934628 2.421557
v -1.822674 -11.934628 2.421557
v 0.773216 -11.934628 2.421557
v 0.773216 -11.934628 2.421557
v -1.822674 -11.544967 2.877801
v -1.822674 -11.544967 2.877801
v 0.773216 -11.544967 2.877801
v 0.773216 -11.544967 2.877801
v -1.822674 -11.639659 2.366886
v -1.822674 -11.639659 2.366886
v 0.773216 -11.639659 2.366886
v 0.773216 -11.639659 2.366886
v 3.778286 -11.839138 2.668095
v 3.778286 -11.839138 2.668095
v 7.028316 -11.839138 2.668096
v 7.028316 -11.839138 2.668096
v 2.323026 -2.515008 0.956542
v 2.323026 -2.575073 1.093052
v -1.830595 -11.934896 2.421113
v -1.830595 -11.934896 2.421113
v 0.506425 -11.934896 2.421113
v 0.506425 -11.934896 2.421113
v 0.889616 -2.633613 1.033473
v -0.443724 -2.633613 1.033473
v -1.777054 -2.633613 1.033473
v -1.777054 -2.633613 1.033473
v 3.778286 -11.706080 2.554452
v 3.778286 -11.706080 2.554452
v -1.822675 -11.839946 2.932470
v -1.822675 -11.839946 2.932470
v 0.773216 -11.839946 2.932470
v 0.773216 -11.839946 2.932470
v 9.006786 -11.778650 2.604203
v 9.006786 -11.778650 2.604203
v 2.222946 -3.406868 0.873242
v 2.222946 -3.406868 0.873242
v -1.777054 -3.406868 0.873241
v -1.777054 -3.406868 0.873241
v -2.511075 -3.406868 0.873241
v -2.511075 -3.406868 0.873241
v -2.891935 -3.406868 0.873241
v -2.891935 -3.406868 0.873241
v -1.822674 -12.034772 2.704350
v -1.822674 -12.034772 2.704350
v 0.773216 -12.034772 2.704350
v 0.773216 -12.034772 2.704350
v 7.218847 -11.778208 2.758162
v 7.218847 -11.778208 2.758162
v 7.241116 -11.778208 2.758162
v 7.218847 -11.752435 2.897211
v 7.218847 -11.752435 2.897211
v 7.241116 -11.752435 2.897211
v 7.241116 -11.752435 2.897211
v -3.692325 -2.881183 1.253958
v 9.006786 -11.759770 2.706069
v 9.006786 -11.759770 2.706069
v 7.030527 -11.874789 2.674705
v 7.030527 -11.874789 2.674705
v -5.277115 -2.305200 0.549319
v -3.692325 -2.305200 0.549320
v -3.692325 -2.305200 0.549320
v -1.777054 -2.902807 1.389165
v -1.777054 -2.902807 1.389165
v -1.777054 -2.902807 1.389165
v -3.535425 -2.902807 1.389165
v 2.222946 -4.646273 0.835024
v -2.891935 -3.470898 0.609818
v -2.891935 -3.470898 0.609818
v -1.830595 -11.958213 2.299547
v -1.830595 -11.958213 2.299547
v 0.506425 -11.958213 2.299547
v 0.506425 -11.958213 2.299547
v 2.323026 -2.372401 1.224877
v 2.323026 -2.372401 1.224877
v -3.535425 -1.871343 1.193155
v -1.777054 -1.871343 1.193156
v -1.777054 -1.871343 1.193156
v -1.777054 -1.871343 1.193156
v -1.777054 -2.604495 1.185333
v -1.777054 -2.604495 1.185333
v -1.777054 -2.604495 1.185333
v 0.222946 -2.352046 1.260919
v -0.777054 -2.352046 1.260919
v 2.222946 -2.352046 1.260919
v 2.222946 -2.352046 1.260919
v 1.222946 -2.352046 1.260919
v -1.777054 -2.116344 1.552726
v -1.777054 -2.116344 1.552726
v -1.777054 -2.352046 1.260919
v -1.777054 -2.352046 1.260919
v -1.777054 -2.352046 1.260919
v 0.773216 -11.921294 2.683323
v 0.773216 -11.921294 2.683323
v 3.778286 -11.921294 2.683325
v 3.778286 -11.921294 2.683325
v 7.241116 -11.717561 2.586903
v 7.241116 -11.717561 2.586903
v 2.222946 -2.975914 0.240739
v 2.222946 -2.975914 0.240739
v -1.777054 -2.975914 0.240738
v -3.692325 -1.967139 0.779660
v 7.218847 -11.852943 2.670655
v 7.241116 -11.852943 2.670655
v 7.241116 -11.852943 2.670655
v -5.277115 -1.890965 1.181581
v -3.692325 -1.890965 1.181582
v -3.692325 -1.890965 1.181582
v -0.443724 -2.614202 1.134709
v 2.222946 -2.614202 1.134709
v 2.222946 -2.614202 1.134709
v 0.889616 -2.614202 1.134709
v -1.777054 -2.614202 1.134709
v -1.777054 -2.614202 1.134709
v -3.692325 -2.707122 0.625493
v -1.777054 -1.448911 1.281166
v 2.323026 -2.275190 1.119949
v 2.323026 -2.282647 1.080581
v 2.323026 -2.567836 1.130793
v 9.006786 -11.719837 2.593299
v 9.006786 -11.719837 2.593299
v 2.323026 -2.560608 1.168530
v 2.323026 -2.559484 1.174550
v 0.773216 -11.558305 2.616045
v 0.773216 -11.558305 2.616045
v 3.778286 -11.558305 2.616045
v 3.778286 -11.558305 2.616045
v 2.222946 -2.326880 1.826682
v 2.222946 -2.326880 1.826682
v 1.222946 -2.326880 1.826682
v -1.777054 -2.326880 1.826681
v -1.777054 -2.326880 1.826681
v 0.222946 -2.326880 1.826682
v -0.777054 -2.326880 1.826682
v 2.323026 -2.460976 1.241663
v -0.443724 -2.623904 1.084097
v 2.222946 -2.623904 1.084098
v 2.222946 -2.623904 1.084098
v 0.889616 -2.623904 1.084098
v -1.777054 -2.623904 1.084097
v -1.777054 -2.623904 1.084097
v -1.777054 -2.623904 1.084097
v 7.030527 -11.650639 2.754082
v 7.030527 -11.650639 2.754082
v 0.773216 -11.678187 2.475685
v 0.773216 -11.678187 2.475685
v 3.778286 -11.678187 2.475686
v 3.778286 -11.678187 2.475686
v 0.773216 -11.619922 2.790046
v 0.773216 -11.619922 2.790046
v 3.778286 -11.619922 2.790047
v 3.778286 -11.619922 2.790047
v 0.773216 -11.801420 2.823680
v 0.773216 -11.801420 2.823680
v 3.778286 -11.801420 2.823680
v 3.778286 -11.801420 2.823680
v 7.028316 -11.706071 2.554457
v 7.028316 -11.706071 2.554457
v 7.218847 -11.639294 2.876235
v 7.218847 -11.639294 2.876235
v 7.241116 -11.639294 2.876235
v 7.241116 -11.639294 2.876235
v 7.030527 -11.604810 2.624667
v 7.030527 -11.604810 2.624667
v 3.778286 -11.640471 2.631270
v 3.778286 -11.640471 2.631270
v 3.778286 -11.773527 2.744913
v 3.778286 -11.773527 2.744913
v 7.218847 -11.814532 2.562185
v 7.218847 -11.814532 2.562185
v 7.241116 -11.814532 2.562185
v 7.030527 -11.693964 2.520267
v 7.030527 -11.693964 2.520267
v 3.778286 -11.805413 2.572860
v 3.778286 -11.805413 2.572860
v 7.028316 -11.805413 2.572861
v 7.028316 -11.805413 2.572861
v 7.028316 -11.773518 2.744917
v 7.028316 -11.773518 2.744917
v 7.028316 -11.674185 2.726510
v 7.028316 -11.674185 2.726510
v 7.028316 -11.640460 2.631275
v 7.028316 -11.640460 2.631275
v 7.218847 -11.701381 2.541214
v 7.218847 -11.701381 2.541214
v 7.241116 -11.701381 2.541214
v 7.218847 -11.727154 2.402164
v 7.218847 -11.727154 2.402164
v 7.241116 -11.727154 2.402164
v 7.241116 -11.727154 2.402164
v 7.218847 -11.840302 2.423127
v 7.218847 -11.840302 2.423127
v 7.241116 -11.840302 2.423127
v 7.241116 -11.840302 2.423127
v 7.218847 -11.665067 2.737185
v 7.218847 -11.665067 2.737185
v 7.241116 -11.665067 2.737185
v 7.241116 -11.783058 2.599035
v 7.241116 -11.783058 2.599035
v 7.296556 -11.740311 2.962641
v 7.318827 -11.740311 2.962641
v 7.318827 -11.740311 2.962641
v 7.241116 -11.674305 2.637547
v 7.241116 -11.674305 2.637547
v -5.277115 -2.523226 1.595816
v -3.692325 -2.523226 1.595816
v -3.692325 -2.523226 1.595816
v -1.777054 -1.879876 1.913665
v 7.241116 -11.805293 2.661825
v 7.241116 -11.805293 2.661825
v 2.222946 -4.569025 1.255721
v 2.222946 -4.569025 1.255721
v -1.777054 -4.569025 1.255720
v -2.511075 -4.569025 1.255720
v -2.511075 -4.569025 1.255720
v -1.777054 -1.591425 0.529180
v -1.777054 -1.591425 0.529180
v 2.222946 -1.591425 0.529180
v 2.222946 -1.591425 0.529180
v 2.092326 -1.591425 0.529180
v 2.088836 -1.473880 1.149404
v 2.088836 -1.473880 1.149404
v 1.966976 -1.473880 1.149404
v -1.642945 -1.473880 1.149403
v -1.642945 -1.473880 1.149403
v 2.088836 -1.106031 1.079156
v 2.088836 -1.106031 1.079156
v -1.822674 -11.444823 2.595008
v -1.822674 -11.444823 2.595008
v 0.773216 -11.444823 2.595009
v 0.773216 -11.444823 2.595009
v -1.642945 -1.106031 1.079156
v -1.642945 -1.106031 1.079156
v 1.966976 -1.106031 1.079156
v 2.092326 -2.631853 2.056183
v -1.777054 -2.631853 2.056182
v -1.777054 -2.631853 2.056182
v 2.323026 -2.582313 1.055321
v 2.092326 -1.879876 1.913666
v 2.222946 -1.879876 1.913666
v 2.222946 -2.631853 2.056183
v 2.092326 -2.631853 2.056183
v 2.092326 -2.631853 2.056183
v 2.222946 -2.631853 2.056183
v 2.222946 -3.264352 1.625218
v 2.092326 -3.264352 1.625218
v 2.092326 -1.448908 1.281157
v 2.222946 -1.448908 1.281157
v 2.222946 -1.879876 1.913666
v 2.092326 -1.879876 1.913666
v -3.535425 -2.902807 1.389165
v -3.535425 -2.929338 1.246718
v -3.573085 -3.053727 1.288757
v -3.573085 -3.019796 1.470944
v -3.573085 -3.019796 1.470944
v -3.573085 -3.053727 1.288757
v -5.277115 -3.038994 1.283790
v -5.277115 -3.005939 1.461264
v -3.535425 -1.871343 1.193155
v -3.535425 -2.116344 1.552726
v -3.573085 -2.013901 1.680141
v -3.573084 -1.700548 1.220242
v -3.535425 -1.952364 0.765648
v -3.535425 -1.871343 1.193155
v -3.573084 -1.700548 1.220242
v -3.573084 -1.804177 0.673478
v -3.535425 -2.311938 0.520656
v -3.535425 -1.952364 0.765648
v -3.573084 -1.804177 0.673478
v -3.573084 -2.264076 0.360125
v -3.535425 -2.739442 0.601668
v -3.535425 -2.311938 0.520656
v -3.573084 -2.264076 0.360125
v -3.573084 -2.810846 0.463741
v -3.535425 -2.984161 0.960829
v -3.535425 -2.739442 0.601668
v -3.573084 -2.810846 0.463741
v -3.573084 -3.123832 0.923112
v -3.535425 -2.929338 1.246718
v -3.535425 -2.984161 0.960829
v -3.573084 -3.123832 0.923112
v -3.573085 -3.053727 1.288757
v -3.535425 -2.543842 1.633750
v -3.535425 -2.902807 1.389165
v -3.573085 -3.019796 1.470944
v -3.573085 -2.560675 1.783767
v -3.535425 -2.116344 1.552726
v -3.535425 -2.543842 1.633750
v -3.573085 -2.560675 1.783767
v -3.573085 -2.013901 1.680141
v -3.573084 -1.700548 1.220242
v -3.573085 -2.013901 1.680141
v -5.277115 -2.026041 1.665053
v -5.277115 -1.720778 1.217035
v -3.573084 -1.804177 0.673478
v -3.573084 -1.700548 1.220242
v -5.277115 -1.720778 1.217035
v -5.277115 -1.821728 0.684395
v -3.573084 -2.264076 0.360125
v -3.573084 -1.804177 0.673478
v -5.277115 -1.821728 0.684395
v -5.277115 -2.269746 0.379132
v -3.573084 -2.810846 0.463741
v -3.573084 -2.264076 0.360125
v -5.277115 -2.269746 0.379132
v -5.277115 -2.802386 0.480082
v -3.573084 -3.123832 0.923112
v -3.573084 -2.810846 0.463741
v -5.277115 -2.802386 0.480082
v -5.277115 -3.107294 0.927579
v -3.573085 -3.053727 1.288757
v -3.573084 -3.123832 0.923112
v -5.277115 -3.107294 0.927579
v -5.277115 -3.038994 1.283790
v -3.573085 -2.560675 1.783767
v -3.573085 -3.019796 1.470944
v -5.277115 -3.005939 1.461264
v -5.277115 -2.558681 1.766003
v -3.573085 -2.013901 1.680141
v -3.573085 -2.560675 1.783767
v -5.277115 -2.558681 1.766003
v -5.277115 -2.026041 1.665053
v -5.277115 -2.523226 1.595816
v -5.277115 -2.121305 1.519642
v -5.277115 -2.026041 1.665053
v -5.277115 -2.558681 1.766003
v -5.277115 -2.860289 1.366158
v -5.277115 -3.005939 1.461264
v -5.277115 -2.936996 0.962870
v -5.277115 -2.881183 1.253958
v -5.277115 -3.038994 1.283790
v -5.277115 -3.107294 0.927579
v -5.277115 -2.707122 0.625493
v -5.277115 -2.802386 0.480082
v -5.277115 -2.305200 0.549319
v -5.277115 -2.269746 0.379132
v -5.277115 -1.967139 0.779660
v -5.277115 -1.821728 0.684395
v -5.277115 -1.890965 1.181581
v -5.277115 -1.720778 1.217035
v -1.822674 -11.592915 -2.963705
v -1.822674 -11.966688 -3.324660
v -1.822674 -11.883996 -3.036282
v -1.822674 -11.467207 -3.467885
v -1.822674 -11.758299 -3.540461
v -1.822674 -11.384514 -3.179508
v 9.006788 -11.617562 -3.237619
v 9.006788 -11.692096 -3.309583
v 9.006788 -11.634048 -3.295113
v 9.006788 -11.717158 -3.209060
v 9.006788 -11.733644 -3.266553
v 9.006788 -11.659121 -3.194587
v 2.222946 -3.132171 -1.602913
v 2.222946 -3.353702 -1.411682
v 2.222946 -3.278511 -1.712116
v 2.222946 -3.285966 -0.996499
v 2.222946 -3.466669 -0.970243
v -1.777054 -3.546612 -0.711412
v 2.222946 -4.706087 -1.007773
v 2.222946 -3.616735 -0.449652
v -2.891935 -3.546661 -0.711221
v -2.891935 -4.706087 -1.007774
v -2.511084 -4.638927 -1.270223
v -1.830593 -11.884289 -3.035855
v -2.891935 -4.638927 -1.270223
v 2.222946 -4.638927 -1.270222
v 0.506427 -11.884289 -3.035854
v 2.222946 -3.075132 -0.312611
v -1.777054 -3.466669 -0.970244
v -1.777054 -3.075132 -0.312612
v -2.511084 -3.466669 -0.970244
v -2.891935 -3.466669 -0.970244
v 2.222946 -2.644747 -1.240736
v 2.222946 -2.646739 -1.232769
v 0.889616 -2.646739 -1.232769
v -1.777054 -2.646739 -1.232769
v -1.777054 -2.644747 -1.240737
v -3.692324 -2.144042 -1.536957
v -3.692325 -2.035337 -0.788944
v -3.692325 -1.934770 -1.185465
v -3.692325 -2.783352 -0.680240
v -3.692325 -2.386831 -0.579671
v -3.692324 -2.918722 -1.318158
v -3.692325 -2.992202 -1.031021
v -3.692324 -2.540563 -1.637526
v -3.692324 -2.891016 -1.428874
v -1.777054 -2.351073 -1.282899
v -1.777054 -2.558824 -1.676648
v -1.777054 -2.137071 -1.569676
v -1.777054 -2.468287 -1.312622
v -1.777054 -2.507363 -1.322535
v -1.777054 -2.390146 -1.292802
v -1.777054 -2.429223 -1.302715
v -1.777054 -3.039392 -1.031866
v -1.777054 -2.967232 -1.313881
v -1.777054 -2.672292 -1.132907
v -1.777054 -2.685074 -1.082970
v -1.777054 -2.659520 -1.182832
v -1.777054 -2.308226 -0.988068
v -1.777054 -1.914478 -1.195819
v -1.777054 -2.021446 -0.774056
v -1.777054 -2.281801 -1.092258
v -1.777054 -2.268590 -1.144358
v -1.777054 -2.295012 -1.040158
v 0.889616 -2.268590 -1.144357
v 2.222946 -2.268590 -1.144357
v 2.222946 -2.351073 -1.282898
v 0.222946 -2.351073 -1.282899
v 2.222946 -2.446768 -0.905585
v 2.222946 -2.308226 -0.988068
v 0.889616 -2.308226 -0.988068
v -1.777054 -2.446768 -0.905585
v -1.777054 -2.603057 -0.945221
v 2.222946 -2.685074 -1.082969
v 2.222946 -2.603057 -0.945220
v -0.443724 -2.685074 -1.082970
v 2.222946 -2.507363 -1.322534
v 1.222946 -2.507363 -1.322534
v -0.777054 -2.507363 -1.322534
v 2.323026 -2.623006 -1.138863
v 2.323026 -2.571391 -0.998950
v 2.323026 -2.632535 -1.101644
v 2.323026 -2.351588 -1.030884
v 2.323026 -2.454869 -0.969393
v 2.323026 -2.341742 -1.069722
v 2.323026 -2.470915 -1.272846
v 2.323026 -2.441790 -1.265457
v 2.323026 -2.412656 -1.258072
v 2.323026 -2.383531 -1.250684
v 2.323026 -2.322041 -1.147402
v 2.323026 -2.331886 -1.108564
v 2.323026 -2.613477 -1.176091
v 2.323026 -2.603960 -1.213317
v 2.323026 -2.602469 -1.219258
v 2.323026 -2.500051 -1.280241
v 0.773216 -11.592915 -2.963704
v 0.773216 -11.384514 -3.179507
v 0.773216 -11.467207 -3.467885
v 0.773216 -11.758299 -3.540460
v 0.773216 -11.966688 -3.324660
v 0.773216 -11.624729 -3.074653
v 0.773216 -11.803825 -3.119307
v 3.778287 -11.803825 -3.119306
v 3.778287 -11.624729 -3.074651
v 0.773216 -11.883996 -3.036282
v 0.773216 -11.496500 -3.207432
v 0.773216 -11.547380 -3.384870
v 0.773216 -11.726487 -3.429521
v 0.773216 -11.854705 -3.296745
v 3.778287 -11.647761 -3.154975
v 3.778287 -11.745785 -3.179413
v 7.028317 -11.745775 -3.179414
v 7.028316 -11.647751 -3.154977
v 3.778287 -11.854705 -3.296745
v 3.778287 -11.726487 -3.429521
v 3.778287 -11.547380 -3.384870
v 3.778287 -11.496500 -3.207431
v 3.778287 -11.577574 -3.227647
v 3.778287 -11.605422 -3.324763
v 3.778287 -11.703454 -3.349198
v 3.778287 -11.773633 -3.276529
v 7.030527 -11.770971 -3.153329
v 7.030527 -11.637754 -3.120112
v 7.028317 -11.773623 -3.276530
v 7.028317 -11.703444 -3.349200
v 7.028317 -11.605422 -3.324762
v 7.028317 -11.577574 -3.227646
v 7.218847 -11.755538 -3.169312
v 7.218847 -11.643879 -3.141471
v 7.030528 -11.808814 -3.285300
v 7.030528 -11.713442 -3.384064
v 7.030528 -11.580235 -3.350845
v 7.030527 -11.542393 -3.218874
v 7.218847 -11.789749 -3.032086
v 7.296557 -11.805844 -2.967518
v 7.296557 -11.694195 -2.939674
v 7.218847 -11.678092 -3.004255
v 7.218848 -11.787255 -3.279924
v 7.218848 -11.707317 -3.362705
v 7.218848 -11.595669 -3.334861
v 7.218847 -11.563950 -3.224249
v 7.241117 -11.657239 -3.188065
v 7.241117 -11.721873 -3.204171
v 7.241117 -11.787255 -3.279924
v 7.241117 -11.755538 -3.169312
v 7.241117 -11.707317 -3.362705
v 7.318827 -11.805844 -2.967518
v 7.318827 -11.694195 -2.939674
v 7.241117 -11.563950 -3.224249
v 7.241117 -11.595669 -3.334861
v 7.241117 -11.643879 -3.141471
v 7.241117 -11.789749 -3.032086
v 7.241117 -11.678092 -3.004255
v 7.218848 -11.561455 -3.472078
v 7.218848 -11.673104 -3.499922
v 7.241117 -11.561455 -3.472078
v 7.241117 -11.673104 -3.499922
v 7.296557 -11.657010 -3.564499
v 7.296557 -11.545352 -3.536658
v 7.318828 -11.545352 -3.536658
v 7.318828 -11.657010 -3.564499
v 7.241117 -11.610972 -3.235972
v 7.241117 -11.629333 -3.300003
v 7.241117 -11.693957 -3.316113
v 7.241117 -11.740233 -3.268201
v -1.777054 -1.878999 -1.915508
v 2.222946 -1.878999 -1.915508
v 2.222946 -2.620881 -2.103664
v -1.777054 -2.620881 -2.103664
v -1.777054 -3.278511 -1.712117
v 2.222946 -4.603307 -1.422957
v 2.222946 -2.333249 -0.124455
v -1.777054 -2.333249 -0.124456
v 2.222946 -1.675617 -0.515993
v -1.777054 -1.675617 -0.515993
v -1.777054 -1.487461 -1.257876
v 2.222946 -1.487461 -1.257875
v 2.088836 -1.520427 -1.127883
v -1.642945 -1.520427 -1.127884
v -1.642945 -1.157553 -1.035310
v 2.088836 -1.157553 -1.035310
v -1.777054 -2.932050 -1.454433
v -3.535425 -2.967232 -1.313881
v -3.535425 -2.932050 -1.454433
v 2.222946 -1.988211 -1.769165
v 2.222946 -2.594615 -1.922963
v 2.222946 -2.965929 -0.458951
v 2.222946 -2.359514 -0.305155
v 2.222946 -1.821957 -0.625196
v 2.222946 -1.668161 -1.231610
v -1.777054 -3.353702 -1.411683
v -1.777054 -4.603307 -1.422958
v -1.777054 -4.638927 -1.270223
v -1.830594 -11.914975 -2.915941
v 0.506427 -11.914975 -2.915941
v -2.511084 -3.353702 -1.411683
v -2.511084 -4.603307 -1.422958
v -1.777054 -2.817067 -0.658431
v -1.777054 -2.395306 -0.551472
v -3.535425 -2.137071 -1.569676
v -3.535425 -1.914478 -1.195819
v -3.535425 -2.021446 -0.774056
v -3.535425 -2.395306 -0.551472
v -3.535425 -2.817067 -0.658432
v -3.535425 -3.039392 -1.031866
v -3.535425 -2.558824 -1.676648
v -5.277125 -2.891016 -1.428874
v -5.277125 -2.918722 -1.318158
v -5.277125 -1.934770 -1.185465
v -5.277125 -2.144042 -1.536957
v -5.277125 -2.035337 -0.788944
v -5.277125 -2.386831 -0.579671
v -5.277125 -2.783352 -0.680240
v -5.277125 -2.992202 -1.031021
v -5.277125 -2.540563 -1.637526
v 0.889616 -2.295012 -1.040158
v 2.222946 -2.295012 -1.040158
v 0.889616 -2.659520 -1.182832
v 2.222946 -2.659520 -1.182832
v 1.222946 -2.390146 -1.292802
v 1.222946 -2.351073 -1.282898
v 2.222946 -2.390146 -1.292802
v 0.889616 -2.685074 -1.082970
v 0.889616 -2.672292 -1.132907
v 2.222946 -2.672292 -1.132907
v 2.222946 -3.203438 -1.322028
v 0.889616 -3.203438 -1.322028
v -0.443724 -2.672292 -1.132907
v -0.443724 -2.659520 -1.182832
v -0.443724 -3.203438 -1.322028
v -1.777054 -3.203438 -1.322028
v -0.443724 -2.646739 -1.232769
v 0.889616 -2.281801 -1.092257
v 2.222946 -2.281801 -1.092257
v 2.222946 -1.751671 -0.902356
v 0.889616 -1.751671 -0.902357
v -0.443724 -2.281801 -1.092258
v -0.443724 -2.268590 -1.144357
v -0.443724 -2.295012 -1.040158
v -0.443724 -1.751671 -0.902357
v -1.777054 -1.751671 -0.902357
v -0.443724 -2.308226 -0.988068
v 2.222946 -2.468287 -1.312621
v -0.777054 -2.390146 -1.292802
v 0.222946 -2.390146 -1.292802
v 0.222946 -2.252339 -1.836156
v -0.777054 -2.252339 -1.836156
v -1.777054 -2.252339 -1.836157
v -0.777054 -2.351073 -1.282899
v 0.222946 -2.468287 -1.312621
v -0.777054 -2.468287 -1.312621
v -0.777054 -2.330487 -1.855973
v 0.222946 -2.330487 -1.855973
v -1.777054 -2.330487 -1.855973
v 0.222946 -2.507363 -1.322534
v 1.222946 -2.468287 -1.312621
v 1.222946 -2.330487 -1.855973
v 2.222946 -2.330487 -1.855972
v 2.222946 -2.252339 -1.836156
v 1.222946 -2.252339 -1.836156
v 0.889616 -1.738447 -0.954449
v 2.222946 -1.738447 -0.954449
v -1.777054 -1.738447 -0.954450
v -0.443724 -1.738447 -0.954450
v 0.889616 -3.216218 -1.272091
v 2.222946 -3.216218 -1.272091
v -1.777054 -3.216218 -1.272091
v -0.443724 -3.216218 -1.272091
v 1.222946 -2.291412 -1.846059
v 2.222946 -2.291412 -1.846059
v -0.777054 -2.291412 -1.846060
v 0.222946 -2.291412 -1.846060
v -1.777054 -2.291412 -1.846060
v 2.222946 -2.429223 -1.302715
v 2.088836 -1.642651 -0.645985
v -1.642945 -1.642651 -0.645986
v -1.642945 -1.282025 -0.553995
v 2.088836 -1.282025 -0.553995
v 2.088836 -1.282025 -0.553995
v 2.088836 -1.282025 -0.553995
v -1.642945 -1.282025 -0.553995
v -1.642945 -1.282025 -0.553995
v -1.642945 -1.642651 -0.645986
v -1.642945 -1.642651 -0.645986
v 2.088836 -1.642651 -0.645985
v 2.088836 -1.642651 -0.645985
v -1.777054 -2.291412 -1.846060
v 2.222946 -2.291412 -1.846059
v -0.443724 -3.216218 -1.272091
v -1.777054 -3.216218 -1.272091
v -1.777054 -3.216218 -1.272091
v 2.222946 -3.216218 -1.272091
v 2.222946 -3.216218 -1.272091
v 0.889616 -3.216218 -1.272091
v -0.443724 -1.738447 -0.954450
v -1.777054 -1.738447 -0.954450
v -1.777054 -1.738447 -0.954450
v 2.222946 -1.738447 -0.954449
v 2.222946 -1.738447 -0.954449
v 0.889616 -1.738447 -0.954449
v 2.222946 -2.330487 -1.855972
v 2.222946 -2.330487 -1.855972
v 1.222946 -2.330487 -1.855973
v -1.777054 -2.330487 -1.855973
v -1.777054 -2.330487 -1.855973
v 0.222946 -2.330487 -1.855973
v -0.777054 -2.330487 -1.855973
v 1.222946 -2.252339 -1.836156
v 2.222946 -2.252339 -1.836156
v 2.222946 -2.252339 -1.836156
v -1.777054 -2.252339 -1.836157
v -1.777054 -2.252339 -1.836157
v -0.777054 -2.252339 -1.836156
v 0.222946 -2.252339 -1.836156
v -1.777054 -1.751671 -0.902357
v -1.777054 -1.751671 -0.902357
v -0.443724 -1.751671 -0.902357
v 0.889616 -1.751671 -0.902357
v 2.222946 -1.751671 -0.902356
v 2.222946 -1.751671 -0.902356
v -1.777054 -3.203438 -1.322028
v -1.777054 -3.203438 -1.322028
v -0.443724 -3.203438 -1.322028
v 0.889616 -3.203438 -1.322028
v 2.222946 -3.203438 -1.322028
v 2.222946 -3.203438 -1.322028
v 2.323026 -2.602469 -1.219258
v 0.773216 -11.496500 -3.207432
v 0.773216 -11.496500 -3.207432
v 3.778287 -11.496500 -3.207431
v 3.778287 -11.496500 -3.207431
v 2.323026 -2.613477 -1.176091
v 2.323026 -2.383531 -1.250684
v 2.323026 -2.331886 -1.108564
v 2.323026 -2.470915 -1.272846
v 2.323026 -2.470915 -1.272846
v 2.323026 -2.454869 -0.969393
v -1.777054 -3.546612 -0.711412
v -1.777054 -3.546612 -0.711412
v 2.323026 -2.571391 -0.998950
v 7.296557 -11.805844 -2.967518
v 7.318827 -11.805844 -2.967518
v 7.318827 -11.805844 -2.967518
v 7.241117 -11.693957 -3.316113
v 7.241117 -11.693957 -3.316113
v -1.777054 -2.446768 -0.905585
v 2.222946 -2.429223 -1.302715
v -1.777054 -2.429223 -1.302715
v -1.777054 -2.268590 -1.144358
v -1.777054 -2.268590 -1.144358
v 7.030528 -11.713442 -3.384064
v 7.030528 -11.713442 -3.384064
v -0.443724 -2.295012 -1.040158
v 2.222946 -2.295012 -1.040158
v 2.222946 -2.295012 -1.040158
v 0.889616 -2.295012 -1.040158
v -1.777054 -2.295012 -1.040158
v -1.777054 -2.295012 -1.040158
v -1.777054 -2.295012 -1.040158
v -0.443724 -2.281801 -1.092258
v 2.222946 -2.281801 -1.092257
v 2.222946 -2.281801 -1.092257
v 0.889616 -2.281801 -1.092257
v -1.777054 -2.281801 -1.092258
v -1.777054 -2.281801 -1.092258
v -1.777054 -2.281801 -1.092258
v -1.777054 -2.308226 -0.988068
v -1.777054 -2.308226 -0.988068
v 0.773216 -11.803825 -3.119307
v 0.773216 -11.803825 -3.119307
v 3.778287 -11.803825 -3.119306
v 3.778287 -11.803825 -3.119306
v 2.323026 -2.341742 -1.069722
v -2.511084 -4.638927 -1.270223
v -2.511084 -4.638927 -1.270223
v -2.891935 -4.638927 -1.270223
v 2.222946 -4.638927 -1.270222
v 2.222946 -4.638927 -1.270222
v 7.030527 -11.542393 -3.218874
v 7.030527 -11.542393 -3.218874
v 7.296557 -11.694195 -2.939674
v 7.318827 -11.694195 -2.939674
v 7.318827 -11.694195 -2.939674
v -1.777054 -2.644747 -1.240737
v -1.777054 -2.644747 -1.240737
v -3.535425 -3.039392 -1.031866
v -1.777054 -3.039392 -1.031866
v -1.777054 -3.039392 -1.031866
v -1.777054 -3.039392 -1.031866
v 7.030527 -11.770971 -3.153329
v 7.030527 -11.770971 -3.153329
v -0.777054 -2.507363 -1.322534
v 1.222946 -2.507363 -1.322534
v -1.777054 -2.507363 -1.322535
v -1.777054 -2.507363 -1.322535
v 1.222946 -2.468287 -1.312621
v -0.777054 -2.468287 -1.312621
v 0.222946 -2.468287 -1.312621
v 2.222946 -2.468287 -1.312621
v 2.222946 -2.468287 -1.312621
v -1.777054 -2.468287 -1.312622
v -1.777054 -2.468287 -1.312622
v -1.777054 -2.468287 -1.312622
v -3.535425 -2.558824 -1.676648
v -1.777054 -2.558824 -1.676648
v -1.777054 -2.558824 -1.676648
v -1.777054 -2.558824 -1.676648
v 2.323026 -2.351588 -1.030884
v -1.777054 -2.603057 -0.945221
v 9.006788 -11.617562 -3.237619
v 9.006788 -11.617562 -3.237619
v -2.891935 -3.546661 -0.711221
v -2.891935 -3.546661 -0.711221
v 2.323026 -2.441790 -1.265457
v -3.535425 -2.021446 -0.774056
v -1.777054 -2.021446 -0.774056
v -1.777054 -2.021446 -0.774056
v -1.777054 -2.021446 -0.774056
v -5.277125 -2.891016 -1.428874
v 7.218847 -11.563950 -3.224249
v 7.241117 -11.563950 -3.224249
v 7.241117 -11.563950 -3.224249
v -3.692324 -2.891016 -1.428874
v -3.692324 -2.891016 -1.428874
v 2.222946 -3.616735 -0.449652
v 2.222946 -3.616735 -0.449652
v -2.891935 -4.706087 -1.007774
v 2.222946 -4.706087 -1.007773
v 0.222946 -2.351073 -1.282899
v -1.777054 -2.351073 -1.282899
v -1.777054 -2.351073 -1.282899
v 9.006788 -11.733644 -3.266553
v 9.006788 -11.733644 -3.266553
v 2.222946 -3.278511 -1.712116
v 2.222946 -3.278511 -1.712116
v -1.777054 -3.278511 -1.712117
v -1.777054 -3.278511 -1.712117
v 9.006788 -11.634048 -3.295113
v 9.006788 -11.634048 -3.295113
v -3.692324 -2.144042 -1.536957
v 2.222946 -3.353702 -1.411682
v 2.222946 -3.353702 -1.411682
v 2.222946 -3.353702 -1.411682
v -1.777054 -3.353702 -1.411683
v -1.777054 -3.353702 -1.411683
v -1.777054 -3.353702 -1.411683
v -2.511084 -3.353702 -1.411683
v -2.511084 -3.353702 -1.411683
v 7.241117 -11.629333 -3.300003
v 7.241117 -11.629333 -3.300003
v -1.777054 -1.487461 -1.257876
v 2.222946 -1.487461 -1.257875
v 2.323026 -2.322041 -1.147402
v -1.822674 -11.883996 -3.036282
v -1.822674 -11.883996 -3.036282
v 0.773216 -11.883996 -3.036282
v 0.773216 -11.883996 -3.036282
v -1.777054 -2.967232 -1.313881
v -1.777054 -2.967232 -1.313881
v -1.822674 -11.467207 -3.467885
v -1.822674 -11.467207 -3.467885
v 0.773216 -11.467207 -3.467885
v 0.773216 -11.467207 -3.467885
v 0.773216 -11.592915 -2.963704
v 0.773216 -11.592915 -2.963704
v -1.822674 -11.592915 -2.963705
v -1.822674 -11.592915 -2.963705
v 3.778287 -11.773633 -3.276529
v 3.778287 -11.773633 -3.276529
v 2.323026 -2.623006 -1.138863
v -1.830593 -11.884289 -3.035855
v -1.830593 -11.884289 -3.035855
v 0.506427 -11.884289 -3.035854
v 0.506427 -11.884289 -3.035854
v -0.443724 -2.685074 -1.082970
v -1.777054 -2.685074 -1.082970
v -1.777054 -2.685074 -1.082970
v 3.778287 -11.647761 -3.154975
v 3.778287 -11.647761 -3.154975
v -1.822674 -11.758299 -3.540461
v -1.822674 -11.758299 -3.540461
v 0.773216 -11.758299 -3.540460
v 0.773216 -11.758299 -3.540460
v 2.323026 -2.412656 -1.258072
v 2.323026 -2.412656 -1.258072
v 9.006788 -11.717158 -3.209060
v 9.006788 -11.717158 -3.209060
v 2.222946 -3.466669 -0.970243
v 2.222946 -3.466669 -0.970243
v -1.777054 -3.466669 -0.970244
v -1.777054 -3.466669 -0.970244
v -2.511084 -3.466669 -0.970244
v -2.511084 -3.466669 -0.970244
v -2.891935 -3.466669 -0.970244
v -2.891935 -3.466669 -0.970244
v -1.822674 -11.966688 -3.324660
v -1.822674 -11.966688 -3.324660
v 0.773216 -11.966688 -3.324660
v 0.773216 -11.966688 -3.324660
v 7.028317 -11.745775 -3.179414
v 7.028317 -11.745775 -3.179414
v 7.218848 -11.707317 -3.362705
v 7.218848 -11.707317 -3.362705
v 7.241117 -11.707317 -3.362705
v 7.218848 -11.673104 -3.499922
v 7.218848 -11.673104 -3.499922
v 7.241117 -11.673104 -3.499922
v 7.241117 -11.673104 -3.499922
v -5.277125 -2.992202 -1.031021
v -3.692325 -2.992202 -1.031021
v -3.692325 -2.992202 -1.031021
v 7.296557 -11.545352 -3.536658
v 7.318828 -11.545352 -3.536658
v 7.318828 -11.545352 -3.536658
v -3.535425 -1.914478 -1.195819
v -1.777054 -1.914478 -1.195819
v -1.777054 -1.914478 -1.195819
v -1.777054 -1.914478 -1.195819
v -1.777054 -2.646739 -1.232769
v -1.777054 -2.646739 -1.232769
v -1.777054 -2.646739 -1.232769
v 2.323026 -2.500051 -1.280241
v 0.222946 -2.390146 -1.292802
v -0.777054 -2.390146 -1.292802
v 2.222946 -2.390146 -1.292802
v 2.222946 -2.390146 -1.292802
v 1.222946 -2.390146 -1.292802
v -1.777054 -2.137071 -1.569676
v -1.777054 -2.137071 -1.569676
v -1.777054 -2.390146 -1.292802
v -1.777054 -2.390146 -1.292802
v -1.777054 -2.390146 -1.292802
v 0.773216 -11.854705 -3.296745
v 0.773216 -11.854705 -3.296745
v 3.778287 -11.854705 -3.296745
v 3.778287 -11.854705 -3.296745
v 2.222946 -3.075132 -0.312611
v 2.222946 -3.075132 -0.312611
v -1.777054 -3.075132 -0.312612
v -3.692325 -2.035337 -0.788944
v 7.218848 -11.787255 -3.279924
v 7.241117 -11.787255 -3.279924
v 7.241117 -11.787255 -3.279924
v -5.277125 -1.934770 -1.185465
v -3.692325 -1.934770 -1.185465
v -3.692325 -1.934770 -1.185465
v 2.323026 -2.632535 -1.101644
v -0.443724 -2.659520 -1.182832
v 2.222946 -2.659520 -1.182832
v 2.222946 -2.659520 -1.182832
v 0.889616 -2.659520 -1.182832
v -1.777054 -2.659520 -1.182832
v -1.777054 -2.659520 -1.182832
v -3.692325 -2.783352 -0.680240
v -5.277125 -2.386831 -0.579671
v -3.692325 -2.386831 -0.579671
v -3.692325 -2.386831 -0.579671
v -1.777054 -2.932050 -1.454433
v -1.777054 -2.932050 -1.454433
v -1.777054 -2.932050 -1.454433
v -3.535425 -2.932050 -1.454433
v 9.006788 -11.692096 -3.309583
v 9.006788 -11.692096 -3.309583
v 7.030528 -11.808814 -3.285300
v 7.030528 -11.808814 -3.285300
v -3.692324 -2.918722 -1.318158
v 0.773216 -11.624729 -3.074653
v 0.773216 -11.624729 -3.074653
v 3.778287 -11.624729 -3.074651
v 3.778287 -11.624729 -3.074651
v 0.773216 -11.547380 -3.384870
v 0.773216 -11.547380 -3.384870
v 3.778287 -11.547380 -3.384870
v 3.778287 -11.547380 -3.384870
v 0.773216 -11.726487 -3.429521
v 0.773216 -11.726487 -3.429521
v 3.778287 -11.726487 -3.429521
v 3.778287 -11.726487 -3.429521
v 7.028316 -11.647751 -3.154977
v 7.028316 -11.647751 -3.154977
v 7.218848 -11.561455 -3.472078
v 7.218848 -11.561455 -3.472078
v 7.241117 -11.561455 -3.472078
v 7.241117 -11.561455 -3.472078
v 3.778287 -11.577574 -3.227647
v 3.778287 -11.577574 -3.227647
v 7.028317 -11.577574 -3.227646
v 7.028317 -11.577574 -3.227646
v 3.778287 -11.605422 -3.324763
v 3.778287 -11.605422 -3.324763
v 7.028317 -11.605422 -3.324762
v 7.028317 -11.605422 -3.324762
v 3.778287 -11.703454 -3.349198
v 3.778287 -11.703454 -3.349198
v 7.218847 -11.755538 -3.169312
v 7.218847 -11.755538 -3.169312
v 7.241117 -11.755538 -3.169312
v 7.030527 -11.637754 -3.120112
v 7.030527 -11.637754 -3.120112
v 7.028317 -11.773623 -3.276530
v 7.028317 -11.773623 -3.276530
v 3.778287 -11.745785 -3.179413
v 3.778287 -11.745785 -3.179413
v 7.028317 -11.703444 -3.349200
v 7.028317 -11.703444 -3.349200
v 7.218847 -11.643879 -3.141471
v 7.218847 -11.643879 -3.141471
v 7.241117 -11.643879 -3.141471
v 7.218847 -11.678092 -3.004255
v 7.218847 -11.678092 -3.004255
v 7.241117 -11.678092 -3.004255
v 7.241117 -11.678092 -3.004255
v -0.443724 -2.672292 -1.132907
v 2.222946 -2.672292 -1.132907
v 2.222946 -2.672292 -1.132907
v 0.889616 -2.672292 -1.132907
v -1.777054 -2.672292 -1.132907
v -1.777054 -2.672292 -1.132907
v -1.777054 -2.672292 -1.132907
v 7.030528 -11.580235 -3.350845
v 7.030528 -11.580235 -3.350845
v 7.218847 -11.789749 -3.032086
v 7.218847 -11.789749 -3.032086
v 7.241117 -11.789749 -3.032086
v 7.241117 -11.789749 -3.032086
v 7.218848 -11.595669 -3.334861
v 7.218848 -11.595669 -3.334861
v 7.241117 -11.595669 -3.334861
v 7.241117 -11.721873 -3.204171
v 7.241117 -11.721873 -3.204171
v 7.241117 -11.657239 -3.188065
v 7.241117 -11.657239 -3.188065
v 7.296557 -11.657010 -3.564499
v 7.318828 -11.657010 -3.564499
v 7.318828 -11.657010 -3.564499
v 7.241117 -11.610972 -3.235972
v 7.241117 -11.610972 -3.235972
v -5.277125 -2.540563 -1.637526
v -3.692324 -2.540563 -1.637526
v -3.692324 -2.540563 -1.637526
v 7.241117 -11.740233 -3.268201
v 7.241117 -11.740233 -3.268201
v 2.323026 -2.603960 -1.213317
v 9.006788 -11.659121 -3.194587
v 9.006788 -11.659121 -3.194587
v -1.777054 -1.878999 -1.915508
v -1.777054 -1.878999 -1.915508
v 2.222946 -1.878999 -1.915508
v 2.222946 -1.878999 -1.915508
v 2.222946 -2.620881 -2.103664
v 2.222946 -2.620881 -2.103664
v -1.777054 -2.620881 -2.103664
v -1.777054 -2.620881 -2.103664
v 0.773216 -11.384514 -3.179507
v 0.773216 -11.384514 -3.179507
v -1.822674 -11.384514 -3.179508
v -1.822674 -11.384514 -3.179508
v -1.642945 -1.157553 -1.035310
v -1.642945 -1.157553 -1.035310
v 2.088836 -1.157553 -1.035310
v 2.088836 -1.157553 -1.035310
v 2.222946 -4.603307 -1.422957
v 2.222946 -4.603307 -1.422957
v -1.777054 -4.603307 -1.422958
v -2.511084 -4.603307 -1.422958
v -2.511084 -4.603307 -1.422958
v 2.222946 -2.333249 -0.124455
v -1.777054 -2.333249 -0.124456
v 2.222946 -1.675617 -0.515993
v 2.222946 -1.675617 -0.515993
v -1.777054 -1.675617 -0.515993
v -1.777054 -1.675617 -0.515993
v 2.088836 -1.520427 -1.127883
v 2.088836 -1.520427 -1.127883
v -1.642945 -1.520427 -1.127884
v -1.642945 -1.520427 -1.127884
v -1.830594 -11.914975 -2.915941
v -1.830594 -11.914975 -2.915941
v 0.506427 -11.914975 -2.915941
v 0.506427 -11.914975 -2.915941
v -3.535425 -2.817067 -0.658432
v -1.777054 -2.817067 -0.658431
v -1.777054 -2.817067 -0.658431
v -1.777054 -2.817067 -0.658431
v -1.777054 -2.395306 -0.551472
v -1.777054 -2.395306 -0.551472
vn 0.9605 -0.2700 -0.0676
vn -0.0090 -0.9700 -0.2428
vn 0.9722 0.2011 -0.1198
vn 0.9743 0.2185 0.0554
vn 0.9733 0.1175 0.1973
vn 0.9694 -0.0603 0.2378
vn 0.9641 -0.2283 0.1359
vn 0.9606 -0.2694 -0.0689
vn 0.9624 -0.1389 -0.2334
vn 0.9676 0.0621 -0.2448
vn -0.0109 0.8592 -0.5115
vn -0.0113 0.9692 0.2458
vn -0.0111 0.5115 0.8592
vn -0.0111 0.5116 0.8592
vn -0.0103 -0.2458 0.9693
vn -0.0095 -0.8592 0.5116
vn -0.0090 -0.9687 -0.2479
vn -0.0093 -0.5116 -0.8592
vn -0.0093 -0.5115 -0.8592
vn -0.0100 0.2458 -0.9693
vn -1.0000 -0.0000 -0.0000
vn 0.4257 -0.8934 0.1436
vn 0.8937 -0.0000 -0.4487
vn 0.6223 0.0592 0.7806
vn 0.4461 -0.1438 0.8833
vn 0.5968 -0.6014 0.5312
vn 0.8994 0.3146 0.3034
vn -0.1212 -0.9728 0.1974
vn -0.0480 -0.9701 0.2380
vn -0.0106 -0.9774 0.2111
vn -0.0418 0.9774 0.2072
vn -0.0297 0.9782 0.2053
vn -0.0028 0.9772 0.2122
vn 0.0001 0.9956 -0.0938
vn -0.0000 0.9772 -0.2123
vn -0.0000 0.9959 0.0903
vn -0.0000 -0.9956 -0.0938
vn -0.0000 -0.9772 -0.2123
vn -0.0000 -0.9959 0.0903
vn 0.0482 -0.9274 -0.3710
vn 0.0635 -0.9266 -0.3706
vn 0.0636 -0.9273 -0.3689
vn 0.0526 -0.9272 -0.3709
vn 0.0482 0.9274 -0.3710
vn 0.0491 0.9317 -0.3598
vn 0.0658 0.9265 -0.3706
vn 0.0526 0.9272 -0.3709
vn 0.0507 -0.0000 -0.9987
vn 0.0405 -0.0000 -0.9992
vn 0.0371 -0.0000 -0.9993
vn 0.0489 -0.0000 -0.9988
vn -0.6176 0.7302 0.2921
vn -0.1682 0.9152 0.3661
vn -0.1035 0.9896 0.1004
vn 0.2061 0.9085 0.3634
vn 0.2556 0.9667 0.0115
vn -0.1682 -0.9152 -0.3661
vn -0.1035 -0.9896 -0.1004
vn -0.1301 -0.0000 -0.9915
vn -0.0410 -0.0000 -0.9992
vn 0.0501 -0.0000 0.9987
vn 0.0489 -0.0000 0.9988
vn -0.1301 -0.0000 0.9915
vn -0.0410 -0.0000 0.9992
vn -0.0534 0.9271 -0.3709
vn -0.6176 -0.7302 0.2921
vn -0.0534 -0.9271 0.3709
vn 0.3924 0.8029 0.4488
vn 0.2954 0.7151 0.6336
vn 0.1936 -0.9109 -0.3644
vn 0.2480 -0.9688 0.0030
vn 0.1501 -0.0000 -0.9887
vn 0.2240 -0.0000 -0.9746
vn 0.2090 -0.4146 0.8857
vn 0.1878 -0.0358 0.9816
vn 0.2772 0.8782 -0.3897
vn 0.3727 -0.8426 -0.3887
vn 0.3329 -0.8060 -0.4895
vn 0.3088 -0.0000 -0.9511
vn 0.3727 0.8426 -0.3887
vn 0.4108 0.7565 -0.5088
vn -0.0000 -0.0000 -1.0000
vn -0.0000 0.9285 -0.3714
vn -0.0000 0.9445 -0.3286
vn -0.0126 -0.9599 -0.2802
vn -0.0000 -0.9285 -0.3714
vn -0.0014 0.9957 -0.0921
vn -0.0000 -0.9975 0.0712
vn 0.0544 -0.0000 0.9985
vn -0.0147 -0.9771 0.2123
vn -0.0343 -0.9949 -0.0947
vn -0.1977 -0.0000 0.9803
vn -0.0329 -0.0000 0.9995
vn -0.0094 -0.0000 1.0000
vn -0.5529 -0.8142 0.1769
vn -0.5852 -0.8054 -0.0944
vn -0.0175 -0.0000 0.9998
vn -0.0609 -0.0000 0.9981
vn -0.0248 0.9966 0.0790
vn -0.0513 0.9759 0.2120
vn -0.0144 -0.0000 -0.9999
vn -0.0500 -0.0000 -0.9987
vn -0.0158 0.9283 -0.3714
vn -0.0549 -0.9271 -0.3708
vn -0.6206 -0.0000 0.7841
vn -0.5699 0.8181 0.0769
vn -0.5529 0.8142 0.1769
vn -0.5446 -0.0000 -0.8387
vn -0.5800 0.7563 -0.3025
vn -0.5800 -0.7564 -0.3025
vn -0.0000 -0.0000 1.0000
vn -0.0000 -0.9285 0.3714
vn -0.0000 0.9285 0.3714
vn 1.0000 -0.0000 -0.0000
vn -0.0000 1.0000 -0.0000
vn -0.0000 -1.0000 -0.0000
vn -0.9902 -0.0000 0.1393
vn 0.4956 0.0718 0.8656
vn 0.3776 -0.1107 0.9193
vn 0.3123 0.0046 0.9500
vn 0.2908 0.1117 0.9502
vn 0.0613 0.8797 0.4715
vn 0.0613 0.8797 0.4716
vn 0.0468 0.9178 0.3943
vn 0.0468 0.9178 0.3942
vn 0.0613 -0.8797 0.4715
vn 0.0613 -0.8797 0.4716
vn 0.0541 -0.9256 0.3746
vn 0.0541 -0.9257 0.3745
vn 0.1117 0.9721 0.2061
vn 0.1197 -0.9642 0.2366
vn 0.2788 -0.0000 0.9603
vn 0.3050 -0.0000 0.9523
vn -0.1056 0.1553 0.9822
vn -0.1056 0.1555 0.9822
vn -0.0574 -0.9983 0.0081
vn -0.2524 0.1687 -0.9528
vn -0.2524 0.1686 -0.9528
vn -0.0574 0.9983 0.0081
vn 0.9902 -0.0000 -0.1393
vn 0.1060 0.9534 0.2824
vn 0.1085 -0.9775 0.1811
vn 0.1977 -0.9520 0.2336
vn 0.1978 -0.9520 0.2336
vn 0.1824 0.9618 0.2039
vn 0.1825 0.9618 0.2039
vn 0.1131 -0.9418 0.3167
vn 0.1014 0.9827 0.1551
vn 0.9966 -0.0810 -0.0172
vn -0.1023 -0.1438 0.9843
vn -0.1023 -0.1439 0.9843
vn 0.9965 0.0811 -0.0199
vn -0.2513 -0.1804 -0.9509
vn -0.2513 -0.1805 -0.9509
vn -0.0000 0.4709 -0.8822
vn -0.0000 -0.0753 -0.9972
vn -0.0000 -0.3359 -0.9419
vn -0.0000 0.6402 -0.7682
vn -0.0000 -0.2040 -0.9790
vn -0.0000 0.9831 0.1831
vn -0.0440 0.3802 -0.9239
vn -0.0048 0.2106 -0.9776
vn -0.0669 0.3345 -0.9400
vn -0.0000 0.1881 -0.9822
vn -0.0000 0.1953 -0.9807
vn -0.0000 -0.1772 0.9842
vn -0.0000 -0.1770 0.9842
vn -0.0000 -0.1798 0.9837
vn -0.0000 -0.9717 -0.2362
vn -0.0000 -0.9757 -0.2192
vn -0.0007 -0.9742 -0.2256
vn -0.0000 -0.9788 -0.2047
vn 0.0162 0.6163 0.7873
vn 0.0197 0.9825 0.1855
vn -0.0000 0.9823 0.1875
vn -0.0000 0.9832 0.1828
vn 0.9999 0.0114 -0.0000
vn -0.0000 -0.8947 0.4466
vn 0.0411 -0.9196 0.3908
vn 0.0224 -0.7688 0.6391
vn -0.0000 -0.8264 0.5631
vn 0.0161 -0.2986 -0.9543
vn 0.0534 -0.7768 -0.6275
vn -0.0000 -0.7537 -0.6572
vn -0.0000 -0.7079 -0.7063
vn -0.0000 -0.1225 -0.9925
vn -0.0000 -0.6605 -0.7509
vn -0.0000 0.6564 -0.7544
vn 0.0140 0.8583 -0.5129
vn 0.0137 0.4324 -0.9016
vn -0.0000 0.8264 -0.5631
vn -0.0000 0.5631 0.8264
vn 0.0108 0.5300 0.8480
vn -0.9995 0.0312 -0.0000
vn -0.0000 -0.7604 -0.6495
vn -0.0000 -0.7604 -0.6494
vn -0.0000 -0.9426 0.3338
vn -0.0000 -0.1822 0.9833
vn -0.0000 0.7604 0.6494
vn -0.0000 0.1822 -0.9833
vn -0.0000 0.9426 -0.3338
vn -0.9980 -0.0069 -0.0621
vn -0.9980 0.0503 -0.0370
vn -0.9981 0.0323 -0.0524
vn -0.9981 -0.0292 -0.0542
vn -0.0000 0.7604 0.6495
vn 0.1016 0.1813 -0.9782
vn 0.1017 0.1813 -0.9782
vn -0.9980 0.0572 0.0251
vn -0.9981 0.0615 0.0018
vn -0.9980 0.0572 0.0250
vn -0.9980 0.0069 0.0621
vn -0.9981 0.0292 0.0542
vn -0.9980 -0.0503 0.0370
vn -0.9981 -0.0323 0.0524
vn -0.9980 -0.0572 -0.0251
vn -0.9981 -0.0615 -0.0018
vn -0.9980 -0.0572 -0.0250
vn -0.6505 0.1384 -0.7468
vn -0.5542 0.1517 -0.8185
vn -0.5542 0.1517 -0.8184
vn 0.1016 0.9378 -0.3321
vn 0.0965 0.9382 -0.3323
vn 0.0747 0.9564 -0.2823
vn 0.1016 0.7565 0.6461
vn 0.0870 0.7929 0.6031
vn 0.0824 0.7578 0.6472
vn 0.1016 -0.1813 0.9782
vn 0.1017 -0.1813 0.9782
vn 0.1016 -0.9378 0.3321
vn 0.0965 -0.9382 0.3323
vn 0.0747 -0.9564 0.2823
vn 0.1016 -0.7565 -0.6460
vn 0.0870 -0.7930 -0.6030
vn 0.0824 -0.7579 -0.6472
vn 0.0033 0.1821 -0.9833
vn 0.0033 0.1823 -0.9832
vn 0.0964 0.9383 -0.3322
vn -0.0000 0.9994 0.0338
vn 0.0823 0.7578 0.6472
vn 0.0869 0.7929 0.6031
vn -0.0000 0.8732 0.4873
vn -0.5541 0.1517 -0.8185
vn -0.0000 0.1823 -0.9832
vn 0.0964 -0.9383 0.3323
vn -0.0000 -0.9994 -0.0339
vn 0.0823 -0.7579 -0.6472
vn 0.0869 -0.7930 -0.6030
vn -0.0000 -0.8732 -0.4873
vn -0.0000 0.9994 0.0340
vn -0.0000 0.9833 0.1822
vn -0.0000 -0.9833 -0.1822
vn -0.0000 -0.8733 -0.4872
vn -0.0000 -0.9994 -0.0340
vn -0.0000 0.9833 0.1823
vn -0.0000 0.8733 0.4871
vn -0.0000 0.9832 0.1823
vn 0.6505 -0.1384 0.7468
vn 0.6505 -0.1385 0.7468
vn 0.6504 -0.1384 0.7469
vn -0.5541 -0.1517 0.8185
vn -0.5541 -0.1516 0.8185
vn -0.6505 -0.1384 0.7468
vn -0.5542 -0.1516 0.8185
vn -0.5542 -0.1517 0.8185
vn -0.6504 -0.1385 0.7468
vn -0.0000 -0.9832 -0.1823
vn -0.0000 -0.9833 -0.1823
vn 0.6505 0.1384 -0.7468
vn 0.6504 0.1384 -0.7469
vn -0.0000 0.9833 0.1821
vn 0.0033 0.9426 -0.3338
vn 0.0033 0.7603 0.6495
vn 0.0033 0.7604 0.6494
vn 0.0033 -0.1822 0.9833
vn 0.0033 -0.9426 0.3338
vn 0.0033 -0.7604 -0.6495
vn 0.9896 0.1412 0.0271
vn -0.0000 -0.5631 -0.8264
vn -0.0000 -0.1876 0.9822
vn -0.0000 0.9823 0.1873
vn -0.0000 0.9826 0.1857
vn -0.0000 0.9859 0.1672
vn -0.0000 0.0520 0.9986
vn 0.9809 0.1910 0.0374
vn -0.0000 0.1964 -0.9805
vn -0.0004 -0.9787 -0.2051
vn -0.0013 -0.9760 -0.2178
vn -0.9933 0.1137 0.0218
vn -0.9926 0.1195 0.0223
vn -0.9900 0.1384 0.0265
vn -0.0000 -0.9821 -0.1883
vn -0.0000 0.9821 0.1884
vn -0.0000 -0.1883 0.9821
vn 0.9745 0.2203 0.0423
vn -0.0441 0.3801 -0.9239
vn -0.0669 0.3344 -0.9401
vn -0.0676 0.1852 -0.9804
vn -0.0440 0.3804 -0.9238
vn -0.0000 0.4710 -0.8821
vn -0.0000 -0.9788 -0.2046
vn -0.0000 -0.4285 0.9035
vn -0.0000 -0.6573 0.7537
vn -0.0000 -0.9825 -0.1862
vn -0.0000 -0.0682 -0.9977
vn -0.0000 0.1862 -0.9825
vn -0.0000 0.9821 0.1883
vn -0.0000 -0.1862 0.9825
vn -0.0000 -0.9831 -0.1831
vn -0.0000 -0.9823 -0.1874
vn -0.0000 -0.9826 -0.1857
vn -0.0000 0.4285 -0.9035
vn -0.0001 0.6572 -0.7537
vn 0.0001 0.9035 0.4285
vn -0.0000 0.9825 0.1862
vn -0.0001 0.7537 0.6572
vn -0.0000 -0.4282 0.9037
vn -0.0000 -0.6570 0.7539
vn 0.4244 -0.7917 0.4395
vn 0.4153 -0.5775 0.7029
vn 0.0895 -0.9786 -0.1855
vn 0.0788 0.9791 0.1877
vn -0.0000 -0.1860 0.9825
vn 0.0842 -0.1854 0.9790
vn 0.0432 0.9812 0.1882
vn -0.0000 -0.9825 -0.1861
vn 0.0490 -0.9813 -0.1859
vn 0.4196 0.8916 0.1704
vn 0.4197 0.8914 0.1708
vn 0.0473 -0.1860 0.9814
vn 0.3647 -0.1734 0.9148
vn 0.3797 0.4656 0.7994
vn -0.0000 -0.1861 0.9825
vn -0.0000 -0.1863 0.9825
vn -0.0000 0.1883 -0.9821
vn 0.3647 -0.1733 0.9148
vn 0.5342 -0.3058 -0.7881
vn 0.5186 -0.6903 -0.5044
vn 0.4846 0.7636 -0.4266
vn 0.5282 0.3419 -0.7773
vn 0.4650 -0.8698 -0.1648
vn 0.4649 -0.8699 -0.1649
vn 0.3865 0.5775 0.7191
vn 0.4196 0.8914 0.1710
vn -0.0000 -0.8667 0.4988
vn -0.0000 -0.9195 0.3930
vn -0.0000 -0.9816 -0.1908
vn -0.0000 0.1876 -0.9823
vn 0.0001 -0.4285 0.9035
vn 0.9605 0.2736 0.0510
vn -0.0090 0.9831 0.1831
vn 0.9722 -0.1935 0.1318
vn 0.9743 -0.2215 -0.0420
vn 0.9733 -0.1293 -0.1898
vn 0.9694 0.0457 -0.2410
vn 0.9641 0.2195 -0.1496
vn 0.9606 0.2731 0.0524
vn 0.9605 0.2731 0.0524
vn 0.9624 0.1529 0.2244
vn 0.9676 -0.0470 0.2482
vn -0.0109 -0.8264 0.5630
vn -0.0113 -0.9824 -0.1862
vn -0.0111 -0.5630 -0.8264
vn -0.0103 0.1862 -0.9825
vn -0.0095 0.8264 -0.5630
vn -0.0095 0.8264 -0.5631
vn -0.0090 0.9821 0.1883
vn -0.0093 0.5630 0.8264
vn -0.0100 -0.1862 0.9825
vn -0.0440 0.4359 0.8989
vn -0.0669 0.3912 0.9179
vn -0.0048 0.2698 0.9629
vn -0.0000 0.2477 0.9688
vn -0.0000 0.2547 0.9670
vn -0.0000 -0.2370 -0.9715
vn -0.0000 -0.2395 -0.9709
vn -0.0000 -0.2368 -0.9716
vn -0.0000 -0.9555 0.2951
vn -0.0000 -0.9605 0.2784
vn -0.0007 -0.9586 0.2846
vn -0.0000 -0.9603 0.2788
vn 0.0162 0.5671 -0.8235
vn -0.0000 0.9690 -0.2471
vn 0.0197 0.9693 -0.2451
vn -0.0000 0.9702 -0.2424
vn -0.9919 -0.1270 -0.0000
vn -0.9964 -0.0848 -0.0000
vn -0.0000 -0.9203 -0.3911
vn 0.0224 -0.8063 -0.5910
vn 0.0412 -0.9417 -0.3340
vn -0.0000 -0.8592 -0.5116
vn 0.0143 -0.2725 0.9621
vn -0.0000 -0.6635 0.7481
vn 0.0533 -0.7370 0.6738
vn -0.0000 -0.5116 0.8592
vn -0.0000 -0.0071 1.0000
vn -0.0000 0.7013 0.7129
vn 0.0136 0.4867 0.8735
vn 0.0114 0.8829 0.4695
vn -0.0000 0.8592 0.5116
vn -0.0000 0.5116 -0.8592
vn 0.0108 0.4773 -0.8787
vn -0.0000 -0.7193 0.6947
vn -0.0000 -0.9613 -0.2756
vn -0.0000 -0.2419 -0.9703
vn -0.0000 0.7194 -0.6946
vn -0.0000 0.2419 0.9703
vn -0.0000 0.9613 0.2756
vn -0.0000 0.7193 -0.6947
vn -0.9980 -0.0031 0.0624
vn -0.9981 0.0355 0.0503
vn -0.9980 0.0525 0.0339
vn -0.9981 -0.0258 0.0559
vn -0.0000 0.9613 0.2757
vn 0.1016 0.2407 0.9653
vn -0.9981 0.0613 -0.0056
vn -0.9980 0.0556 -0.0285
vn -0.9981 0.0258 -0.0559
vn -0.9980 0.0031 -0.0624
vn -0.9981 -0.0355 -0.0503
vn -0.9980 -0.0525 -0.0339
vn -0.9981 -0.0613 0.0056
vn -0.9980 -0.0556 0.0285
vn -0.6505 0.1837 0.7370
vn -0.5541 0.2014 0.8077
vn -0.5541 0.2015 0.8077
vn 0.1016 0.9563 0.2742
vn 0.0965 0.9568 0.2744
vn 0.0747 0.9719 0.2234
vn 0.1017 0.7156 -0.6910
vn 0.0869 0.7547 -0.6503
vn 0.1017 0.7156 -0.6911
vn 0.0824 0.7169 -0.6923
vn 0.1017 -0.2407 -0.9653
vn 0.1016 -0.9563 -0.2742
vn 0.0965 -0.9568 -0.2744
vn 0.0747 -0.9719 -0.2234
vn 0.1016 -0.7157 0.6910
vn 0.0869 -0.7547 0.6503
vn 0.1017 -0.7157 0.6910
vn 0.0824 -0.7169 0.6923
vn 0.0033 0.2418 0.9703
vn 0.0033 0.2420 0.9703
vn -0.0000 0.9955 -0.0949
vn -0.0000 0.8419 -0.5397
vn -0.0000 0.2420 0.9703
vn -0.0000 -0.9955 0.0949
vn -0.0000 -0.8419 0.5396
vn -0.0000 -0.7194 0.6946
vn -0.0000 0.9703 -0.2419
vn -0.0000 -0.9703 0.2419
vn -0.0000 0.9703 -0.2418
vn 0.6505 -0.1837 -0.7370
vn 0.6505 -0.1838 -0.7369
vn 0.6504 -0.1837 -0.7370
vn -0.0000 -0.9703 0.2420
vn -0.5541 -0.2013 -0.8077
vn -0.5541 -0.2014 -0.8077
vn -0.6505 -0.1838 -0.7369
vn -0.6505 -0.1838 -0.7370
vn 0.6505 0.1838 0.7370
vn 0.6505 0.1838 0.7369
vn 0.0033 0.9613 0.2757
vn 0.0033 0.9613 0.2756
vn 0.0033 0.7193 -0.6947
vn 0.0033 0.7194 -0.6946
vn 0.0033 -0.2419 -0.9703
vn 0.0033 -0.9613 -0.2756
vn 0.0033 -0.7193 0.6947
vn 0.9896 0.1394 -0.0349
vn -0.0000 0.9701 -0.2428
vn -0.0000 0.9694 -0.2454
vn -0.0000 0.9691 -0.2468
vn -0.0000 0.9739 -0.2271
vn -0.0000 -0.0090 -1.0000
vn 0.9809 0.1883 -0.0489
vn -0.0000 0.2559 0.9667
vn -0.0009 -0.9591 0.2830
vn -0.0013 -0.9609 0.2770
vn -0.9933 0.1120 -0.0290
vn -0.9900 0.1365 -0.0349
vn -0.9926 0.1179 -0.0296
vn -0.0000 -0.9688 0.2479
vn -0.0000 0.9688 -0.2479
vn -0.0000 -0.2479 -0.9688
vn 0.9745 0.2173 -0.0556
vn -0.0330 0.4673 0.8835
vn -0.0000 0.6458 0.7635
vn -0.0000 -0.7020 -0.7122
vn -0.0001 -0.4829 -0.8757
vn -0.0000 -0.9693 0.2458
vn -0.0000 -0.2778 0.9606
vn -0.0000 0.2458 0.9693
vn -0.0000 -0.2459 -0.9693
vn -0.0000 -0.9701 0.2428
vn -0.0000 -0.9694 0.2453
vn -0.0000 -0.9690 0.2471
vn -0.0000 0.7020 0.7122
vn -0.0000 0.4829 0.8757
vn -0.0000 0.8757 -0.4829
vn -0.0000 0.9693 -0.2458
vn -0.0000 0.7122 -0.7020
vn -0.0000 -0.4825 -0.8759
vn -0.0000 -0.2458 -0.9693
vn -0.0000 -0.7018 -0.7124
vn 0.4244 -0.8170 -0.3904
vn 0.4153 -0.6193 -0.6663
vn -0.0000 -0.9693 0.2459
vn 0.0895 -0.9654 0.2449
vn -0.0000 0.9688 -0.2480
vn 0.0788 0.9658 -0.2471
vn -0.0000 -0.2457 -0.9693
vn 0.0842 -0.2449 -0.9659
vn 0.0433 0.9679 -0.2477
vn 0.0490 -0.9682 0.2455
vn 0.4196 0.8795 -0.2246
vn 0.4197 0.8794 -0.2249
vn 0.3647 -0.2290 -0.9025
vn 0.0473 -0.2456 -0.9682
vn 0.3796 0.4160 -0.8264
vn -0.0000 -0.2457 -0.9694
vn -0.0000 -0.9693 0.2460
vn -0.0000 0.2479 0.9688
vn 0.3647 -0.2289 -0.9026
vn 0.5342 -0.2571 0.8053
vn 0.5186 -0.6583 0.5456
vn 0.4846 0.7882 0.3793
vn 0.5283 0.3886 0.7549
vn 0.4650 -0.8582 0.2176
vn 0.4649 -0.8582 0.2177
vn 0.3647 -0.2289 -0.9025
vn 0.3865 0.5325 -0.7530
vn 0.4196 0.8793 -0.2251
vn -0.0000 0.2472 0.9690
vn -0.0000 -0.2472 -0.9690
vn 0.9605 0.2700 -0.0676
vn -0.0090 0.9700 -0.2428
vn 0.9722 -0.2011 -0.1198
vn 0.9743 -0.2185 0.0554
vn 0.9733 -0.1175 0.1973
vn 0.9694 0.0603 0.2378
vn 0.9641 0.2283 0.1359
vn 0.9606 0.2694 -0.0689
vn 0.9624 0.1389 -0.2334
vn 0.9676 -0.0621 -0.2448
vn -0.0109 -0.8592 -0.5115
vn -0.0113 -0.9692 0.2458
vn -0.0111 -0.5115 0.8592
vn -0.0111 -0.5116 0.8592
vn -0.0103 0.2458 0.9693
vn -0.0095 0.8592 0.5116
vn -0.0090 0.9687 -0.2479
vn -0.0093 0.5115 -0.8592
vn -0.0100 -0.2458 -0.9693
vn -0.0000 -0.9681 0.2504
vn -0.0000 -0.4704 -0.8825
vn -0.0000 0.3359 -0.9419
vn -0.0000 0.0740 -0.9973
vn -0.0000 -0.6409 -0.7676
vn -0.0000 0.2040 -0.9790
vn -0.0000 -0.9831 0.1831
vn -0.0440 -0.3802 -0.9239
vn -0.0669 -0.3345 -0.9400
vn -0.0048 -0.2106 -0.9776
vn -0.0000 -0.1881 -0.9822
vn -0.0000 -0.1953 -0.9808
vn -0.0000 0.1771 0.9842
vn -0.0000 0.1798 0.9837
vn -0.0000 0.1770 0.9842
vn -0.0000 0.9717 -0.2362
vn -0.0000 0.9757 -0.2192
vn -0.0007 0.9742 -0.2256
vn -0.0000 0.9788 -0.2047
vn 0.0162 -0.6163 0.7873
vn -0.0000 -0.9823 0.1875
vn 0.0197 -0.9824 0.1855
vn -0.0000 -0.9832 0.1828
vn 0.9999 -0.0109 -0.0000
vn -0.0000 0.8947 0.4466
vn 0.0224 0.7688 0.6391
vn 0.0411 0.9196 0.3908
vn -0.0000 0.8264 0.5631
vn 0.0161 0.2986 -0.9543
vn -0.0000 0.7537 -0.6572
vn 0.0534 0.7768 -0.6275
vn 0.0001 0.7079 -0.7063
vn -0.0000 0.6605 -0.7509
vn -0.0000 0.1225 -0.9925
vn -0.0001 -0.6564 -0.7544
vn 0.0137 -0.4324 -0.9016
vn 0.0140 -0.8583 -0.5129
vn -0.0000 -0.8264 -0.5631
vn -0.0000 -0.5631 0.8264
vn 0.0108 -0.5300 0.8480
vn -0.9998 -0.0208 -0.0000
vn -0.0000 0.7604 -0.6495
vn -0.0000 0.7604 -0.6494
vn -0.0000 0.9426 0.3338
vn -0.0000 0.1822 0.9833
vn -0.0000 -0.7604 0.6494
vn -0.0000 -0.1822 -0.9833
vn -0.0000 -0.9426 -0.3338
vn -0.0000 -0.7604 0.6495
vn -0.9980 0.0069 -0.0621
vn -0.9981 -0.0323 -0.0524
vn -0.9980 -0.0503 -0.0370
vn -0.9981 0.0292 -0.0542
vn 0.1016 -0.1813 -0.9782
vn 0.1017 -0.1813 -0.9782
vn -0.9981 -0.0615 0.0018
vn -0.9980 -0.0572 0.0250
vn -0.9981 -0.0292 0.0542
vn -0.9980 -0.0069 0.0621
vn -0.9981 0.0323 0.0524
vn -0.9980 0.0503 0.0370
vn -0.9981 0.0615 -0.0018
vn -0.9980 0.0572 -0.0250
vn -0.6505 -0.1384 -0.7468
vn -0.5541 -0.1517 -0.8185
vn -0.5541 -0.1518 -0.8185
vn 0.1016 -0.9378 -0.3321
vn 0.0965 -0.9382 -0.3323
vn 0.0747 -0.9564 -0.2823
vn 0.1016 -0.7565 0.6461
vn 0.0869 -0.7930 0.6030
vn 0.0824 -0.7578 0.6472
vn 0.1017 0.1813 0.9782
vn 0.1016 0.9378 0.3321
vn 0.0965 0.9382 0.3323
vn 0.0747 0.9564 0.2823
vn 0.1017 0.7565 -0.6460
vn 0.0869 0.7930 -0.6030
vn 0.0824 0.7579 -0.6472
vn 0.0033 -0.1821 -0.9833
vn 0.0033 -0.1823 -0.9832
vn -0.0000 -0.9994 0.0339
vn -0.0000 -0.8733 0.4873
vn -0.0000 -0.1823 -0.9832
vn -0.0000 0.9994 -0.0339
vn -0.0000 0.8733 -0.4872
vn -0.0000 0.7605 -0.6494
vn -0.0000 -0.9833 0.1822
vn -0.0000 0.9833 -0.1822
vn -0.0000 0.9833 -0.1823
vn -0.0000 -0.9832 0.1823
vn 0.6505 0.1384 0.7468
vn 0.6505 0.1385 0.7468
vn 0.6504 0.1384 0.7469
vn -0.0000 0.9833 -0.1819
vn -0.5541 0.1519 0.8185
vn -0.5541 0.1516 0.8185
vn -0.6505 0.1384 0.7468
vn -0.6504 0.1385 0.7468
vn -0.0000 0.9832 -0.1823
vn 0.6505 -0.1384 -0.7468
vn 0.6504 -0.1384 -0.7469
vn 0.0033 -0.9426 -0.3338
vn 0.0033 -0.7603 0.6495
vn 0.0033 -0.7604 0.6494
vn 0.0033 0.1822 0.9833
vn 0.0033 0.9426 0.3338
vn 0.0033 0.7604 -0.6495
vn 0.9896 -0.1413 0.0263
vn -0.0000 -0.6410 -0.7675
vn -0.0000 -0.4704 -0.8824
vn -0.0000 0.5631 -0.8264
vn -0.0000 0.1876 0.9822
vn -0.0000 -0.9826 0.1857
vn -0.0000 -0.9823 0.1873
vn -0.0000 -0.9859 0.1672
vn -0.0000 -0.0520 0.9986
vn 0.9809 -0.1910 0.0374
vn -0.0000 -0.1964 -0.9805
vn -0.0004 0.9787 -0.2052
vn -0.0013 0.9760 -0.2178
vn -0.9933 -0.1136 0.0222
vn -0.9900 -0.1384 0.0265
vn -0.9926 -0.1195 0.0223
vn -0.0000 0.9821 -0.1883
vn -0.0000 -0.9821 0.1884
vn -0.0000 0.1883 0.9821
vn 0.9745 -0.2203 0.0423
vn -0.0676 -0.1852 -0.9804
vn -0.0440 -0.3804 -0.9238
vn -0.0000 -0.6410 -0.7676
vn 0.0001 0.6573 0.7537
vn -0.0000 0.4285 0.9035
vn -0.0000 0.9825 -0.1862
vn -0.0000 0.0682 -0.9977
vn -0.0000 -0.1862 -0.9825
vn -0.0000 -0.9821 0.1883
vn -0.0000 0.1862 0.9825
vn -0.0000 0.9831 -0.1831
vn -0.0000 0.9826 -0.1857
vn -0.0000 0.9823 -0.1874
vn -0.0000 -0.6572 -0.7537
vn -0.0000 -0.4285 -0.9035
vn -0.0000 -0.9035 0.4285
vn -0.0000 -0.9825 0.1862
vn -0.0000 -0.7537 0.6572
vn -0.0000 0.4282 0.9037
vn -0.0000 0.6570 0.7539
vn 0.4244 0.7917 0.4395
vn 0.4153 0.5775 0.7029
vn 0.0895 0.9786 -0.1855
vn 0.0788 -0.9791 0.1877
vn -0.0000 0.1860 0.9825
vn 0.0842 0.1855 0.9790
vn 0.0432 -0.9812 0.1881
vn 0.0490 0.9813 -0.1859
vn 0.4196 -0.8916 0.1704
vn 0.4197 -0.8915 0.1708
vn 0.3647 0.1734 0.9148
vn 0.0473 0.1860 0.9814
vn 0.3797 -0.4656 0.7994
vn -0.0000 0.1861 0.9825
vn -0.0000 0.1863 0.9825
vn -0.0000 -0.1883 -0.9821
vn 0.3647 0.1733 0.9148
vn 0.5342 0.3058 -0.7881
vn 0.5186 0.6904 -0.5044
vn 0.4846 -0.7636 -0.4266
vn 0.5282 -0.3419 -0.7773
vn 0.4650 0.8699 -0.1648
vn 0.4649 0.8699 -0.1649
vn 0.3866 -0.5776 0.7190
vn 0.4196 -0.8914 0.1710
vn -0.0000 0.8667 0.4988
vn -0.0000 0.9193 0.3937
vn -0.0000 0.9816 -0.1908
vn -0.0000 -0.1876 -0.9823
vn -0.0000 0.6572 0.7537
vn 0.9605 -0.2736 0.0510
vn -0.0090 -0.9831 0.1831
vn 0.9722 0.1935 0.1318
vn 0.9743 0.2215 -0.0420
vn 0.9733 0.1293 -0.1898
vn 0.9694 -0.0457 -0.2410
vn 0.9641 -0.2195 -0.1496
vn 0.9606 -0.2731 0.0524
vn 0.9605 -0.2731 0.0524
vn 0.9624 -0.1529 0.2244
vn 0.9676 0.0470 0.2482
vn -0.0109 0.8264 0.5630
vn -0.0113 0.9824 -0.1862
vn -0.0111 0.5630 -0.8264
vn -0.0103 -0.1862 -0.9825
vn -0.0095 -0.8264 -0.5630
vn -0.0095 -0.8264 -0.5631
vn -0.0090 -0.9821 0.1883
vn -0.0093 -0.5630 0.8264
vn -0.0100 0.1862 0.9825
vn -0.0440 -0.4359 0.8989
vn -0.0048 -0.2698 0.9629
vn -0.0669 -0.3912 0.9179
vn -0.0000 -0.2477 0.9688
vn -0.0000 -0.2547 0.9670
vn -0.0000 0.2370 -0.9715
vn -0.0000 0.2368 -0.9716
vn -0.0000 0.2395 -0.9709
vn -0.0000 0.9555 0.2951
vn -0.0000 0.9605 0.2784
vn -0.0007 0.9586 0.2846
vn -0.0000 0.9645 0.2641
vn 0.0162 -0.5671 -0.8235
vn 0.0197 -0.9693 -0.2451
vn -0.0000 -0.9690 -0.2471
vn -0.0000 -0.9702 -0.2424
vn -0.9933 0.1152 -0.0000
vn -0.9970 0.0769 -0.0000
vn -0.0000 0.9203 -0.3911
vn 0.0411 0.9417 -0.3339
vn 0.0224 0.8063 -0.5910
vn -0.0000 0.8592 -0.5116
vn 0.0143 0.2725 0.9620
vn 0.0533 0.7370 0.6738
vn -0.0000 0.6635 0.7481
vn -0.0000 0.5116 0.8592
vn -0.0000 0.0071 1.0000
vn -0.0000 -0.7013 0.7129
vn 0.0114 -0.8829 0.4695
vn 0.0136 -0.4867 0.8735
vn -0.0000 -0.8592 0.5116
vn -0.0000 -0.5116 -0.8592
vn 0.0108 -0.4773 -0.8787
vn -0.0000 0.7193 0.6947
vn -0.0000 0.9613 -0.2756
vn -0.0000 0.2419 -0.9703
vn -0.0000 -0.7194 -0.6946
vn -0.0000 -0.2419 0.9703
vn -0.0000 -0.9613 0.2756
vn -0.0000 -0.7193 -0.6947
vn -0.9980 0.0031 0.0624
vn -0.9980 -0.0525 0.0339
vn -0.9981 -0.0355 0.0503
vn -0.9981 0.0258 0.0559
vn -0.0000 -0.9613 0.2757
vn -0.0000 0.9613 -0.2757
vn 0.1016 -0.2407 0.9653
vn 0.1017 -0.2407 0.9653
vn -0.9980 -0.0556 -0.0285
vn -0.9981 -0.0613 -0.0056
vn -0.9980 -0.0031 -0.0624
vn -0.9981 -0.0258 -0.0559
vn -0.9980 0.0525 -0.0339
vn -0.9981 0.0355 -0.0503
vn -0.9980 0.0556 0.0285
vn -0.9981 0.0613 0.0056
vn -0.6505 -0.1837 0.7370
vn -0.5541 -0.2014 0.8077
vn -0.6505 -0.1837 0.7369
vn 0.1016 -0.9563 0.2742
vn 0.0965 -0.9568 0.2744
vn 0.0747 -0.9719 0.2234
vn 0.1017 -0.7156 -0.6910
vn 0.0869 -0.7547 -0.6503
vn 0.0824 -0.7169 -0.6923
vn 0.1017 0.2407 -0.9653
vn 0.1016 0.9563 -0.2742
vn 0.0965 0.9568 -0.2744
vn 0.0747 0.9719 -0.2234
vn 0.1016 0.7157 0.6910
vn 0.0869 0.7547 0.6503
vn 0.0824 0.7169 0.6923
vn 0.0033 -0.2418 0.9703
vn 0.0033 -0.2420 0.9703
vn -0.0000 -0.9955 -0.0949
vn -0.0000 -0.8419 -0.5397
vn -0.0000 -0.7193 -0.6946
vn -0.0000 -0.2420 0.9703
vn -0.0000 0.9955 0.0949
vn -0.0000 0.8419 0.5396
vn -0.0000 0.7194 0.6946
vn -0.0000 -0.9703 -0.2419
vn -0.0000 0.9703 0.2419
vn 0.6505 0.1837 -0.7370
vn 0.6505 0.1838 -0.7369
vn 0.6504 0.1837 -0.7370
vn -0.0000 0.9703 0.2420
vn -0.5541 0.2014 -0.8077
vn -0.5541 0.2013 -0.8077
vn -0.0000 0.2420 -0.9703
vn -0.6505 0.1838 -0.7369
vn -0.6505 0.1838 -0.7370
vn 0.6505 -0.1838 0.7370
vn 0.6505 -0.1838 0.7369
vn 0.0033 -0.9613 0.2756
vn 0.0033 -0.7193 -0.6947
vn 0.0033 -0.7194 -0.6946
vn 0.0033 0.2419 -0.9703
vn 0.0033 0.9613 -0.2756
vn 0.0033 0.7193 0.6947
vn -0.0000 0.2458 -0.9693
vn 0.9896 -0.1392 -0.0356
vn -0.0000 -0.6899 0.7239
vn 0.0002 -0.5211 0.8535
vn -0.0000 -0.5211 0.8535
vn -0.0000 -0.6898 0.7240
vn 0.0001 0.2778 0.9606
vn 0.0001 0.8953 -0.4454
vn -0.0000 0.9455 -0.3255
vn -0.0000 0.2472 -0.9690
vn -0.0000 -0.9701 -0.2428
vn -0.0000 -0.9691 -0.2468
vn -0.0000 -0.9694 -0.2454
vn -0.0000 -0.9739 -0.2271
vn -0.0000 0.0090 -1.0000
vn 0.9809 -0.1883 -0.0489
vn -0.0000 -0.2559 0.9667
vn -0.0004 0.9644 0.2646
vn -0.0013 0.9609 0.2770
vn -0.9933 -0.1121 -0.0287
vn -0.9926 -0.1179 -0.0296
vn -0.9900 -0.1365 -0.0349
vn -0.0000 0.9688 0.2479
vn -0.0000 -0.9688 -0.2479
vn -0.0000 0.2479 -0.9688
vn 0.9745 -0.2173 -0.0556
vn -0.0676 -0.2447 0.9672
vn -0.0440 -0.4360 0.8989
vn -0.0000 0.4829 -0.8757
vn -0.0000 0.7020 -0.7122
vn -0.0000 0.9693 0.2458
vn -0.0000 0.2778 0.9606
vn -0.0000 -0.2458 0.9693
vn -0.0000 0.2459 -0.9693
vn -0.0000 0.9701 0.2428
vn -0.0000 0.9690 0.2471
vn -0.0000 0.9694 0.2453
vn 0.0002 -0.4829 0.8757
vn -0.0001 -0.7020 0.7122
vn -0.0000 -0.8757 -0.4829
vn -0.0000 -0.9693 -0.2458
vn -0.0001 -0.7122 -0.7020
vn 0.0001 0.4825 -0.8759
vn -0.0000 0.7018 -0.7124
vn 0.4244 0.8170 -0.3903
vn 0.4153 0.6193 -0.6663
vn -0.0000 0.9693 0.2459
vn 0.0895 0.9654 0.2449
vn -0.0000 -0.9688 -0.2480
vn 0.0788 -0.9658 -0.2471
vn -0.0000 0.2457 -0.9693
vn 0.0842 0.2449 -0.9659
vn 0.0432 -0.9679 -0.2477
vn 0.0490 0.9682 0.2455
vn 0.4196 -0.8795 -0.2246
vn 0.4197 -0.8794 -0.2249
vn 0.0473 0.2456 -0.9682
vn 0.3647 0.2290 -0.9025
vn 0.3796 -0.4160 -0.8264
vn -0.0000 0.2457 -0.9694
vn -0.0000 0.9693 0.2461
vn -0.0000 0.9693 0.2460
vn -0.0000 -0.2479 0.9688
vn 0.3647 0.2289 -0.9026
vn 0.5342 0.2571 0.8053
vn 0.5186 0.6583 0.5456
vn 0.4846 -0.7882 0.3793
vn 0.5283 -0.3886 0.7549
vn 0.4650 0.8582 0.2176
vn 0.4649 0.8582 0.2177
vn 0.3647 0.2289 -0.9025
vn 0.3865 -0.5326 -0.7530
vn 0.4196 -0.8793 -0.2251
vn -0.0000 0.9681 0.2504
vn -0.0000 -0.2472 0.9690
vt 0.503177 0.257558
vt 0.503177 0.253272
vt 0.507022 0.253822
vt 0.507022 0.259303
vt 0.334255 0.931861
vt 0.339571 0.931934
vt 0.339571 0.982281
vt 0.334392 0.982210
vt 0.882268 0.534715
vt 0.882268 0.547585
vt 0.877640 0.548995
vt 0.877640 0.532533
vt 0.871013 0.238957
vt 0.871013 0.251828
vt 0.866198 0.253558
vt 0.866198 0.237096
vt 0.877640 0.534036
vt 0.877640 0.546906
vt 0.872919 0.548995
vt 0.872919 0.532533
vt 0.894557 0.238017
vt 0.894557 0.250888
vt 0.890156 0.253163
vt 0.890156 0.236702
vt 0.898727 0.395794
vt 0.898728 0.382938
vt 0.902769 0.380756
vt 0.902769 0.397199
vt 0.846055 0.600500
vt 0.846055 0.591889
vt 0.849903 0.590016
vt 0.849903 0.601030
vt 0.898823 0.251047
vt 0.898823 0.238198
vt 0.902771 0.236702
vt 0.902771 0.253136
vt 0.890576 0.593172
vt 0.890576 0.580302
vt 0.894845 0.578986
vt 0.894845 0.595448
vt 0.917477 0.550122
vt 0.931630 0.549772
vt 0.931265 0.600125
vt 0.917477 0.600465
vt 0.273686 0.875621
vt 0.289639 0.875764
vt 0.289639 0.926107
vt 0.274099 0.925968
vt 0.016027 0.873421
vt 0.029793 0.873075
vt 0.029437 0.923444
vt 0.016027 0.923781
vt 0.900831 0.871114
vt 0.916948 0.871176
vt 0.916948 0.921536
vt 0.901247 0.921475
vt 0.199125 0.885942
vt 0.213261 0.885568
vt 0.212896 0.935921
vt 0.199125 0.936286
vt 0.432948 0.927601
vt 0.443615 0.927693
vt 0.443615 0.978036
vt 0.433223 0.977947
vt 0.769361 0.888433
vt 0.783038 0.888226
vt 0.782684 0.938616
vt 0.769361 0.938818
vt 0.580521 0.868683
vt 0.596662 0.868735
vt 0.596662 0.919119
vt 0.580938 0.919069
vt 0.754631 0.852401
vt 0.766732 0.852401
vt 0.768700 0.857152
vt 0.752664 0.857152
vt 0.746100 0.843870
vt 0.741343 0.845832
vt 0.746092 0.831727
vt 0.746111 0.840494
vt 0.741360 0.840492
vt 0.741337 0.829763
vt 0.754631 0.823187
vt 0.752664 0.818437
vt 0.766732 0.823187
vt 0.768700 0.818437
vt 0.775289 0.831744
vt 0.780040 0.829776
vt 0.775289 0.843845
vt 0.780040 0.845813
vt 0.779408 0.261245
vt 0.779408 0.248854
vt 0.784166 0.253448
vt 0.688167 0.848291
vt 0.692685 0.852720
vt 0.688167 0.863558
vt 0.776380 0.268940
vt 0.764649 0.268940
vt 0.762060 0.261838
vt 0.311699 0.574523
vt 0.317565 0.560430
vt 0.323437 0.574523
vt 0.050322 0.438560
vt 0.087880 0.438182
vt 0.084043 0.457195
vt 0.087880 0.438171
vt 0.125421 0.438488
vt 0.091717 0.457187
vt 0.981364 0.611691
vt 0.977022 0.651798
vt 0.976696 0.611689
vt 0.981691 0.651800
vt 0.980134 0.651800
vt 0.593335 0.750788
vt 0.547658 0.745142
vt 0.597886 0.745142
vt 0.565918 0.750788
vt 0.552209 0.750788
vt 0.616644 0.745142
vt 0.615916 0.805201
vt 0.607932 0.785242
vt 0.666482 0.785242
vt 0.658498 0.805201
vt 0.644061 0.745142
vt 0.657770 0.745142
vt 0.288900 0.817355
vt 0.288561 0.857447
vt 0.287005 0.857448
vt 0.283893 0.857450
vt 0.284232 0.817357
vt -0.000000 0.339350
vt 0.015676 0.051577
vt 0.029590 0.051807
vt 0.029570 0.339839
vt 0.146167 0.339809
vt 0.146189 0.051793
vt 0.160114 0.051573
vt 0.175760 0.339341
vt 0.521178 0.310428
vt 0.537612 0.598050
vt 0.478526 0.598114
vt 0.493375 0.310458
vt 0.132275 0.051572
vt 0.130805 0.049200
vt 0.146187 0.049445
vt 0.130805 0.032521
vt 0.146187 0.032765
vt 0.014206 0.049208
vt 0.029588 0.049463
vt 0.491982 0.308059
vt 0.522720 0.308026
vt 0.784704 0.313664
vt 0.756891 0.313664
vt 0.755490 0.311283
vt 0.786238 0.311283
vt 0.161582 0.049201
vt 0.043515 0.051578
vt 0.044983 0.049210
vt 0.140332 0.006810
vt 0.146200 0.000000
vt 0.014206 0.032530
vt 0.029588 0.032784
vt 0.491982 0.291370
vt 0.522720 0.291337
vt 0.755514 0.294600
vt 0.786263 0.294600
vt 0.161582 0.032522
vt 0.044983 0.032531
vt 0.023732 0.002848
vt 0.029601 -0.000000
vt 0.501005 0.261851
vt 0.512732 0.261838
vt 0.152074 0.002853
vt 0.537612 0.696940
vt 0.478526 0.697003
vt 0.175760 0.438175
vt 0.146167 0.438643
vt 0.029570 0.438667
vt 0.000000 0.438178
vt 0.146167 0.457658
vt 0.537612 0.715966
vt 0.478526 0.716029
vt 0.175760 0.457190
vt 0.029570 0.457681
vt 0.000000 0.457192
vt 0.794699 0.601400
vt 0.747413 0.601400
vt 0.084043 0.651968
vt 0.029570 0.652453
vt 0.230575 0.575110
vt 0.289681 0.574978
vt 0.289530 0.593869
vt 0.230424 0.594001
vt 0.077075 0.660584
vt 0.030828 0.660996
vt 0.289681 0.788697
vt 0.230575 0.788829
vt 0.146167 0.652443
vt 0.091717 0.651972
vt 0.537612 0.910860
vt 0.478526 0.910924
vt 0.175760 0.651975
vt 0.000000 0.651965
vt 0.284924 0.797276
vt 0.234743 0.797388
vt 0.144921 0.660996
vt 0.098693 0.660596
vt 0.532862 0.919550
vt 0.482698 0.919604
vt 0.170045 0.660599
vt 0.005723 0.660581
vt 0.543497 0.790888
vt 0.551481 0.810848
vt 0.547658 0.816494
vt 0.537612 0.791380
vt 0.594064 0.810848
vt 0.602047 0.790888
vt 0.607932 0.791380
vt 0.597886 0.816494
vt 0.223884 0.870163
vt 0.223884 0.883854
vt 0.222327 0.883852
vt 0.222327 0.870161
vt 0.974065 0.831548
vt 0.974065 0.874091
vt 0.969395 0.874084
vt 0.969395 0.831541
vt 0.283893 0.797391
vt 0.288561 0.797388
vt 0.981691 0.591740
vt 0.977022 0.591738
vt 0.773957 0.873616
vt 0.773957 0.887307
vt 0.772399 0.887305
vt 0.772399 0.873614
vt 0.777071 0.873619
vt 0.777071 0.887310
vt 0.775514 0.887309
vt 0.775514 0.873617
vt 0.226998 0.870166
vt 0.226998 0.883857
vt 0.225441 0.883856
vt 0.225441 0.870165
vt 0.882182 0.728105
vt 0.882182 0.741796
vt 0.880624 0.741794
vt 0.880624 0.728103
vt 0.885296 0.728108
vt 0.885296 0.741799
vt 0.883739 0.741797
vt 0.883739 0.728107
vt 0.008097 0.834328
vt 0.021805 0.834328
vt 0.021805 0.873075
vt 0.008097 0.873075
vt 0.063640 0.834201
vt 0.077349 0.834201
vt 0.077349 0.872948
vt 0.063640 0.872948
vt 0.448679 0.877114
vt 0.450235 0.877114
vt 0.450235 0.915861
vt 0.448679 0.915861
vt 0.577555 0.261361
vt 0.577555 0.253272
vt 0.579112 0.253274
vt 0.579112 0.261363
vt 0.000000 0.873075
vt 0.000000 0.834328
vt 0.882182 0.749882
vt 0.880624 0.749880
vt 0.443615 0.927601
vt 0.451711 0.927601
vt 0.451711 0.966348
vt 0.443615 0.966348
vt 0.941429 0.711820
vt 0.942985 0.711820
vt 0.942985 0.750567
vt 0.941429 0.750567
vt 0.580668 0.261361
vt 0.580668 0.253272
vt 0.582225 0.253274
vt 0.582225 0.261363
vt 0.969222 0.868353
vt 0.961125 0.868353
vt 0.961125 0.829606
vt 0.969222 0.829606
vt 0.885296 0.749885
vt 0.883739 0.749884
vt 0.085445 0.834201
vt 0.085445 0.872948
vt 0.300379 0.928549
vt 0.301935 0.928549
vt 0.301935 0.967296
vt 0.300379 0.967297
vt 0.583782 0.261361
vt 0.583782 0.253272
vt 0.585338 0.253274
vt 0.585338 0.261363
vt 0.763489 0.977634
vt 0.755393 0.977634
vt 0.755393 0.938887
vt 0.763489 0.938887
vt 0.933332 0.711820
vt 0.941429 0.711820
vt 0.941429 0.750567
vt 0.933332 0.750567
vt 0.303490 0.967297
vt 0.301935 0.967297
vt 0.301935 0.928550
vt 0.303490 0.928549
vt 0.586894 0.253274
vt 0.586894 0.261363
vt 0.585338 0.261361
vt 0.585338 0.253272
vt 0.964885 0.115577
vt 0.956788 0.115577
vt 0.956788 0.076830
vt 0.964885 0.076830
vt 0.882182 0.720019
vt 0.883739 0.720020
vt 0.222327 0.831414
vt 0.230424 0.831414
vt 0.230424 0.870161
vt 0.466926 0.966335
vt 0.465370 0.966335
vt 0.465370 0.927588
vt 0.466926 0.927588
vt 0.583782 0.253274
vt 0.583782 0.261363
vt 0.582225 0.261361
vt 0.582225 0.253272
vt 0.055544 0.872948
vt 0.055544 0.834201
vt 0.885296 0.720022
vt 0.933001 0.939950
vt 0.941098 0.939950
vt 0.941098 0.978697
vt 0.933001 0.978697
vt 0.451792 0.915861
vt 0.450236 0.915861
vt 0.450236 0.877114
vt 0.451792 0.877114
vt 0.580669 0.253274
vt 0.580669 0.261363
vt 0.579112 0.261361
vt 0.579112 0.253272
vt 0.322790 0.559066
vt 0.314694 0.559066
vt 0.314694 0.520319
vt 0.322790 0.520319
vt 0.880624 0.720017
vt 0.029902 0.834328
vt 0.029902 0.873075
vt 0.476027 0.835313
vt 0.476027 0.869207
vt 0.471832 0.869207
vt 0.471832 0.835313
vt 0.761352 0.291200
vt 0.780228 0.291200
vt 0.775319 0.276280
vt 0.765895 0.276280
vt 0.794699 0.549773
vt 0.803511 0.261949
vt 0.817427 0.261838
vt 0.824270 0.549773
vt 0.784313 0.741476
vt 0.813877 0.742180
vt 0.813877 0.841015
vt 0.793131 0.840860
vt 0.306138 0.264054
vt 0.314694 0.551883
vt 0.285087 0.551883
vt 0.292212 0.263939
vt 0.289681 0.727030
vt 0.319279 0.726300
vt 0.310433 0.825751
vt 0.289681 0.825858
vt 0.257726 0.797388
vt 0.283893 0.868673
vt 0.257726 0.875621
vt 0.230424 0.873608
vt 0.237621 0.797388
vt 0.257726 0.873608
vt 0.745049 0.741476
vt 0.778911 0.741476
vt 0.784313 0.818437
vt 0.741337 0.818437
vt 0.300007 0.551883
vt 0.300007 0.570758
vt 0.285087 0.566215
vt 0.285087 0.556791
vt 0.979657 0.318959
vt 0.979657 0.242467
vt 0.982146 0.242293
vt 0.982146 0.318785
vt 0.051404 0.911893
vt 0.051404 0.991061
vt 0.047212 0.990454
vt 0.047212 0.911285
vt 0.987295 0.195187
vt 0.987295 0.120118
vt 0.989405 0.120149
vt 0.989405 0.195218
vt 0.118886 0.749388
vt 0.161863 0.749388
vt 0.170053 0.760818
vt 0.110947 0.760818
vt 0.122599 0.672427
vt 0.115762 0.660996
vt 0.156461 0.672427
vt 0.163047 0.660996
vt 0.102994 0.990945
vt 0.102994 0.911769
vt 0.107186 0.911162
vt 0.107186 0.990338
vt 0.912807 0.964552
vt 0.912807 0.921536
vt 0.917002 0.921536
vt 0.917002 0.964553
vt 0.227524 0.962466
vt 0.227878 0.886531
vt 0.230424 0.870161
vt 0.230424 0.969936
vt 0.688167 0.839866
vt 0.689279 0.761047
vt 0.692729 0.745142
vt 0.692729 0.848291
vt 0.682774 0.974374
vt 0.682774 0.947072
vt 0.689664 0.940413
vt 0.689664 0.977973
vt 0.821031 0.825297
vt 0.821031 0.852370
vt 0.813877 0.855979
vt 0.813877 0.818436
vt 0.175406 0.817027
vt 0.175760 0.893585
vt 0.172857 0.900797
vt 0.172857 0.800953
vt 0.863246 0.883509
vt 0.864359 0.961734
vt 0.859688 0.970477
vt 0.859688 0.867329
vt 0.809132 0.887077
vt 0.809132 0.859397
vt 0.811243 0.859280
vt 0.811243 0.886961
vt 0.982115 0.118476
vt 0.982115 0.194163
vt 0.980010 0.194059
vt 0.980010 0.118372
vt 0.779749 0.857342
vt 0.779749 0.885446
vt 0.777213 0.885256
vt 0.777213 0.857152
vt 0.988766 0.413760
vt 0.988766 0.489266
vt 0.986276 0.489383
vt 0.986276 0.413877
vt 0.652656 0.251896
vt 0.660341 0.238585
vt 0.660341 0.247459
vt 0.644971 0.238585
vt 0.652656 0.234148
vt 0.644971 0.247459
vt 0.611669 0.254156
vt 0.608604 0.254157
vt 0.610136 0.253272
vt 0.610136 0.256811
vt 0.608604 0.255926
vt 0.611668 0.255926
vt 0.813940 0.236918
vt 0.836369 0.123411
vt 0.836369 0.236983
vt 0.813940 0.118621
vt 0.836369 0.118686
vt 0.073620 0.829211
vt 0.080714 0.834172
vt 0.071553 0.834201
vt 0.092126 0.829211
vt 0.094193 0.834201
vt 0.656367 0.923432
vt 0.665372 0.805268
vt 0.665372 0.923499
vt 0.656367 0.809923
vt 0.656367 0.805202
vt 0.596628 -0.000000
vt 0.478228 0.035062
vt 0.478499 0.001198
vt 0.629600 0.000001
vt 0.629497 0.035062
vt 0.556556 0.296338
vt 0.625516 0.504653
vt 0.545599 0.298932
vt 0.692750 0.264101
vt 0.692750 0.488738
vt 0.300007 0.562844
vt 0.311700 0.551883
vt 0.311700 0.574523
vt 0.836096 0.236983
vt 0.842045 0.242352
vt 0.836096 0.259624
vt 0.877703 0.413707
vt 0.885492 0.402527
vt 0.885494 0.413784
vt 0.877703 0.380756
vt 0.885488 0.380833
vt 0.038560 0.837389
vt 0.038799 0.837391
vt 0.038799 0.876801
vt 0.038799 0.955621
vt 0.038560 0.955620
vt 0.701306 0.870295
vt 0.692750 0.890952
vt 0.692750 0.878851
vt 0.713407 0.899509
vt 0.701306 0.899509
vt 0.721928 0.882202
vt 0.721946 0.890969
vt 0.713407 0.870295
vt 0.721938 0.878826
vt 0.864551 0.392490
vt 0.855731 0.382711
vt 0.868602 0.382711
vt 0.860974 0.392490
vt 0.859782 0.392490
vt 0.863359 0.392490
vt 0.862166 0.392490
vt 0.856438 0.396077
vt 0.846641 0.404694
vt 0.846659 0.396083
vt 0.856432 0.399126
vt 0.856429 0.400651
vt 0.864529 0.548830
vt 0.866053 0.548830
vt 0.867578 0.548830
vt 0.867924 0.400632
vt 0.877703 0.391811
vt 0.877703 0.404683
vt 0.867924 0.397452
vt 0.867924 0.395862
vt 0.867924 0.399042
vt 0.956931 0.456297
vt 0.956931 0.416890
vt 0.960875 0.416779
vt 0.960875 0.535002
vt 0.956931 0.535113
vt 0.960875 0.475891
vt 0.957562 0.121416
vt 0.961363 0.121355
vt 0.961363 0.160787
vt 0.961363 0.239652
vt 0.957562 0.239713
vt 0.961363 0.200220
vt 0.047212 0.955550
vt 0.043290 0.837425
vt 0.047212 0.837320
vt 0.043290 0.955656
vt 0.043290 0.916246
vt 0.043290 0.876835
vt 0.792824 0.962247
vt 0.789034 0.844085
vt 0.792824 0.843990
vt 0.789034 0.873649
vt 0.789034 0.962342
vt 0.789034 0.932778
vt 0.629603 0.256844
vt 0.632100 0.260480
vt 0.629600 0.257980
vt 0.638170 0.257966
vt 0.635656 0.260480
vt 0.638170 0.256781
vt 0.326554 0.267495
vt 0.326554 0.268384
vt 0.326554 0.269272
vt 0.635656 0.251896
vt 0.638170 0.254410
vt 0.634767 0.251896
vt 0.638170 0.255595
vt 0.629605 0.255707
vt 0.629607 0.254570
vt 0.629607 0.254389
vt 0.632100 0.251896
vt 0.632989 0.251896
vt 0.102994 0.910925
vt 0.102994 0.834201
vt 0.109736 0.834439
vt 0.109736 0.911162
vt 0.961027 0.950936
vt 0.961027 0.874213
vt 0.969395 0.874091
vt 0.969395 0.950815
vt 0.933001 0.939909
vt 0.933001 0.863163
vt 0.941789 0.863205
vt 0.941789 0.939950
vt 0.047212 0.911056
vt 0.047212 0.834328
vt 0.053954 0.834557
vt 0.053954 0.911285
vt 0.900831 0.959986
vt 0.895419 0.959971
vt 0.895419 0.871098
vt 0.900831 0.871114
vt 0.691570 0.863642
vt 0.691570 0.940413
vt 0.682774 0.940388
vt 0.682774 0.863617
vt 0.960875 0.490629
vt 0.960875 0.413901
vt 0.969244 0.413784
vt 0.969244 0.490512
vt 0.655311 0.259063
vt 0.655311 0.253603
vt 0.658268 0.251896
vt 0.658268 0.260770
vt 0.677782 0.259063
vt 0.677782 0.253603
vt 0.680738 0.251896
vt 0.680738 0.260770
vt 0.677782 0.253603
vt 0.677782 0.259063
vt 0.674825 0.260770
vt 0.674825 0.251896
vt 0.683695 0.253603
vt 0.683695 0.259063
vt 0.680738 0.260770
vt 0.680738 0.251896
vt 0.674825 0.253603
vt 0.674825 0.259063
vt 0.671869 0.260770
vt 0.671869 0.251896
vt 0.668912 0.259063
vt 0.668912 0.253603
vt 0.671868 0.251896
vt 0.671868 0.260770
vt 0.990258 0.291343
vt 0.987296 0.291335
vt 0.987295 0.195218
vt 0.990258 0.195226
vt 0.987295 0.284040
vt 0.982146 0.284112
vt 0.982146 0.195290
vt 0.987295 0.195218
vt 0.990424 0.413760
vt 0.986276 0.413619
vt 0.986276 0.324796
vt 0.990424 0.324937
vt 0.977203 0.579497
vt 0.971797 0.579472
vt 0.971797 0.490629
vt 0.977203 0.490655
vt 0.987295 0.195143
vt 0.982146 0.195218
vt 0.982146 0.106400
vt 0.987295 0.106326
vt 0.895117 0.989500
vt 0.890969 0.989354
vt 0.890969 0.900537
vt 0.895117 0.900683
vt 0.589035 0.257496
vt 0.589035 0.254508
vt 0.591176 0.253272
vt 0.591175 0.258732
vt 0.586894 0.257496
vt 0.586894 0.254508
vt 0.589035 0.253272
vt 0.589035 0.258732
vt 0.593316 0.254508
vt 0.593316 0.257496
vt 0.591176 0.258732
vt 0.591176 0.253272
vt 0.595457 0.254508
vt 0.595457 0.257496
vt 0.593316 0.258732
vt 0.593316 0.253272
vt 0.599738 0.254508
vt 0.599738 0.257496
vt 0.597597 0.258732
vt 0.597597 0.253272
vt 0.595457 0.257496
vt 0.595457 0.254508
vt 0.597598 0.253272
vt 0.597598 0.258732
vt 0.170258 0.664521
vt 0.170258 0.661532
vt 0.171187 0.660996
vt 0.171187 0.665057
vt 0.996102 0.848823
vt 0.993284 0.848863
vt 0.993284 0.752800
vt 0.996102 0.752760
vt 0.998372 0.848900
vt 0.996102 0.848823
vt 0.996102 0.752760
vt 0.998372 0.752837
vt 0.990558 0.586728
vt 0.987599 0.586714
vt 0.987599 0.490629
vt 0.990558 0.490643
vt 0.996149 0.420853
vt 0.993331 0.420894
vt 0.993331 0.324837
vt 0.996149 0.324796
vt 0.998420 0.420933
vt 0.996149 0.420853
vt 0.996149 0.324796
vt 0.998420 0.324876
vt 0.518737 0.258853
vt 0.514711 0.258853
vt 0.515097 0.253272
vt 0.518471 0.253272
vt 0.170258 0.676704
vt 0.170258 0.673716
vt 0.171187 0.673179
vt 0.171187 0.677241
vt 0.658268 0.258825
vt 0.658268 0.255837
vt 0.659197 0.255300
vt 0.659197 0.259361
vt 0.660126 0.255837
vt 0.660126 0.258825
vt 0.659197 0.259361
vt 0.659197 0.255300
vt 0.171187 0.669655
vt 0.171187 0.672643
vt 0.170258 0.673180
vt 0.170258 0.669118
vt 0.171187 0.665593
vt 0.171187 0.668582
vt 0.170258 0.669118
vt 0.170258 0.665057
vt 0.623970 0.257386
vt 0.626226 0.257120
vt 0.626226 0.260494
vt 0.623970 0.260760
vt 0.554071 0.258861
vt 0.550242 0.258861
vt 0.550440 0.253272
vt 0.553650 0.253272
vt 0.563213 0.258864
vt 0.560125 0.258865
vt 0.560555 0.253272
vt 0.563143 0.253272
vt 0.522758 0.258858
vt 0.518737 0.258858
vt 0.519116 0.253272
vt 0.522486 0.253272
vt 0.550242 0.258862
vt 0.546412 0.258862
vt 0.546613 0.253272
vt 0.549823 0.253272
vt 0.560125 0.258865
vt 0.557037 0.258865
vt 0.557460 0.253272
vt 0.560048 0.253272
vt 0.857967 0.969988
vt 0.856014 0.969987
vt 0.856014 0.917765
vt 0.857768 0.917766
vt 0.323631 0.546206
vt 0.323631 0.549416
vt 0.322972 0.549407
vt 0.322972 0.546197
vt 0.515369 0.261463
vt 0.515369 0.258876
vt 0.516027 0.258853
vt 0.516027 0.261441
vt 0.322972 0.539604
vt 0.322972 0.536230
vt 0.323631 0.536228
vt 0.323631 0.539602
vt 0.323631 0.542987
vt 0.323631 0.546197
vt 0.322972 0.546187
vt 0.322972 0.542977
vt 0.514711 0.261464
vt 0.514711 0.258876
vt 0.515369 0.258853
vt 0.515369 0.261441
vt 0.570021 0.257455
vt 0.570021 0.261639
vt 0.566617 0.261639
vt 0.566617 0.257455
vt 0.323631 0.519757
vt 0.323631 0.523870
vt 0.322973 0.523875
vt 0.322973 0.519762
vt 0.570021 0.253272
vt 0.570021 0.257455
vt 0.566617 0.257455
vt 0.566617 0.253272
vt 0.322973 0.527993
vt 0.322973 0.523880
vt 0.323631 0.523875
vt 0.323631 0.527987
vt 0.288491 0.574942
vt 0.288491 0.570758
vt 0.291895 0.570758
vt 0.291895 0.574941
vt 0.323631 0.527993
vt 0.323631 0.532105
vt 0.322973 0.532110
vt 0.322973 0.527998
vt 0.291895 0.574941
vt 0.291895 0.570758
vt 0.295299 0.570758
vt 0.295299 0.574942
vt 0.322973 0.536228
vt 0.322973 0.532115
vt 0.323631 0.532110
vt 0.323631 0.536223
vt 0.322972 0.555903
vt 0.322972 0.552910
vt 0.323398 0.553412
vt 0.323398 0.556405
vt 0.621629 0.253272
vt 0.623993 0.253535
vt 0.623993 0.256906
vt 0.621629 0.256642
vt 0.322976 0.559925
vt 0.322976 0.556910
vt 0.323398 0.556405
vt 0.323398 0.559420
vt 0.322972 0.542977
vt 0.322972 0.539607
vt 0.323631 0.539603
vt 0.323631 0.542974
vt 0.623993 0.253557
vt 0.626224 0.253272
vt 0.626224 0.256642
vt 0.623993 0.256928
vt 0.322972 0.552408
vt 0.322972 0.549416
vt 0.323398 0.549918
vt 0.323398 0.552910
vt 0.621630 0.257120
vt 0.623970 0.257373
vt 0.623970 0.260747
vt 0.621630 0.260494
vt 0.323141 0.578497
vt 0.323141 0.575483
vt 0.323564 0.574978
vt 0.323564 0.577993
vt 0.626227 0.259807
vt 0.626227 0.257836
vt 0.627468 0.257120
vt 0.627468 0.260523
vt 0.658268 0.254583
vt 0.658268 0.252613
vt 0.659509 0.251896
vt 0.659509 0.255300
vt 0.628707 0.253988
vt 0.628707 0.255959
vt 0.627466 0.256676
vt 0.627466 0.253272
vt 0.627466 0.253989
vt 0.627465 0.255959
vt 0.626224 0.256676
vt 0.626224 0.253272
vt 0.628710 0.257837
vt 0.628710 0.259807
vt 0.627468 0.260524
vt 0.627468 0.257120
vt 0.298703 0.573445
vt 0.298703 0.571475
vt 0.299944 0.570758
vt 0.299944 0.574162
vt 0.287316 0.978302
vt 0.285458 0.978322
vt 0.285647 0.926126
vt 0.287316 0.926107
vt 0.596662 0.971361
vt 0.595165 0.971311
vt 0.595318 0.919119
vt 0.596662 0.919164
vt 0.594945 0.971330
vt 0.592994 0.971325
vt 0.592994 0.919119
vt 0.594746 0.919123
vt 0.289174 0.978299
vt 0.287316 0.978320
vt 0.287506 0.926127
vt 0.289174 0.926107
vt 0.971733 0.600679
vt 0.970236 0.600627
vt 0.970388 0.548439
vt 0.971733 0.548485
vt 0.784440 0.000406
vt 0.797913 0.000000
vt 0.798992 0.035778
vt 0.794359 0.036017
vt 0.866655 0.380573
vt 0.866655 0.262343
vt 0.885378 0.261838
vt 0.885378 0.380069
vt 0.854410 0.118397
vt 0.854410 0.123121
vt 0.430894 0.817941
vt 0.430894 0.923862
vt 0.419934 0.923808
vt 0.419934 0.817887
vt 0.055544 0.902162
vt 0.059757 0.902193
vt 0.059757 0.954167
vt 0.055544 0.954135
vt 0.060534 0.797619
vt 0.060534 0.816125
vt 0.055544 0.818192
vt 0.055544 0.795552
vt 0.105212 0.816125
vt 0.110202 0.818192
vt 0.105212 0.797619
vt 0.110202 0.795552
vt 0.092126 0.784533
vt 0.094193 0.779543
vt 0.073620 0.784533
vt 0.071553 0.779543
vt 0.171187 0.779226
vt 0.171187 0.660996
vt 0.175760 0.661027
vt 0.175760 0.779257
vt 0.784313 0.719775
vt 0.784313 0.601518
vt 0.821112 0.601400
vt 0.821112 0.719657
vt 0.813940 0.000000
vt 0.807002 0.035536
vt 0.597424 0.253272
vt 0.528308 0.253272
vt 0.142431 0.816030
vt 0.142431 0.934253
vt 0.134646 0.934175
vt 0.126793 0.815886
vt 0.226740 0.972164
vt 0.213261 0.972164
vt 0.222102 0.936271
vt 0.226740 0.936370
vt 0.322707 0.484525
vt 0.314694 0.484525
vt 0.317207 0.263939
vt 0.320869 0.263939
vt 0.175760 0.800953
vt 0.171187 0.800922
vt 0.821112 0.741358
vt 0.784313 0.741476
vt 0.898724 0.380936
vt 0.898727 0.402630
vt 0.314694 0.520319
vt 0.322703 0.519926
vt 0.110781 0.911190
vt 0.110781 0.980267
vt 0.107186 0.980239
vt 0.107186 0.911162
vt 0.548569 0.261838
vt 0.537612 0.264432
vt 0.811895 0.256088
vt 0.808235 0.256198
vt 0.889180 0.719525
vt 0.887639 0.601400
vt 0.904012 0.601400
vt 0.142431 0.933967
vt 0.157606 0.815886
vt 0.157606 0.934183
vt 0.919490 0.413784
vt 0.932725 0.413889
vt 0.932725 0.532112
vt 0.919490 0.532007
vt 0.011793 0.800563
vt 0.011793 0.813434
vt 0.000000 0.818319
vt 0.000000 0.795679
vt 0.020878 0.791478
vt 0.016009 0.779670
vt 0.033775 0.791473
vt 0.025164 0.791491
vt 0.025170 0.779699
vt 0.038649 0.779670
vt 0.042866 0.800563
vt 0.054658 0.795679
vt 0.042866 0.813434
vt 0.054658 0.818319
vt 0.033765 0.822535
vt 0.038649 0.834328
vt 0.020894 0.822535
vt 0.016009 0.834328
vt 0.607932 0.923885
vt 0.618575 0.923587
vt 0.618575 0.975557
vt 0.607932 0.975855
vt 0.944144 0.000000
vt 0.956788 0.000099
vt 0.956788 0.052069
vt 0.944144 0.051970
vt 0.211876 0.833565
vt 0.222132 0.833400
vt 0.222132 0.885403
vt 0.211876 0.885568
vt 0.199125 0.833528
vt 0.199125 0.885531
vt 0.965298 0.000287
vt 0.975929 0.000000
vt 0.975929 0.051973
vt 0.965298 0.052260
vt 0.068212 0.902258
vt 0.068212 0.954231
vt 0.968602 0.262096
vt 0.978898 0.261838
vt 0.978898 0.313823
vt 0.968602 0.314081
vt 0.865558 0.900537
vt 0.878296 0.900599
vt 0.878296 0.952584
vt 0.865558 0.952522
vt 0.011927 0.970484
vt 0.008609 0.970459
vt 0.008609 0.923619
vt 0.011927 0.923645
vt 0.858810 0.554523
vt 0.846709 0.554523
vt 0.844741 0.549772
vt 0.860778 0.549772
vt 0.867341 0.563055
vt 0.872098 0.561093
vt 0.867349 0.575198
vt 0.867330 0.566431
vt 0.872081 0.566433
vt 0.872104 0.577162
vt 0.858809 0.583737
vt 0.860777 0.588488
vt 0.846709 0.583737
vt 0.844741 0.588488
vt 0.838152 0.575181
vt 0.833401 0.577148
vt 0.838152 0.563080
vt 0.833401 0.561112
vt 0.185767 0.983175
vt 0.175760 0.983445
vt 0.175760 0.936603
vt 0.185767 0.936333
vt 0.664014 0.970514
vt 0.652127 0.970425
vt 0.652127 0.923582
vt 0.664014 0.923672
vt 0.779057 0.985671
vt 0.769361 0.985914
vt 0.769361 0.939061
vt 0.779057 0.938818
vt 0.912807 0.968447
vt 0.900831 0.968389
vt 0.900831 0.921536
vt 0.912807 0.921594
vt 0.985913 0.099099
vt 0.975927 0.099379
vt 0.975927 0.052540
vt 0.985913 0.052260
vt 0.000000 0.970390
vt 0.000000 0.923551
vt 0.750951 0.985698
vt 0.741337 0.985853
vt 0.741337 0.938984
vt 0.750951 0.938829
vt 0.747413 0.741452
vt 0.735425 0.741417
vt 0.735425 0.694548
vt 0.747413 0.694583
vt 0.856437 0.395834
vt 0.846645 0.391796
vt 0.859782 0.404004
vt 0.855731 0.413784
vt 0.864551 0.404004
vt 0.868602 0.413784
vt 0.956926 0.413866
vt 0.959867 0.413784
vt 0.953808 0.456273
vt 0.952246 0.456260
vt 0.952246 0.416853
vt 0.953808 0.416865
vt 0.952837 0.239699
vt 0.952837 0.121402
vt 0.040296 0.876812
vt 0.040296 0.837402
vt 0.785494 0.873632
vt 0.784313 0.873627
vt 0.784313 0.844062
vt 0.785494 0.844068
vt 0.041793 0.876824
vt 0.041793 0.837414
vt 0.884400 0.792179
vt 0.884400 0.752760
vt 0.900831 0.752842
vt 0.900831 0.792260
vt 0.041793 0.955644
vt 0.041793 0.916234
vt 0.884400 0.871017
vt 0.884400 0.831598
vt 0.900831 0.831679
vt 0.900831 0.871098
vt 0.040296 0.955633
vt 0.038799 0.916211
vt 0.040296 0.916223
vt 0.955370 0.456285
vt 0.955370 0.416877
vt 0.885378 0.301270
vt 0.885378 0.261838
vt 0.901805 0.261886
vt 0.901805 0.301318
vt 0.955370 0.535100
vt 0.955370 0.495693
vt 0.956931 0.495705
vt 0.885378 0.380135
vt 0.885378 0.340703
vt 0.901805 0.340751
vt 0.901805 0.380183
vt 0.953808 0.535088
vt 0.952246 0.535076
vt 0.952246 0.495668
vt 0.953808 0.495680
vt 0.039297 0.834381
vt 0.040413 0.834390
vt 0.787853 0.844080
vt 0.787808 0.841081
vt 0.788688 0.841085
vt 0.901805 0.350505
vt 0.901805 0.320950
vt 0.918094 0.321078
vt 0.918094 0.350633
vt 0.901805 0.380061
vt 0.918094 0.380189
vt 0.785494 0.932761
vt 0.784313 0.932755
vt 0.784313 0.903191
vt 0.785494 0.903196
vt 0.917120 0.811998
vt 0.917120 0.841556
vt 0.900831 0.841433
vt 0.900831 0.811875
vt 0.917120 0.871114
vt 0.900831 0.870991
vt 0.785494 0.962325
vt 0.784313 0.962319
vt 0.787853 0.932772
vt 0.787853 0.903208
vt 0.789034 0.903214
vt 0.787853 0.962336
vt 0.917120 0.752883
vt 0.917120 0.782441
vt 0.900831 0.782318
vt 0.900831 0.752760
vt 0.787853 0.873644
vt 0.901805 0.291394
vt 0.901805 0.261838
vt 0.918094 0.261966
vt 0.918094 0.291522
vt 0.323484 0.865278
vt 0.321922 0.865266
vt 0.321922 0.825858
vt 0.323484 0.825870
vt 0.323484 0.944093
vt 0.321922 0.944081
vt 0.321922 0.904673
vt 0.323484 0.904686
vt 0.903213 0.453283
vt 0.903213 0.492702
vt 0.886803 0.492622
vt 0.886803 0.453203
vt 0.903213 0.532121
vt 0.886803 0.532041
vt 0.903213 0.413864
vt 0.886803 0.413784
vt 0.913606 0.253323
vt 0.912016 0.253323
vt 0.912016 0.236742
vt 0.913606 0.236742
vt 0.910588 0.380756
vt 0.912178 0.380756
vt 0.912178 0.397337
vt 0.910588 0.397337
vt 0.999869 0.792182
vt 0.998372 0.792170
vt 0.998372 0.752760
vt 0.999869 0.752772
vt 0.999869 0.871002
vt 0.998372 0.870991
vt 0.998372 0.831581
vt 0.999869 0.831592
vt 0.746132 0.612333
vt 0.746132 0.651766
vt 0.729684 0.651717
vt 0.729684 0.612284
vt 0.746132 0.691198
vt 0.729684 0.691149
vt 0.746132 0.572901
vt 0.729684 0.572852
vt 0.912300 0.532533
vt 0.913825 0.532533
vt 0.913825 0.549141
vt 0.912300 0.549141
vt 0.866053 0.532222
vt 0.867578 0.532222
vt 0.607932 0.846069
vt 0.606752 0.846064
vt 0.606752 0.816499
vt 0.607932 0.816505
vt 0.607932 0.905198
vt 0.606752 0.905192
vt 0.606752 0.875628
vt 0.607932 0.875634
vt 0.605572 0.905186
vt 0.605572 0.875622
vt 0.606752 0.934756
vt 0.605572 0.934750
vt 0.607932 0.934762
vt 0.605572 0.846058
vt 0.605572 0.816494
vt 0.900081 0.595568
vt 0.898889 0.595568
vt 0.898889 0.578986
vt 0.900082 0.578986
vt 0.908962 0.736599
vt 0.907770 0.736599
vt 0.907770 0.720017
vt 0.908962 0.720017
vt 0.901274 0.595568
vt 0.901274 0.578986
vt 0.906577 0.736599
vt 0.906577 0.720017
vt 0.785169 0.841068
vt 0.786049 0.841073
vt 0.957113 0.118417
vt 0.959947 0.118372
vt 0.042645 0.834407
vt 0.045569 0.834328
vt 0.954598 0.413848
vt 0.955762 0.413857
vt 0.786674 0.844074
vt 0.786929 0.841077
vt 0.791514 0.841015
vt 0.041529 0.834398
vt 0.039119 0.834380
vt 0.953591 0.118407
vt 0.953433 0.413839
vt 0.179657 0.723402
vt 0.179657 0.829293
vt 0.175760 0.833226
vt 0.175760 0.719724
vt 0.194103 0.829406
vt 0.198000 0.833400
vt 0.194103 0.719111
vt 0.179657 0.718997
vt 0.175760 0.715003
vt 0.198000 0.715177
vt 0.194103 0.723516
vt 0.198000 0.719899
vt 0.537612 0.820899
vt 0.537612 0.816494
vt 0.552046 0.816610
vt 0.552046 0.821015
vt 0.737215 0.248854
vt 0.737194 0.234148
vt 0.748272 0.234148
vt 0.748224 0.248854
vt 0.759350 0.234148
vt 0.759330 0.248854
vt 0.748320 0.248854
vt 0.748272 0.234148
vt 0.922685 0.122779
vt 0.922685 0.118372
vt 0.933589 0.118404
vt 0.933589 0.122811
vt 0.922685 0.228736
vt 0.933589 0.228768
vt 0.537612 0.926789
vt 0.552046 0.926906
vt 0.430894 0.813535
vt 0.419934 0.813481
vt 0.216722 0.719374
vt 0.216722 0.832876
vt 0.854410 0.236694
vt 0.869497 0.715389
vt 0.869497 0.601855
vt 0.887639 0.714934
vt 0.821112 0.866294
vt 0.821112 0.752760
vt 0.843517 0.752869
vt 0.843517 0.866403
vt 0.842044 0.237006
vt 0.846767 0.236983
vt 0.846767 0.259389
vt 0.842044 0.259412
vt 0.813853 0.859280
vt 0.809132 0.859162
vt 0.809132 0.841015
vt 0.813853 0.841133
vt 0.734403 0.710059
vt 0.729684 0.709927
vt 0.729684 0.691198
vt 0.734403 0.691330
vt 0.510867 0.255015
vt 0.510867 0.259301
vt 0.507022 0.258754
vt 0.507022 0.253272
vt 0.623963 0.923643
vt 0.623963 0.973993
vt 0.618715 0.973938
vt 0.885296 0.734296
vt 0.885296 0.721425
vt 0.889921 0.720017
vt 0.889921 0.736479
vt 0.868105 0.547131
vt 0.868105 0.534260
vt 0.872919 0.532533
vt 0.872919 0.548995
vt 0.872104 0.593943
vt 0.872104 0.581072
vt 0.876826 0.578986
vt 0.876826 0.595448
vt 0.886173 0.594132
vt 0.886173 0.581261
vt 0.890576 0.578986
vt 0.890576 0.595448
vt 0.898889 0.580390
vt 0.898889 0.593246
vt 0.894845 0.595429
vt 0.846055 0.590543
vt 0.846055 0.599154
vt 0.842207 0.601029
vt 0.842207 0.590016
vt 0.903556 0.534619
vt 0.903556 0.547468
vt 0.899609 0.548967
vt 0.899609 0.532533
vt 0.898823 0.238977
vt 0.898823 0.251848
vt 0.894557 0.253164
vt 0.894557 0.236702
vt 0.792824 0.891806
vt 0.806436 0.891399
vt 0.806084 0.941749
vt 0.792824 0.942145
vt 0.843517 0.867329
vt 0.859688 0.867426
vt 0.859688 0.917765
vt 0.843935 0.917671
vt 0.705918 0.899770
vt 0.719034 0.899509
vt 0.718696 0.949899
vt 0.705918 0.950154
vt 0.792824 0.841015
vt 0.809132 0.841015
vt 0.809083 0.891399
vt 0.793196 0.891399
vt 0.931630 0.550175
vt 0.945227 0.549772
vt 0.944875 0.600131
vt 0.931630 0.600522
vt 0.965878 0.651800
vt 0.976692 0.651855
vt 0.976692 0.702203
vt 0.966157 0.702150
vt 0.692750 0.899860
vt 0.705918 0.899509
vt 0.705578 0.949879
vt 0.692750 0.950221
vt 0.666482 0.863617
vt 0.682774 0.863670
vt 0.682774 0.914031
vt 0.666903 0.913979
vt 0.706453 0.238585
vt 0.706453 0.247459
vt 0.698768 0.251896
vt 0.691083 0.238585
vt 0.691083 0.247459
vt 0.698768 0.234148
vt 0.609985 0.257120
vt 0.611518 0.258004
vt 0.611517 0.259774
vt 0.608453 0.259774
vt 0.609985 0.260659
vt 0.608453 0.258005
vt 0.212350 0.313607
vt 0.214418 0.318597
vt 0.205257 0.318570
vt 0.193844 0.313612
vt 0.191778 0.318603
vt 0.359926 0.275262
vt 0.477926 0.277669
vt 0.478526 0.309150
vt 0.326965 0.275264
vt 0.327309 0.309150
vt 0.765598 0.033258
vt 0.776539 0.035933
vt 0.697128 0.234148
vt 0.629600 -0.000000
vt 0.629991 0.217729
vt 0.175760 0.319123
vt 0.175765 0.302597
vt 0.362280 0.813071
vt 0.378289 0.797062
vt 0.370283 0.813481
vt 0.846641 0.413295
vt 0.838991 0.413784
vt 0.838416 0.402542
vt 0.844951 0.380388
vt 0.837307 0.380876
vt 0.951462 0.264883
vt 0.951227 0.304295
vt 0.951227 0.264885
vt 0.951227 0.383115
vt 0.951462 0.383113
vt 0.880661 0.578986
vt 0.872104 0.570430
vt 0.872104 0.558329
vt 0.892761 0.549772
vt 0.880660 0.549772
vt 0.901282 0.567079
vt 0.901300 0.558312
vt 0.892761 0.578986
vt 0.901293 0.570455
vt 0.830365 0.887697
vt 0.834416 0.897476
vt 0.821545 0.897477
vt 0.826788 0.887697
vt 0.825596 0.887697
vt 0.827981 0.887697
vt 0.829173 0.887697
vt 0.822252 0.884110
vt 0.812473 0.884105
vt 0.812455 0.875494
vt 0.822246 0.881061
vt 0.822243 0.879536
vt 0.902771 0.236702
vt 0.905821 0.236702
vt 0.904296 0.236702
vt 0.833738 0.879555
vt 0.843517 0.875504
vt 0.843517 0.888376
vt 0.833738 0.882735
vt 0.833738 0.884325
vt 0.833738 0.881145
vt 0.948123 0.643906
vt 0.944028 0.604398
vt 0.948123 0.604498
vt 0.944028 0.722620
vt 0.944028 0.663509
vt 0.948123 0.722721
vt 0.938154 0.264917
vt 0.933954 0.304260
vt 0.933954 0.264841
vt 0.933954 0.383098
vt 0.938154 0.383174
vt 0.942722 0.383064
vt 0.942722 0.264833
vt 0.946794 0.264930
vt 0.946794 0.343750
vt 0.946794 0.383160
vt 0.943507 0.535055
vt 0.943507 0.416759
vt 0.947688 0.416805
vt 0.947688 0.446380
vt 0.947688 0.505528
vt 0.947688 0.535102
vt 0.975678 0.490629
vt 0.969244 0.413679
vt 0.975678 0.413884
vt 0.969244 0.490424
vt 0.961027 0.950916
vt 0.952499 0.874091
vt 0.961027 0.874192
vt 0.952499 0.950815
vt 0.968602 0.338610
vt 0.960111 0.261893
vt 0.968602 0.261838
vt 0.960111 0.338664
vt 0.478312 0.835313
vt 0.471832 0.758413
vt 0.478312 0.758542
vt 0.471832 0.835185
vt 0.981176 0.841655
vt 0.986412 0.752760
vt 0.986412 0.841603
vt 0.981176 0.752812
vt 0.956788 0.000085
vt 0.965298 0.076745
vt 0.956788 0.076830
vt 0.965298 -0.000000
vt 0.198407 0.962448
vt 0.189879 0.885622
vt 0.198407 0.885719
vt 0.189879 0.962350
vt 0.729509 0.237562
vt 0.737194 0.238585
vt 0.734238 0.240292
vt 0.729509 0.234148
vt 0.737194 0.247459
vt 0.734238 0.245752
vt 0.729509 0.251896
vt 0.729509 0.248482
vt 0.721824 0.247459
vt 0.724780 0.245752
vt 0.721824 0.238585
vt 0.724780 0.240292
vt 0.719034 0.995622
vt 0.721900 0.899509
vt 0.721900 0.995593
vt 0.719034 0.899537
vt 0.981028 0.413619
vt 0.986276 0.324856
vt 0.986276 0.413679
vt 0.981028 0.324796
vt 0.986341 0.962964
vt 0.990328 0.874170
vt 0.990328 0.963043
vt 0.986341 0.874091
vt 0.981942 0.740707
vt 0.987167 0.651800
vt 0.987167 0.740673
vt 0.981942 0.651834
vt 0.981094 0.962908
vt 0.986341 0.874153
vt 0.986341 0.962970
vt 0.981094 0.874091
vt 0.986412 0.841603
vt 0.990371 0.752887
vt 0.990371 0.841729
vt 0.986412 0.752760
vt 0.741923 0.251326
vt 0.746652 0.251584
vt 0.744511 0.252820
vt 0.741923 0.248854
vt 0.746652 0.257044
vt 0.744511 0.255808
vt 0.741923 0.259774
vt 0.741923 0.257302
vt 0.737194 0.257044
vt 0.739335 0.255808
vt 0.737194 0.251584
vt 0.739335 0.252820
vt 0.498402 0.255838
vt 0.499331 0.259363
vt 0.498402 0.258827
vt 0.499331 0.255302
vt 0.991059 0.106550
vt 0.993931 0.010520
vt 0.993931 0.106583
vt 0.991059 0.010487
vt 0.996242 0.725697
vt 0.998424 0.629623
vt 0.998424 0.725740
vt 0.996242 0.629580
vt 0.993191 0.291353
vt 0.996050 0.195218
vt 0.996050 0.291335
vt 0.993191 0.195236
vt 0.991091 0.747858
vt 0.993963 0.651835
vt 0.993963 0.747892
vt 0.991091 0.651800
vt 0.996248 0.586714
vt 0.998415 0.490699
vt 0.998415 0.586783
vt 0.996248 0.490629
vt 0.538631 0.258859
vt 0.542105 0.253272
vt 0.542526 0.258859
vt 0.538841 0.253272
vt 0.495814 0.261394
vt 0.495814 0.260321
vt 0.492297 0.259363
vt 0.493226 0.258827
vt 0.492297 0.255302
vt 0.493225 0.255839
vt 0.495814 0.253272
vt 0.495814 0.254344
vt 0.602625 0.257707
vt 0.600396 0.260390
vt 0.600396 0.257126
vt 0.602625 0.260971
vt 0.772487 0.256220
vt 0.778769 0.258529
vt 0.773377 0.260020
vt 0.778023 0.255344
vt 0.554071 0.259535
vt 0.557037 0.253930
vt 0.557037 0.259515
vt 0.554551 0.253947
vt 0.542526 0.258854
vt 0.545968 0.253272
vt 0.546412 0.258854
vt 0.542711 0.253272
vt 0.801618 0.595852
vt 0.807898 0.598163
vt 0.802506 0.599653
vt 0.807154 0.594977
vt 0.311699 0.558132
vt 0.314621 0.552541
vt 0.314645 0.558132
vt 0.312152 0.552541
vt 0.242204 0.976249
vt 0.244094 0.924030
vt 0.244094 0.976235
vt 0.242397 0.924042
vt 0.779408 0.258372
vt 0.778662 0.255187
vt 0.557020 0.253272
vt 0.554534 0.253289
vt 0.599738 0.257120
vt 0.599738 0.260384
vt 0.808537 0.598006
vt 0.807793 0.594820
vt 0.314600 0.551883
vt 0.312131 0.551883
vt 0.573425 0.257455
vt 0.570021 0.253272
vt 0.573425 0.253272
vt 0.570021 0.257455
vt 0.777013 0.251411
vt 0.777652 0.251254
vt 0.852418 0.241843
vt 0.850078 0.236983
vt 0.853389 0.237774
vt 0.849107 0.241053
vt 0.576102 0.259933
vt 0.576943 0.255900
vt 0.577555 0.256141
vt 0.575490 0.259691
vt 0.285087 0.570758
vt 0.288491 0.574942
vt 0.285087 0.574942
vt 0.288491 0.570758
vt 0.806144 0.591045
vt 0.806783 0.590888
vt 0.847739 0.246787
vt 0.850078 0.251646
vt 0.846768 0.250856
vt 0.851049 0.247577
vt 0.574037 0.259932
vt 0.574878 0.255899
vt 0.575490 0.256141
vt 0.573425 0.259690
vt 0.778769 0.249011
vt 0.779408 0.248854
vt 0.616924 0.257120
vt 0.614582 0.260934
vt 0.614582 0.257677
vt 0.616924 0.260377
vt 0.575490 0.253272
vt 0.576102 0.253513
vt 0.600397 0.256533
vt 0.599738 0.253272
vt 0.600397 0.253276
vt 0.599738 0.256529
vt 0.602651 0.253863
vt 0.602651 0.257120
vt 0.807898 0.588645
vt 0.808537 0.588488
vt 0.616923 0.253272
vt 0.614557 0.257071
vt 0.614557 0.253806
vt 0.616923 0.256536
vt 0.573425 0.253272
vt 0.574037 0.253513
vt 0.851433 0.242884
vt 0.853389 0.245105
vt 0.851995 0.244772
vt 0.850640 0.246203
vt 0.848724 0.245746
vt 0.846767 0.243525
vt 0.848162 0.243858
vt 0.849516 0.242427
vt 0.637852 0.975780
vt 0.639553 0.923600
vt 0.639746 0.975797
vt 0.637852 0.923585
vt 0.550607 0.979125
vt 0.551899 0.926926
vt 0.552046 0.979148
vt 0.550607 0.926905
vt 0.244094 0.976258
vt 0.245979 0.924030
vt 0.245979 0.976251
vt 0.244286 0.924036
vt 0.027900 0.975973
vt 0.029600 0.923797
vt 0.029793 0.975990
vt 0.027900 0.923781
vt 0.564858 0.979143
vt 0.566287 0.926980
vt 0.566287 0.979187
vt 0.565004 0.926940
vt 0.191863 0.354396
vt 0.196501 0.354484
vt 0.678985 0.914031
vt 0.674826 0.966045
vt 0.674826 0.914072
vt 0.678985 0.966004
vt 0.225428 0.282012
vt 0.230424 0.302584
vt 0.225433 0.300518
vt 0.230418 0.279944
vt 0.180755 0.300529
vt 0.175760 0.279957
vt 0.180751 0.282023
vt 0.191765 0.263944
vt 0.193833 0.268934
vt 0.214405 0.263939
vt 0.212339 0.268930
vt 0.221732 0.811557
vt 0.217213 0.693368
vt 0.221732 0.693326
vt 0.217213 0.811598
vt 0.784313 0.719697
vt 0.747413 0.601447
vt 0.784313 0.601400
vt 0.747413 0.719744
vt 0.183849 0.354415
vt 0.360890 0.519757
vt 0.429982 0.519757
vt 0.831266 0.262807
vt 0.846641 0.261838
vt 0.140271 0.934253
vt 0.135633 0.970146
vt 0.126792 0.934253
vt 0.140271 0.970047
vt 0.882143 0.035794
vt 0.876684 0.256370
vt 0.874129 0.035794
vt 0.880346 0.256370
vt 0.217213 0.833294
vt 0.221732 0.833253
vt 0.747413 0.741452
vt 0.784313 0.741405
vt 0.825379 0.403347
vt 0.824270 0.381680
vt 0.874129 0.000000
vt 0.882138 0.000393
vt 0.051404 0.911321
vt 0.054952 0.980362
vt 0.051404 0.980398
vt 0.054952 0.911285
vt 0.773499 -0.000000
vt 0.784440 0.002676
vt 0.186241 0.575034
vt 0.189902 0.575026
vt 0.477767 0.261838
vt 0.359510 0.261838
vt 0.335424 0.792178
vt 0.323631 0.774422
vt 0.335424 0.779307
vt 0.323631 0.797062
vt 0.344509 0.801263
vt 0.339640 0.813071
vt 0.357406 0.801268
vt 0.348801 0.813042
vt 0.348795 0.801250
vt 0.366497 0.792178
vt 0.366497 0.779307
vt 0.378289 0.774422
vt 0.357396 0.770206
vt 0.362280 0.758413
vt 0.344525 0.770206
vt 0.339640 0.758413
vt 0.512945 0.919876
vt 0.501892 0.971574
vt 0.501892 0.919604
vt 0.512945 0.971845
vt 0.970236 0.548439
vt 0.957757 0.600539
vt 0.957757 0.548569
vt 0.970236 0.600409
vt 0.591854 0.816699
vt 0.580521 0.868478
vt 0.580521 0.816494
vt 0.591854 0.868683
vt 0.604182 0.816574
vt 0.604182 0.868559
vt 0.535037 0.919865
vt 0.523997 0.971577
vt 0.523997 0.919604
vt 0.535037 0.971838
vt 0.666482 0.966129
vt 0.666482 0.914156
vt 0.971470 0.338792
vt 0.960111 0.390667
vt 0.960111 0.338664
vt 0.971470 0.390794
vt 0.490826 0.919604
vt 0.478527 0.971687
vt 0.478527 0.919684
vt 0.490826 0.971606
vt 0.273686 0.973070
vt 0.276962 0.926197
vt 0.276962 0.973036
vt 0.273686 0.926230
vt 0.339745 0.978716
vt 0.350136 0.932119
vt 0.350136 0.978962
vt 0.339745 0.931873
vt 0.537612 0.973866
vt 0.549345 0.926905
vt 0.549345 0.973748
vt 0.537612 0.927023
vt 0.289681 0.975419
vt 0.300379 0.928669
vt 0.300379 0.975539
vt 0.289681 0.928550
vt 0.452390 0.974533
vt 0.463954 0.927588
vt 0.463954 0.974457
vt 0.452390 0.927663
vt 0.371899 0.978714
vt 0.382269 0.932129
vt 0.382269 0.978969
vt 0.371899 0.931874
vt 0.285458 0.926107
vt 0.285458 0.972947
vt 0.323631 0.978714
vt 0.334255 0.932053
vt 0.334255 0.978906
vt 0.323631 0.931861
vt 0.566287 0.973913
vt 0.577877 0.926943
vt 0.577877 0.973796
vt 0.566287 0.927060
vt 0.812460 0.888391
vt 0.822252 0.884353
vt 0.821545 0.866403
vt 0.825596 0.876183
vt 0.834416 0.866404
vt 0.830366 0.876183
vt 0.948035 0.601475
vt 0.944981 0.601400
vt 0.951207 0.643874
vt 0.952748 0.604450
vt 0.952748 0.643858
vt 0.951207 0.604466
vt 0.942722 0.264871
vt 0.942722 0.383128
vt 0.949749 0.304310
vt 0.949749 0.264900
vt 0.951107 0.446357
vt 0.952246 0.416776
vt 0.952246 0.446350
vt 0.951107 0.416783
vt 0.946794 0.304340
vt 0.948272 0.264915
vt 0.948272 0.304325
vt 0.933954 0.301270
vt 0.918094 0.261943
vt 0.933954 0.261838
vt 0.918094 0.301375
vt 0.948272 0.343735
vt 0.948272 0.383145
vt 0.933954 0.380135
vt 0.918094 0.340807
vt 0.933954 0.340703
vt 0.918094 0.380239
vt 0.949749 0.383130
vt 0.951227 0.343705
vt 0.949749 0.343720
vt 0.949665 0.604482
vt 0.949665 0.643890
vt 0.933001 0.792179
vt 0.917120 0.752920
vt 0.933001 0.752760
vt 0.917120 0.792339
vt 0.949665 0.683298
vt 0.949665 0.722705
vt 0.948123 0.683314
vt 0.933001 0.871017
vt 0.917120 0.831758
vt 0.933001 0.831598
vt 0.917120 0.871177
vt 0.951207 0.722689
vt 0.952748 0.683266
vt 0.952748 0.722673
vt 0.951207 0.683282
vt 0.950652 0.261877
vt 0.949551 0.261888
vt 0.948691 0.413813
vt 0.948828 0.416798
vt 0.947841 0.413819
vt 0.371899 0.902149
vt 0.355822 0.872760
vt 0.371899 0.872593
vt 0.355822 0.902316
vt 0.371899 0.931704
vt 0.355822 0.931872
vt 0.951107 0.505506
vt 0.952246 0.475924
vt 0.952246 0.505498
vt 0.951107 0.475931
vt 0.339745 0.872757
vt 0.355822 0.902154
vt 0.339745 0.902315
vt 0.355822 0.872597
vt 0.355822 0.931712
vt 0.339745 0.931873
vt 0.951107 0.535080
vt 0.952246 0.535073
vt 0.948828 0.475946
vt 0.948828 0.505521
vt 0.947688 0.475954
vt 0.948828 0.535095
vt 0.339745 0.813642
vt 0.355822 0.843039
vt 0.339745 0.843200
vt 0.355822 0.813481
vt 0.948828 0.446372
vt 0.371899 0.843037
vt 0.355822 0.813649
vt 0.371899 0.813481
vt 0.355822 0.843204
vt 0.476770 0.874737
vt 0.478312 0.835313
vt 0.478311 0.874720
vt 0.476770 0.835329
vt 0.476770 0.953552
vt 0.478312 0.914128
vt 0.478312 0.953536
vt 0.476770 0.914144
vt 0.110947 0.855422
vt 0.126793 0.894751
vt 0.110947 0.894854
vt 0.126793 0.855318
vt 0.126793 0.934183
vt 0.110947 0.934286
vt 0.110947 0.815989
vt 0.126793 0.815886
vt 0.910552 0.736599
vt 0.912142 0.720017
vt 0.912142 0.736599
vt 0.910552 0.720017
vt 0.908962 0.736599
vt 0.910552 0.720017
vt 0.910552 0.736599
vt 0.908962 0.720017
vt 0.998420 0.364221
vt 0.999897 0.324796
vt 0.999897 0.364206
vt 0.998420 0.324811
vt 0.998420 0.443042
vt 0.999897 0.403617
vt 0.999897 0.443027
vt 0.998420 0.403632
vt 0.404037 0.853062
vt 0.419934 0.892319
vt 0.404037 0.892481
vt 0.419934 0.852900
vt 0.419934 0.931738
vt 0.404037 0.931899
vt 0.404037 0.813643
vt 0.419934 0.813481
vt 0.055479 0.886570
vt 0.053954 0.903178
vt 0.053954 0.886570
vt 0.055479 0.903178
vt 0.904296 0.253310
vt 0.905821 0.253310
vt 0.993963 0.659169
vt 0.995102 0.629587
vt 0.995102 0.659161
vt 0.993963 0.629595
vt 0.993963 0.718317
vt 0.995102 0.688736
vt 0.995102 0.718310
vt 0.993963 0.688743
vt 0.996242 0.688728
vt 0.996242 0.718302
vt 0.995102 0.747884
vt 0.996242 0.747877
vt 0.993963 0.747892
vt 0.996242 0.629580
vt 0.996242 0.659154
vt 0.907643 0.236742
vt 0.906451 0.253323
vt 0.906451 0.236742
vt 0.907644 0.253323
vt 0.905941 0.532533
vt 0.904748 0.549115
vt 0.904749 0.532533
vt 0.905941 0.549115
vt 0.908836 0.236742
vt 0.908836 0.253323
vt 0.903556 0.549115
vt 0.903556 0.532533
vt 0.951239 0.413797
vt 0.950390 0.413802
vt 0.938312 0.261895
vt 0.935181 0.261838
vt 0.947348 0.261910
vt 0.944312 0.261838
vt 0.950333 0.601451
vt 0.949184 0.601463
vt 0.949540 0.413808
vt 0.949967 0.416790
vt 0.944724 0.413784
vt 0.948449 0.261899
vt 0.950828 0.261875
vt 0.941718 0.261860
vt 0.951482 0.601439
vt 0.854410 0.240901
vt 0.858373 0.259048
vt 0.854410 0.255160
vt 0.858373 0.237096
vt 0.862337 0.255243
vt 0.858373 0.237096
vt 0.862337 0.240984
vt 0.825038 0.236983
vt 0.836096 0.251690
vt 0.825018 0.251690
vt 0.836048 0.236984
vt 0.781506 0.248854
vt 0.770476 0.234148
vt 0.781486 0.234148
vt 0.770428 0.248854
vt 0.944129 0.228699
vt 0.933589 0.118478
vt 0.944129 0.118372
vt 0.933589 0.228805
vt 0.638173 0.255532
vt 0.638170 0.254396
vt 0.640671 0.251896
vt 0.646741 0.254410
vt 0.644227 0.251896
vt 0.646740 0.255596
vt 0.326554 0.265717
vt 0.326554 0.263939
vt 0.326554 0.264828
vt 0.644226 0.260480
vt 0.643337 0.260480
vt 0.646740 0.257966
vt 0.638175 0.256669
vt 0.646741 0.256781
vt 0.638178 0.257806
vt 0.640670 0.260480
vt 0.638177 0.257987
vt 0.641559 0.260480
vt 0.868105 0.532081
vt 0.846469 0.413925
vt 0.868105 0.413784
vt 0.846469 0.532222
vt 0.866655 0.380359
vt 0.866655 0.262062
vt 0.846641 0.380135
vt 0.471832 0.877103
vt 0.452390 0.758413
vt 0.471832 0.758873
vt 0.452390 0.876643
vt 0.688167 0.863398
vt 0.666482 0.745360
vt 0.688167 0.745142
vt 0.666482 0.863617
vt 0.869497 0.720017
vt 0.849562 0.601400
vt 0.869497 0.601760
vt 0.849562 0.719657
vt 0.452390 0.877114
vt 0.432948 0.758413
vt 0.452390 0.758891
vt 0.432948 0.876636
vt 0.933563 0.000069
vt 0.944144 0.110365
vt 0.933563 0.110434
vt 0.944144 -0.000000
vt 0.740342 0.949809
vt 0.731452 0.831667
vt 0.740342 0.831579
vt 0.731452 0.949897
vt 0.933332 0.601400
vt 0.920271 0.719760
vt 0.920271 0.601537
vt 0.933332 0.719623
vt 0.499331 0.253821
vt 0.503177 0.253272
vt 0.499331 0.259303
vt 0.174685 0.926299
vt 0.169366 0.976721
vt 0.169366 0.926370
vt 0.174548 0.976652
vt 0.881546 0.581167
vt 0.886173 0.595448
vt 0.881546 0.594038
vt 0.886173 0.578986
vt 0.772400 0.859014
vt 0.777213 0.873614
vt 0.772400 0.871885
vt 0.777213 0.857152
vt 0.876826 0.580490
vt 0.881546 0.595448
vt 0.876826 0.593361
vt 0.881546 0.578986
vt 0.894322 0.735162
vt 0.889921 0.720017
vt 0.894322 0.722291
vt 0.889921 0.736479
vt 0.902631 0.735054
vt 0.898588 0.720017
vt 0.902631 0.722198
vt 0.898588 0.736460
vt 0.322416 0.725411
vt 0.318567 0.714928
vt 0.322416 0.716800
vt 0.318567 0.725941
vt 0.902676 0.411546
vt 0.898727 0.397199
vt 0.902676 0.398696
vt 0.898727 0.413633
vt 0.891297 0.534808
vt 0.895566 0.548995
vt 0.891297 0.547678
vt 0.895566 0.532533
vt 0.227397 0.885932
vt 0.213626 0.935916
vt 0.213261 0.885568
vt 0.227397 0.936271
vt 0.257726 0.926108
vt 0.257726 0.875769
vt 0.273274 0.925964
vt 0.931615 0.871470
vt 0.917495 0.921544
vt 0.917120 0.871177
vt 0.931615 0.921830
vt 0.468157 0.877103
vt 0.452390 0.927588
vt 0.452390 0.877228
vt 0.467750 0.927466
vt 0.189879 0.885985
vt 0.176125 0.935979
vt 0.175760 0.885622
vt 0.189879 0.936333
vt 0.976550 0.702203
vt 0.965878 0.752637
vt 0.965878 0.702289
vt 0.976275 0.752553
vt 0.304210 0.878165
vt 0.290056 0.928391
vt 0.289681 0.878002
vt 0.304210 0.928550
vt 0.448679 0.877114
vt 0.432948 0.927601
vt 0.432948 0.877217
vt 0.448273 0.927501
vt 0.820107 0.583737
vt 0.806038 0.588488
vt 0.808006 0.583737
vt 0.822075 0.588488
vt 0.828638 0.575206
vt 0.833395 0.577168
vt 0.828646 0.563062
vt 0.833378 0.571828
vt 0.828627 0.571830
vt 0.833401 0.561099
vt 0.820107 0.554523
vt 0.822075 0.549772
vt 0.808006 0.554523
vt 0.806038 0.549772
vt 0.799450 0.563080
vt 0.794699 0.561112
vt 0.799450 0.575181
vt 0.794699 0.577148
vt 0.322708 0.267943
vt 0.326554 0.382162
vt 0.322707 0.378238
vt 0.326554 0.263939
vt 0.326554 0.496381
vt 0.322707 0.382162
vt 0.326554 0.386086
vt 0.322707 0.500385
vt 0.566287 0.926789
vt 0.552046 0.816645
vt 0.566287 0.816494
vt 0.552046 0.926940
vt 0.714138 0.251896
vt 0.706453 0.247459
vt 0.706453 0.238585
vt 0.721824 0.238585
vt 0.714138 0.234148
vt 0.721824 0.247459
vt 0.611518 0.258004
vt 0.613050 0.257120
vt 0.614582 0.258005
vt 0.613050 0.260659
vt 0.614582 0.259774
vt 0.611518 0.259774
vt 0.096878 0.779430
vt 0.074875 0.779543
vt 0.074875 0.665109
vt 0.096878 0.661133
vt 0.074875 0.661246
vt 0.710823 0.523184
vt 0.708755 0.518194
vt 0.717916 0.518220
vt 0.729330 0.523179
vt 0.731395 0.518188
vt 0.221732 0.693257
vt 0.212724 0.693326
vt 0.212724 0.575103
vt 0.221732 0.578895
vt 0.221732 0.575034
vt 0.445134 0.248805
vt 0.327024 0.245776
vt 0.326965 0.213379
vt 0.478105 0.249093
vt 0.478228 0.214706
vt 0.459620 0.553665
vt 0.470561 0.556327
vt 0.390764 0.758413
vt 0.323631 0.520573
vt 0.323631 0.742077
vt 0.747413 0.517667
vt 0.747408 0.534194
vt 0.126956 0.761227
vt 0.110947 0.777237
vt 0.118953 0.760818
vt 0.310716 0.726225
vt 0.302921 0.726300
vt 0.302921 0.715042
vt 0.310710 0.693272
vt 0.302921 0.693347
vt 0.960111 0.264904
vt 0.959872 0.304313
vt 0.959872 0.264906
vt 0.959872 0.383128
vt 0.960111 0.383127
vt 0.886199 0.871323
vt 0.894755 0.879880
vt 0.894755 0.891980
vt 0.874098 0.900537
vt 0.886199 0.900537
vt 0.865577 0.883230
vt 0.865559 0.891998
vt 0.874098 0.871323
vt 0.865566 0.879854
vt 0.862714 0.729796
vt 0.858663 0.720017
vt 0.871534 0.720017
vt 0.866291 0.729796
vt 0.867483 0.729796
vt 0.865099 0.729796
vt 0.863906 0.729796
vt 0.870827 0.733384
vt 0.880606 0.733389
vt 0.880624 0.742000
vt 0.870833 0.736433
vt 0.870836 0.737958
vt 0.874062 0.253704
vt 0.871013 0.253704
vt 0.872538 0.253704
vt 0.859341 0.737938
vt 0.849562 0.741989
vt 0.849562 0.729118
vt 0.859341 0.734759
vt 0.859341 0.733169
vt 0.859341 0.736349
vt 0.956438 0.795271
vt 0.952499 0.755754
vt 0.956438 0.755861
vt 0.952499 0.873984
vt 0.952499 0.814869
vt 0.956438 0.874091
vt 0.948202 0.121410
vt 0.944129 0.160790
vt 0.944129 0.121358
vt 0.944129 0.239655
vt 0.944129 0.200223
vt 0.948202 0.239707
vt 0.951463 0.383054
vt 0.951463 0.264831
vt 0.955379 0.264941
vt 0.955379 0.343756
vt 0.955379 0.383164
vt 0.955379 0.304348
vt 0.094330 0.955437
vt 0.094330 0.837180
vt 0.098350 0.837264
vt 0.098350 0.866828
vt 0.098350 0.925957
vt 0.098350 0.955521
vt 0.668909 0.256844
vt 0.668912 0.257980
vt 0.666411 0.260480
vt 0.660341 0.257966
vt 0.662856 0.260480
vt 0.660342 0.256781
vt 0.326554 0.269272
vt 0.326554 0.271050
vt 0.326554 0.270161
vt 0.662856 0.251896
vt 0.663745 0.251896
vt 0.660342 0.254410
vt 0.668907 0.255707
vt 0.660341 0.255596
vt 0.668904 0.254571
vt 0.666412 0.251896
vt 0.668905 0.254389
vt 0.665523 0.251896
vt 0.741337 0.818204
vt 0.734583 0.741704
vt 0.741337 0.741476
vt 0.734583 0.818432
vt 0.969725 0.195218
vt 0.961363 0.118372
vt 0.969725 0.118489
vt 0.961363 0.195100
vt 0.255069 0.950354
vt 0.246422 0.873675
vt 0.255069 0.873608
vt 0.246422 0.950420
vt 0.820630 0.818199
vt 0.813877 0.741713
vt 0.820630 0.741476
vt 0.813877 0.818436
vt 0.975865 0.841660
vt 0.981176 0.752760
vt 0.981176 0.841633
vt 0.975865 0.752787
vt 0.943776 0.874127
vt 0.952409 0.950855
vt 0.943776 0.950898
vt 0.952409 0.874083
vt 0.969487 0.829606
vt 0.961125 0.752760
vt 0.969487 0.752883
vt 0.961125 0.829484
vt 0.672755 0.245752
vt 0.668027 0.251896
vt 0.668027 0.248482
vt 0.675712 0.247459
vt 0.660341 0.247459
vt 0.663298 0.245752
vt 0.660342 0.238584
vt 0.663298 0.240291
vt 0.668027 0.234147
vt 0.668027 0.237561
vt 0.675712 0.238585
vt 0.672755 0.240292
vt 0.990424 0.420928
vt 0.993331 0.324796
vt 0.993331 0.420913
vt 0.990424 0.324811
vt 0.985914 0.099304
vt 0.991059 0.010562
vt 0.991059 0.099379
vt 0.985913 0.010487
vt 0.971523 0.413679
vt 0.975678 0.324716
vt 0.975678 0.413533
vt 0.971523 0.324862
vt 0.975773 0.962975
vt 0.981094 0.874091
vt 0.981094 0.962933
vt 0.975773 0.874132
vt 0.982454 0.579452
vt 0.987599 0.490702
vt 0.987599 0.579525
vt 0.982454 0.490629
vt 0.319279 0.815263
vt 0.323434 0.726300
vt 0.323434 0.815122
vt 0.319279 0.726440
vt 0.751380 0.257302
vt 0.746652 0.257044
vt 0.748792 0.255808
vt 0.751380 0.259774
vt 0.746652 0.251584
vt 0.748792 0.252820
vt 0.751380 0.248854
vt 0.751380 0.251326
vt 0.756109 0.251584
vt 0.753968 0.252820
vt 0.756109 0.257044
vt 0.753968 0.255808
vt 0.486191 0.258827
vt 0.485262 0.255302
vt 0.486191 0.255839
vt 0.485262 0.259364
vt 0.993931 0.106544
vt 0.996747 0.010528
vt 0.996747 0.106585
vt 0.993931 0.010487
vt 0.996050 0.291355
vt 0.998324 0.195218
vt 0.998324 0.291275
vt 0.996050 0.195297
vt 0.990371 0.848867
vt 0.993284 0.752760
vt 0.993284 0.848845
vt 0.990371 0.752783
vt 0.993432 0.586693
vt 0.996248 0.490669
vt 0.996248 0.586732
vt 0.993432 0.490629
vt 0.995578 0.970231
vt 0.997852 0.874091
vt 0.997852 0.970154
vt 0.995578 0.874168
vt 0.534681 0.258853
vt 0.538208 0.253272
vt 0.538631 0.258853
vt 0.534896 0.253272
vt 0.488779 0.253272
vt 0.488779 0.254344
vt 0.492297 0.255302
vt 0.491367 0.255839
vt 0.492296 0.259363
vt 0.491367 0.258827
vt 0.488779 0.261394
vt 0.488779 0.260321
vt 0.605539 0.257591
vt 0.603283 0.260434
vt 0.603283 0.257123
vt 0.605539 0.260902
vt 0.815444 0.595920
vt 0.821711 0.598185
vt 0.816312 0.599648
vt 0.820984 0.595061
vt 0.738028 0.830328
vt 0.737075 0.824204
vt 0.740581 0.828583
vt 0.734935 0.825667
vt 0.530723 0.258859
vt 0.534276 0.253272
vt 0.534680 0.258859
vt 0.530959 0.253272
vt 0.808537 0.595921
vt 0.814805 0.598185
vt 0.809407 0.599648
vt 0.814077 0.595061
vt 0.825795 0.600380
vt 0.824844 0.594259
vt 0.828350 0.598638
vt 0.822702 0.595719
vt 0.014110 0.975777
vt 0.016027 0.923551
vt 0.016027 0.975772
vt 0.014305 0.923555
vt 0.822350 0.598027
vt 0.821623 0.594902
vt 0.736723 0.823648
vt 0.734583 0.825111
vt 0.602625 0.257120
vt 0.602625 0.260431
vt 0.815444 0.598027
vt 0.814715 0.594903
vt 0.824492 0.593703
vt 0.822350 0.595163
vt 0.563213 0.253272
vt 0.566616 0.257455
vt 0.563213 0.257455
vt 0.566617 0.253272
vt 0.819962 0.591075
vt 0.820601 0.590917
vt 0.855431 0.542816
vt 0.859713 0.546095
vt 0.856402 0.546885
vt 0.858742 0.542026
vt 0.827951 0.591477
vt 0.828303 0.592033
vt 0.298703 0.574942
vt 0.295299 0.570758
vt 0.298703 0.570758
vt 0.295299 0.574942
vt 0.813056 0.591076
vt 0.813695 0.590917
vt 0.857373 0.536291
vt 0.853091 0.533012
vt 0.856402 0.532222
vt 0.854062 0.537081
vt 0.740182 0.821421
vt 0.740534 0.821977
vt 0.821711 0.588647
vt 0.822350 0.588488
vt 0.619288 0.253272
vt 0.616923 0.257013
vt 0.616923 0.253696
vt 0.619288 0.256589
vt 0.828350 0.588488
vt 0.828702 0.589044
vt 0.603310 0.256594
vt 0.602651 0.253272
vt 0.603310 0.253277
vt 0.602651 0.256589
vt 0.605539 0.253736
vt 0.605539 0.257053
vt 0.814805 0.588647
vt 0.815444 0.588488
vt 0.619265 0.257120
vt 0.616924 0.260875
vt 0.616924 0.257564
vt 0.619265 0.260431
vt 0.740581 0.818432
vt 0.740933 0.818988
vt 0.855840 0.541442
vt 0.853091 0.540344
vt 0.854486 0.540011
vt 0.855048 0.538123
vt 0.856964 0.537665
vt 0.859713 0.538764
vt 0.858319 0.539096
vt 0.857756 0.540985
vt 0.271348 0.978299
vt 0.273015 0.926127
vt 0.273205 0.978321
vt 0.271348 0.926108
vt 0.857967 0.970005
vt 0.859314 0.917765
vt 0.859467 0.969954
vt 0.857967 0.917811
vt 0.011927 0.975766
vt 0.013847 0.923551
vt 0.013847 0.975756
vt 0.012123 0.923559
vt 0.269491 0.978302
vt 0.271159 0.926126
vt 0.271348 0.978323
vt 0.269491 0.926108
vt 0.053954 0.886570
vt 0.055301 0.834328
vt 0.055453 0.886520
vt 0.053954 0.834373
vt 0.731310 0.482395
vt 0.726672 0.482306
vt 0.886803 0.532533
vt 0.886803 0.414310
vt 0.868105 0.532007
vt 0.055544 0.660996
vt 0.055544 0.664859
vt 0.932725 0.417472
vt 0.943507 0.524111
vt 0.932725 0.524197
vt 0.943507 0.417387
vt 0.890969 0.900537
vt 0.886754 0.952539
vt 0.886754 0.900569
vt 0.890969 0.952507
vt 0.697745 0.554779
vt 0.692750 0.534207
vt 0.697741 0.536272
vt 0.692755 0.556847
vt 0.742418 0.536262
vt 0.747413 0.556834
vt 0.742423 0.554768
vt 0.731408 0.572847
vt 0.729340 0.567857
vt 0.708768 0.572852
vt 0.710834 0.567861
vt 0.323141 0.693201
vt 0.318567 0.575010
vt 0.323141 0.574978
vt 0.318567 0.693233
vt 0.212724 0.693302
vt 0.175760 0.575034
vt 0.212724 0.575045
vt 0.175760 0.693291
vt 0.739324 0.482376
vt 0.447567 0.000606
vt 0.378454 -0.000000
vt 0.302921 0.575116
vt 0.318567 0.574978
vt 0.142431 0.970076
vt 0.147069 0.934183
vt 0.155910 0.970076
vt 0.142431 0.934282
vt 0.222410 0.795620
vt 0.227910 0.575035
vt 0.230424 0.795621
vt 0.224248 0.575035
vt 0.318567 0.714928
vt 0.323141 0.714896
vt 0.175760 0.714992
vt 0.212724 0.715003
vt 0.289681 0.715143
vt 0.289681 0.693447
vt 0.230424 0.831414
vt 0.222414 0.831021
vt 0.780040 0.818465
vt 0.783636 0.887509
vt 0.780040 0.887537
vt 0.783636 0.818437
vt 0.467586 0.519757
vt 0.478527 0.522420
vt 0.737035 0.261838
vt 0.733374 0.261847
vt 0.326965 0.261838
vt 0.110947 0.779183
vt 0.289681 0.575216
vt 0.153812 0.782121
vt 0.165605 0.799876
vt 0.153812 0.794992
vt 0.165605 0.777236
vt 0.144727 0.773036
vt 0.149596 0.761227
vt 0.131830 0.773030
vt 0.140435 0.761256
vt 0.140440 0.773049
vt 0.122739 0.782121
vt 0.122739 0.794992
vt 0.110947 0.799877
vt 0.131840 0.804093
vt 0.126956 0.815886
vt 0.144711 0.804093
vt 0.149596 0.815886
vt 0.975927 0.052548
vt 0.965298 0.104233
vt 0.965298 0.052260
vt 0.975927 0.104521
vt 0.080860 0.902162
vt 0.068212 0.954230
vt 0.068212 0.902257
vt 0.080860 0.954135
vt 0.300671 0.826000
vt 0.289681 0.877860
vt 0.289681 0.825858
vt 0.300671 0.878002
vt 0.313179 0.825936
vt 0.313179 0.877938
vt 0.430551 0.924161
vt 0.419934 0.975832
vt 0.419934 0.923862
vt 0.430551 0.976131
vt 0.878296 0.952606
vt 0.878296 0.900636
vt 0.971797 0.490857
vt 0.960875 0.542614
vt 0.971797 0.542842
vt 0.957757 0.548439
vt 0.945227 0.600522
vt 0.945227 0.548538
vt 0.957757 0.600424
vt 0.917120 0.968762
vt 0.920439 0.921895
vt 0.920439 0.968737
vt 0.917120 0.921919
vt 0.975678 0.460518
vt 0.985672 0.413960
vt 0.985672 0.460800
vt 0.975678 0.413679
vt 0.640236 0.970514
vt 0.652127 0.923582
vt 0.652127 0.970422
vt 0.640236 0.923674
vt 0.969725 0.165225
vt 0.980010 0.118586
vt 0.980010 0.165439
vt 0.969725 0.118372
vt 0.230424 0.970976
vt 0.242204 0.924030
vt 0.242204 0.970883
vt 0.230424 0.924123
vt 0.975929 0.046843
vt 0.985903 0.000270
vt 0.985903 0.047113
vt 0.929052 0.921829
vt 0.929052 0.968672
vt 0.404037 0.978768
vt 0.414338 0.932032
vt 0.414338 0.978901
vt 0.404037 0.931899
vt 0.157606 0.973228
vt 0.169366 0.926299
vt 0.169366 0.973168
vt 0.157606 0.926359
vt 0.880619 0.729103
vt 0.870828 0.733141
vt 0.871534 0.751090
vt 0.867483 0.741311
vt 0.858663 0.751090
vt 0.862713 0.741311
vt 0.956446 0.752840
vt 0.953510 0.752760
vt 0.959563 0.795247
vt 0.961125 0.755826
vt 0.961125 0.795236
vt 0.959563 0.755837
vt 0.952837 0.121387
vt 0.952837 0.239684
vt 0.958374 0.304325
vt 0.958374 0.264917
vt 0.101833 0.866801
vt 0.102994 0.837228
vt 0.102994 0.866792
vt 0.101833 0.837237
vt 0.956877 0.264929
vt 0.956877 0.304337
vt 0.624093 0.844620
vt 0.607932 0.805330
vt 0.624093 0.805201
vt 0.607932 0.844749
vt 0.956877 0.343744
vt 0.956877 0.383152
vt 0.624093 0.923458
vt 0.607932 0.884168
vt 0.624093 0.884039
vt 0.607932 0.923587
vt 0.958374 0.383140
vt 0.959872 0.343721
vt 0.958374 0.343733
vt 0.958000 0.755849
vt 0.958000 0.795259
vt 0.339745 0.852913
vt 0.323631 0.813564
vt 0.339745 0.813481
vt 0.323631 0.852996
vt 0.958000 0.834669
vt 0.958000 0.874079
vt 0.956438 0.834681
vt 0.339745 0.931778
vt 0.323631 0.892429
vt 0.339745 0.892346
vt 0.323631 0.931861
vt 0.959563 0.874068
vt 0.961125 0.834646
vt 0.961125 0.874056
vt 0.959563 0.834658
vt 0.959376 0.261894
vt 0.958260 0.261903
vt 0.099455 0.834257
vt 0.099511 0.837255
vt 0.098589 0.834264
vt 0.906451 0.088673
vt 0.890156 0.059237
vt 0.906451 0.059115
vt 0.890156 0.088795
vt 0.906451 0.118230
vt 0.890156 0.118352
vt 0.101833 0.925929
vt 0.102994 0.896356
vt 0.102994 0.925920
vt 0.101833 0.896365
vt 0.890156 0.177590
vt 0.906451 0.207019
vt 0.890156 0.207146
vt 0.906451 0.177464
vt 0.906451 0.236575
vt 0.890156 0.236702
vt 0.101833 0.955493
vt 0.102994 0.955484
vt 0.099511 0.896383
vt 0.099511 0.925948
vt 0.098350 0.896393
vt 0.099511 0.955512
vt 0.890156 0.118479
vt 0.906451 0.147908
vt 0.890156 0.148035
vt 0.906451 0.118352
vt 0.099511 0.866819
vt 0.906451 0.029558
vt 0.890156 0.000122
vt 0.906451 -0.000000
vt 0.890156 0.029679
vt 0.430894 0.852903
vt 0.432457 0.813481
vt 0.432457 0.852891
vt 0.430894 0.813493
vt 0.430894 0.931723
vt 0.432457 0.892302
vt 0.432457 0.931712
vt 0.430894 0.892313
vt 0.624093 0.844748
vt 0.640236 0.884039
vt 0.624093 0.884167
vt 0.640236 0.844620
vt 0.640236 0.923458
vt 0.624093 0.923585
vt 0.624093 0.805329
vt 0.640236 0.805201
vt 0.913732 0.720017
vt 0.912142 0.736599
vt 0.912142 0.720017
vt 0.913732 0.736599
vt 0.912300 0.532533
vt 0.910711 0.549114
vt 0.910711 0.532533
vt 0.912300 0.549115
vt 0.998324 0.234637
vt 0.999822 0.195218
vt 0.999822 0.234625
vt 0.998324 0.195229
vt 0.998324 0.313452
vt 0.999822 0.274033
vt 0.999822 0.313441
vt 0.998324 0.274045
vt 0.640236 0.844717
vt 0.656367 0.884066
vt 0.640236 0.884150
vt 0.656367 0.844634
vt 0.656367 0.923498
vt 0.640236 0.923582
vt 0.640236 0.805285
vt 0.656367 0.805202
vt 0.912178 0.397364
vt 0.913702 0.380756
vt 0.913702 0.397364
vt 0.912178 0.380756
vt 0.872538 0.237096
vt 0.871013 0.237096
vt 0.993256 0.903674
vt 0.994417 0.874100
vt 0.994417 0.903664
vt 0.993256 0.874109
vt 0.993256 0.962802
vt 0.994417 0.933229
vt 0.994417 0.962793
vt 0.993256 0.933238
vt 0.995578 0.933219
vt 0.995578 0.962784
vt 0.994417 0.992357
vt 0.995578 0.992348
vt 0.993256 0.992366
vt 0.995578 0.874091
vt 0.995578 0.903655
vt 0.907133 0.549115
vt 0.908326 0.532533
vt 0.908325 0.549115
vt 0.907133 0.532533
vt 0.905818 0.397338
vt 0.907011 0.380756
vt 0.907010 0.397338
vt 0.905818 0.380756
vt 0.905941 0.549115
vt 0.905941 0.532533
vt 0.908203 0.380756
vt 0.908203 0.397338
vt 0.102051 0.834236
vt 0.101185 0.834243
vt 0.948462 0.118411
vt 0.945425 0.118371
vt 0.956027 0.261920
vt 0.953107 0.261838
vt 0.958776 0.752822
vt 0.957611 0.752831
vt 0.100320 0.834250
vt 0.100672 0.837246
vt 0.095592 0.834201
vt 0.957143 0.261912
vt 0.959554 0.261893
vt 0.951917 0.118393
vt 0.959940 0.752814
vt 0.850987 0.007595
vt 0.854886 0.118230
vt 0.850987 0.114296
vt 0.854886 0.003861
vt 0.832637 0.118397
vt 0.836536 0.114404
vt 0.836536 0.004101
vt 0.854886 -0.000000
vt 0.850987 0.003993
vt 0.832637 0.000166
vt 0.836536 0.007703
vt 0.832637 0.004027
vt 0.172045 0.819488
vt 0.157606 0.815997
vt 0.172045 0.815886
vt 0.157606 0.819598
vt 0.824997 0.251690
vt 0.813940 0.236983
vt 0.825018 0.236983
vt 0.813988 0.251689
vt 0.759350 0.234148
vt 0.770380 0.248854
vt 0.759371 0.248854
vt 0.770428 0.234148
vt 0.944028 0.605004
vt 0.933332 0.601455
vt 0.944028 0.601400
vt 0.933332 0.605059
vt 0.944028 0.711765
vt 0.172045 0.926188
vt 0.157606 0.926299
vt 0.932725 0.413870
vt 0.943507 0.413784
vt 0.813940 0.003521
vt 0.813940 0.117890
vt 0.055544 0.779293
vt 0.874129 0.114796
vt 0.854886 0.000000
vt 0.874129 0.000401
vt 0.854886 0.114395
vt 0.865559 0.867155
vt 0.843517 0.752934
vt 0.865559 0.752760
vt 0.866198 0.237127
vt 0.862337 0.259138
vt 0.862337 0.237096
vt 0.866198 0.259169
vt 0.322707 0.519713
vt 0.326568 0.500385
vt 0.326568 0.519632
vt 0.322707 0.500465
vt 0.212724 0.712135
vt 0.216584 0.693326
vt 0.216584 0.712031
vt 0.212724 0.693431
vt 0.510867 0.255015
vt 0.514711 0.258754
vt 0.510867 0.259301
vt 0.514711 0.253272
vt 0.170995 0.760818
vt 0.165605 0.811221
vt 0.165605 0.760874
vt 0.170856 0.811165
vt 0.886894 0.546811
vt 0.882268 0.532533
vt 0.886894 0.533940
vt 0.882268 0.548995
vt 0.864528 0.546820
vt 0.859713 0.532222
vt 0.864528 0.533949
vt 0.859713 0.548684
vt 0.288616 0.872408
vt 0.283893 0.857450
vt 0.288616 0.859537
vt 0.283893 0.873912
vt 0.886894 0.533848
vt 0.891297 0.548995
vt 0.886894 0.546719
vt 0.891297 0.532533
vt 0.895566 0.533936
vt 0.899609 0.548976
vt 0.895566 0.546792
vt 0.849903 0.590544
vt 0.853750 0.601029
vt 0.849903 0.599154
vt 0.853750 0.590016
vt 0.902631 0.722104
vt 0.906577 0.736451
vt 0.902631 0.734953
vt 0.906577 0.720017
vt 0.898588 0.734203
vt 0.894322 0.720017
vt 0.898588 0.721332
vt 0.894322 0.736479
vt 0.826049 0.897870
vt 0.812806 0.947830
vt 0.812455 0.897477
vt 0.826049 0.948214
vt 0.917477 0.549772
vt 0.901300 0.600206
vt 0.901300 0.549863
vt 0.917060 0.600118
vt 0.755393 0.888446
vt 0.741700 0.938615
vt 0.741337 0.888226
vt 0.755393 0.938830
vt 0.246422 0.873608
vt 0.230424 0.924030
vt 0.230424 0.873646
vt 0.246008 0.923993
vt 0.839628 0.897895
vt 0.826400 0.947831
vt 0.826049 0.897477
vt 0.839628 0.948238
vt 0.976696 0.601400
vt 0.965878 0.651800
vt 0.965878 0.601457
vt 0.976417 0.651745
vt 0.769361 0.888526
vt 0.755753 0.938594
vt 0.755393 0.888226
vt 0.769361 0.938887
vt 0.016027 0.873075
vt 0.000000 0.923551
vt 0.000000 0.873190
vt 0.015612 0.923439
vt 0.706044 0.836330
vt 0.720112 0.831579
vt 0.718145 0.836330
vt 0.704076 0.831579
vt 0.697513 0.844861
vt 0.692756 0.842900
vt 0.697505 0.857005
vt 0.692773 0.848240
vt 0.697523 0.848237
vt 0.692750 0.858968
vt 0.706044 0.865544
vt 0.704076 0.870295
vt 0.718145 0.865544
vt 0.720113 0.870295
vt 0.726701 0.856987
vt 0.731452 0.858955
vt 0.726701 0.844886
vt 0.731452 0.842919
vt 0.637285 0.234148
vt 0.629600 0.247459
vt 0.629600 0.238585
vt 0.644971 0.247459
vt 0.637285 0.251896
vt 0.644971 0.238585
vt 0.607072 0.256811
vt 0.608604 0.254156
vt 0.608604 0.255926
vt 0.605539 0.254156
vt 0.607071 0.253272
vt 0.605539 0.255926
vt 0.267014 0.525310
vt 0.259921 0.520347
vt 0.269082 0.520320
vt 0.248507 0.525306
vt 0.246442 0.520315
vt 0.208911 0.250985
vt 0.326965 0.214847
vt 0.326874 0.247758
vt 0.175953 0.251400
vt 0.175760 0.216756
vt 0.556555 0.538813
vt 0.625513 0.745142
vt 0.545598 0.541424
vt 0.692746 0.506358
vt 0.692746 0.729120
vt 0.230424 0.519794
vt 0.230429 0.536320
vt 0.394298 0.813071
vt 0.386296 0.813481
vt 0.828847 0.752666
vt 0.836507 0.741503
vt 0.836507 0.752760
vt 0.828853 0.719713
vt 0.836507 0.719807
vt 0.313179 0.828905
vt 0.313415 0.828907
vt 0.313415 0.868315
vt 0.313415 0.947130
vt 0.313179 0.947128
vt 0.076184 0.902162
vt 0.084740 0.881505
vt 0.084740 0.893606
vt 0.064083 0.872948
vt 0.076184 0.872948
vt 0.055562 0.890255
vt 0.055544 0.881487
vt 0.064083 0.902162
vt 0.055552 0.893631
vt 0.754489 0.878447
vt 0.763309 0.888226
vt 0.750439 0.888226
vt 0.758066 0.878446
vt 0.759259 0.878446
vt 0.755681 0.878446
vt 0.756874 0.878446
vt 0.762602 0.874859
vt 0.772400 0.866243
vt 0.772381 0.874854
vt 0.762609 0.871810
vt 0.762612 0.870285
vt 0.905818 0.380756
vt 0.904293 0.380756
vt 0.751116 0.870304
vt 0.741337 0.879125
vt 0.741337 0.866254
vt 0.751116 0.873484
vt 0.751117 0.875074
vt 0.751116 0.871894
vt 0.948398 0.795263
vt 0.948398 0.755853
vt 0.952499 0.755756
vt 0.952499 0.873987
vt 0.948398 0.874084
vt 0.952499 0.814872
vt 0.034571 0.837415
vt 0.038560 0.837328
vt 0.038560 0.876746
vt 0.038560 0.955584
vt 0.034571 0.955672
vt 0.321922 0.947078
vt 0.317845 0.828954
vt 0.321922 0.828855
vt 0.317845 0.947177
vt 0.317845 0.907770
vt 0.961361 0.722669
vt 0.957424 0.604427
vt 0.961361 0.604372
vt 0.957424 0.634002
vt 0.957424 0.722724
vt 0.957424 0.693150
vt 0.655308 0.255533
vt 0.652811 0.251896
vt 0.655311 0.254396
vt 0.646741 0.254411
vt 0.649255 0.251896
vt 0.646741 0.255596
vt 0.326554 0.267495
vt 0.326554 0.266606
vt 0.326554 0.265717
vt 0.649255 0.260480
vt 0.646741 0.257966
vt 0.650144 0.260480
vt 0.646741 0.256781
vt 0.655306 0.256669
vt 0.655304 0.257806
vt 0.655304 0.257987
vt 0.652811 0.260480
vt 0.651922 0.260480
vt 0.969488 0.829489
vt 0.969488 0.752760
vt 0.975865 0.753005
vt 0.975865 0.829733
vt 0.468157 0.953928
vt 0.468157 0.877200
vt 0.476690 0.877104
vt 0.476690 0.953832
vt 0.596662 0.945455
vt 0.596662 0.868683
vt 0.605371 0.868720
vt 0.605371 0.945491
vt 0.969395 0.950815
vt 0.969395 0.874091
vt 0.975773 0.874345
vt 0.975773 0.951069
vt 0.981028 0.413679
vt 0.975678 0.413642
vt 0.975678 0.324800
vt 0.981028 0.324836
vt 0.730641 0.870354
vt 0.730641 0.947100
vt 0.721946 0.947040
vt 0.721946 0.870295
vt 0.304209 0.954826
vt 0.304209 0.878103
vt 0.312742 0.878002
vt 0.312742 0.954726
vt 0.683398 0.237562
vt 0.678669 0.240292
vt 0.675712 0.238585
vt 0.683398 0.234148
vt 0.678669 0.245752
vt 0.675712 0.247459
vt 0.683397 0.248482
vt 0.683397 0.251896
vt 0.688126 0.245752
vt 0.691083 0.247459
vt 0.688126 0.240292
vt 0.691083 0.238585
vt 0.993256 0.970196
vt 0.990328 0.970176
vt 0.990328 0.874091
vt 0.993256 0.874111
vt 0.982454 0.579446
vt 0.977203 0.579508
vt 0.977203 0.490691
vt 0.982454 0.490629
vt 0.991091 0.740774
vt 0.987167 0.740618
vt 0.987167 0.651801
vt 0.991091 0.651957
vt 0.811794 0.980294
vt 0.806436 0.980271
vt 0.806436 0.891399
vt 0.811794 0.891421
vt 0.981942 0.740623
vt 0.976692 0.740683
vt 0.976692 0.651860
vt 0.981942 0.651800
vt 0.084784 0.991135
vt 0.080860 0.990985
vt 0.080860 0.902162
vt 0.084784 0.902313
vt 0.760838 0.251326
vt 0.758249 0.252820
vt 0.756109 0.251584
vt 0.760838 0.248854
vt 0.758249 0.255808
vt 0.760838 0.257302
vt 0.760838 0.259774
vt 0.763426 0.255808
vt 0.765566 0.257044
vt 0.763426 0.252820
vt 0.765566 0.251584
vt 0.479157 0.255838
vt 0.479157 0.258827
vt 0.478228 0.259363
vt 0.478228 0.255302
vt 0.842501 0.993534
vt 0.839628 0.993567
vt 0.839628 0.897510
vt 0.842501 0.897477
vt 1.000000 0.970234
vt 0.997852 0.970148
vt 0.997852 0.874091
vt 1.000000 0.874177
vt 0.993191 0.291347
vt 0.990258 0.291335
vt 0.990258 0.195218
vt 0.993191 0.195230
vt 0.990558 0.586725
vt 0.990558 0.490662
vt 0.993432 0.490629
vt 0.998895 0.106632
vt 0.996747 0.106550
vt 0.996747 0.010487
vt 0.998895 0.010569
vt 0.530723 0.258859
vt 0.526744 0.258859
vt 0.527141 0.253272
vt 0.530477 0.253272
vt 0.481745 0.260321
vt 0.481745 0.261394
vt 0.484333 0.258827
vt 0.485262 0.259364
vt 0.484333 0.255839
vt 0.485262 0.255302
vt 0.481745 0.254344
vt 0.481745 0.253272
vt 0.611669 0.253685
vt 0.613898 0.253276
vt 0.613898 0.256611
vt 0.611669 0.257020
vt 0.801618 0.595850
vt 0.800730 0.599653
vt 0.795338 0.598162
vt 0.796082 0.594975
vt 0.829408 0.600380
vt 0.828702 0.597545
vt 0.834229 0.596590
vt 0.834821 0.598966
vt 0.526744 0.258853
vt 0.522759 0.258853
vt 0.523167 0.253272
vt 0.526507 0.253272
vt 0.772487 0.256217
vt 0.771597 0.260019
vt 0.766205 0.258528
vt 0.766952 0.255341
vt 0.836162 0.600374
vt 0.835453 0.597540
vt 0.840981 0.596589
vt 0.841575 0.598964
vt 0.931615 0.974044
vt 0.929684 0.974035
vt 0.929684 0.921829
vt 0.931418 0.921837
vt 0.794699 0.598005
vt 0.795443 0.594817
vt 0.834861 0.596406
vt 0.835453 0.598782
vt 0.614557 0.253272
vt 0.614557 0.256607
vt 0.765566 0.258370
vt 0.766313 0.255184
vt 0.841613 0.596405
vt 0.842207 0.598780
vt 0.563213 0.261639
vt 0.563213 0.257455
vt 0.566616 0.257455
vt 0.566617 0.261639
vt 0.796453 0.590886
vt 0.797093 0.591044
vt 0.848809 0.536291
vt 0.849780 0.532222
vt 0.853091 0.533012
vt 0.852120 0.537082
vt 0.839885 0.592682
vt 0.840517 0.592497
vt 0.573425 0.257455
vt 0.573425 0.261638
vt 0.570021 0.261639
vt 0.570021 0.257455
vt 0.767322 0.251253
vt 0.767961 0.251410
vt 0.850751 0.542816
vt 0.849780 0.546885
vt 0.846469 0.546095
vt 0.847441 0.542026
vt 0.833133 0.592683
vt 0.833764 0.592499
vt 0.794699 0.588488
vt 0.795338 0.588645
vt 0.619288 0.253272
vt 0.621629 0.253641
vt 0.621629 0.256981
vt 0.619288 0.256612
vt 0.841575 0.590200
vt 0.842207 0.590016
vt 0.607794 0.260463
vt 0.607794 0.257122
vt 0.608453 0.257120
vt 0.608453 0.260460
vt 0.605539 0.257511
vt 0.605539 0.260851
vt 0.765566 0.248854
vt 0.766205 0.249011
vt 0.619265 0.257120
vt 0.621630 0.257497
vt 0.621630 0.260832
vt 0.619265 0.260455
vt 0.834821 0.590201
vt 0.835453 0.590016
vt 0.849218 0.537665
vt 0.847864 0.539096
vt 0.846469 0.538764
vt 0.848426 0.540985
vt 0.850342 0.541442
vt 0.851697 0.540011
vt 0.851135 0.538123
vt 0.637852 0.975777
vt 0.635958 0.975794
vt 0.636151 0.923601
vt 0.579293 0.979186
vt 0.577877 0.979131
vt 0.578021 0.926943
vt 0.579293 0.926992
vt 0.536971 0.971829
vt 0.535037 0.971825
vt 0.535037 0.919604
vt 0.536774 0.919607
vt 0.665908 0.975777
vt 0.664014 0.975793
vt 0.664207 0.923597
vt 0.665908 0.923582
vt 0.465370 0.979832
vt 0.463954 0.979779
vt 0.464098 0.927588
vt 0.465370 0.927636
vt 0.824270 0.532081
vt 0.824270 0.413784
vt 0.846469 0.413878
vt 0.846469 0.532175
vt 0.865558 0.871323
vt 0.865558 0.753026
vt 0.884400 0.871057
vt 0.246527 0.484521
vt 0.251165 0.484433
vt 0.854410 0.237096
vt 0.854410 0.118873
vt 0.873874 0.118397
vt 0.873874 0.236620
vt 0.014443 0.779515
vt 0.014443 0.661258
vt 0.036609 0.661413
vt 0.036609 0.779670
vt 0.055544 0.660996
vt 0.055544 0.779253
vt 0.714690 0.831579
vt 0.714690 0.713349
vt 0.734155 0.712890
vt 0.734155 0.831121
vt 0.933563 0.000046
vt 0.933563 0.110411
vt 0.922704 0.110365
vt 0.922704 -0.000000
vt 0.843517 0.917765
vt 0.847674 0.917808
vt 0.847674 0.969778
vt 0.843517 0.969735
vt 0.280092 0.556905
vt 0.280096 0.538399
vt 0.285087 0.536333
vt 0.285082 0.558973
vt 0.235419 0.538388
vt 0.235414 0.556894
vt 0.230424 0.558960
vt 0.248497 0.569983
vt 0.246429 0.574973
vt 0.267003 0.569988
vt 0.269069 0.574978
vt 0.085445 0.952424
vt 0.085445 0.834201
vt 0.094330 0.834293
vt 0.094330 0.952516
vt 0.961361 0.719623
vt 0.961361 0.601400
vt 0.965878 0.601444
vt 0.965878 0.719667
vt 0.692750 0.691182
vt 0.692750 0.572885
vt 0.729684 0.691149
vt 0.238513 0.484502
vt 0.205998 0.000873
vt 0.275085 -0.000000
vt 0.836507 0.601577
vt 0.821112 0.601400
vt 0.110947 0.934286
vt 0.124426 0.934286
vt 0.115585 0.970179
vt 0.110947 0.970080
vt 0.882142 0.035794
vt 0.890156 0.035794
vt 0.887601 0.256370
vt 0.883940 0.256370
vt 0.965878 0.741361
vt 0.961361 0.741318
vt 0.729684 0.712858
vt 0.692750 0.712890
vt 0.849562 0.719940
vt 0.849562 0.741636
vt 0.890156 0.000000
vt 0.882147 0.000393
vt 0.682531 0.914068
vt 0.682531 0.983141
vt 0.678985 0.983103
vt 0.678985 0.914031
vt 0.548569 0.504653
vt 0.537612 0.507264
vt 0.240919 0.263939
vt 0.244580 0.263948
vt 0.326965 0.263939
vt 0.000000 0.779139
vt 0.849562 0.601710
vt 0.421155 0.792178
vt 0.421155 0.779307
vt 0.432948 0.774422
vt 0.432948 0.797062
vt 0.412069 0.801263
vt 0.416938 0.813071
vt 0.399172 0.801268
vt 0.407783 0.801250
vt 0.407777 0.813042
vt 0.390082 0.792178
vt 0.390082 0.779307
vt 0.399183 0.770206
vt 0.394298 0.758413
vt 0.412054 0.770206
vt 0.416939 0.758413
vt 0.490826 0.919864
vt 0.501892 0.919604
vt 0.501892 0.971577
vt 0.490826 0.971838
vt 0.580521 0.919119
vt 0.592994 0.919245
vt 0.592994 0.971218
vt 0.580521 0.971093
vt 0.188361 0.833637
vt 0.199125 0.833400
vt 0.199125 0.885385
vt 0.188361 0.885622
vt 0.175760 0.833549
vt 0.175760 0.885534
vt 0.512944 0.919874
vt 0.523997 0.971574
vt 0.512945 0.971844
vt 0.856014 0.917896
vt 0.856014 0.969866
vt 0.961363 0.195369
vt 0.972056 0.195218
vt 0.972056 0.247220
vt 0.961363 0.247371
vt 0.944144 0.052069
vt 0.956764 0.052123
vt 0.956764 0.104125
vt 0.944144 0.104072
vt 0.269491 0.973070
vt 0.266217 0.973037
vt 0.266217 0.926194
vt 0.269491 0.926227
vt 0.366225 0.978712
vt 0.355822 0.978966
vt 0.355822 0.932126
vt 0.366225 0.931872
vt 0.563772 0.973903
vt 0.552046 0.973780
vt 0.552046 0.926941
vt 0.563772 0.927064
vt 0.209196 0.983155
vt 0.199125 0.983298
vt 0.199125 0.936428
vt 0.209196 0.936286
vt 0.635958 0.970505
vt 0.624093 0.970455
vt 0.624093 0.923585
vt 0.635958 0.923636
vt 0.398350 0.978716
vt 0.387968 0.978960
vt 0.387968 0.932117
vt 0.398350 0.931873
vt 0.257726 0.972951
vt 0.982146 0.242071
vt 0.972056 0.242293
vt 0.972056 0.195440
vt 0.027874 0.970717
vt 0.016027 0.970634
vt 0.016027 0.923781
vt 0.027874 0.923864
vt 0.762603 0.875102
vt 0.772395 0.879140
vt 0.759258 0.866932
vt 0.763309 0.857152
vt 0.754489 0.866932
vt 0.750438 0.857153
vt 0.948490 0.752832
vt 0.951547 0.752760
vt 0.945317 0.795232
vt 0.943776 0.795217
vt 0.943776 0.755806
vt 0.945317 0.755822
vt 0.029902 0.955639
vt 0.029902 0.837383
vt 0.314892 0.868331
vt 0.314892 0.828923
vt 0.953917 0.633987
vt 0.952748 0.633982
vt 0.952748 0.604408
vt 0.953917 0.604413
vt 0.317845 0.868362
vt 0.316368 0.868346
vt 0.316368 0.828939
vt 0.903213 0.453216
vt 0.903213 0.413784
vt 0.919490 0.413854
vt 0.919490 0.453286
vt 0.316368 0.947162
vt 0.316368 0.907754
vt 0.903213 0.532081
vt 0.903213 0.492649
vt 0.919490 0.492719
vt 0.919490 0.532151
vt 0.314892 0.947146
vt 0.313415 0.907723
vt 0.314892 0.907739
vt 0.946858 0.795248
vt 0.946858 0.755838
vt 0.906451 0.157790
vt 0.906451 0.118372
vt 0.922685 0.118485
vt 0.922685 0.157904
vt 0.946858 0.874068
vt 0.946858 0.834658
vt 0.948398 0.834673
vt 0.906451 0.236628
vt 0.906451 0.197209
vt 0.922685 0.197323
vt 0.922685 0.236742
vt 0.945317 0.874052
vt 0.943776 0.874037
vt 0.943776 0.834627
vt 0.945317 0.834642
vt 0.313992 0.825897
vt 0.315092 0.825909
vt 0.956255 0.604423
vt 0.956273 0.601438
vt 0.957145 0.601441
vt 0.371899 0.902154
vt 0.371899 0.872597
vt 0.387968 0.872759
vt 0.387968 0.902316
vt 0.371899 0.931712
vt 0.387968 0.931874
vt 0.953917 0.693135
vt 0.952748 0.693130
vt 0.952748 0.663556
vt 0.953917 0.663561
vt 0.404037 0.872761
vt 0.404037 0.902317
vt 0.387968 0.902148
vt 0.387968 0.872593
vt 0.404037 0.931873
vt 0.387968 0.931704
vt 0.953917 0.722709
vt 0.952748 0.722705
vt 0.956255 0.693145
vt 0.956255 0.663571
vt 0.957424 0.663576
vt 0.956255 0.722719
vt 0.404037 0.813650
vt 0.404037 0.843206
vt 0.387968 0.843037
vt 0.387968 0.813481
vt 0.956255 0.633997
vt 0.371899 0.843039
vt 0.371899 0.813481
vt 0.387968 0.813644
vt 0.387968 0.843201
vt 0.943776 0.902589
vt 0.942236 0.902573
vt 0.942236 0.863163
vt 0.943776 0.863179
vt 0.943776 0.981409
vt 0.942236 0.981394
vt 0.942236 0.941984
vt 0.943776 0.941999
vt 0.920271 0.640901
vt 0.920271 0.680334
vt 0.904012 0.680265
vt 0.904012 0.640832
vt 0.920271 0.719766
vt 0.904012 0.719697
vt 0.920271 0.601469
vt 0.904012 0.601400
vt 0.910426 0.236742
vt 0.912016 0.236742
vt 0.912016 0.253323
vt 0.910426 0.253323
vt 0.910426 0.253323
vt 0.908836 0.253323
vt 0.908836 0.236742
vt 0.910426 0.236742
vt 0.999892 0.530053
vt 0.998415 0.530037
vt 0.998415 0.490629
vt 0.999892 0.490645
vt 0.999892 0.608868
vt 0.998415 0.608852
vt 0.998415 0.569445
vt 0.999892 0.569460
vt 0.922704 0.039534
vt 0.922704 0.078953
vt 0.906451 0.078838
vt 0.906451 0.039419
vt 0.922704 0.118372
vt 0.906451 0.118257
vt 0.922704 0.000115
vt 0.906451 -0.000000
vt 0.915130 0.253350
vt 0.913606 0.253350
vt 0.913606 0.236742
vt 0.915131 0.236742
vt 0.904294 0.397364
vt 0.902769 0.397364
vt 0.257408 0.903192
vt 0.256239 0.903187
vt 0.256239 0.873613
vt 0.257408 0.873618
vt 0.257408 0.962341
vt 0.256239 0.962336
vt 0.256239 0.932762
vt 0.257408 0.932767
vt 0.255069 0.962331
vt 0.255069 0.932757
vt 0.256239 0.991910
vt 0.255069 0.991905
vt 0.257408 0.991915
vt 0.255069 0.903182
vt 0.909518 0.532533
vt 0.910711 0.532533
vt 0.910711 0.549115
vt 0.909518 0.549115
vt 0.908203 0.380756
vt 0.909395 0.380756
vt 0.909396 0.397338
vt 0.908203 0.397338
vt 0.908326 0.532533
vt 0.908326 0.549115
vt 0.910588 0.380756
vt 0.910588 0.397338
vt 0.953658 0.601427
vt 0.954530 0.601430
vt 0.034250 0.834394
vt 0.037224 0.834328
vt 0.317294 0.825932
vt 0.320334 0.825858
vt 0.946193 0.752809
vt 0.947341 0.752821
vt 0.955086 0.604418
vt 0.955402 0.601434
vt 0.960079 0.601400
vt 0.316193 0.825921
vt 0.313816 0.825896
vt 0.030769 0.834369
vt 0.945044 0.752797
vt 0.696594 0.717130
vt 0.696594 0.827432
vt 0.692750 0.831357
vt 0.692750 0.713127
vt 0.710845 0.827576
vt 0.710845 0.717274
vt 0.566287 0.926796
vt 0.580521 0.816640
vt 0.580521 0.926943
vt 0.846406 0.532175
vt 0.846426 0.546881
vt 0.835348 0.546881
vt 0.835396 0.532175
vt 0.824270 0.546881
vt 0.824290 0.532175
vt 0.835299 0.532175
vt 0.835348 0.546881
vt 0.933001 0.863087
vt 0.933001 0.752760
vt 0.943776 0.752836
vt 0.943776 0.863163
s 1
usemtl TailPipes
f 1/1/1 2/2/1 3/3/1
f 1/1/1 3/3/1 4/4/1
f 5/5/2 6/6/2 7/7/2
f 5/5/2 7/7/2 8/8/2
f 9/9/3 10/10/3 11/11/3
f 9/9/3 11/11/3 12/12/3
f 13/13/4 14/14/4 15/15/4
f 13/13/4 15/15/4 16/16/4
f 17/17/5 18/18/5 19/19/5
f 17/17/5 19/19/5 20/20/5
f 21/21/6 22/22/6 23/23/6
f 21/21/6 23/23/6 24/24/6
f 25/25/7 26/26/7 27/27/7
f 25/25/7 27/27/7 28/28/7
f 29/29/8 30/30/8 31/31/8
f 29/29/8 31/31/8 32/32/8
f 33/33/9 34/34/9 35/35/9
f 33/33/9 35/35/9 36/36/9
f 37/37/10 38/38/10 39/39/10
f 37/37/10 39/39/10 40/40/10
f 41/41/11 42/42/11 43/43/11
f 41/41/11 43/43/11 44/44/11
f 45/45/12 46/46/12 47/47/12
f 45/45/12 47/47/12 48/48/12
f 49/49/13 50/50/13 51/51/13
f 49/49/13 51/51/13 52/52/14
f 53/53/15 54/54/15 55/55/15
f 53/53/15 55/55/15 56/56/15
f 57/57/16 58/58/16 59/59/16
f 57/57/16 59/59/16 60/60/16
f 61/61/17 62/62/17 63/63/17
f 61/61/17 63/63/17 64/64/17
f 65/65/18 66/66/18 67/67/19
f 65/65/18 67/67/19 68/68/19
f 69/69/20 70/70/20 71/71/20
f 69/69/20 71/71/20 72/72/20
f 73/73/21 74/74/21 75/75/21
f 73/73/21 75/75/21 76/76/21
f 77/77/21 73/73/21 76/76/21
f 77/77/21 76/76/21 78/78/21
f 79/79/21 80/80/21 81/81/21
f 79/79/21 81/81/21 82/82/21
f 83/83/21 79/79/21 82/82/21
f 83/83/21 82/82/21 84/84/21
f 85/85/21 83/83/21 84/84/21
f 85/85/21 84/84/21 86/86/21
f 87/87/21 85/85/21 86/86/21
f 87/87/21 86/86/21 88/88/21
f 89/89/21 87/87/21 88/88/21
f 89/89/21 88/88/21 90/90/21
f 74/74/21 89/89/21 90/90/21
f 74/74/21 90/90/21 75/75/21
f 80/80/21 77/77/21 78/78/21
f 80/80/21 78/78/21 81/81/21
f 2115/2022/114 2117/2023/114 2116/2024/114
f 2118/2025/114 2116/2024/114 2119/2026/114
f 2115/2022/114 2118/2025/114 2120/2027/114
f 2115/2022/114 2116/2024/114 2118/2025/114
f 2121/2028/114 2123/2029/114 2122/2030/114
f 2124/2031/114 2123/2032/114 2125/2033/114
f 2125/2033/114 2127/2034/114 2126/2035/114
f 2128/2036/114 2130/2037/114 2129/2038/114
f 2125/2033/114 2128/2036/114 2127/2034/114
f 2125/2033/114 2123/2032/114 2121/2039/114
f 2128/2036/114 2121/2039/114 2130/2037/114
f 2125/2033/114 2121/2039/114 2128/2036/114
f 1989/2040/504 1991/2041/504 1990/2042/504
f 1989/2040/504 1992/2043/504 1991/2041/504
f 1993/2044/401 1995/1721/401 1994/2045/401
f 1993/2044/401 1996/2046/401 1995/1721/401
f 1997/2047/400 1999/2048/400 1998/2049/400
f 1997/2047/400 2000/2050/400 1999/2048/400
f 2001/2051/493 2003/2052/493 2002/2053/493
f 2001/2051/493 2004/2054/493 2003/2052/493
f 2005/2055/395 2007/2056/395 2006/2057/395
f 2005/2055/395 2008/2058/395 2007/2056/395
f 2009/2059/391 2011/2060/391 2010/2061/391
f 2009/2059/391 2012/2062/391 2011/2060/391
f 2013/2063/535 2015/2064/535 2014/2065/535
f 2013/2063/535 2016/2066/535 2015/2064/535
f 2017/2067/471 2019/2068/471 2018/2069/471
f 2017/2067/471 2020/2070/471 2019/2068/471
f 2021/2071/483 2023/2072/483 2022/2073/483
f 2021/2071/483 2024/2074/483 2023/2072/483
f 2025/1/536 2027/2075/536 2026/2076/536
f 2025/1/536 2028/2077/536 2027/2075/536
f 2029/2078/537 2031/2079/537 2030/2080/537
f 2029/2078/537 2032/2081/537 2031/2079/537
f 2033/2082/538 2035/2083/538 2034/2084/538
f 2033/2082/538 2036/2085/538 2035/2083/538
f 2037/2086/539 2039/2087/539 2038/2088/539
f 2037/2086/539 2040/2089/539 2039/2087/539
f 2041/2090/540 2043/2091/540 2042/2092/540
f 2041/2090/540 2044/2093/540 2043/2091/540
f 2045/2094/541 2047/2095/541 2046/2096/541
f 2045/2094/541 2048/2097/541 2047/2095/541
f 2049/2098/542 2051/2099/542 2050/2100/542
f 2049/2098/542 2052/2101/542 2051/2099/542
f 2053/2102/543 2055/2103/543 2054/2104/543
f 2053/2102/543 2056/2105/543 2055/2103/543
f 2057/2106/544 2059/2107/544 2058/2108/544
f 2057/2106/544 2060/2109/544 2059/2107/544
f 2061/2110/545 2063/2111/545 2062/2112/545
f 2061/2110/545 2064/2113/545 2063/2111/545
f 2065/2114/546 2067/2115/546 2066/2116/546
f 2065/2114/546 2068/2117/546 2067/2115/546
f 2069/45/547 2071/2118/547 2070/2119/547
f 2069/45/547 2072/2120/547 2071/2118/547
f 2073/2121/548 2075/2122/548 2074/2123/548
f 2073/2121/548 2076/2124/549 2075/2122/548
f 2077/2125/550 2079/2126/550 2078/2127/550
f 2077/2125/550 2080/2128/550 2079/2126/550
f 2081/2129/551 2083/2130/551 2082/2131/551
f 2081/2129/551 2084/2132/551 2083/2130/551
f 2085/2133/552 2087/2134/552 2086/2135/552
f 2085/2133/552 2088/2136/552 2087/2134/552
f 2089/2137/553 2091/2138/553 2090/2139/553
f 2089/2137/553 2092/2140/553 2091/2138/553
f 2093/2141/554 2095/2142/554 2094/2143/554
f 2093/2141/554 2096/2144/554 2095/2142/554
f 2097/2145/21 2099/2146/21 2098/2147/21
f 2097/2145/21 2100/2148/21 2099/2146/21
f 2101/2149/21 2100/2148/21 2097/2145/21
f 2101/2149/21 2102/2150/21 2100/2148/21
f 2103/2151/21 2105/2152/21 2104/2153/21
f 2103/2151/21 2106/2154/21 2105/2152/21
f 2107/2155/21 2106/2154/21 2103/2151/21
f 2107/2155/21 2108/2156/21 2106/2154/21
f 2109/2157/21 2108/2156/21 2107/2155/21
f 2109/2157/21 2110/2158/21 2108/2156/21
f 2111/2159/21 2110/2158/21 2109/2157/21
f 2111/2159/21 2112/2160/21 2110/2158/21
f 2113/2161/21 2112/2160/21 2111/2159/21
f 2113/2161/21 2114/2162/21 2112/2160/21
f 2098/2147/21 2114/2162/21 2113/2161/21
f 2098/2147/21 2099/2146/21 2114/2162/21
f 2104/2153/21 2102/2150/21 2101/2149/21
f 2104/2153/21 2105/2152/21 2102/2150/21
f 2127/2034/114 2120/2027/114 2126/2035/114
f 2127/2034/114 2115/2022/114 2120/2027/114
f 2131/2163/491 2133/2164/491 2132/2165/491
f 2131/2163/491 2134/2166/491 2133/2164/491
f 2135/2167/491 2137/2168/491 2136/2169/491
f 2135/2167/491 2138/2170/491 2137/2168/491
f 2139/2171/555 2141/2172/555 2140/2173/555
f 2139/2171/555 2142/2174/555 2141/2172/555
usemtl White
f 91/91/22 92/92/22 93/93/22
f 94/94/23 95/95/23 232/96/23
f 264/97/24 96/98/25 267/99/26
f 264/100/24 267/101/26 233/102/27
f 97/103/28 98/104/29 99/105/30
f 100/106/31 101/107/32 102/108/33
f 103/109/34 104/110/35 105/111/36
f 103/109/34 106/112/35 107/113/35
f 103/109/34 107/113/35 104/110/35
f 108/114/21 109/115/21 110/116/21
f 111/117/21 241/118/21 109/115/21
f 108/114/21 111/117/21 109/115/21
f 279/119/21 112/120/21 289/121/21
f 113/122/21 114/123/21 112/120/21
f 115/124/21 116/125/21 113/122/21
f 279/119/21 113/122/21 112/120/21
f 279/119/21 115/124/21 113/122/21
f 310/126/37 230/127/38 117/128/38
f 283/129/38 118/130/39 310/126/37
f 283/129/38 310/126/37 117/128/38
f 119/131/40 120/132/41 121/133/42
f 119/131/40 121/133/42 122/134/43
f 123/135/44 124/136/45 125/137/46
f 123/135/44 125/137/46 126/138/47
f 228/139/48 244/140/49 259/141/50
f 228/139/48 259/141/50 226/142/51
f 124/136/45 127/143/52 128/144/53
f 124/136/45 128/144/53 129/145/54
f 129/145/54 128/144/53 130/146/55
f 129/145/54 130/146/55 131/147/56
f 121/133/42 120/132/41 132/148/57
f 121/133/42 132/148/57 133/149/58
f 228/139/48 226/142/51 134/150/59
f 228/139/48 134/150/59 272/151/60
f 225/152/61 135/153/62 136/154/63
f 225/152/61 136/154/63 254/155/64
f 125/137/46 124/136/45 129/145/54
f 125/137/46 129/145/54 253/156/65
f 227/157/66 121/133/42 133/149/58
f 227/157/66 133/149/58 271/158/67
f 131/147/56 130/146/55 265/159/68
f 131/147/56 265/159/68 269/160/69
f 133/149/58 132/148/57 137/161/70
f 133/149/58 137/161/70 138/162/71
f 272/151/60 134/150/59 139/163/72
f 272/151/60 139/163/72 298/164/73
f 254/155/64 136/154/63 140/165/74
f 254/155/64 140/165/74 236/166/75
f 253/156/65 129/145/54 131/147/56
f 253/156/65 131/147/56 237/167/76
f 271/158/67 133/149/58 138/162/71
f 271/158/67 138/162/71 140/168/74
f 138/162/71 137/161/70 277/169/77
f 138/162/71 277/169/77 268/170/78
f 298/164/73 139/163/72 234/171/79
f 298/164/73 234/171/79 278/172/79
f 237/167/76 131/147/56 270/160/80
f 237/167/76 270/160/80 235/173/81
f 140/168/74 138/162/71 267/170/26
f 140/165/74 267/99/26 96/98/25
f 259/141/50 244/140/49 141/174/82
f 259/141/50 141/174/82 142/175/82
f 123/135/44 126/138/47 261/176/83
f 123/135/44 261/176/83 143/177/84
f 119/131/40 122/134/43 144/178/85
f 119/131/40 144/178/85 248/179/86
f 101/107/32 143/177/84 145/180/87
f 101/107/32 145/180/87 102/108/33
f 142/175/82 141/174/82 146/181/82
f 142/175/82 146/181/82 147/182/82
f 143/177/84 261/176/83 282/183/83
f 143/177/84 282/183/83 145/180/87
f 248/179/86 144/178/85 148/184/88
f 248/179/86 148/184/88 239/185/86
f 225/152/61 149/186/89 150/187/89
f 225/152/61 150/187/89 135/153/62
f 148/184/88 99/105/30 151/188/90
f 148/184/88 151/188/90 152/189/91
f 247/190/92 260/191/92 281/192/93
f 247/190/92 281/192/93 238/193/94
f 144/178/85 97/103/28 99/105/30
f 144/178/85 99/105/30 148/184/88
f 152/189/91 151/188/90 285/194/95
f 152/189/91 285/194/95 153/195/96
f 238/193/94 281/192/93 154/196/97
f 238/193/94 154/196/97 223/197/98
f 102/108/33 145/180/87 155/198/99
f 102/108/33 155/198/99 311/199/100
f 147/182/82 146/181/82 156/200/101
f 147/182/82 156/200/101 157/201/102
f 145/180/87 282/183/83 312/202/103
f 145/180/87 312/202/103 155/198/99
f 239/185/86 148/184/88 152/189/91
f 239/185/86 152/189/91 224/203/104
f 223/197/98 154/196/97 306/204/105
f 223/197/98 306/204/105 286/205/105
f 311/199/100 155/198/99 158/206/106
f 311/199/100 158/206/106 307/207/107
f 157/201/102 156/200/101 159/208/108
f 157/201/102 159/208/108 160/209/108
f 155/198/99 312/202/103 308/210/109
f 155/198/99 308/210/109 158/206/106
f 224/203/104 152/189/91 153/195/96
f 224/203/104 153/195/96 287/211/110
f 240/212/21 161/213/21 288/214/21
f 240/212/21 288/214/21 317/215/21
f 162/216/21 229/217/21 243/218/21
f 162/216/21 243/218/21 309/219/21
f 161/213/21 162/216/21 309/219/21
f 161/213/21 309/219/21 288/214/21
f 229/217/21 108/114/21 110/116/21
f 229/217/21 110/116/21 243/218/21
f 241/118/21 240/212/21 317/215/21
f 241/118/21 317/215/21 109/115/21
f 163/220/82 266/221/82 231/222/82
f 163/220/82 231/222/82 273/223/82
f 262/224/111 318/225/111 304/226/111
f 262/224/111 304/226/111 245/227/111
f 118/130/39 263/228/112 246/229/112
f 118/130/39 246/229/112 310/126/37
f 319/230/113 103/109/34 105/111/36
f 319/230/113 105/111/36 305/231/113
f 164/232/82 165/233/82 166/234/82
f 164/232/82 166/234/82 280/235/82
f 242/236/82 300/237/82 167/238/82
f 242/236/82 167/238/82 299/239/82
f 299/239/82 167/238/82 165/233/82
f 299/239/82 165/233/82 164/232/82
f 168/240/82 284/241/82 169/242/82
f 168/240/82 169/242/82 170/243/82
f 170/243/82 169/242/82 266/221/82
f 170/243/82 266/221/82 163/220/82
f 171/244/82 172/245/82 173/246/82
f 171/244/82 173/246/82 174/247/82
f 175/248/82 176/249/82 177/250/82
f 175/248/82 177/250/82 178/251/82
f 178/251/82 177/250/82 172/245/82
f 178/251/82 172/245/82 171/244/82
f 274/252/114 330/253/114 332/254/114
f 274/252/114 332/254/114 276/255/114
f 301/256/21 338/257/21 340/258/21
f 301/256/21 340/258/21 303/259/21
f 179/260/115 180/261/115 181/262/115
f 179/260/115 181/262/115 182/263/115
f 275/264/111 255/265/111 290/266/111
f 275/264/111 290/266/111 320/267/111
f 276/255/114 257/268/114 256/269/114
f 276/255/114 256/269/114 274/252/114
f 172/245/82 294/270/82 258/271/82
f 172/245/82 258/271/82 173/246/82
f 321/272/21 292/273/21 296/274/21
f 321/272/21 296/274/21 323/275/21
f 183/276/115 184/277/115 185/278/115
f 183/276/115 185/278/115 186/279/115
f 341/280/111 346/281/111 249/282/111
f 341/280/111 249/282/111 339/283/111
f 344/284/114 350/285/114 348/286/114
f 344/284/114 348/286/114 342/287/114
f 176/249/82 251/288/82 351/289/82
f 176/249/82 351/289/82 177/250/82
f 338/257/21 250/290/21 252/291/21
f 338/257/21 252/291/21 340/258/21
f 187/292/115 188/293/115 189/294/115
f 187/292/115 189/294/115 190/295/115
f 320/296/111 291/297/111 347/298/111
f 320/296/111 347/298/111 341/299/111
f 324/300/114 297/301/114 293/302/114
f 324/300/114 293/302/114 322/303/114
f 177/250/82 352/289/82 295/270/82
f 177/250/82 295/270/82 172/245/82
f 343/304/21 349/305/21 353/306/21
f 343/304/21 353/306/21 345/307/21
f 191/308/116 192/309/116 193/310/116
f 191/308/116 193/310/116 194/311/116
f 333/312/111 219/313/111 358/314/111
f 333/312/111 358/314/111 325/315/111
f 336/316/21 215/317/21 221/318/21
f 336/316/21 221/318/21 334/319/21
f 171/244/82 354/320/82 216/321/82
f 171/244/82 216/321/82 178/251/82
f 326/322/114 360/323/114 356/324/114
f 326/322/114 356/324/114 328/223/114
f 195/325/116 196/326/116 197/327/116
f 195/325/116 197/327/116 198/328/116
f 302/329/111 315/330/111 220/331/111
f 302/329/111 220/331/111 333/332/111
f 303/259/21 313/333/21 316/334/21
f 303/259/21 316/334/21 301/256/21
f 178/251/82 217/321/82 314/335/82
f 178/251/82 314/335/82 175/248/82
f 335/336/114 222/337/114 218/338/114
f 335/336/114 218/338/114 337/339/114
f 199/340/116 200/341/116 201/342/116
f 199/340/116 201/342/116 202/343/116
f 325/344/111 359/345/111 213/346/111
f 325/344/111 213/346/111 331/347/111
f 329/348/21 357/349/21 361/350/21
f 329/348/21 361/350/21 327/351/21
f 174/247/82 211/352/82 355/320/82
f 174/247/82 355/320/82 171/244/82
f 330/253/114 214/353/114 212/354/114
f 330/253/114 212/354/114 332/254/114
f 203/355/117 204/356/117 205/357/117
f 203/355/117 205/357/117 206/358/117
f 207/359/118 208/360/119 236/166/75
f 207/359/118 236/166/75 140/165/74
f 209/361/120 210/362/121 96/98/25
f 209/361/120 96/98/25 264/97/24
f 208/360/119 209/361/120 264/97/24
f 208/360/119 264/97/24 236/166/75
f 210/362/121 207/359/118 140/165/74
f 210/362/121 140/165/74 96/98/25
f 460/461/21 461/462/21 462/463/21
f 463/464/21 464/465/21 461/462/21
f 460/461/21 465/466/21 463/464/21
f 460/461/21 463/464/21 461/462/21
f 466/467/114 467/468/114 468/469/114
f 469/470/114 470/471/114 467/468/114
f 466/467/114 471/472/114 469/470/114
f 466/467/114 469/470/114 467/468/114
f 472/473/155 473/474/156 474/475/157
f 475/476/158 476/477/159 473/474/156
f 472/473/155 475/476/158 473/474/156
f 477/478/114 478/479/114 479/480/114
f 480/481/114 481/482/114 478/479/114
f 477/478/114 480/481/114 478/479/114
f 482/483/160 1086/484/160 483/485/160
f 484/486/160 1080/487/160 1086/484/160
f 482/483/160 484/486/160 1086/484/160
f 485/488/161 486/489/162 487/490/163
f 488/491/164 489/492/165 486/489/162
f 485/488/161 488/491/164 486/489/162
f 490/493/166 491/494/167 492/495/168
f 493/496/167 494/497/167 491/494/167
f 490/493/166 493/496/167 491/494/167
f 1085/498/114 496/499/114 1161/500/114
f 498/501/21 1094/502/21 1164/503/21
f 1133/504/169 501/505/170 502/506/169
f 1095/507/171 503/508/172 501/505/170
f 1133/504/169 1095/507/171 501/505/170
f 504/509/173 505/510/174 506/511/175
f 507/512/176 508/513/176 504/509/173
f 507/512/176 504/509/173 506/511/175
f 509/514/21 510/515/21 511/516/21
f 512/517/21 513/518/21 510/515/21
f 514/519/21 515/520/21 512/517/21
f 516/521/21 517/522/21 514/519/21
f 509/514/21 516/521/21 510/515/21
f 514/519/21 512/517/21 510/515/21
f 516/521/21 514/519/21 510/515/21
f 518/523/114 519/524/114 520/525/114
f 521/526/114 522/527/114 519/524/114
f 518/523/114 523/528/177 524/529/114
f 524/529/114 521/526/114 519/524/114
f 518/523/114 524/529/114 519/524/114
f 1143/530/114 525/531/114 526/532/114
f 527/533/114 528/534/114 525/531/114
f 1144/535/21 529/536/21 1203/537/21
f 1143/530/114 527/533/114 525/531/114
f 530/538/114 531/539/114 532/540/114
f 533/541/114 534/542/114 531/539/114
f 530/538/114 535/543/114 531/539/114
f 535/543/114 533/541/114 531/539/114
f 536/544/178 537/545/179 538/546/180
f 1062/547/181 1011/548/181 539/549/181
f 536/544/178 538/546/180 539/549/181
f 1011/548/181 536/544/178 539/549/181
f 540/550/182 541/551/183 542/552/184
f 1027/553/185 543/554/186 544/555/187
f 540/550/182 542/552/184 544/555/187
f 543/554/186 540/550/182 544/555/187
f 545/556/188 546/557/189 547/558/190
f 545/556/188 1111/559/191 548/560/191
f 545/556/188 549/561/191 546/557/189
f 545/556/188 548/560/191 549/561/191
f 1039/562/192 550/563/193 504/564/173
f 1039/562/192 551/565/192 550/563/193
f 1039/562/192 1046/566/192 552/567/192
f 1039/562/192 552/567/192 551/565/192
f 553/568/114 554/569/114 555/570/114
f 556/571/114 557/572/114 554/569/114
f 553/568/114 558/573/114 556/571/114
f 553/568/114 556/571/114 554/569/114
f 559/574/194 560/575/194 561/576/194
f 562/577/114 563/578/114 1139/579/114
f 563/578/114 564/580/114 565/581/114
f 566/582/114 567/583/114 568/584/114
f 563/578/114 565/581/114 566/582/114
f 563/578/114 1003/585/114 1139/579/114
f 566/582/114 568/584/114 1003/585/114
f 563/578/114 566/582/114 1003/585/114
f 569/586/195 570/587/196 571/588/196
f 569/586/195 571/588/196 572/589/195
f 573/590/197 574/591/197 575/592/197
f 573/590/197 575/592/197 576/593/197
f 577/594/198 578/595/198 579/596/198
f 577/594/198 579/596/198 580/597/198
f 581/598/199 582/599/199 583/600/199
f 581/598/199 583/600/199 584/601/199
f 585/602/200 586/603/200 587/604/200
f 585/602/200 587/604/200 588/605/200
f 589/606/200 590/607/200 591/608/200
f 589/606/200 591/608/200 592/609/200
f 593/610/201 594/611/201 595/612/201
f 593/610/201 595/612/201 596/613/201
f 1206/614/114 597/615/114 1259/616/114
f 1206/614/114 1259/616/114 598/617/114
f 599/618/114 600/619/114 1099/620/114
f 599/618/114 1099/620/114 601/621/114
f 602/622/114 603/623/114 1115/624/114
f 602/622/114 1115/624/114 604/625/114
f 605/626/114 606/627/114 1120/628/114
f 605/626/114 1120/628/114 607/629/114
f 608/630/114 1028/631/114 1098/632/114
f 608/630/114 1098/632/114 609/633/114
f 610/634/114 611/635/114 1100/636/114
f 610/634/114 1100/636/114 612/637/114
f 613/638/200 614/639/200 615/640/200
f 613/638/200 615/640/200 616/641/200
f 1029/642/201 1154/643/201 617/644/201
f 1029/642/201 617/644/201 618/645/201
f 1155/646/199 1214/647/199 619/648/199
f 1155/646/199 619/648/199 620/649/199
f 1215/650/198 1210/651/198 621/652/198
f 1215/650/198 621/652/198 622/653/198
f 1211/654/197 1187/655/197 623/656/197
f 1211/654/197 623/656/197 624/657/197
f 1188/658/195 1207/659/195 625/660/195
f 1188/658/195 625/660/195 626/661/195
f 1113/662/114 627/663/114 1189/664/114
f 1113/662/114 1189/664/114 1208/665/114
f 628/666/114 629/667/114 1212/668/114
f 628/666/114 1212/668/114 1190/669/114
f 630/670/114 631/671/114 1216/672/114
f 630/670/114 1216/672/114 1213/673/114
f 632/674/114 633/675/114 1156/676/114
f 632/674/114 1156/676/114 1217/677/114
f 634/678/114 1224/679/114 1030/680/114
f 634/678/114 1030/680/114 1157/681/114
f 635/682/114 636/683/114 1209/684/114
f 635/682/114 1209/684/114 1031/685/114
f 637/686/202 638/687/203 639/688/204
f 637/686/202 639/688/204 640/689/205
f 1225/690/201 1101/691/201 641/692/201
f 1225/690/201 641/692/201 642/693/201
f 1102/694/206 1220/695/206 643/696/206
f 1102/694/206 643/696/206 644/697/206
f 1221/698/198 1001/699/198 645/700/198
f 1221/698/198 645/700/198 646/701/198
f 1002/702/197 1218/703/197 647/704/197
f 1002/702/197 647/704/197 648/705/197
f 1219/706/196 1114/707/196 649/708/195
f 1219/706/196 649/708/195 650/709/195
f 651/710/207 652/711/207 653/712/208
f 651/710/207 653/712/208 654/713/208
f 655/714/203 656/715/209 657/716/210
f 655/714/203 657/716/210 658/717/204
f 659/718/211 660/719/212 661/720/213
f 659/718/211 661/720/213 662/721/210
f 663/722/212 664/723/214 665/724/215
f 663/722/212 665/724/215 666/725/213
f 667/726/214 668/727/216 669/728/217
f 667/726/214 669/728/217 670/729/215
f 671/730/218 672/731/202 673/732/205
f 671/730/218 673/732/205 674/733/217
f 675/734/219 676/735/220 677/736/221
f 675/734/219 677/736/221 678/737/219
f 679/738/222 680/739/222 681/740/223
f 679/738/222 681/740/223 682/741/224
f 683/742/225 684/743/225 685/744/226
f 683/742/225 685/744/226 686/745/227
f 687/746/228 688/747/228 689/748/228
f 687/746/228 689/748/228 690/749/229
f 691/750/230 692/751/230 693/752/231
f 691/750/230 693/752/231 694/753/232
f 695/754/233 696/755/233 697/756/234
f 695/754/233 697/756/234 698/757/235
f 699/758/236 700/759/236 701/760/237
f 699/758/236 701/760/237 702/761/237
f 703/762/224 704/763/238 705/764/201
f 703/762/224 705/764/201 706/765/239
f 707/766/240 708/767/241 709/768/242
f 707/766/240 709/768/242 710/769/199
f 711/770/243 676/771/243 712/772/244
f 711/770/243 712/772/244 713/773/244
f 714/774/232 715/775/245 716/776/197
f 714/774/232 716/776/197 717/777/246
f 718/778/247 719/779/248 720/780/249
f 718/778/247 720/780/249 721/781/196
f 1222/782/21 722/783/21 723/784/21
f 1222/782/21 723/784/21 1226/785/21
f 724/786/250 725/787/251 726/788/251
f 724/786/250 726/788/251 682/789/224
f 727/790/114 728/791/114 729/792/114
f 727/790/114 729/792/114 1223/793/114
f 730/794/248 731/795/252 732/796/252
f 730/794/248 732/796/252 733/797/253
f 1229/798/21 734/799/21 735/800/21
f 1229/798/21 735/800/21 1121/801/21
f 736/802/254 737/803/252 738/804/252
f 736/802/254 738/804/252 694/805/232
f 739/806/114 740/807/114 741/808/114
f 739/806/114 741/808/114 1230/809/114
f 742/810/226 743/811/255 744/812/255
f 742/810/226 744/812/255 745/813/256
f 746/814/257 747/815/251 748/816/251
f 746/814/257 748/816/251 749/817/257
f 750/818/258 751/819/259 1005/820/258
f 750/818/258 1005/820/258 752/821/260
f 753/822/252 754/823/252 755/824/252
f 753/822/252 755/824/252 756/825/252
f 757/826/261 758/827/262 759/828/198
f 757/826/261 759/828/198 760/829/198
f 761/830/263 758/831/264 762/832/265
f 761/830/263 762/832/265 763/833/266
f 764/834/267 765/835/252 766/836/268
f 764/834/267 766/836/268 767/837/267
f 768/838/269 769/839/270 1077/840/269
f 768/838/269 1077/840/269 770/841/269
f 771/842/271 772/843/251 773/844/251
f 771/842/271 773/844/251 774/845/271
f 1158/846/114 775/847/114 1069/848/114
f 1158/846/114 1069/848/114 1228/849/114
f 776/850/114 777/851/114 778/852/114
f 776/850/114 778/852/114 1070/853/114
f 779/854/114 780/855/114 1122/856/114
f 779/854/114 1122/856/114 1230/857/114
f 781/858/114 782/859/114 1167/860/114
f 781/858/114 1167/860/114 1123/861/114
f 783/862/114 1231/863/114 784/864/114
f 783/862/114 784/864/114 1168/865/114
f 785/866/114 786/867/114 1227/868/114
f 785/866/114 1227/868/114 1223/869/114
f 1232/870/272 1240/871/272 787/872/272
f 1232/870/272 787/872/272 788/873/272
f 1241/874/273 1006/875/273 789/876/274
f 1241/874/273 789/876/274 790/877/274
f 1007/878/275 1096/879/275 791/880/275
f 1007/878/275 791/880/275 792/881/275
f 1097/882/276 1233/883/276 793/884/276
f 1097/882/276 793/884/276 794/885/276
f 1234/886/277 1159/887/277 795/888/277
f 1234/886/277 795/888/277 796/889/277
f 797/890/114 798/891/114 1037/892/278
f 797/890/114 1037/892/278 799/893/114
f 800/894/191 801/895/191 802/896/158
f 800/894/191 802/896/158 803/897/155
f 473/474/156 476/477/159 804/898/279
f 473/474/156 804/898/279 805/899/279
f 806/900/280 807/901/280 808/902/280
f 806/900/280 808/902/280 809/903/280
f 810/904/160 811/905/281 812/906/282
f 810/904/160 812/906/282 813/907/160
f 814/908/114 815/909/114 816/910/114
f 814/908/114 816/910/114 817/911/114
f 815/909/114 477/478/114 479/480/114
f 815/909/114 479/480/114 816/910/114
f 480/481/114 818/912/114 1160/913/114
f 480/481/114 1160/913/114 481/482/114
f 818/912/114 819/914/114 1092/915/114
f 818/912/114 1092/915/114 1160/913/114
f 819/914/114 820/916/114 1249/917/114
f 819/914/114 1249/917/114 1092/915/114
f 820/916/114 821/918/114 822/919/114
f 820/916/114 822/919/114 1249/917/114
f 821/918/114 814/908/114 817/911/114
f 821/918/114 817/911/114 822/919/114
f 823/920/283 1242/921/283 1038/922/283
f 823/920/283 1038/922/283 824/923/283
f 825/924/284 1087/925/284 1243/926/284
f 825/924/284 1243/926/284 1244/927/284
f 1037/892/278 798/891/114 1084/928/114
f 1037/892/278 1084/928/114 1132/929/285
f 486/489/162 489/492/165 826/930/286
f 486/489/162 826/930/286 827/931/286
f 828/932/287 829/933/172 830/934/171
f 828/932/287 830/934/171 831/935/288
f 1116/936/21 832/937/21 833/938/21
f 1116/936/21 833/938/21 1034/939/21
f 1033/940/289 1036/941/290 1105/942/291
f 1033/940/289 1105/942/291 1135/943/291
f 823/920/283 824/923/283 1035/944/283
f 823/920/283 1035/944/283 1245/945/283
f 825/924/284 1244/927/284 1246/946/284
f 825/924/284 1246/946/284 1090/947/284
f 503/508/172 1088/948/292 1091/949/292
f 503/508/172 1091/949/292 501/505/170
f 1118/950/21 1036/941/290 1033/940/289
f 1118/950/21 1033/940/289 1134/951/21
f 1137/952/293 1136/953/293 1106/954/293
f 1137/952/293 1106/954/293 1107/955/293
f 1117/956/294 490/493/166 492/495/168
f 1117/956/294 492/495/168 1119/957/294
f 1037/892/278 1132/929/285 1138/958/295
f 1037/892/278 1138/958/295 1108/959/295
f 499/960/296 495/961/297 1162/962/298
f 499/963/299 497/964/158 500/965/300
f 834/966/287 835/967/292 836/968/292
f 834/966/287 836/968/292 837/969/301
f 838/970/21 839/971/21 840/972/21
f 838/970/21 840/972/21 841/973/21
f 842/974/21 838/970/21 841/973/21
f 842/974/21 841/973/21 1078/975/21
f 843/976/21 844/977/21 1089/978/21
f 843/976/21 1089/978/21 845/979/21
f 846/980/21 843/976/21 845/979/21
f 846/980/21 845/979/21 1163/981/21
f 847/982/21 846/980/21 1163/981/21
f 847/982/21 1163/981/21 1093/983/21
f 848/984/21 847/982/21 1093/983/21
f 848/984/21 1093/983/21 849/985/21
f 850/986/21 848/984/21 849/985/21
f 850/986/21 849/985/21 851/987/21
f 839/971/21 850/986/21 851/987/21
f 839/971/21 851/987/21 840/972/21
f 844/977/21 842/974/21 1078/975/21
f 844/977/21 1078/975/21 1089/978/21
f 852/988/181 853/989/302 854/990/303
f 852/988/181 854/990/303 855/991/181
f 856/992/304 1142/993/304 1141/994/304
f 856/992/304 1141/994/304 857/995/304
f 858/996/157 1066/997/279 1065/998/279
f 858/996/157 1065/998/279 859/999/305
f 860/1000/306 858/996/157 859/999/305
f 860/1000/306 859/999/305 861/1001/306
f 862/1002/191 999/1003/191 998/1004/191
f 862/1002/191 998/1004/191 863/1005/191
f 811/905/281 1043/1006/307 1042/1007/307
f 811/905/281 1042/1007/307 812/906/282
f 864/1008/192 1130/1009/192 1131/1010/192
f 864/1008/192 1131/1010/192 865/1011/192
f 853/1012/302 1057/1013/308 1056/1014/308
f 853/1012/302 1056/1014/308 854/1015/303
f 866/1016/309 867/1017/310 1125/1018/311
f 866/1016/309 1125/1018/311 1071/1019/309
f 868/1020/21 869/1021/21 870/1022/21
f 868/1020/21 870/1022/21 871/1023/21
f 1067/1024/21 868/1020/21 871/1023/21
f 1067/1024/21 871/1023/21 872/1025/21
f 873/1026/21 1124/1027/21 874/1028/21
f 873/1026/21 874/1028/21 875/1029/21
f 876/1030/21 873/1026/21 875/1029/21
f 876/1030/21 875/1029/21 877/1031/21
f 878/1032/21 876/1030/21 877/1031/21
f 878/1032/21 877/1031/21 879/1033/21
f 880/1034/21 878/1032/21 879/1033/21
f 880/1034/21 879/1033/21 881/1035/21
f 882/1036/21 880/1034/21 881/1035/21
f 882/1036/21 881/1035/21 883/1037/21
f 869/1021/21 882/1036/21 883/1037/21
f 869/1021/21 883/1037/21 870/1022/21
f 1124/1027/21 1067/1024/21 872/1025/21
f 1124/1027/21 872/1025/21 874/1028/21
f 1169/1038/191 1082/1039/312 1083/1040/313
f 1169/1038/191 1083/1040/313 1171/1041/191
f 1165/1042/314 1170/1043/315 1172/1044/315
f 1165/1042/314 1172/1044/315 1166/1045/316
f 1126/1046/192 1165/1047/314 1166/1048/316
f 1126/1046/192 1166/1048/316 1128/1049/192
f 1177/1050/317 1127/1051/308 1129/1052/308
f 1177/1050/317 1129/1052/308 1180/1053/318
f 1073/1054/181 1177/1055/317 1180/1056/318
f 1073/1054/181 1180/1056/318 1075/1057/181
f 867/1017/310 1074/1058/292 1076/1059/292
f 867/1017/310 1076/1059/292 1125/1018/311
f 1235/1060/279 1068/1061/279 1072/1062/279
f 1235/1060/279 1072/1062/279 1237/1063/279
f 1082/1064/312 1236/1065/306 1238/1066/306
f 1082/1064/312 1238/1066/306 1083/1067/313
f 522/527/114 1040/1068/114 884/1069/114
f 522/527/114 884/1069/114 519/524/114
f 528/534/114 1059/1070/114 885/1071/114
f 528/534/114 885/1071/114 525/531/114
f 1059/1070/114 1008/1072/114 886/1073/114
f 1059/1070/114 886/1073/114 885/1071/114
f 1008/1072/114 530/538/114 532/540/114
f 1008/1072/114 532/540/114 886/1073/114
f 534/542/114 518/523/114 520/525/114
f 534/542/114 520/525/114 531/539/114
f 1040/1068/114 1143/530/114 526/532/114
f 1040/1068/114 526/532/114 884/1069/114
f 538/546/180 537/545/179 1182/1074/319
f 538/546/180 1182/1074/319 1000/1075/320
f 887/1076/304 542/1077/184 541/1078/183
f 887/1076/304 541/1078/183 888/1079/321
f 543/554/186 545/1080/188 547/1081/190
f 543/554/186 547/1081/190 540/550/182
f 889/1082/307 506/511/175 505/510/174
f 889/1082/307 505/510/174 890/1083/322
f 891/1084/323 892/1085/323 538/1086/180
f 891/1084/323 538/1086/180 893/1087/324
f 1109/561/307 894/1088/307 895/1089/325
f 1109/561/307 895/1089/325 546/557/189
f 1176/1090/294 1174/1091/294 896/1092/294
f 1176/1090/294 896/1092/294 897/1093/294
f 1112/559/307 1204/1094/307 898/1095/307
f 1112/559/307 898/1095/307 1110/560/307
f 1110/560/307 898/1095/307 894/1088/307
f 1110/560/307 894/1088/307 1109/561/307
f 1178/1096/294 899/1097/294 900/1098/294
f 1178/1096/294 900/1098/294 901/1099/294
f 899/1097/294 1176/1090/294 897/1093/294
f 899/1097/294 897/1093/294 900/1098/294
f 1179/1100/307 1145/512/307 902/1101/307
f 1179/1100/307 902/1101/307 1173/1102/307
f 1173/1102/307 902/1101/307 506/511/175
f 1173/1102/307 506/511/175 889/1082/307
f 536/544/178 903/1103/326 904/1104/327
f 536/544/178 904/1104/327 537/545/179
f 1016/1105/306 1014/1106/306 905/1107/306
f 1016/1105/306 905/1107/306 906/1108/306
f 1012/548/326 1024/1109/326 907/1110/326
f 1012/548/326 907/1110/326 908/1111/326
f 908/1111/326 907/1110/326 903/1103/326
f 908/1111/326 903/1103/326 536/544/178
f 1017/1112/306 909/1113/306 910/1114/306
f 1017/1112/306 910/1114/306 911/1115/306
f 909/1113/306 1016/1105/306 906/1108/306
f 909/1113/306 906/1108/306 910/1114/306
f 1018/1116/304 1027/1117/185 544/1118/187
f 1018/1116/304 544/1118/187 1013/1119/304
f 1013/1119/304 544/1118/187 542/1077/184
f 1013/1119/304 542/1077/184 887/1076/304
f 890/1083/322 505/510/174 1185/1120/328
f 890/1083/322 1185/1120/328 1184/1121/329
f 550/563/193 912/1122/330 1004/1123/331
f 550/563/193 1004/1123/331 1198/1124/332
f 913/1125/304 914/1126/304 915/1127/304
f 913/1125/304 915/1127/304 916/1128/304
f 1151/1129/304 913/1125/304 916/1128/304
f 1151/1129/304 916/1128/304 917/1130/304
f 1147/1131/333 918/1132/333 1061/1133/323
f 1147/1131/333 1061/1133/323 1146/1134/323
f 919/1135/315 920/1136/315 921/1137/315
f 919/1135/315 921/1137/315 922/1138/315
f 920/1136/315 1053/1139/315 923/1140/315
f 920/1136/315 923/1140/315 921/1137/315
f 1152/1141/333 1063/1142/333 918/1132/333
f 1152/1141/333 918/1132/333 1147/1131/333
f 1044/567/334 1049/1143/334 1050/1144/334
f 1044/567/334 1050/1144/334 924/1145/334
f 1047/566/334 1054/1146/334 1049/1143/334
f 1047/566/334 1049/1143/334 1044/567/334
f 1051/1147/315 925/1148/315 926/1149/315
f 1051/1147/315 926/1149/315 927/1150/315
f 1045/565/334 1048/1151/334 912/1122/330
f 1045/565/334 912/1122/330 550/563/193
f 924/1145/334 1050/1144/334 1048/1151/334
f 924/1145/334 1048/1151/334 1045/565/334
f 925/1148/315 919/1135/315 922/1138/315
f 925/1148/315 922/1138/315 926/1149/315
f 1150/1152/304 1148/1153/304 928/1154/304
f 1150/1152/304 928/1154/304 929/1155/304
f 914/1126/304 1150/1152/304 929/1155/304
f 914/1126/304 929/1155/304 915/1127/304
f 1146/1134/323 1061/1133/323 892/1085/323
f 1146/1134/323 892/1085/323 891/1084/323
f 930/1156/304 989/1157/304 990/1158/304
f 930/1156/304 990/1158/304 931/1159/304
f 932/1160/304 986/1161/304 988/1162/304
f 932/1160/304 988/1162/304 933/1163/304
f 933/1163/304 988/1162/304 989/1157/304
f 933/1163/304 989/1157/304 930/1156/304
f 1023/1164/308 1020/1165/308 973/1166/308
f 1023/1164/308 973/1166/308 978/1167/308
f 1020/1165/308 1025/1168/308 974/1169/308
f 1020/1165/308 974/1169/308 973/1166/308
f 1021/1170/308 1023/1164/308 978/1167/308
f 1021/1170/308 978/1167/308 976/1171/308
f 1015/1172/114 1022/1173/114 977/1174/114
f 1015/1172/114 977/1174/114 991/1175/114
f 1026/1176/21 1019/1177/21 987/1178/21
f 1026/1176/21 987/1178/21 975/1179/21
f 934/1180/307 995/1181/307 996/1182/307
f 934/1180/307 996/1182/307 935/1183/307
f 936/1184/307 992/1185/307 994/1186/307
f 936/1184/307 994/1186/307 937/1187/307
f 937/1187/307 994/1186/307 995/1181/307
f 937/1187/307 995/1181/307 934/1180/307
f 1202/1188/335 1199/1189/335 967/1190/335
f 1202/1188/335 967/1190/335 972/1191/335
f 1199/1189/335 1205/1192/335 968/1193/335
f 1199/1189/335 968/1193/335 967/1190/335
f 1200/1194/335 1202/1188/335 972/1191/335
f 1200/1194/335 972/1191/335 970/1195/335
f 1175/1196/114 1201/1197/114 971/1198/114
f 1175/1196/114 971/1198/114 997/1199/114
f 1203/537/21 529/536/21 993/1200/21
f 1203/537/21 993/1200/21 969/1201/21
f 1193/1202/334 938/1203/308 939/1204/308
f 1193/1202/334 939/1204/308 1191/1205/334
f 1197/1206/334 940/1207/308 941/1208/308
f 1197/1206/334 941/1208/308 1196/1209/334
f 940/1207/308 984/1210/323 985/1211/333
f 940/1207/308 985/1211/333 941/1208/308
f 942/1212/333 982/1213/323 984/1210/323
f 942/1212/333 984/1210/323 940/1207/308
f 1194/1214/334 942/1212/333 940/1207/308
f 1194/1214/334 940/1207/308 1197/1206/334
f 1196/1209/334 941/1208/308 938/1203/308
f 1196/1209/334 938/1203/308 1193/1202/334
f 938/1203/308 979/1215/333 980/1216/333
f 938/1203/308 980/1216/333 939/1204/308
f 941/1208/308 985/1211/333 979/1215/333
f 941/1208/308 979/1215/333 938/1203/308
f 943/1217/114 1052/1218/114 1192/1219/114
f 943/1217/114 1192/1219/114 966/1220/114
f 1055/1221/21 1010/1222/21 965/1223/21
f 1055/1221/21 965/1223/21 1195/1224/21
f 1149/1225/114 943/1217/114 966/1220/114
f 1149/1225/114 966/1220/114 981/1226/114
f 1010/1222/21 1153/1227/21 983/1228/21
f 1010/1222/21 983/1228/21 965/1223/21
f 565/581/114 564/580/114 558/573/114
f 565/581/114 558/573/114 553/568/114
f 893/1087/324 538/1086/180 1000/1229/320
f 893/1087/324 1000/1229/320 1140/1230/336
f 541/551/183 540/550/182 1060/1231/337
f 541/551/183 1060/1231/337 1058/1232/338
f 547/558/190 546/557/189 1266/1233/339
f 547/558/190 1266/1233/339 1103/1234/340
f 904/1104/327 888/1079/321 1032/1235/341
f 904/1104/327 1032/1235/341 1183/1236/342
f 912/1122/330 1009/1237/331 1064/1238/331
f 912/1122/330 1064/1238/331 1004/1123/331
f 504/564/173 550/563/193 1198/1124/332
f 504/564/173 1198/1124/332 1186/1239/343
f 895/1089/325 890/1083/322 1184/1121/329
f 895/1089/325 1184/1121/329 1104/1240/344
f 505/510/174 504/509/173 1186/1241/343
f 505/510/174 1186/1241/343 1185/1120/328
f 537/545/179 904/1104/327 1183/1236/342
f 537/545/179 1183/1236/342 1182/1074/319
f 1009/1237/331 893/1087/324 1140/1230/336
f 1009/1237/331 1140/1230/336 1064/1238/331
f 540/550/182 547/1081/190 1103/1242/340
f 540/550/182 1103/1242/340 1060/1231/337
f 546/557/189 895/1089/325 1104/1240/344
f 546/557/189 1104/1240/344 1266/1233/339
f 888/1079/321 541/1078/183 1058/1243/338
f 888/1079/321 1058/1243/338 1032/1235/341
f 944/1244/304 945/1245/304 1247/1246/304
f 944/1244/304 1247/1246/304 1251/1247/304
f 945/1245/304 1255/1248/304 1181/1249/345
f 945/1245/304 1181/1249/345 1247/1246/304
f 946/1250/304 947/1251/304 1250/1252/304
f 946/1250/304 1250/1252/304 1041/1253/304
f 1254/1254/304 946/1250/304 1041/1253/304
f 1254/1254/304 1041/1253/304 948/1255/346
f 949/1256/347 950/1257/347 951/1258/347
f 949/1256/347 951/1258/347 1262/1259/347
f 960/1260/114 1252/1261/114 1257/1262/114
f 960/1260/114 1257/1262/114 957/1263/114
f 1256/1264/21 962/1265/21 952/1266/21
f 1256/1264/21 952/1266/21 1260/1267/21
f 964/1268/348 961/1269/348 958/1270/348
f 964/1268/348 958/1270/348 959/1271/348
f 963/1272/348 964/1268/348 959/1271/348
f 963/1272/348 959/1271/348 955/1273/348
f 956/1274/347 949/1256/347 1262/1259/347
f 956/1274/347 1262/1259/347 1261/1275/347
f 1255/1248/304 1254/1254/304 948/1255/346
f 1255/1248/304 948/1255/346 1181/1249/345
f 947/1251/304 944/1244/304 1251/1247/304
f 947/1251/304 1251/1247/304 1250/1252/304
f 1253/1276/280 806/900/280 809/903/280
f 1253/1276/280 809/903/280 1258/1277/280
f 1181/1249/345 948/1255/346 953/1278/303
f 1181/1249/345 953/1278/303 1239/1279/349
f 474/475/157 473/474/156 805/899/279
f 474/475/157 805/899/279 1248/1280/279
f 1264/1281/192 954/1282/192 1081/961/192
f 1264/1281/192 1081/961/192 1079/1283/192
f 1239/1284/349 953/1285/303 1263/1286/308
f 1239/1284/349 1263/1286/308 1265/1287/308
f 1351/1370/21 1353/1371/21 1352/1372/21
f 1354/1373/21 1352/1372/21 1355/1374/21
f 1351/1370/21 1354/1373/21 1356/1375/21
f 1351/1370/21 1352/1372/21 1354/1373/21
f 1357/1376/114 1359/1377/114 1358/1378/114
f 1360/1379/114 1358/1378/114 1361/1380/114
f 1357/1376/114 1360/1379/114 1362/1381/114
f 1357/1376/114 1358/1378/114 1360/1379/114
f 1363/1382/114 1365/1383/114 1364/1384/114
f 1366/1385/114 1364/1384/114 1367/1386/114
f 1363/1382/114 1364/1384/114 1366/1385/114
f 1368/1387/370 1370/1388/371 1369/1389/372
f 1371/1390/373 1369/1389/372 1372/1391/374
f 1368/1387/370 1369/1389/372 1371/1390/373
f 1373/1392/375 1375/1393/376 1374/1394/377
f 1376/1395/377 1374/1394/377 1377/1396/377
f 1373/1392/375 1374/1394/377 1376/1395/377
f 1795/1397/114 1378/1398/114 1367/1386/114
f 1379/1399/21 1380/1400/21 1806/1401/21
f 1783/1402/378 1382/1403/378 1381/1404/379
f 1807/1405/380 1381/1404/379 1859/1406/381
f 1783/1402/378 1381/1404/379 1807/1405/380
f 1383/1407/382 1385/1408/383 1384/1409/384
f 1386/1410/385 1383/1407/382 1387/1411/385
f 1386/1410/385 1385/1408/383 1383/1407/382
f 1388/1412/21 1390/1413/21 1389/1414/21
f 1391/1415/21 1389/1414/21 1392/1416/21
f 1393/1417/21 1391/1415/21 1394/1418/21
f 1395/1419/21 1393/1417/21 1396/1420/21
f 1388/1412/21 1389/1414/21 1395/1419/21
f 1393/1417/21 1389/1414/21 1391/1415/21
f 1395/1419/21 1389/1414/21 1393/1417/21
f 1397/1421/114 1399/1422/114 1398/1423/114
f 1400/1424/114 1398/1423/114 1401/1425/114
f 1397/1421/114 1403/1426/114 1402/1427/114
f 1403/1426/114 1398/1423/114 1400/1424/114
f 1397/1421/114 1398/1423/114 1403/1426/114
f 1874/1428/114 1405/1429/114 1404/1430/114
f 1406/1431/114 1404/1430/114 1407/1432/114
f 1875/1433/386 1937/1434/21 1408/1435/387
f 1874/1428/114 1404/1430/114 1406/1431/114
f 1409/1436/114 1411/1437/114 1410/1438/114
f 1412/1439/114 1410/1438/114 1413/1440/114
f 1409/1436/114 1410/1438/114 1414/1441/114
f 1414/1441/114 1410/1438/114 1412/1439/114
f 1415/1442/388 1417/1443/389 1416/1444/390
f 1804/1445/391 1418/1446/391 1700/1447/391
f 1415/1442/388 1418/1446/391 1417/1443/389
f 1700/1447/391 1418/1446/391 1415/1442/388
f 1419/1448/392 1421/1449/393 1420/1450/394
f 1691/1451/395 1419/1448/392 1422/1452/396
f 1691/1451/395 1421/1449/393 1419/1448/392
f 1423/1453/397 1425/1454/398 1424/1455/399
f 1423/1453/397 1426/1456/400 1721/1457/400
f 1423/1453/397 1424/1455/399 1426/1456/400
f 1732/1458/401 1383/1459/382 1427/1460/402
f 1732/1458/401 1427/1460/402 1428/1461/401
f 1732/1458/401 1429/1462/401 1748/1463/401
f 1732/1458/401 1428/1461/401 1429/1462/401
f 1848/1464/403 1431/1465/403 1430/1466/403
f 1848/1464/403 1828/1467/403 1431/1465/403
f 1829/1468/404 1432/1469/404 1826/1470/404
f 1829/1468/404 1736/1471/404 1432/1469/404
f 1737/1472/405 1433/1473/405 1734/1474/405
f 1737/1472/405 1854/1475/405 1433/1473/405
f 1855/1476/406 1434/1477/406 1852/1478/406
f 1855/1476/406 1774/1479/406 1434/1477/406
f 1435/1480/407 1437/1481/407 1436/1482/407
f 1435/1480/407 1438/1483/407 1437/1481/407
f 1846/1484/407 1834/1485/407 1849/1486/407
f 1846/1484/407 1439/1487/407 1834/1485/407
f 1775/1488/408 1832/1489/408 1772/1490/408
f 1775/1488/408 1835/1491/408 1832/1489/408
f 1695/1492/114 1827/1493/114 1440/1494/114
f 1695/1492/114 1847/1495/114 1827/1493/114
f 1440/1494/114 1735/1496/114 1441/1497/114
f 1440/1494/114 1827/1493/114 1735/1496/114
f 1441/1497/114 1853/1498/114 1442/1499/114
f 1441/1497/114 1735/1496/114 1853/1498/114
f 1442/1499/114 1773/1500/114 1443/1501/114
f 1442/1499/114 1853/1498/114 1773/1500/114
f 1443/1501/114 1833/1502/114 1689/1503/114
f 1443/1501/114 1773/1500/114 1833/1502/114
f 1689/1503/114 1847/1495/114 1695/1492/114
f 1689/1503/114 1833/1502/114 1847/1495/114
f 1444/1504/407 1446/1505/407 1445/1506/407
f 1444/1504/407 1447/1507/407 1446/1505/407
f 1690/1508/408 1448/1509/408 1797/1510/408
f 1690/1508/408 1687/1511/408 1448/1509/408
f 1798/1512/409 1449/1513/409 1725/1514/409
f 1798/1512/409 1799/1515/409 1449/1513/409
f 1726/1516/405 1450/1517/405 1813/1518/405
f 1726/1516/405 1727/1519/405 1450/1517/405
f 1814/1520/404 1451/1521/404 1822/1522/404
f 1814/1520/404 1815/1523/404 1451/1521/404
f 1823/1524/403 1693/1525/403 1696/1526/403
f 1823/1524/403 1824/1527/403 1693/1525/403
f 1718/1528/114 1825/1529/114 1452/1530/114
f 1718/1528/114 1694/1531/114 1825/1529/114
f 1452/1530/114 1816/1532/114 1453/1533/114
f 1452/1530/114 1825/1529/114 1816/1532/114
f 1453/1533/114 1728/1534/114 1454/1535/114
f 1453/1533/114 1816/1532/114 1728/1534/114
f 1454/1535/114 1800/1536/114 1455/1537/114
f 1454/1535/114 1728/1534/114 1800/1536/114
f 1455/1537/114 1688/1538/114 1922/1539/114
f 1455/1537/114 1800/1536/114 1688/1538/114
f 1922/1539/114 1694/1531/114 1718/1528/114
f 1922/1539/114 1688/1538/114 1694/1531/114
f 1677/1540/410 1456/1541/411 1770/1542/412
f 1677/1540/410 1457/1543/413 1456/1541/411
f 1923/1544/414 1458/1545/408 1850/1546/414
f 1923/1544/414 1771/1547/408 1458/1545/408
f 1851/1548/409 1459/1549/409 1913/1550/409
f 1851/1548/409 1920/1551/409 1459/1549/409
f 1914/1552/405 1460/1553/405 1909/1554/405
f 1914/1552/405 1924/1555/405 1460/1553/405
f 1910/1556/404 1461/1557/404 1905/1558/404
f 1910/1556/404 1911/1559/404 1461/1557/404
f 1906/1560/403 1678/1561/403 1719/1562/403
f 1906/1560/403 1907/1563/403 1678/1561/403
f 1918/1564/415 1462/1565/415 1744/1566/415
f 1918/1564/415 1463/1567/415 1462/1565/415
f 1770/1542/412 1464/1568/416 1921/1569/417
f 1770/1542/412 1456/1541/411 1464/1568/416
f 1921/1569/417 1465/1570/418 1925/1571/419
f 1921/1569/417 1464/1568/416 1465/1570/418
f 1925/1571/419 1466/1572/420 1912/1573/421
f 1925/1571/419 1465/1570/418 1466/1572/420
f 1912/1573/421 1467/1574/422 1908/1575/423
f 1912/1573/421 1466/1572/420 1467/1574/422
f 1908/1575/423 1457/1543/413 1677/1540/410
f 1908/1575/423 1467/1574/422 1457/1543/413
f 1468/1576/424 1470/1577/425 1469/1578/426
f 1468/1576/424 1471/1579/424 1470/1577/425
f 1745/1580/427 1472/1581/428 1902/1582/427
f 1745/1580/427 1915/1583/429 1472/1581/428
f 1903/1584/430 1473/1585/431 1702/1586/432
f 1903/1584/430 1879/1587/433 1473/1585/431
f 1703/1588/434 1474/1589/434 1940/1590/434
f 1703/1588/434 1776/1591/434 1474/1589/434
f 1941/1592/435 1475/1593/436 1723/1594/435
f 1941/1592/435 1951/1595/437 1475/1593/436
f 1724/1596/438 1926/1597/439 1919/1598/440
f 1724/1596/438 1789/1599/441 1926/1597/439
f 1476/1600/442 1856/1601/443 1477/1602/442
f 1476/1600/442 1973/1603/443 1856/1601/443
f 1915/1583/429 1478/1604/408 1472/1581/428
f 1915/1583/429 1479/1605/444 1478/1604/408
f 1879/1587/433 1480/1606/445 1473/1585/431
f 1879/1587/433 1880/1607/409 1480/1606/445
f 1470/1577/425 1481/1608/446 1469/1578/426
f 1470/1577/425 1482/1609/446 1481/1608/446
f 1951/1595/437 1483/1610/404 1475/1593/436
f 1951/1595/437 1484/1611/447 1483/1610/404
f 1789/1599/441 1485/1612/448 1926/1597/439
f 1789/1599/441 1790/1613/449 1485/1612/448
f 1916/1614/21 1929/1615/21 1942/1616/21
f 1916/1614/21 1927/1617/21 1929/1615/21
f 1479/1605/444 1943/1618/450 1486/1619/450
f 1479/1605/444 1915/1583/429 1943/1618/450
f 1928/1620/114 1944/1621/114 1487/1622/114
f 1928/1620/114 1917/1623/114 1944/1621/114
f 1926/1624/439 1931/1625/451 1930/1626/451
f 1926/1624/439 1485/1627/448 1931/1625/451
f 1952/1628/21 1489/1629/21 1488/1630/21
f 1952/1628/21 1777/1631/21 1489/1629/21
f 1484/1611/447 1679/1632/451 1490/1633/451
f 1484/1611/447 1951/1595/437 1679/1632/451
f 1778/1634/114 1681/1635/114 1491/1636/114
f 1778/1634/114 1953/1637/114 1681/1635/114
f 1473/1638/431 1781/1639/452 1779/1640/450
f 1473/1638/431 1480/1641/445 1781/1639/452
f 1486/1619/450 1946/1642/452 1947/1643/452
f 1486/1619/450 1943/1618/450 1946/1642/452
f 1932/1644/453 1948/1645/453 1730/1646/454
f 1932/1644/453 1945/1647/455 1948/1645/453
f 1930/1626/451 1731/1648/451 1729/1649/456
f 1930/1626/451 1931/1625/451 1731/1648/451
f 1492/1650/457 1494/1651/405 1493/1652/458
f 1492/1650/457 1495/1653/405 1494/1651/405
f 1680/1654/459 1492/1650/457 1493/1652/458
f 1680/1654/459 1780/1655/460 1492/1650/457
f 1490/1633/451 1864/1656/456 1865/1657/456
f 1490/1633/451 1679/1632/451 1864/1656/456
f 1782/1658/461 1866/1659/462 1959/1660/461
f 1782/1658/461 1682/1661/462 1866/1659/462
f 1779/1640/450 1960/1662/450 1958/1663/450
f 1779/1640/450 1781/1639/452 1960/1662/450
f 1956/1664/114 1791/1665/114 1496/1666/114
f 1956/1664/114 1928/1620/114 1791/1665/114
f 1496/1666/114 1953/1637/114 1497/1667/114
f 1496/1666/114 1791/1665/114 1953/1637/114
f 1497/1667/114 1778/1634/114 1498/1668/114
f 1497/1667/114 1953/1637/114 1778/1634/114
f 1498/1668/114 1881/1669/114 1499/1670/114
f 1498/1668/114 1778/1634/114 1881/1669/114
f 1499/1670/114 1917/1623/114 1954/1671/114
f 1499/1670/114 1881/1669/114 1917/1623/114
f 1954/1671/114 1928/1620/114 1956/1664/114
f 1954/1671/114 1917/1623/114 1928/1620/114
f 1955/1672/463 1808/1673/464 1966/1674/463
f 1955/1672/463 1857/1675/464 1808/1673/464
f 1967/1676/465 1900/1677/466 1949/1678/465
f 1967/1676/465 1809/1679/466 1900/1677/466
f 1950/1680/467 1810/1681/467 1830/1682/467
f 1950/1680/467 1901/1683/467 1810/1681/467
f 1831/1684/468 1759/1685/468 1961/1686/468
f 1831/1684/468 1811/1687/468 1759/1685/468
f 1962/1688/469 1974/1689/469 1957/1690/469
f 1962/1688/469 1760/1691/469 1974/1689/469
f 1364/1384/114 1768/1692/470 1367/1386/114
f 1364/1384/114 1500/1693/114 1768/1692/470
f 1501/1694/471 1502/1695/472 1738/1696/473
f 1501/1694/471 1503/1697/471 1502/1695/472
f 1504/1698/114 1506/1699/114 1505/1700/114
f 1504/1698/114 1507/1701/114 1506/1699/114
f 1505/1700/114 1365/1383/114 1363/1382/114
f 1505/1700/114 1506/1699/114 1365/1383/114
f 1366/1385/114 1378/1398/114 1508/1702/114
f 1366/1385/114 1367/1386/114 1378/1398/114
f 1508/1702/114 1510/1703/114 1509/1704/114
f 1508/1702/114 1378/1398/114 1510/1703/114
f 1509/1704/114 1512/1705/114 1511/1706/114
f 1509/1704/114 1510/1703/114 1512/1705/114
f 1511/1706/114 1514/1707/114 1513/1708/114
f 1511/1706/114 1512/1705/114 1514/1707/114
f 1513/1708/114 1507/1701/114 1504/1698/114
f 1513/1708/114 1514/1707/114 1507/1701/114
f 1515/1709/474 1769/1710/474 1968/1711/474
f 1515/1709/474 1516/1712/474 1769/1710/474
f 1517/1713/475 1969/1714/475 1817/1715/475
f 1517/1713/475 1970/1716/475 1969/1714/475
f 1768/1692/470 1795/1397/114 1367/1386/114
f 1768/1692/470 1802/1717/476 1795/1397/114
f 1369/1389/372 1518/1718/477 1372/1391/374
f 1369/1389/372 1519/1719/477 1518/1718/477
f 1858/1720/478 1807/1405/380 1859/1406/381
f 1858/1720/478 1796/1721/479 1807/1405/380
f 1860/1722/21 1521/1723/21 1520/1724/21
f 1860/1722/21 1765/1725/21 1521/1723/21
f 1801/1726/480 1683/1727/481 1767/1728/482
f 1801/1726/480 1977/1729/481 1683/1727/481
f 1515/1709/474 1766/1730/474 1516/1712/474
f 1515/1709/474 1971/1731/474 1766/1730/474
f 1517/1713/475 1972/1732/475 1970/1716/475
f 1517/1713/475 1820/1733/475 1972/1732/475
f 1859/1406/381 1821/1734/483 1818/1735/483
f 1859/1406/381 1381/1404/379 1821/1734/483
f 1862/1736/21 1801/1726/480 1767/1728/482
f 1862/1736/21 1784/1737/21 1801/1726/480
f 1979/1738/484 1684/1739/484 1978/1740/484
f 1979/1738/484 1685/1741/484 1684/1739/484
f 1861/1742/485 1375/1393/376 1373/1392/375
f 1861/1742/485 1863/1743/485 1375/1393/376
f 1768/1692/470 1980/1744/486 1802/1717/476
f 1768/1692/470 1686/1745/486 1980/1744/486
f 1368/1387/370 1877/1746/487 1370/1388/371
f 1368/1387/370 1878/1747/488 1877/1746/487
f 1761/1748/21 1522/1749/21 1844/1750/21
f 1761/1748/21 1523/1751/21 1522/1749/21
f 1893/1752/21 1523/1751/21 1761/1748/21
f 1893/1752/21 1524/1753/21 1523/1751/21
f 1740/1754/21 1819/1755/21 1739/1756/21
f 1740/1754/21 1379/1399/21 1819/1755/21
f 1525/1757/21 1379/1399/21 1740/1754/21
f 1525/1757/21 1380/1400/21 1379/1399/21
f 1526/1758/21 1380/1400/21 1525/1757/21
f 1526/1758/21 1527/1759/21 1380/1400/21
f 1785/1760/21 1527/1759/21 1526/1758/21
f 1785/1760/21 1528/1761/21 1527/1759/21
f 1870/1762/21 1528/1761/21 1785/1760/21
f 1870/1762/21 1529/1763/21 1528/1761/21
f 1844/1750/21 1529/1763/21 1870/1762/21
f 1844/1750/21 1522/1749/21 1529/1763/21
f 1739/1756/21 1524/1753/21 1893/1752/21
f 1739/1756/21 1819/1755/21 1524/1753/21
f 1871/1764/391 1530/1765/489 1845/1766/490
f 1871/1764/391 1531/1767/391 1530/1765/489
f 1786/1768/491 1873/1769/491 1872/1770/491
f 1786/1768/491 1532/1771/491 1873/1769/491
f 1985/1772/492 1788/1773/395 1787/1774/395
f 1985/1772/492 1533/1775/396 1788/1773/395
f 1981/1776/493 1533/1775/396 1985/1772/492
f 1981/1776/493 1534/1777/493 1533/1775/396
f 1741/1778/400 1984/1779/400 1982/1780/400
f 1741/1778/400 1535/1781/400 1984/1779/400
f 1738/1696/473 1743/1782/484 1742/1783/484
f 1738/1696/473 1502/1695/472 1743/1782/484
f 1762/1784/401 1896/1785/401 1894/1786/401
f 1762/1784/401 1536/1787/401 1896/1785/401
f 1845/1788/490 1764/1789/494 1763/1790/494
f 1845/1788/490 1530/1791/489 1764/1789/494
f 1537/1792/495 1904/1793/496 1538/1794/497
f 1537/1792/495 1792/1795/495 1904/1793/496
f 1539/1796/400 1812/1797/498 1540/1798/499
f 1539/1796/400 1883/1799/400 1812/1797/498
f 1541/1800/500 1884/1801/501 1885/1802/501
f 1541/1800/500 1882/1803/502 1884/1801/501
f 1542/1804/401 1882/1805/502 1541/1806/500
f 1542/1804/401 1897/1807/401 1882/1805/502
f 1543/1808/503 1898/1809/504 1899/1810/504
f 1543/1808/503 1892/1811/505 1898/1809/504
f 1544/1812/391 1892/1813/505 1543/1814/503
f 1544/1812/391 1867/1815/391 1892/1813/505
f 1538/1794/497 1868/1816/483 1869/1817/483
f 1538/1794/497 1904/1793/496 1868/1816/483
f 1545/1818/395 1793/1819/395 1794/1820/395
f 1545/1818/395 1963/1821/395 1793/1819/395
f 1540/1822/499 1964/1823/493 1965/1824/493
f 1540/1822/499 1812/1825/498 1964/1823/493
f 1401/1425/114 1895/1826/114 1733/1827/114
f 1401/1425/114 1398/1423/114 1895/1826/114
f 1407/1432/114 1983/1828/114 1758/1829/114
f 1407/1432/114 1404/1430/114 1983/1828/114
f 1758/1829/114 1986/1830/114 1697/1831/114
f 1758/1829/114 1983/1828/114 1986/1830/114
f 1697/1831/114 1411/1437/114 1409/1436/114
f 1697/1831/114 1986/1830/114 1411/1437/114
f 1413/1440/114 1399/1422/114 1397/1421/114
f 1413/1440/114 1410/1438/114 1399/1422/114
f 1733/1827/114 1405/1429/114 1874/1428/114
f 1733/1827/114 1895/1826/114 1405/1429/114
f 1417/1443/389 1546/1832/506 1416/1444/390
f 1417/1443/389 1547/1833/507 1546/1832/506
f 1548/1834/508 1420/1835/394 1421/1836/393
f 1548/1834/508 1549/1837/509 1420/1835/394
f 1422/1452/396 1425/1838/398 1423/1839/397
f 1422/1452/396 1419/1448/392 1425/1838/398
f 1550/1840/510 1384/1409/384 1385/1408/383
f 1550/1840/510 1551/1841/511 1384/1409/384
f 1552/1842/512 1417/1843/389 1553/1844/512
f 1552/1842/512 1554/1845/513 1417/1843/389
f 1555/1846/484 1557/1847/514 1556/1848/484
f 1555/1846/484 1424/1455/399 1557/1847/514
f 1889/1849/485 1558/1850/485 1887/1851/485
f 1889/1849/485 1559/1852/485 1558/1850/485
f 1722/1457/484 1560/1853/484 1938/1854/484
f 1722/1457/484 1720/1456/484 1560/1853/484
f 1720/1456/484 1556/1848/484 1560/1853/484
f 1720/1456/484 1555/1846/484 1556/1848/484
f 1890/1855/485 1562/1856/485 1561/1857/485
f 1890/1855/485 1563/1858/485 1562/1856/485
f 1561/1857/485 1559/1852/485 1889/1849/485
f 1561/1857/485 1562/1856/485 1559/1852/485
f 1891/1859/510 1564/1860/484 1876/1410/510
f 1891/1859/510 1886/1861/484 1564/1860/484
f 1886/1861/484 1385/1408/383 1564/1860/484
f 1886/1861/484 1550/1840/510 1385/1408/383
f 1415/1442/388 1566/1862/515 1565/1863/491
f 1415/1442/388 1416/1444/390 1566/1862/515
f 1708/1864/493 1567/1865/493 1709/1866/493
f 1708/1864/493 1568/1867/493 1567/1865/493
f 1701/1447/491 1569/1868/491 1715/1869/491
f 1701/1447/491 1570/1870/491 1569/1868/491
f 1570/1870/491 1565/1863/491 1569/1868/491
f 1570/1870/491 1415/1442/388 1565/1863/491
f 1705/1871/493 1572/1872/493 1571/1873/493
f 1705/1871/493 1573/1874/493 1572/1872/493
f 1571/1873/493 1568/1867/493 1708/1864/493
f 1571/1873/493 1572/1872/493 1568/1867/493
f 1706/1875/508 1574/1876/508 1692/1877/508
f 1706/1875/508 1704/1878/508 1574/1876/508
f 1704/1878/508 1421/1836/393 1574/1876/508
f 1704/1878/508 1548/1834/508 1421/1836/393
f 1551/1841/511 1575/1879/516 1384/1409/384
f 1551/1841/511 1576/1880/517 1575/1879/516
f 1427/1460/402 1578/1881/518 1577/1882/519
f 1427/1460/402 1579/1883/520 1578/1881/518
f 1580/1884/491 1582/1885/491 1581/1886/491
f 1580/1884/491 1583/1887/491 1582/1885/491
f 1841/1888/491 1583/1887/491 1580/1884/491
f 1841/1888/491 1584/1889/491 1583/1887/491
f 1837/1890/521 1803/1891/521 1585/1892/521
f 1837/1890/521 1836/1893/521 1803/1891/521
f 1586/1894/501 1588/1895/501 1587/1896/501
f 1586/1894/501 1589/1897/501 1588/1895/501
f 1587/1896/501 1590/1898/501 1755/1899/501
f 1587/1896/501 1588/1895/501 1590/1898/501
f 1842/1900/521 1585/1892/521 1805/1901/521
f 1842/1900/521 1837/1890/521 1585/1892/521
f 1746/1462/494 1752/1902/494 1751/1903/494
f 1746/1462/494 1591/1904/494 1752/1902/494
f 1749/1463/494 1751/1903/494 1756/1905/494
f 1749/1463/494 1746/1462/494 1751/1903/494
f 1753/1906/501 1593/1907/501 1592/1908/501
f 1753/1906/501 1594/1909/501 1593/1907/501
f 1747/1461/494 1577/1882/519 1750/1910/494
f 1747/1461/494 1427/1460/402 1577/1882/519
f 1591/1904/494 1750/1910/494 1752/1902/494
f 1591/1904/494 1747/1461/494 1750/1910/494
f 1592/1908/501 1589/1897/501 1586/1894/501
f 1592/1908/501 1593/1907/501 1589/1897/501
f 1840/1911/491 1595/1912/491 1838/1913/491
f 1840/1911/491 1596/1914/491 1595/1912/491
f 1581/1886/491 1596/1914/491 1840/1911/491
f 1581/1886/491 1582/1885/491 1596/1914/491
f 1836/1893/521 1553/1844/512 1803/1891/521
f 1836/1893/521 1552/1842/512 1553/1844/512
f 1597/1915/522 1669/1916/522 1668/1917/522
f 1597/1915/522 1598/1918/522 1669/1916/522
f 1599/1919/522 1667/1920/522 1665/1921/522
f 1599/1919/522 1600/1922/522 1667/1920/522
f 1600/1922/522 1668/1917/522 1667/1920/522
f 1600/1922/522 1597/1915/522 1668/1917/522
f 1714/1923/504 1645/1924/504 1711/1925/504
f 1714/1923/504 1650/1926/504 1645/1924/504
f 1711/1925/504 1646/1927/504 1716/1928/504
f 1711/1925/504 1645/1924/504 1646/1927/504
f 1712/1929/504 1650/1926/504 1714/1923/504
f 1712/1929/504 1648/1930/504 1650/1926/504
f 1710/1931/114 1649/1932/114 1713/1933/114
f 1710/1931/114 1670/1934/114 1649/1932/114
f 1717/1935/21 1666/1936/21 1707/1937/21
f 1717/1935/21 1647/1938/21 1666/1936/21
f 1601/1939/510 1675/1940/484 1674/1941/510
f 1601/1939/510 1602/1942/484 1675/1940/484
f 1603/1943/510 1673/1944/510 1671/1945/510
f 1603/1943/510 1604/1946/510 1673/1944/510
f 1604/1946/510 1674/1941/510 1673/1944/510
f 1604/1946/510 1601/1939/510 1674/1941/510
f 1936/1947/523 1639/1948/523 1933/1949/523
f 1936/1947/523 1644/1950/523 1639/1948/523
f 1933/1949/523 1640/1951/523 1939/1952/523
f 1933/1949/523 1639/1948/523 1640/1951/523
f 1934/1953/523 1644/1950/523 1936/1947/523
f 1934/1953/523 1642/1954/523 1644/1950/523
f 1888/1955/114 1643/1956/114 1935/1957/114
f 1888/1955/114 1676/1958/114 1643/1956/114
f 1937/1434/21 1672/1959/21 1408/1435/387
f 1937/1434/21 1641/1960/21 1672/1959/21
f 1653/1961/494 1606/1962/504 1605/1963/504
f 1653/1961/494 1651/1964/494 1606/1962/504
f 1657/1965/494 1608/1966/504 1607/1967/504
f 1657/1965/494 1656/1968/494 1608/1966/504
f 1607/1967/504 1664/1969/512 1663/1970/512
f 1607/1967/504 1608/1966/504 1664/1969/512
f 1609/1971/504 1663/1970/512 1661/1972/521
f 1609/1971/504 1607/1967/504 1663/1970/512
f 1654/1973/494 1607/1967/504 1609/1971/504
f 1654/1973/494 1657/1965/494 1607/1967/504
f 1656/1968/494 1605/1963/504 1608/1966/504
f 1656/1968/494 1653/1961/494 1605/1963/504
f 1605/1963/504 1659/1974/521 1658/1975/521
f 1605/1963/504 1606/1962/504 1659/1974/521
f 1608/1966/504 1658/1975/521 1664/1969/512
f 1608/1966/504 1605/1963/504 1658/1975/521
f 1610/1976/114 1652/1977/114 1754/1978/114
f 1610/1976/114 1638/1979/114 1652/1977/114
f 1757/1980/21 1637/1981/21 1699/1982/21
f 1757/1980/21 1655/1983/21 1637/1981/21
f 1839/1984/114 1638/1979/114 1610/1976/114
f 1839/1984/114 1660/1985/114 1638/1979/114
f 1699/1982/21 1662/1986/21 1843/1987/21
f 1699/1982/21 1637/1981/21 1662/1986/21
f 1554/1845/513 1547/1988/507 1417/1843/389
f 1554/1845/513 1611/1989/524 1547/1988/507
f 1420/1450/394 1612/1990/525 1419/1448/392
f 1420/1450/394 1613/1991/526 1612/1990/525
f 1425/1454/398 1614/1992/527 1424/1455/399
f 1425/1454/398 1615/1993/528 1614/1992/527
f 1566/1862/515 1616/1994/529 1549/1837/509
f 1566/1862/515 1617/1995/530 1616/1994/529
f 1577/1882/519 1618/1996/531 1698/1997/531
f 1577/1882/519 1578/1881/518 1618/1996/531
f 1383/1459/382 1579/1883/520 1427/1460/402
f 1383/1459/382 1619/1998/532 1579/1883/520
f 1557/1847/514 1576/1880/517 1551/1841/511
f 1557/1847/514 1620/1999/533 1576/1880/517
f 1384/1409/384 1619/2000/532 1383/1407/382
f 1384/1409/384 1575/1879/516 1619/2000/532
f 1416/1444/390 1617/1995/530 1566/1862/515
f 1416/1444/390 1546/1832/506 1617/1995/530
f 1698/1997/531 1611/1989/524 1554/1845/513
f 1698/1997/531 1618/1996/531 1611/1989/524
f 1419/1448/392 1615/2001/528 1425/1838/398
f 1419/1448/392 1612/1990/525 1615/2001/528
f 1424/1455/399 1620/1999/533 1557/1847/514
f 1424/1455/399 1614/1992/527 1620/1999/533
f 1549/1837/509 1613/2002/526 1420/1835/394
f 1549/1837/509 1616/1994/529 1613/2002/526
f 1621/2003/491 1988/2004/491 1622/2005/491
f 1621/2003/491 1976/2006/491 1988/2004/491
f 1623/2007/491 1975/2008/491 1624/2009/491
f 1623/2007/491 1987/2004/491 1975/2008/491
f 1633/2010/114 1625/2011/114 1631/2012/114
f 1633/2010/114 1626/2013/114 1625/2011/114
f 1632/2014/21 1627/2015/21 1635/2016/21
f 1632/2014/21 1628/2017/21 1627/2015/21
f 1636/2018/534 1630/2019/534 1634/2020/534
f 1636/2018/534 1629/2021/534 1630/2019/534
f 2143/2175/21 2145/2176/21 2144/2177/21
f 2146/2178/21 2144/2177/21 2147/2179/21
f 2143/2175/21 2146/2178/21 2148/2180/21
f 2143/2175/21 2144/2177/21 2146/2178/21
f 2149/2181/114 2151/2182/114 2150/2183/114
f 2152/2184/114 2150/2183/114 2153/2185/114
f 2149/2181/114 2152/2184/114 2154/2186/114
f 2149/2181/114 2150/2183/114 2152/2184/114
f 2155/2187/556 2157/2188/557 2156/2189/558
f 2158/2190/559 2156/2189/558 2159/2191/560
f 2155/2187/556 2156/2189/558 2158/2190/559
f 2160/2192/114 2162/2193/114 2161/2194/114
f 2163/2195/114 2161/2194/114 2164/2196/114
f 2160/2192/114 2161/2194/114 2163/2195/114
f 2165/2197/561 2166/2198/561 2589/2199/561
f 2167/2200/561 2589/2199/561 2582/2201/561
f 2165/2197/561 2589/2199/561 2167/2200/561
f 2168/2202/562 2170/2203/563 2169/2204/564
f 2171/2205/565 2169/2204/564 2172/2206/566
f 2168/2202/562 2169/2204/564 2171/2205/565
f 2173/2207/567 2175/2208/568 2174/2209/569
f 2176/2210/569 2174/2209/569 2177/2211/569
f 2173/2207/567 2174/2209/569 2176/2210/569
f 2587/2212/114 2700/2213/114 2164/2196/114
f 2178/2214/21 2702/2215/21 2599/2216/21
f 2669/2217/570 2180/2218/570 2179/2219/571
f 2600/2220/572 2179/2219/571 2639/2221/573
f 2669/2217/570 2179/2219/571 2600/2220/572
f 2181/2222/574 2183/2223/575 2182/2224/576
f 2184/2225/577 2181/2222/574 2185/2226/577
f 2184/2225/577 2183/2223/575 2181/2222/574
f 2186/2227/21 2188/2228/21 2187/2229/21
f 2189/2230/21 2187/2229/21 2190/2231/21
f 2191/2232/21 2189/2230/21 2192/2233/21
f 2193/2234/21 2191/2232/21 2194/2235/21
f 2186/2227/21 2187/2229/21 2193/2234/21
f 2191/2232/21 2187/2229/21 2189/2230/21
f 2193/2234/21 2187/2229/21 2191/2232/21
f 2195/2236/114 2197/2237/114 2196/2238/114
f 2198/2239/114 2196/2238/114 2199/2240/114
f 2195/2236/114 2201/2241/114 2200/2242/578
f 2201/2241/114 2196/2238/114 2198/2239/114
f 2195/2236/114 2196/2238/114 2201/2241/114
f 2681/2243/114 2203/2244/114 2202/2245/114
f 2204/2246/114 2202/2245/114 2205/2247/114
f 2682/2248/21 2741/2249/21 2206/2250/21
f 2681/2243/114 2202/2245/114 2204/2246/114
f 2207/2251/114 2209/2252/114 2208/2253/114
f 2210/2254/114 2208/2253/114 2211/2255/114
f 2207/2251/114 2208/2253/114 2212/2256/114
f 2212/2256/114 2208/2253/114 2210/2254/114
f 2213/2257/579 2215/2258/580 2214/2259/581
f 2559/2260/582 2216/2261/582 2493/2262/582
f 2213/2257/579 2216/2261/582 2215/2258/580
f 2493/2262/582 2216/2261/582 2213/2257/579
f 2217/2263/583 2219/2264/584 2218/2265/585
f 2511/2266/586 2221/2267/587 2220/2268/588
f 2217/2263/583 2221/2267/587 2219/2264/584
f 2220/2268/588 2221/2267/587 2217/2263/583
f 2222/2269/589 2224/2270/590 2223/2271/591
f 2222/2269/589 2225/2272/592 2627/2273/592
f 2222/2269/589 2223/2271/591 2226/2274/592
f 2222/2269/589 2226/2274/592 2225/2272/592
f 2526/2275/593 2181/2276/574 2227/2277/594
f 2526/2275/593 2227/2277/594 2228/2278/593
f 2526/2275/593 2229/2279/593 2539/2280/593
f 2526/2275/593 2228/2278/593 2229/2279/593
f 2230/2281/114 2232/2282/114 2231/2283/114
f 2233/2284/114 2231/2283/114 2234/2285/114
f 2230/2281/114 2233/2284/114 2235/2286/114
f 2230/2281/114 2231/2283/114 2233/2284/114
f 2236/2287/595 2238/2288/595 2237/2289/595
f 2239/2290/114 2675/2291/114 2240/2292/114
f 2240/2292/114 2242/2293/114 2241/2294/114
f 2243/2295/114 2245/2296/114 2244/2297/114
f 2240/2292/114 2243/2295/114 2242/2293/114
f 2240/2292/114 2675/2291/114 2483/2298/114
f 2243/2295/114 2483/2298/114 2245/2296/114
f 2240/2292/114 2483/2298/114 2243/2295/114
f 2611/2299/596 2247/2300/597 2246/2301/597
f 2611/2299/596 2829/2302/596 2247/2300/597
f 2830/2303/598 2248/2304/598 2831/2305/598
f 2830/2303/598 2607/2306/598 2248/2304/598
f 2608/2307/599 2249/2308/599 2609/2309/599
f 2608/2307/599 2631/2310/599 2249/2308/599
f 2632/2311/600 2250/2312/600 2633/2313/600
f 2632/2311/600 2645/2314/600 2250/2312/600
f 2251/2315/601 2253/2316/601 2252/2317/601
f 2251/2315/601 2254/2318/601 2253/2316/601
f 2613/2319/601 2603/2320/601 2612/2321/601
f 2613/2319/601 2255/2322/601 2603/2320/601
f 2646/2323/602 2605/2324/602 2647/2325/602
f 2646/2323/602 2604/2326/602 2605/2324/602
f 2746/2327/114 2832/2328/114 2256/2329/114
f 2746/2327/114 2614/2330/114 2832/2328/114
f 2256/2329/114 2610/2331/114 2257/2332/114
f 2256/2329/114 2832/2328/114 2610/2331/114
f 2257/2332/114 2634/2333/114 2258/2334/114
f 2257/2332/114 2610/2331/114 2634/2333/114
f 2258/2334/114 2648/2335/114 2259/2336/114
f 2258/2334/114 2634/2333/114 2648/2335/114
f 2259/2336/114 2606/2337/114 2512/2338/114
f 2259/2336/114 2648/2335/114 2606/2337/114
f 2512/2338/114 2614/2330/114 2746/2327/114
f 2512/2338/114 2606/2337/114 2614/2330/114
f 2260/2339/601 2262/2340/601 2261/2341/601
f 2260/2339/601 2263/2342/601 2262/2340/601
f 2513/2343/602 2264/2344/602 2694/2345/602
f 2513/2343/602 2514/2346/602 2264/2344/602
f 2695/2347/600 2265/2348/603 2754/2349/600
f 2695/2347/600 2696/2350/603 2265/2348/603
f 2755/2351/599 2266/2352/599 2750/2353/599
f 2755/2351/599 2756/2354/599 2266/2352/599
f 2751/2355/598 2267/2356/598 2725/2357/598
f 2751/2355/598 2752/2358/598 2267/2356/598
f 2726/2359/596 2748/2360/596 2747/2361/596
f 2726/2359/596 2727/2362/596 2748/2360/596
f 2629/2363/114 2728/2364/114 2268/2365/114
f 2629/2363/114 2749/2366/114 2728/2364/114
f 2268/2365/114 2753/2367/114 2269/2368/114
f 2268/2365/114 2728/2364/114 2753/2367/114
f 2269/2368/114 2757/2369/114 2270/2370/114
f 2269/2368/114 2753/2367/114 2757/2369/114
f 2270/2370/114 2697/2371/114 2271/2372/114
f 2270/2370/114 2757/2369/114 2697/2371/114
f 2271/2372/114 2515/2373/114 2775/2374/114
f 2271/2372/114 2697/2371/114 2515/2373/114
f 2775/2374/114 2749/2366/114 2629/2363/114
f 2775/2374/114 2515/2373/114 2749/2366/114
f 2758/2375/604 2272/2376/605 2777/2377/606
f 2758/2375/604 2273/2378/607 2272/2376/605
f 2776/2379/602 2274/2380/602 2615/2381/602
f 2776/2379/602 2778/2382/602 2274/2380/602
f 2616/2383/603 2275/2384/603 2768/2385/603
f 2616/2383/603 2617/2386/603 2275/2384/603
f 2769/2387/599 2276/2388/599 2481/2389/599
f 2769/2387/599 2779/2390/599 2276/2388/599
f 2482/2391/598 2277/2392/598 2766/2393/598
f 2482/2391/598 2781/2394/598 2277/2392/598
f 2767/2395/596 2759/2396/596 2630/2397/596
f 2767/2395/596 2783/2398/596 2759/2396/596
f 2773/2399/608 2278/2400/609 2535/2401/608
f 2773/2399/608 2279/2402/609 2278/2400/609
f 2777/2377/606 2280/2403/610 2618/2404/611
f 2777/2377/606 2272/2376/605 2280/2403/610
f 2618/2404/611 2281/2405/612 2780/2406/613
f 2618/2404/611 2280/2403/610 2281/2405/612
f 2780/2406/613 2282/2407/614 2782/2408/615
f 2780/2406/613 2281/2405/612 2282/2407/614
f 2782/2408/615 2283/2409/616 2784/2410/617
f 2782/2408/615 2282/2407/614 2283/2409/616
f 2784/2410/617 2273/2378/607 2758/2375/604
f 2784/2410/617 2283/2409/616 2273/2378/607
f 2284/2411/618 2286/2412/619 2285/2413/620
f 2284/2411/618 2287/2414/618 2286/2412/619
f 2536/2415/621 2288/2416/622 2659/2417/621
f 2536/2415/621 2770/2418/623 2288/2416/622
f 2660/2419/624 2289/2420/625 2495/2421/624
f 2660/2419/624 2704/2422/626 2289/2420/625
f 2496/2423/627 2290/2424/627 2744/2425/627
f 2496/2423/627 2649/2426/627 2290/2424/627
f 2745/2427/628 2291/2428/629 2764/2429/628
f 2745/2427/628 2796/2430/630 2291/2428/629
f 2765/2431/631 2785/2432/632 2774/2433/631
f 2765/2431/631 2567/2434/633 2785/2432/632
f 2292/2435/634 2635/2436/635 2293/2437/634
f 2292/2435/634 2721/2438/635 2635/2436/635
f 2770/2418/623 2294/2439/602 2288/2416/622
f 2770/2418/623 2295/2440/636 2294/2439/602
f 2704/2422/626 2296/2441/637 2289/2420/625
f 2704/2422/626 2705/2442/600 2296/2441/637
f 2286/2412/619 2297/2443/638 2285/2413/620
f 2286/2412/619 2298/2444/638 2297/2443/638
f 2796/2430/630 2299/2445/598 2291/2428/629
f 2796/2430/630 2300/2446/639 2299/2445/598
f 2567/2434/633 2301/2447/640 2785/2432/632
f 2567/2434/633 2568/2448/641 2301/2447/640
f 2771/2449/21 2788/2450/21 2792/2451/21
f 2771/2449/21 2786/2452/21 2788/2450/21
f 2295/2440/636 2793/2453/642 2302/2454/642
f 2295/2440/636 2770/2418/623 2793/2453/642
f 2787/2455/114 2794/2456/114 2303/2457/114
f 2787/2455/114 2772/2458/114 2794/2456/114
f 2785/2432/632 2790/2459/643 2789/2460/644
f 2785/2432/632 2301/2447/640 2790/2459/643
f 2797/2461/21 2305/2462/21 2304/2463/21
f 2797/2461/21 2650/2464/21 2305/2462/21
f 2300/2446/639 2760/2465/643 2306/2466/643
f 2300/2446/639 2796/2430/630 2760/2465/643
f 2651/2467/114 2762/2468/114 2307/2469/114
f 2651/2467/114 2798/2470/114 2762/2468/114
f 2289/2420/625 2654/2471/645 2652/2472/645
f 2289/2420/625 2296/2441/637 2654/2471/645
f 2302/2454/642 2485/2473/642 2486/2474/642
f 2302/2454/642 2793/2453/642 2485/2473/642
f 2791/2475/646 2487/2476/646 2524/2477/647
f 2791/2475/646 2795/2478/648 2487/2476/646
f 2789/2460/644 2525/2479/643 2523/2480/649
f 2789/2460/644 2790/2459/643 2525/2479/643
f 2308/2481/650 2310/2482/599 2309/2483/651
f 2308/2481/650 2311/2484/599 2310/2482/599
f 2761/2485/652 2308/2481/650 2309/2483/651
f 2761/2485/652 2653/2486/653 2308/2481/650
f 2306/2466/643 2575/2487/654 2576/2488/654
f 2306/2466/643 2760/2465/643 2575/2487/654
f 2655/2489/655 2577/2490/655 2802/2491/656
f 2655/2489/655 2763/2492/655 2577/2490/655
f 2652/2472/645 2803/2493/642 2801/2494/642
f 2652/2472/645 2654/2471/645 2803/2493/642
f 2698/2495/114 2569/2496/114 2312/2497/114
f 2698/2495/114 2787/2455/114 2569/2496/114
f 2312/2497/114 2798/2470/114 2313/2498/114
f 2312/2497/114 2569/2496/114 2798/2470/114
f 2313/2498/114 2651/2467/114 2314/2499/114
f 2313/2498/114 2798/2470/114 2651/2467/114
f 2314/2499/114 2706/2500/114 2315/2501/114
f 2314/2499/114 2651/2467/114 2706/2500/114
f 2315/2501/114 2772/2458/114 2799/2502/114
f 2315/2501/114 2706/2500/114 2772/2458/114
f 2799/2502/114 2787/2455/114 2698/2495/114
f 2799/2502/114 2772/2458/114 2787/2455/114
f 2800/2503/657 2584/2504/657 2810/2505/657
f 2800/2503/657 2636/2506/657 2584/2504/657
f 2811/2507/658 2657/2508/659 2488/2509/658
f 2811/2507/658 2585/2510/659 2657/2508/659
f 2489/2511/660 2578/2512/660 2601/2513/660
f 2489/2511/660 2658/2514/660 2578/2512/660
f 2602/2515/661 2556/2516/661 2804/2517/661
f 2602/2515/661 2579/2518/661 2556/2516/661
f 2805/2519/662 2722/2520/662 2699/2521/662
f 2805/2519/662 2557/2522/662 2722/2520/662
f 2161/2194/114 2521/2523/663 2164/2196/114
f 2161/2194/114 2316/2524/114 2521/2523/663
f 2640/2525/592 2158/2042/664 2637/2526/592
f 2640/2525/592 2155/2527/665 2158/2042/664
f 2156/2189/558 2317/2528/666 2159/2191/560
f 2156/2189/558 2318/2529/666 2317/2528/666
f 2319/2530/667 2321/2531/667 2320/2532/667
f 2319/2530/667 2322/2533/667 2321/2531/667
f 2323/2534/561 2324/2535/668 2528/2536/669
f 2323/2534/561 2325/2537/561 2324/2535/668
f 2326/2538/114 2328/2539/114 2327/2540/114
f 2326/2538/114 2329/2541/114 2328/2539/114
f 2327/2540/114 2162/2193/114 2160/2192/114
f 2327/2540/114 2328/2539/114 2162/2193/114
f 2163/2195/114 2700/2213/114 2330/2542/114
f 2163/2195/114 2164/2196/114 2700/2213/114
f 2330/2542/114 2597/2543/114 2331/2544/114
f 2330/2542/114 2700/2213/114 2597/2543/114
f 2331/2544/114 2819/2545/114 2332/2546/114
f 2331/2544/114 2597/2543/114 2819/2545/114
f 2332/2546/114 2334/2547/114 2333/2548/114
f 2332/2546/114 2819/2545/114 2334/2547/114
f 2333/2548/114 2329/2541/114 2326/2538/114
f 2333/2548/114 2334/2547/114 2329/2541/114
f 2335/2549/670 2522/2550/670 2812/2551/670
f 2335/2549/670 2336/2552/670 2522/2550/670
f 2592/2553/671 2813/2554/671 2590/2555/671
f 2592/2553/671 2814/2556/671 2813/2554/671
f 2521/2523/663 2587/2212/114 2164/2196/114
f 2521/2523/663 2668/2557/672 2587/2212/114
f 2169/2204/564 2337/2558/673 2172/2206/566
f 2169/2204/564 2338/2559/673 2337/2558/673
f 2638/2560/674 2600/2220/572 2639/2221/573
f 2638/2560/674 2588/2561/675 2600/2220/572
f 2641/2562/21 2340/2563/21 2339/2564/21
f 2641/2562/21 2518/2565/21 2340/2563/21
f 2517/2566/676 2621/2567/677 2520/2568/678
f 2517/2566/676 2671/2569/677 2621/2567/677
f 2335/2549/670 2519/2570/670 2336/2552/670
f 2335/2549/670 2815/2571/670 2519/2570/670
f 2592/2553/671 2816/2572/671 2814/2556/671
f 2592/2553/671 2595/2573/671 2816/2572/671
f 2639/2221/573 2596/2574/679 2593/2575/679
f 2639/2221/573 2179/2219/571 2596/2574/679
f 2643/2576/21 2517/2566/676 2520/2568/678
f 2643/2576/21 2670/2577/21 2517/2566/676
f 2673/2578/680 2622/2579/680 2672/2580/680
f 2673/2578/680 2623/2581/680 2622/2579/680
f 2642/2582/681 2175/2208/568 2173/2207/567
f 2642/2582/681 2644/2583/681 2175/2208/568
f 2521/2523/663 2674/2584/682 2668/2557/672
f 2521/2523/663 2624/2585/682 2674/2584/682
f 2168/2202/562 2701/2586/683 2170/2203/563
f 2168/2587/684 2155/2187/665 2158/2190/685
f 2638/2560/674 2593/2575/679 2591/2588/679
f 2638/2560/674 2639/2221/573 2593/2575/679
f 2550/2589/21 2341/2590/21 2689/2591/21
f 2550/2589/21 2342/2592/21 2341/2590/21
f 2664/2593/21 2342/2592/21 2550/2589/21
f 2664/2593/21 2580/2594/21 2342/2592/21
f 2532/2595/21 2594/2596/21 2529/2597/21
f 2532/2595/21 2178/2214/21 2594/2596/21
f 2343/2598/21 2178/2214/21 2532/2595/21
f 2343/2598/21 2702/2215/21 2178/2214/21
f 2344/2599/21 2702/2215/21 2343/2598/21
f 2344/2599/21 2598/2600/21 2702/2215/21
f 2563/2601/21 2598/2600/21 2344/2599/21
f 2563/2601/21 2345/2602/21 2598/2600/21
f 2678/2603/21 2345/2602/21 2563/2601/21
f 2678/2603/21 2346/2604/21 2345/2602/21
f 2689/2591/21 2346/2604/21 2678/2603/21
f 2689/2591/21 2341/2590/21 2346/2604/21
f 2529/2597/21 2580/2594/21 2664/2593/21
f 2529/2597/21 2594/2596/21 2580/2594/21
f 2679/2605/582 2347/2606/686 2690/2607/687
f 2679/2605/582 2348/2608/582 2347/2606/686
f 2564/2609/688 2677/2610/688 2680/2611/688
f 2564/2609/688 2349/2612/688 2677/2610/688
f 2474/2613/557 2562/2614/666 2565/2615/666
f 2474/2613/557 2350/2616/689 2562/2614/666
f 2477/2617/690 2350/2616/689 2474/2613/557
f 2477/2617/690 2351/2618/690 2350/2616/689
f 2533/2619/592 2476/2620/592 2478/2621/592
f 2533/2619/592 2352/2622/592 2476/2620/592
f 2528/2536/669 2531/2623/691 2534/2624/691
f 2528/2536/669 2324/2535/668 2531/2623/691
f 2551/2625/593 2667/2626/593 2665/610/593
f 2551/2625/593 2353/2627/593 2667/2626/593
f 2690/2628/687 2549/2629/692 2552/2630/692
f 2690/2628/687 2347/2631/686 2549/2629/692
f 2354/2632/693 2656/2633/694 2355/2634/695
f 2354/2632/693 2570/2635/693 2656/2633/694
f 2356/2636/592 2586/2637/696 2357/2638/697
f 2356/2636/592 2708/2639/592 2586/2637/696
f 2358/2640/698 2709/2641/699 2707/2642/699
f 2358/2640/698 2703/2643/700 2709/2641/699
f 2359/2644/593 2703/2645/700 2358/2646/698
f 2359/2644/593 2662/2647/593 2703/2645/700
f 2360/2648/701 2663/2649/692 2661/2650/692
f 2360/2648/701 2716/2651/702 2663/2649/692
f 2361/2652/582 2716/2653/702 2360/2654/701
f 2361/2652/582 2573/1003/582 2716/2653/702
f 2355/2634/695 2574/2655/679 2572/2656/679
f 2355/2634/695 2656/2633/694 2574/2655/679
f 2362/2657/666 2571/2658/666 2566/2659/666
f 2362/2657/666 2807/2660/666 2571/2658/666
f 2357/2661/697 2808/2662/690 2806/2663/690
f 2357/2661/697 2586/2664/696 2808/2662/690
f 2199/2240/114 2666/2665/114 2527/2666/114
f 2199/2240/114 2196/2238/114 2666/2665/114
f 2205/2247/114 2479/2667/114 2554/2668/114
f 2205/2247/114 2202/2245/114 2479/2667/114
f 2554/2668/114 2475/2669/114 2490/2670/114
f 2554/2668/114 2479/2667/114 2475/2669/114
f 2490/2670/114 2209/2252/114 2207/2251/114
f 2490/2670/114 2475/2669/114 2209/2252/114
f 2211/2255/114 2197/2237/114 2195/2236/114
f 2211/2255/114 2208/2253/114 2197/2237/114
f 2527/2666/114 2203/2244/114 2681/2243/114
f 2527/2666/114 2666/2665/114 2203/2244/114
f 2215/2258/580 2718/2671/703 2214/2259/581
f 2215/2258/580 2480/2672/704 2718/2671/703
f 2363/2673/688 2218/2674/585 2219/2675/584
f 2363/2673/688 2364/2676/705 2218/2674/585
f 2220/2268/588 2224/2677/590 2222/2678/589
f 2220/2268/588 2217/2263/583 2224/2677/590
f 2365/2679/691 2182/2224/576 2183/2223/575
f 2365/2679/691 2366/2680/706 2182/2224/576
f 2367/2681/707 2215/2682/580 2368/2683/707
f 2367/2681/707 2369/2684/708 2215/2682/580
f 2625/2274/691 2371/2685/709 2370/2686/691
f 2625/2274/691 2223/2271/591 2371/2685/709
f 2713/2687/681 2372/2688/681 2711/2689/681
f 2713/2687/681 2373/2690/681 2372/2688/681
f 2628/2273/691 2374/2691/691 2742/2692/691
f 2628/2273/691 2626/2272/691 2374/2691/691
f 2626/2272/691 2370/2686/691 2374/2691/691
f 2626/2272/691 2625/2274/691 2370/2686/691
f 2714/2693/681 2376/2694/681 2375/2695/681
f 2714/2693/681 2377/2696/681 2376/2694/681
f 2375/2695/681 2373/2690/681 2713/2687/681
f 2375/2695/681 2376/2694/681 2373/2690/681
f 2715/2697/691 2378/2698/691 2683/2225/691
f 2715/2697/691 2710/2699/691 2378/2698/691
f 2710/2699/691 2183/2223/575 2378/2698/691
f 2710/2699/691 2365/2679/691 2183/2223/575
f 2213/2257/579 2380/2700/710 2379/2701/688
f 2213/2257/579 2214/2259/581 2380/2700/710
f 2500/2702/690 2381/2703/690 2498/2704/690
f 2500/2702/690 2382/2705/690 2381/2703/690
f 2494/2262/688 2383/2706/688 2508/2707/688
f 2494/2262/688 2384/2708/688 2383/2706/688
f 2384/2708/688 2379/2701/688 2383/2706/688
f 2384/2708/688 2213/2257/579 2379/2701/688
f 2501/2709/690 2386/2710/690 2385/2711/690
f 2501/2709/690 2387/2712/690 2386/2710/690
f 2385/2711/690 2382/2705/690 2500/2702/690
f 2385/2711/690 2386/2710/690 2382/2705/690
f 2502/2713/688 2221/2714/587 2511/2715/586
f 2502/2713/688 2497/2716/688 2221/2714/587
f 2497/2716/688 2219/2675/584 2221/2714/587
f 2497/2716/688 2363/2673/688 2219/2675/584
f 2366/2680/706 2723/2717/711 2182/2224/576
f 2366/2680/706 2720/2718/712 2723/2717/711
f 2227/2277/594 2484/2719/713 2388/2720/714
f 2227/2277/594 2736/2721/715 2484/2719/713
f 2389/2722/688 2391/2723/688 2390/2724/688
f 2389/2722/688 2392/2725/688 2391/2723/688
f 2691/2726/688 2392/2725/688 2389/2722/688
f 2691/2726/688 2393/2727/688 2392/2725/688
f 2685/2728/716 2558/2729/707 2394/2730/716
f 2685/2728/716 2684/2731/707 2558/2729/707
f 2395/2732/699 2397/2733/699 2396/2734/699
f 2395/2732/699 2398/2735/699 2397/2733/699
f 2396/2734/699 2399/2736/699 2546/2737/699
f 2396/2734/699 2397/2733/699 2399/2736/699
f 2692/2738/716 2394/2730/716 2560/2739/716
f 2692/2738/716 2685/2728/716 2394/2730/716
f 2537/2279/717 2543/2740/717 2542/2741/717
f 2537/2279/717 2400/2742/717 2543/2740/717
f 2540/2280/717 2542/2741/717 2547/2743/717
f 2540/2280/717 2537/2279/717 2542/2741/717
f 2544/2744/699 2402/2745/699 2401/2746/699
f 2544/2744/699 2403/2747/699 2402/2745/699
f 2538/2278/717 2388/2720/714 2541/2748/717
f 2538/2278/717 2227/2277/594 2388/2720/714
f 2400/2742/717 2541/2748/717 2543/2740/717
f 2400/2742/717 2538/2278/717 2541/2748/717
f 2401/2746/699 2398/2735/699 2395/2732/699
f 2401/2746/699 2402/2745/699 2398/2735/699
f 2688/2749/688 2404/2750/688 2686/2751/688
f 2688/2749/688 2405/2752/688 2404/2750/688
f 2390/2724/688 2405/2752/688 2688/2749/688
f 2390/2724/688 2391/2723/688 2405/2752/688
f 2684/2731/707 2368/2683/707 2558/2729/707
f 2684/2731/707 2367/2681/707 2368/2683/707
f 2406/2753/688 2466/2754/688 2465/2755/688
f 2406/2753/688 2407/2756/688 2466/2754/688
f 2408/2757/688 2464/2758/688 2462/2759/688
f 2408/2757/688 2409/2760/688 2464/2758/688
f 2409/2760/688 2465/2755/688 2464/2758/688
f 2409/2760/688 2406/2753/688 2465/2755/688
f 2507/2761/692 2449/2762/692 2504/2763/692
f 2507/2761/692 2454/2764/692 2449/2762/692
f 2504/2763/692 2450/2765/692 2509/2766/692
f 2504/2763/692 2449/2762/692 2450/2765/692
f 2505/2767/692 2454/2764/692 2507/2761/692
f 2505/2767/692 2452/2768/692 2454/2764/692
f 2499/2769/114 2453/2770/114 2506/2771/114
f 2499/2769/114 2467/2772/114 2453/2770/114
f 2510/2773/21 2463/2774/21 2503/2775/21
f 2510/2773/21 2451/2776/21 2463/2774/21
f 2410/2777/691 2472/2778/691 2471/2779/691
f 2410/2777/691 2411/2780/691 2472/2778/691
f 2412/2781/691 2470/2782/691 2468/2783/691
f 2412/2781/691 2413/2784/691 2470/2782/691
f 2413/2784/691 2471/2779/691 2470/2782/691
f 2413/2784/691 2410/2777/691 2471/2779/691
f 2740/2785/718 2443/2786/718 2737/2787/718
f 2740/2785/718 2448/2788/718 2443/2786/718
f 2737/2787/718 2444/2789/718 2743/2790/718
f 2737/2787/718 2443/2786/718 2444/2789/718
f 2738/2791/718 2448/2788/718 2740/2785/718
f 2738/2791/718 2446/2792/718 2448/2788/718
f 2712/2793/114 2447/2794/114 2739/2795/114
f 2712/2793/114 2473/2796/114 2447/2794/114
f 2741/2249/21 2469/2797/21 2206/2250/21
f 2741/2249/21 2445/2798/21 2469/2797/21
f 2731/2799/717 2415/2800/692 2414/2801/692
f 2731/2799/717 2729/2802/717 2415/2800/692
f 2735/2803/717 2417/2804/692 2416/2805/692
f 2735/2803/717 2734/2806/717 2417/2804/692
f 2416/2805/692 2461/2807/716 2460/2808/707
f 2416/2805/692 2417/2804/692 2461/2807/716
f 2418/2809/692 2460/2808/707 2458/2810/707
f 2418/2809/692 2416/2805/692 2460/2808/707
f 2732/2811/717 2416/2805/692 2418/2809/692
f 2732/2811/717 2735/2803/717 2416/2805/692
f 2734/2806/717 2414/2801/692 2417/2804/692
f 2734/2806/717 2731/2799/717 2414/2801/692
f 2414/2801/692 2456/2812/716 2455/2813/716
f 2414/2801/692 2415/2800/692 2456/2812/716
f 2417/2804/692 2455/2813/716 2461/2807/716
f 2417/2804/692 2414/2801/692 2455/2813/716
f 2419/2814/114 2730/2815/114 2545/2816/114
f 2419/2814/114 2442/2817/114 2730/2815/114
f 2548/2818/21 2441/2819/21 2492/2820/21
f 2548/2818/21 2733/2821/21 2441/2819/21
f 2687/2822/114 2442/2817/114 2419/2814/114
f 2687/2822/114 2457/2823/114 2442/2817/114
f 2492/2820/21 2459/2824/21 2693/2825/21
f 2492/2820/21 2441/2819/21 2459/2824/21
f 2242/2293/114 2235/2286/114 2241/2294/114
f 2242/2293/114 2230/2281/114 2235/2286/114
f 2369/2684/708 2480/2826/704 2215/2682/580
f 2369/2684/708 2676/2827/719 2480/2826/704
f 2218/2265/585 2555/2828/720 2217/2263/583
f 2218/2265/585 2553/2829/721 2555/2828/720
f 2224/2270/590 2839/2830/722 2223/2271/591
f 2224/2270/590 2619/2831/723 2839/2830/722
f 2380/2700/710 2516/2832/724 2364/2676/705
f 2380/2700/710 2719/2833/725 2516/2832/724
f 2388/2720/714 2561/2834/713 2491/2835/713
f 2388/2720/714 2484/2719/713 2561/2834/713
f 2181/2276/574 2736/2721/715 2227/2277/594
f 2181/2276/574 2724/2836/726 2736/2721/715
f 2371/2685/709 2720/2718/712 2366/2680/706
f 2371/2685/709 2620/2837/727 2720/2718/712
f 2182/2224/576 2724/2838/726 2181/2222/574
f 2182/2224/576 2723/2717/711 2724/2838/726
f 2214/2259/581 2719/2833/725 2380/2700/710
f 2214/2259/581 2718/2671/703 2719/2833/725
f 2491/2835/713 2676/2827/719 2369/2684/708
f 2491/2835/713 2561/2834/713 2676/2827/719
f 2217/2263/583 2619/2839/723 2224/2677/590
f 2217/2263/583 2555/2828/720 2619/2839/723
f 2223/2271/591 2620/2837/727 2371/2685/709
f 2223/2271/591 2839/2830/722 2620/2837/727
f 2364/2676/705 2553/2840/721 2218/2674/585
f 2364/2676/705 2516/2832/724 2553/2840/721
f 2420/2841/688 2817/2842/688 2421/2843/688
f 2420/2841/688 2821/2844/688 2817/2842/688
f 2421/2843/688 2717/2845/728 2825/2846/688
f 2421/2843/688 2817/2842/688 2717/2845/728
f 2422/2847/688 2820/2848/688 2423/2849/688
f 2422/2847/688 2530/2850/688 2820/2848/688
f 2824/2851/688 2530/2850/688 2422/2847/688
f 2824/2851/688 2424/2852/729 2530/2850/688
f 2425/2853/730 2427/2854/730 2426/2855/730
f 2425/2853/730 2835/2856/730 2427/2854/730
f 2436/2857/114 2827/2858/114 2822/2859/114
f 2436/2857/114 2433/2860/114 2827/2858/114
f 2826/2861/21 2428/2862/21 2438/2863/21
f 2826/2861/21 2833/2864/21 2428/2862/21
f 2440/2865/731 2434/2866/731 2437/2867/731
f 2440/2865/731 2435/2868/731 2434/2866/731
f 2439/2869/731 2435/2868/731 2440/2865/731
f 2439/2869/731 2431/304/731 2435/2868/731
f 2432/2870/730 2835/2856/730 2425/2853/730
f 2432/2870/730 2834/2871/730 2835/2856/730
f 2825/2846/688 2424/2852/729 2824/2851/688
f 2825/2846/688 2717/2845/728 2424/2852/729
f 2423/2849/688 2821/2844/688 2420/2841/688
f 2423/2849/688 2820/2848/688 2821/2844/688
f 2823/2872/667 2322/2533/667 2319/2530/667
f 2823/2872/667 2828/2873/667 2322/2533/667
f 2717/2845/728 2429/2874/732 2424/2852/729
f 2717/2845/728 2809/2875/687 2429/2874/732
f 2157/2188/557 2318/2529/666 2156/2189/558
f 2157/2188/557 2818/2876/666 2318/2529/666
f 2837/2877/593 2583/2878/593 2430/2879/593
f 2837/2877/593 2581/2880/593 2583/2878/593
f 2809/2881/687 2836/2882/692 2429/2883/732
f 2809/2881/687 2838/1342/692 2836/2882/692
f 2942/2985/21 2943/2986/21 2944/2987/21
f 2945/2988/21 2946/2989/21 2943/2986/21
f 2942/2985/21 2947/2990/21 2945/2988/21
f 2942/2985/21 2945/2988/21 2943/2986/21
f 2948/2991/114 2949/2992/114 2950/2993/114
f 2951/2994/114 2952/2995/114 2949/2992/114
f 2948/2991/114 2953/2996/114 2951/2994/114
f 2948/2991/114 2951/2994/114 2949/2992/114
f 2954/2997/114 2955/2998/114 2956/2999/114
f 2957/3000/114 2958/3001/114 2955/2998/114
f 2954/2997/114 2957/3000/114 2955/2998/114
f 2959/3002/753 2960/3003/754 2961/3004/755
f 2962/3005/756 2963/3006/757 2960/3003/754
f 2959/3002/753 2962/3005/756 2960/3003/754
f 2964/3007/758 2965/3008/759 2966/3009/760
f 2967/3010/759 2968/3011/759 2965/3008/759
f 2964/3007/758 2967/3010/759 2965/3008/759
f 3366/3012/114 2958/3001/114 2969/3013/114
f 2970/3014/21 3279/3015/21 2971/1400/21
f 3353/3016/761 2972/3017/762 2973/3018/761
f 3280/3019/763 3431/3020/764 2972/3017/762
f 3353/3016/761 3280/3019/763 2972/3017/762
f 2974/3021/765 2975/3022/766 2976/3023/767
f 2977/3024/768 2978/3025/768 2974/3021/765
f 2977/3024/768 2974/3021/765 2976/3023/767
f 2979/3026/21 2980/3027/21 2981/3028/21
f 2982/3029/21 2983/3030/21 2980/3027/21
f 2984/3031/21 2985/3032/21 2982/3029/21
f 2986/3033/21 2987/3034/21 2984/3031/21
f 2979/3026/21 2986/3033/21 2980/3027/21
f 2984/3031/21 2982/3029/21 2980/3027/21
f 2986/3033/21 2984/3031/21 2980/3027/21
f 2988/3035/114 2989/3036/114 2990/3037/114
f 2991/3038/114 2992/3039/114 2989/3036/114
f 2988/3035/114 2993/3040/114 2994/3041/114
f 2994/3041/114 2991/3038/114 2989/3036/114
f 2988/3035/114 2994/3041/114 2989/3036/114
f 3460/3042/114 2995/3043/114 2996/3044/114
f 2997/3045/114 2998/3046/114 2995/3043/114
f 3461/3047/769 2999/3048/770 3558/27/21
f 3460/3042/114 2997/3045/114 2995/3043/114
f 3000/3049/114 3001/3050/114 3002/3051/114
f 3003/3052/114 3004/3053/114 3001/3050/114
f 3000/3049/114 3005/3054/114 3001/3050/114
f 3005/3054/114 3003/3052/114 3001/3050/114
f 3006/3055/771 3007/3056/772 3008/3057/773
f 3371/3058/774 3290/3059/774 3009/3060/774
f 3006/3055/771 3008/3057/773 3009/3060/774
f 3290/3059/774 3006/3055/771 3009/3060/774
f 3010/3061/775 3011/3062/776 3012/3063/777
f 3308/3064/778 3013/3065/779 3010/3061/775
f 3308/3064/778 3010/3061/775 3012/3063/777
f 3014/3066/780 3015/3067/781 3016/3068/782
f 3014/3066/780 3417/3069/783 3017/3070/783
f 3014/3066/780 3017/3070/783 3015/3067/781
f 3325/3071/784 3018/3072/785 2974/3073/765
f 3325/3071/784 3019/3074/784 3018/3072/785
f 3325/3071/784 3335/3075/784 3020/3076/784
f 3325/3071/784 3020/3076/784 3019/3074/784
f 3021/3077/114 3022/3078/114 3023/3079/114
f 3024/3080/114 3025/3081/114 3022/3078/114
f 3021/3077/114 3026/3082/114 3024/3080/114
f 3021/3077/114 3024/3080/114 3022/3078/114
f 3027/3083/21 3028/3084/21 3029/3085/21
f 3030/3086/114 3031/3087/114 3425/3088/114
f 3031/3087/114 3032/3089/114 3033/3090/114
f 3034/3091/114 3035/3092/114 3036/3093/114
f 3031/3087/114 3033/3090/114 3034/3091/114
f 3031/3087/114 3276/3094/114 3425/3088/114
f 3034/3091/114 3036/3093/114 3276/3094/114
f 3031/3087/114 3034/3091/114 3276/3094/114
f 3407/3095/786 3037/3096/786 3038/3097/786
f 3407/3095/786 3038/3097/786 3597/3098/786
f 3598/3099/787 3595/3100/787 3039/3101/787
f 3598/3099/787 3039/3101/787 3401/3102/787
f 3402/3103/788 3403/3104/788 3040/3105/788
f 3402/3103/788 3040/3105/788 3421/3106/788
f 3422/3107/789 3423/3108/789 3041/3109/789
f 3422/3107/789 3041/3109/789 3437/3110/789
f 3042/3111/790 3043/3112/790 3044/3113/790
f 3042/3111/790 3044/3113/790 3045/3114/790
f 3405/3115/790 3408/3116/790 3395/3117/790
f 3405/3115/790 3395/3117/790 3046/3118/790
f 3438/3119/791 3439/3120/791 3397/3121/791
f 3438/3119/791 3397/3121/791 3396/3122/791
f 3508/3123/114 3047/3124/114 3596/3125/114
f 3508/3123/114 3596/3125/114 3406/3126/114
f 3047/3124/114 3048/3127/114 3404/3128/114
f 3047/3124/114 3404/3128/114 3596/3125/114
f 3048/3127/114 3049/3129/114 3424/3130/114
f 3048/3127/114 3424/3130/114 3404/3128/114
f 3049/3129/114 3050/3131/114 3440/3132/114
f 3049/3129/114 3440/3132/114 3424/3130/114
f 3050/3131/114 3310/3133/114 3398/3134/114
f 3050/3131/114 3398/3134/114 3440/3132/114
f 3310/3133/114 3508/3123/114 3406/3126/114
f 3310/3133/114 3406/3126/114 3398/3134/114
f 3051/3135/790 3052/3136/790 3053/3137/790
f 3051/3135/790 3053/3137/790 3054/3138/790
f 3311/3139/791 3474/3140/791 3055/3141/791
f 3311/3139/791 3055/3141/791 3312/3142/791
f 3475/3143/792 3516/3144/792 3056/3145/789
f 3475/3143/792 3056/3145/789 3476/3146/789
f 3517/3147/788 3512/3148/788 3057/3149/788
f 3517/3147/788 3057/3149/788 3518/3150/788
f 3513/3151/787 3269/3152/787 3058/3153/787
f 3513/3151/787 3058/3153/787 3514/3154/787
f 3270/3155/786 3509/3156/786 3510/3157/786
f 3270/3155/786 3510/3157/786 3271/3158/786
f 3419/3159/114 3059/3160/114 3272/3161/114
f 3419/3159/114 3272/3161/114 3511/3162/114
f 3059/3160/114 3060/3163/114 3515/2373/114
f 3059/3160/114 3515/2373/114 3272/3161/114
f 3060/3163/114 3061/3164/114 3519/3165/114
f 3060/3163/114 3519/3165/114 3515/2373/114
f 3061/3164/114 3062/3166/114 3477/3167/114
f 3061/3164/114 3477/3167/114 3519/3165/114
f 3062/3166/114 3543/3168/114 3313/3169/114
f 3062/3166/114 3313/3169/114 3477/3167/114
f 3543/3168/114 3419/3159/114 3511/3162/114
f 3543/3168/114 3511/3162/114 3313/3169/114
f 3520/3170/793 3441/3171/794 3063/3172/795
f 3520/3170/793 3063/3172/795 3064/3173/796
f 3544/3174/791 3409/3175/791 3065/3176/797
f 3544/3174/791 3065/3176/797 3442/3177/797
f 3410/3178/792 3534/3179/792 3066/3180/792
f 3410/3178/792 3066/3180/792 3541/3181/792
f 3535/3182/788 3530/3183/788 3067/3184/788
f 3535/3182/788 3067/3184/788 3545/3185/788
f 3531/2391/787 3526/3186/787 3068/3187/798
f 3531/2391/787 3068/3187/798 3532/3188/798
f 3527/3189/786 3420/3190/786 3521/3191/786
f 3527/3189/786 3521/3191/786 3528/3192/786
f 3539/3193/799 3331/3194/799 3069/3195/799
f 3539/3193/799 3069/3195/799 3070/3196/800
f 3441/3171/794 3542/3197/801 3071/3198/802
f 3441/3171/794 3071/3198/802 3063/3172/795
f 3542/3197/801 3546/3199/803 3072/3200/804
f 3542/3197/801 3072/3200/804 3071/3198/802
f 3546/3199/803 3533/3201/805 3073/3202/806
f 3546/3199/803 3073/3202/806 3072/3200/804
f 3533/3201/805 3529/3203/807 3074/3204/808
f 3533/3201/805 3074/3204/808 3073/3202/806
f 3529/3203/807 3520/3170/793 3064/3173/796
f 3529/3203/807 3064/3173/796 3074/3204/808
f 3075/3205/809 3076/3206/810 3077/3207/810
f 3075/3205/809 3077/3207/810 3078/3208/811
f 3332/3209/812 3505/3210/812 3079/3211/813
f 3332/3209/812 3079/3211/813 3536/3212/814
f 3506/3213/815 3292/3214/815 3080/3215/816
f 3506/3213/815 3080/3215/816 3482/3216/817
f 3293/3217/818 3561/3218/818 3081/3219/818
f 3293/3217/818 3081/3219/818 3443/3220/818
f 3562/3221/819 3320/3222/819 3082/3223/820
f 3562/3221/819 3082/3223/820 3567/3224/821
f 3321/3225/822 3540/3226/822 3547/3227/823
f 3321/3225/822 3547/3227/823 3361/3228/824
f 3083/3229/825 3084/3230/825 3427/3231/826
f 3083/3229/825 3427/3231/826 3585/3232/826
f 3536/3212/814 3079/3211/813 3085/3233/791
f 3536/3212/814 3085/3233/791 3086/3234/827
f 3482/3216/817 3080/3215/816 3087/3235/828
f 3482/3216/817 3087/3235/828 3483/3236/829
f 3077/3207/810 3076/3206/810 3088/3237/830
f 3077/3207/810 3088/3237/830 3089/3238/830
f 3567/3224/821 3082/3223/820 3090/3239/798
f 3567/3224/821 3090/3239/798 3091/3240/831
f 3361/3228/824 3547/3227/823 3092/3241/832
f 3361/3228/824 3092/3241/832 3362/3242/833
f 3537/3243/21 3563/3244/21 3550/3245/21
f 3537/3243/21 3550/3245/21 3548/3246/21
f 3086/3234/827 3093/3247/834 3564/3248/834
f 3086/3234/827 3564/3248/834 3536/3212/814
f 3549/3249/114 3094/3250/114 3565/3251/114
f 3549/3249/114 3565/3251/114 3538/3252/114
f 3547/3227/823 3551/3253/835 3552/3254/835
f 3547/3227/823 3552/3254/835 3092/3241/832
f 3568/3255/21 3095/3256/21 3096/3257/21
f 3568/3255/21 3096/3257/21 3444/3258/21
f 3091/3240/831 3097/3259/835 3522/3260/835
f 3091/3240/831 3522/3260/835 3567/3224/821
f 3445/3261/114 3098/3262/114 3524/3263/114
f 3445/3261/114 3524/3263/114 3569/3264/114
f 3080/3215/816 3446/3265/834 3448/3266/834
f 3080/3215/816 3448/3266/834 3087/3235/828
f 3093/3247/834 3283/3267/834 3282/3268/834
f 3093/3247/834 3282/3268/834 3564/3248/834
f 3553/3269/836 3323/3270/837 3284/3271/836
f 3553/3269/836 3284/3271/836 3566/3272/838
f 3551/3253/835 3322/3273/839 3324/3274/839
f 3551/3253/835 3324/3274/839 3552/3254/835
f 3099/3275/840 3100/3276/841 3101/3277/788
f 3099/3275/840 3101/3277/788 3102/3278/842
f 3523/3279/843 3100/3276/841 3099/3275/840
f 3523/3279/843 3099/3275/840 3447/3280/844
f 3097/3259/835 3454/3281/835 3453/3282/835
f 3097/3259/835 3453/3282/835 3522/3260/835
f 3449/3283/845 3575/3284/845 3455/3285/845
f 3449/3283/845 3455/3285/845 3525/3286/846
f 3446/3265/834 3574/3287/834 3576/3288/834
f 3446/3265/834 3576/3288/834 3448/3266/834
f 3572/3289/114 3103/3290/114 3363/3291/114
f 3572/3289/114 3363/3291/114 3549/3249/114
f 3103/3290/114 3104/3292/114 3569/3264/114
f 3103/3290/114 3569/3264/114 3363/3291/114
f 3104/3292/114 3105/3293/114 3445/3261/114
f 3104/3292/114 3445/3261/114 3569/3264/114
f 3105/3293/114 3106/3294/114 3484/2496/114
f 3105/3293/114 3484/2496/114 3445/3261/114
f 3106/3294/114 3570/3295/114 3538/3252/114
f 3106/3294/114 3538/3252/114 3484/2496/114
f 3570/3295/114 3572/3289/114 3549/3249/114
f 3570/3295/114 3549/3249/114 3538/3252/114
f 3571/3296/847 3582/3297/847 3373/3298/847
f 3571/3296/847 3373/3298/847 3428/1675/847
f 3583/3299/848 3285/3300/848 3503/3301/849
f 3583/3299/848 3503/3301/849 3374/3302/849
f 3286/3303/850 3390/3304/850 3379/3305/850
f 3286/3303/850 3379/3305/850 3504/3306/850
f 3391/3307/851 3577/3308/851 3351/3309/851
f 3391/3307/851 3351/3309/851 3380/3310/851
f 3578/3311/852 3573/3312/852 3586/3313/852
f 3578/3311/852 3586/3313/852 3352/3314/852
f 3107/3315/853 3108/3316/853 3109/3317/853
f 3107/3315/853 3109/3317/853 3110/3318/853
f 3593/3319/784 3591/3320/784 3375/1091/784
f 3593/3319/784 3375/1091/784 3111/3321/784
f 2955/2998/114 2958/3001/114 3318/3322/854
f 2955/2998/114 3318/3322/854 3112/3323/114
f 3432/3324/783 3429/3325/783 3478/3326/855
f 3432/3324/783 3478/3326/855 3480/3327/856
f 3480/3328/857 3478/3329/858 3113/3330/779
f 3480/3328/857 3113/3330/779 3114/3331/859
f 3114/3331/859 3113/3330/779 3115/3332/778
f 3114/3331/859 3115/3332/778 3116/3333/778
f 3117/3334/860 3118/3335/861 3589/3336/774
f 3117/3334/860 3589/3336/774 3587/3337/774
f 3119/3338/862 3120/3339/862 3121/3340/862
f 3119/3338/862 3121/3340/862 3122/3341/862
f 3123/3342/863 3399/3343/864 3124/3344/865
f 3123/3342/863 3124/3344/865 3125/3345/863
f 3126/3346/114 3127/3347/114 3592/3348/114
f 3126/3346/114 3592/3348/114 3590/3349/114
f 3127/3347/114 2954/2997/114 2956/2999/114
f 3127/3347/114 2956/2999/114 3592/3348/114
f 2957/3000/114 3128/3350/114 2969/3013/114
f 2957/3000/114 2969/3013/114 2958/3001/114
f 3128/3350/114 3129/3351/114 3608/3352/114
f 3128/3350/114 3608/3352/114 2969/3013/114
f 3129/3351/114 3130/3353/114 3610/3354/114
f 3129/3351/114 3610/3354/114 3608/3352/114
f 3130/3353/114 3131/3355/114 3393/3356/114
f 3130/3353/114 3393/3356/114 3610/3354/114
f 3131/3355/114 3126/3346/114 3590/3349/114
f 3131/3355/114 3590/3349/114 3393/3356/114
f 3377/3357/863 3376/3358/863 3382/3359/863
f 3377/3357/863 3382/3359/863 3132/3360/863
f 3133/3361/866 3603/3362/866 3319/3363/866
f 3133/3361/866 3319/3363/866 3134/3364/866
f 3385/3365/867 3383/3366/867 3604/1195/867
f 3385/3365/867 3604/1195/867 3605/3367/867
f 3318/3322/854 2958/3001/114 3366/3012/114
f 3318/3322/854 3366/3012/114 3369/3368/868
f 2960/3003/754 2963/3006/757 3135/3369/869
f 2960/3003/754 3135/3369/869 3136/3370/869
f 3430/3371/870 3431/3020/764 3280/3019/763
f 3430/3371/870 3280/3019/763 3367/3372/871
f 3433/3373/21 3137/3374/21 3138/3375/21
f 3433/3373/21 3138/3375/21 3315/3376/21
f 3368/3377/872 3317/3378/873 3412/3379/874
f 3368/3377/872 3412/3379/874 3618/3380/874
f 3133/3361/866 3134/3364/866 3316/3381/866
f 3133/3361/866 3316/3381/866 3606/3382/866
f 3385/3365/867 3605/3367/867 3607/3383/867
f 3385/3365/867 3607/3383/867 3388/3384/867
f 3431/3020/764 3386/3385/875 3389/3386/875
f 3431/3020/764 3389/3386/875 2972/3017/762
f 3435/3387/21 3317/3378/873 3368/3377/872
f 3435/3387/21 3368/3377/872 3354/3388/21
f 3620/3389/876 3619/3390/876 3413/3391/876
f 3620/3389/876 3413/3391/876 3414/3392/876
f 3434/3393/877 2964/3007/758 2966/3009/760
f 3434/3393/877 2966/3009/760 3436/3394/877
f 3318/3322/854 3369/3368/868 3621/3395/878
f 3318/3322/854 3621/3395/878 3415/3396/878
f 2959/3002/753 2961/3004/755 3479/3397/879
f 2959/3398/880 3478/3329/858 3480/3328/857
f 3430/3371/870 3384/3399/875 3386/3385/875
f 3430/3371/870 3386/3385/875 3431/3020/764
f 3346/3400/21 3469/3401/21 3588/3402/21
f 3346/3400/21 3588/3402/21 3594/3403/21
f 3499/3404/21 3346/3400/21 3594/3403/21
f 3499/3404/21 3594/3403/21 3378/3405/21
f 3328/3406/21 3400/3407/21 3387/3408/21
f 3328/3406/21 3387/3408/21 2970/3014/21
f 3139/3409/21 3328/3406/21 2970/3014/21
f 3139/3409/21 2970/3014/21 2971/1400/21
f 3140/3410/21 3139/3409/21 2971/1400/21
f 3140/3410/21 2971/1400/21 3609/1759/21
f 3357/3411/21 3140/3410/21 3609/1759/21
f 3357/3411/21 3609/1759/21 3612/3412/21
f 3457/3413/21 3357/3411/21 3612/3412/21
f 3457/3413/21 3612/3412/21 3392/3414/21
f 3469/3401/21 3457/3413/21 3392/3414/21
f 3469/3401/21 3392/3414/21 3588/3402/21
f 3400/3407/21 3499/3404/21 3378/3405/21
f 3400/3407/21 3378/3405/21 3387/3408/21
f 3458/3415/774 3470/3416/881 3141/3417/882
f 3458/3415/774 3141/3417/882 3142/3418/774
f 3358/3419/883 3459/3420/883 3456/3421/883
f 3358/3419/883 3456/3421/883 3143/3422/883
f 3626/3423/884 3359/3424/778 3356/3425/778
f 3626/3423/884 3356/3425/778 3144/3426/779
f 3623/3427/885 3626/3423/884 3144/3426/779
f 3623/3427/885 3144/3426/779 3145/3428/885
f 3329/3429/783 3624/1780/783 3622/3430/783
f 3329/3429/783 3622/3430/783 3146/3431/783
f 3399/3343/864 3330/3432/876 3327/3433/876
f 3399/3343/864 3327/3433/876 3124/3344/865
f 3347/3434/784 3500/3435/784 3502/3436/784
f 3347/3434/784 3502/3436/784 3147/3437/784
f 3470/3438/881 3348/3439/886 3345/3440/886
f 3470/3438/881 3345/3440/886 3141/3441/882
f 3148/3442/887 3149/3443/888 3507/3444/889
f 3148/3442/887 3507/3444/889 3364/3445/887
f 3150/3446/783 3151/3447/890 3381/3448/891
f 3150/3446/783 3381/3448/891 3486/3449/783
f 3152/3450/892 3485/3451/893 3487/3452/893
f 3152/3450/892 3487/3452/893 3481/3453/894
f 3153/3454/784 3152/3455/892 3481/3456/894
f 3153/3454/784 3481/3456/894 3497/3457/784
f 3154/3458/895 3496/3459/853 3498/3460/853
f 3154/3458/895 3498/3460/853 3495/3461/896
f 3155/3462/774 3154/3463/895 3495/3464/896
f 3155/3462/774 3495/3464/896 3451/3465/774
f 3149/3443/888 3450/3466/875 3452/2118/875
f 3149/3443/888 3452/2118/875 3507/3444/889
f 3156/3467/778 3360/3468/778 3365/3469/778
f 3156/3467/778 3365/3469/778 3580/655/778
f 3151/3470/890 3579/3471/885 3581/3472/885
f 3151/3470/890 3581/3472/885 3381/3473/891
f 2992/3039/114 3326/3474/114 3501/3475/114
f 2992/3039/114 3501/3475/114 2989/3036/114
f 2998/3046/114 3350/3476/114 3625/3477/114
f 2998/3046/114 3625/3477/114 2995/3043/114
f 3350/3476/114 3287/3478/114 3627/3479/114
f 3350/3476/114 3627/3479/114 3625/3477/114
f 3287/3478/114 3000/3049/114 3002/3051/114
f 3287/3478/114 3002/3051/114 3627/3479/114
f 3004/3053/114 2988/3035/114 2990/3037/114
f 3004/3053/114 2990/3037/114 3001/3050/114
f 3326/3474/114 3460/3042/114 2996/3044/114
f 3326/3474/114 2996/3044/114 3501/3475/114
f 3008/3057/773 3007/3056/772 3394/3480/897
f 3008/3057/773 3394/3480/897 3274/3481/898
f 3157/3482/899 3012/3483/777 3011/3484/776
f 3157/3482/899 3011/3484/776 3158/3485/900
f 3013/3065/779 3014/3486/780 3016/3487/782
f 3013/3065/779 3016/3487/782 3010/3061/775
f 3159/3488/901 2976/3023/767 2975/3022/766
f 3159/3488/901 2975/3022/766 3160/3489/902
f 3161/3490/903 3162/3491/903 3008/3492/773
f 3161/3490/903 3008/3492/773 3163/3493/904
f 3164/3494/901 3165/3495/901 3166/3496/905
f 3164/3494/901 3166/3496/905 3015/3067/781
f 3492/3497/877 3490/3498/877 3167/3499/877
f 3492/3497/877 3167/3499/877 3168/3500/877
f 3418/3069/901 3559/3501/901 3169/3502/901
f 3418/3069/901 3169/3502/901 3416/3070/901
f 3416/3070/901 3169/3502/901 3165/3495/901
f 3416/3070/901 3165/3495/901 3164/3494/901
f 3493/3503/877 3170/3504/877 3171/3505/877
f 3493/3503/877 3171/3505/877 3172/3506/877
f 3170/3504/877 3492/3497/877 3168/3500/877
f 3170/3504/877 3168/3500/877 3171/3505/877
f 3494/3507/901 3462/3024/901 3173/3508/901
f 3494/3507/901 3173/3508/901 3489/3509/901
f 3489/3509/901 3173/3508/901 2976/3023/767
f 3489/3509/901 2976/3023/767 3159/3488/901
f 3006/3055/771 3174/3510/883 3175/3511/906
f 3006/3055/771 3175/3511/906 3007/3056/772
f 3297/3512/885 3295/3513/885 3176/3514/885
f 3297/3512/885 3176/3514/885 3177/3515/885
f 3291/3059/883 3305/3516/883 3178/3517/883
f 3291/3059/883 3178/3517/883 3179/3518/883
f 3179/3518/883 3178/3517/883 3174/3510/883
f 3179/3518/883 3174/3510/883 3006/3055/771
f 3298/3519/885 3180/3520/885 3181/3521/885
f 3298/3519/885 3181/3521/885 3182/3522/885
f 3180/3520/885 3297/3512/885 3177/3515/885
f 3180/3520/885 3177/3515/885 3181/3521/885
f 3299/3523/899 3309/3524/899 3183/3525/899
f 3299/3523/899 3183/3525/899 3294/3526/899
f 3294/3526/899 3183/3525/899 3012/3483/777
f 3294/3526/899 3012/3483/777 3157/3482/899
f 3160/3489/902 2975/3022/766 3584/3527/907
f 3160/3489/902 3584/3527/907 3273/3528/908
f 3018/3072/785 3184/3529/909 3277/3530/910
f 3018/3072/785 3277/3530/910 3463/3531/911
f 3185/3532/883 3186/3533/883 3187/3534/883
f 3185/3532/883 3187/3534/883 3188/3535/883
f 3471/3536/883 3185/3532/883 3188/3535/883
f 3471/3536/883 3188/3535/883 3189/3537/883
f 3465/3538/912 3190/3539/912 3370/3540/912
f 3465/3538/912 3370/3540/912 3464/3541/912
f 3191/3542/893 3192/3543/893 3193/3544/893
f 3191/3542/893 3193/3544/893 3194/3545/893
f 3192/3543/893 3342/3546/893 3195/3547/893
f 3192/3543/893 3195/3547/893 3193/3544/893
f 3472/3548/912 3372/3549/912 3190/3539/912
f 3472/3548/912 3190/3539/912 3465/3538/912
f 3333/3076/886 3338/3550/886 3339/3551/886
f 3333/3076/886 3339/3551/886 3196/3552/886
f 3336/3075/886 3343/3553/886 3338/3550/886
f 3336/3075/886 3338/3550/886 3333/3076/886
f 3340/3554/893 3197/3555/893 3198/3556/893
f 3340/3554/893 3198/3556/893 3199/3557/893
f 3334/3074/886 3337/3558/886 3184/3529/909
f 3334/3074/886 3184/3529/909 3018/3072/785
f 3196/3552/886 3339/3551/886 3337/3558/886
f 3196/3552/886 3337/3558/886 3334/3074/886
f 3197/3555/893 3191/3542/893 3194/3545/893
f 3197/3555/893 3194/3545/893 3198/3556/893
f 3468/3559/883 3466/3560/883 3200/3561/883
f 3468/3559/883 3200/3561/883 3201/3562/883
f 3186/3533/883 3468/3559/883 3201/3562/883
f 3186/3533/883 3201/3562/883 3187/3534/883
f 3464/3541/912 3370/3540/912 3162/3491/903
f 3464/3541/912 3162/3491/903 3161/3490/903
f 3202/3563/913 3259/3564/913 3260/3565/913
f 3202/3563/913 3260/3565/913 3203/3566/913
f 3204/3567/913 3256/3568/913 3258/3569/914
f 3204/3567/913 3258/3569/914 3205/3570/914
f 3205/3570/914 3258/3569/914 3259/3564/913
f 3205/3570/914 3259/3564/913 3202/3563/913
f 3304/3571/853 3301/3572/853 3236/3573/853
f 3304/3571/853 3236/3573/853 3241/3574/853
f 3301/3572/853 3306/3575/853 3237/3576/853
f 3301/3572/853 3237/3576/853 3236/3573/853
f 3302/3577/853 3304/3571/853 3241/3574/853
f 3302/3577/853 3241/3574/853 3239/3578/853
f 3296/3579/114 3303/3580/114 3240/3581/114
f 3296/3579/114 3240/3581/114 3261/3582/114
f 3307/3583/21 3300/3584/21 3257/3585/21
f 3307/3583/21 3257/3585/21 3238/3586/21
f 3206/3587/901 3265/3588/901 3266/3589/876
f 3206/3587/901 3266/3589/876 3207/3590/876
f 3208/3591/876 3262/3592/876 3264/3593/876
f 3208/3591/876 3264/3593/876 3209/3594/876
f 3209/3594/876 3264/3593/876 3265/3588/901
f 3209/3594/876 3265/3588/901 3206/3587/901
f 3557/3595/915 3554/3596/915 3230/3597/915
f 3557/3595/915 3230/3597/915 3235/3598/915
f 3554/3596/915 3560/3599/915 3231/3600/915
f 3554/3596/915 3231/3600/915 3230/3597/915
f 3555/3601/915 3557/3595/915 3235/3598/915
f 3555/3601/915 3235/3598/915 3233/3602/915
f 3491/3603/114 3556/3604/114 3234/3605/114
f 3491/3603/114 3234/3605/114 3267/3606/114
f 3558/27/21 2999/3048/770 3263/3607/21
f 3558/27/21 3263/3607/21 3232/3608/21
f 3244/3609/886 3210/3610/853 3211/3611/853
f 3244/3609/886 3211/3611/853 3242/3612/886
f 3248/3613/886 3212/3614/853 3213/3615/853
f 3248/3613/886 3213/3615/853 3247/3616/886
f 3212/3614/853 3254/3617/903 3255/3618/903
f 3212/3614/853 3255/3618/903 3213/3615/853
f 3214/3619/853 3252/3620/912 3254/3617/903
f 3214/3619/853 3254/3617/903 3212/3614/853
f 3245/3621/886 3214/3619/853 3212/3614/853
f 3245/3621/886 3212/3614/853 3248/3613/886
f 3247/3616/886 3213/3615/853 3210/3610/853
f 3247/3616/886 3210/3610/853 3244/3609/886
f 3210/3610/853 3249/3622/912 3250/2309/912
f 3210/3610/853 3250/2309/912 3211/3611/853
f 3213/3615/853 3255/3618/903 3249/3622/912
f 3213/3615/853 3249/3622/912 3210/3610/853
f 3215/3623/114 3341/3624/114 3243/3625/114
f 3215/3623/114 3243/3625/114 3229/3626/114
f 3344/3627/21 3289/3628/21 3228/3629/21
f 3344/3627/21 3228/3629/21 3246/3630/21
f 3467/3631/114 3215/3623/114 3229/3626/114
f 3467/3631/114 3229/3626/114 3251/3632/114
f 3289/3628/21 3473/3633/21 3253/3634/21
f 3289/3628/21 3253/3634/21 3228/3629/21
f 3033/3090/114 3032/3089/114 3026/3082/114
f 3033/3090/114 3026/3082/114 3021/3077/114
f 3163/3493/904 3008/3492/773 3274/3635/898
f 3163/3493/904 3274/3635/898 3426/3636/916
f 3011/3062/776 3010/3061/775 3278/3637/917
f 3011/3062/776 3278/3637/917 3349/3638/918
f 3016/3068/782 3015/3067/781 3488/3639/919
f 3016/3068/782 3488/3639/919 3281/3640/920
f 3175/3511/906 3158/3485/900 3314/3641/921
f 3175/3511/906 3314/3641/921 3275/3642/922
f 3184/3529/909 3288/3643/923 3355/3644/916
f 3184/3529/909 3355/3644/916 3277/3530/910
f 2974/3073/765 3018/3072/785 3463/3531/911
f 2974/3073/765 3463/3531/911 3268/3645/924
f 3166/3496/905 3160/3489/902 3273/3528/908
f 3166/3496/905 3273/3528/908 3411/3646/925
f 2975/3022/766 2974/3021/765 3268/3647/924
f 2975/3022/766 3268/3647/924 3584/3527/907
f 3007/3056/772 3175/3511/906 3275/3642/922
f 3007/3056/772 3275/3642/922 3394/3480/897
f 3288/3643/923 3163/3493/904 3426/3636/916
f 3288/3643/923 3426/3636/916 3355/3644/916
f 3010/3061/775 3016/3487/782 3281/3648/920
f 3010/3061/775 3281/3648/920 3278/3637/917
f 3015/3067/781 3166/3496/905 3411/3646/925
f 3015/3067/781 3411/3646/925 3488/3639/919
f 3158/3485/900 3011/3484/776 3349/3649/918
f 3158/3485/900 3349/3649/918 3314/3641/921
f 3216/3650/883 3217/3651/883 3613/3652/883
f 3216/3650/883 3613/3652/883 3611/3653/883
f 3217/3651/883 3616/3654/883 3117/3334/860
f 3217/3651/883 3117/3334/860 3613/3652/883
f 3614/3655/883 3216/3650/883 3611/3653/883
f 3614/3655/883 3611/3653/883 3118/3335/861
f 3616/3654/883 3614/3655/883 3118/3335/861
f 3616/3654/883 3118/3335/861 3117/3334/860
f 3218/3656/926 3219/2173/926 3601/3657/926
f 3218/3656/926 3601/3657/926 3599/3658/926
f 3226/3659/114 3615/3660/114 3602/3661/114
f 3226/3659/114 3602/3661/114 3220/3662/114
f 3617/3663/21 3224/3664/21 3222/3665/21
f 3617/3663/21 3222/3665/21 3600/3666/21
f 3225/3667/927 3227/3668/927 3221/3669/927
f 3225/3667/927 3221/3669/927 3223/3670/927
usemtl RedStripe
f 362/363/122 363/364/122 364/365/122
f 362/363/122 364/365/122 365/366/123
f 366/367/124 367/368/124 368/369/125
f 366/367/124 368/369/125 369/370/124
f 370/371/126 371/372/127 372/373/126
f 370/371/126 372/373/126 373/374/126
f 374/375/128 375/376/128 376/377/128
f 374/375/128 376/377/128 377/378/129
f 1267/1288/308 1268/1289/308 1269/1290/308
f 1267/1288/308 1269/1290/308 1270/1291/308
f 1271/1292/192 1272/1293/192 1273/1294/192
f 1271/1292/192 1273/1294/192 1274/1295/192
f 1275/1296/181 1276/1297/181 1277/1298/181
f 1275/1296/181 1277/1298/181 1278/1299/181
f 2840/2884/692 2842/2885/692 2841/2886/692
f 2840/2884/692 2843/2887/692 2842/2885/692
f 2844/2888/593 2846/2889/593 2845/2890/593
f 2844/2888/593 2847/2891/593 2846/2889/593
f 2848/2892/582 2850/2893/582 2849/2894/582
f 2848/2892/582 2851/2895/582 2850/2893/582
usemtl Window
f 382/379/130 383/380/130 384/381/130
f 385/382/131 386/383/131 387/384/131
f 378/385/132 379/386/132 380/387/132
f 378/385/132 380/387/132 381/388/132
usemtl cockpit
f 388/389/133 389/390/133 390/391/133
f 388/389/133 390/391/133 391/392/133
f 392/393/134 393/394/135 394/395/135
f 392/393/134 394/395/135 395/396/134
f 396/397/136 397/398/136 398/399/136
f 396/397/136 398/399/136 399/400/136
f 400/401/137 401/402/138 402/403/138
f 400/401/137 402/403/138 403/404/137
f 404/405/132 405/406/132 406/407/132
f 404/405/132 406/407/132 407/408/132
f 408/409/132 404/405/132 407/408/132
f 408/409/132 407/408/132 409/410/132
f 410/411/132 408/409/132 409/410/132
f 410/411/132 409/410/132 411/412/132
f 405/406/132 410/411/132 411/412/132
f 405/406/132 411/412/132 406/407/132
f 412/413/139 413/414/139 414/415/139
f 412/413/139 414/415/139 415/416/139
f 416/417/140 417/418/140 418/419/140
f 416/417/140 418/419/140 419/420/140
f 420/421/141 421/422/141 422/423/141
f 420/421/141 422/423/141 423/424/141
f 424/425/142 425/426/142 426/427/142
f 424/425/142 426/427/142 427/428/142
f 428/429/143 429/430/144 430/431/144
f 428/429/143 430/431/144 431/432/143
f 432/433/145 433/434/145 434/435/145
f 432/433/145 434/435/145 435/436/146
f 436/437/147 437/438/147 438/439/147
f 436/437/147 438/439/147 439/440/147
f 440/441/148 441/442/148 442/443/148
f 440/441/148 442/443/148 443/444/148
f 444/445/149 445/446/149 446/447/149
f 444/445/149 446/447/149 447/448/149
f 448/449/150 449/450/151 450/451/151
f 448/449/150 450/451/151 451/452/150
f 452/453/152 453/454/152 454/455/152
f 452/453/152 454/455/152 455/456/152
f 456/457/153 457/458/154 458/459/154
f 456/457/153 458/459/154 459/460/153
f 1279/1300/350 1280/1301/350 1281/1302/350
f 1279/1300/350 1281/1302/350 1282/1303/350
f 1283/989/351 1284/1304/351 1285/1305/351
f 1283/989/351 1285/1305/351 1286/1306/351
f 1287/1307/352 1288/1308/352 1289/1309/352
f 1287/1307/352 1289/1309/352 1290/1310/352
f 1291/1311/353 1292/1312/353 1293/1313/353
f 1291/1311/353 1293/1313/353 1294/1314/353
f 1295/1315/354 1296/1316/354 1297/1317/354
f 1295/1315/354 1297/1317/354 1298/1318/354
f 1299/1319/355 1300/1320/355 1301/1321/355
f 1299/1319/355 1301/1321/355 1302/1322/355
f 1303/1323/356 1304/1324/356 1305/1325/356
f 1303/1323/356 1305/1325/356 1306/39/356
f 1307/1326/357 1308/1327/358 1309/1328/357
f 1307/1326/357 1309/1328/357 1310/1329/357
f 1311/1330/359 1312/1331/359 1313/1332/359
f 1311/1330/359 1313/1332/359 1314/1333/359
f 1315/1334/360 1316/1335/360 1317/1336/360
f 1315/1334/360 1317/1336/360 1318/1337/360
f 1319/1338/361 1320/1339/361 1321/1340/361
f 1319/1338/361 1321/1340/361 1322/1341/361
f 1323/1342/362 1324/1343/362 1325/1344/362
f 1323/1342/362 1325/1344/362 1326/1345/362
f 1327/1346/363 1328/1347/363 1329/1348/363
f 1327/1346/363 1329/1348/363 1330/1349/363
f 1331/1350/364 1332/1351/364 1333/1352/364
f 1331/1350/364 1333/1352/364 1334/1353/364
f 1335/1354/365 1336/1355/365 1337/1356/366
f 1335/1354/365 1337/1356/366 1338/1357/366
f 1339/1358/367 1340/1359/367 1341/1360/367
f 1339/1358/367 1341/1360/367 1342/1361/367
f 1343/1362/368 1344/1363/368 1345/1364/368
f 1343/1362/368 1345/1364/368 1346/1365/368
f 1347/1366/369 1348/1367/369 1349/1368/369
f 1347/1366/369 1349/1368/369 1350/1369/369
f 2852/2896/733 2854/2897/733 2853/2898/733
f 2852/2896/733 2855/2899/733 2854/2897/733
f 2856/2900/734 2858/2901/734 2857/2902/734
f 2856/2900/734 2859/2903/734 2858/2901/734
f 2860/2904/735 2862/2905/735 2861/2906/735
f 2860/2904/735 2863/2907/735 2862/2905/735
f 2864/2908/736 2866/2909/736 2865/2910/736
f 2864/2908/736 2867/2911/736 2866/2909/736
f 2868/2912/737 2870/2913/737 2869/2914/737
f 2868/2912/737 2871/2915/737 2870/2913/737
f 2872/2916/738 2874/2917/738 2873/2918/738
f 2872/2916/738 2875/2919/738 2874/2917/738
f 2876/2920/739 2878/2921/739 2877/2922/739
f 2876/2920/739 2879/1333/739 2878/2921/739
f 2880/2923/740 2882/2924/741 2881/2925/741
f 2880/2923/740 2883/2926/740 2882/2924/741
f 2884/2927/742 2886/2928/742 2885/2929/742
f 2884/2927/742 2887/2930/742 2886/2928/742
f 2888/2931/743 2890/2932/743 2889/2933/743
f 2888/2931/743 2891/2934/743 2890/2932/743
f 2892/2935/744 2894/2936/744 2893/2937/744
f 2892/2935/744 2895/2938/744 2894/2936/744
f 2896/2939/745 2898/2940/745 2897/2941/745
f 2896/2939/745 2899/2942/745 2898/2940/745
f 2900/2943/746 2902/2944/746 2901/2945/746
f 2900/2943/746 2903/2946/746 2902/2944/746
f 2904/2947/747 2906/2948/747 2905/2949/747
f 2904/2947/747 2907/2950/747 2906/2948/747
f 2908/2951/748 2910/2952/749 2909/2953/748
f 2908/2951/748 2911/2954/749 2910/2952/749
f 2912/2955/750 2914/2956/750 2913/2957/750
f 2912/2955/750 2915/2958/750 2914/2956/750
f 2916/2959/751 2918/2960/751 2917/2961/751
f 2916/2959/751 2919/2962/751 2918/2960/751
f 2920/2963/752 2922/2964/752 2921/2965/752
f 2920/2963/752 2923/2966/752 2922/2964/752
f 2924/2967/21 2926/2968/21 2925/2969/21
f 2924/2967/21 2927/2970/21 2926/2968/21
f 2928/2971/21 2927/2970/21 2924/2967/21
f 2928/2971/21 2929/2972/21 2927/2970/21
f 2930/2973/21 2932/2974/21 2931/2975/21
f 2930/2973/21 2933/2976/21 2932/2974/21
f 2934/2977/21 2933/2976/21 2930/2973/21
f 2934/2977/21 2935/2978/21 2933/2976/21
f 2936/2979/21 2935/2978/21 2934/2977/21
f 2936/2979/21 2937/2980/21 2935/2978/21
f 2938/2981/21 2937/2980/21 2936/2979/21
f 2938/2981/21 2939/2982/21 2937/2980/21
f 2940/2983/21 2939/2982/21 2938/2981/21
f 2940/2983/21 2941/2984/21 2939/2982/21
f 2925/2969/21 2941/2984/21 2940/2983/21
f 2925/2969/21 2926/2968/21 2941/2984/21
f 2931/2975/21 2929/2972/21 2928/2971/21
f 2931/2975/21 2932/2974/21 2929/2972/21
