# Blender 5.0.1
# www.blender.org
o Billard_Ball_Front_Side_0
v 0.297094 -0.297093 0.202906
v 0.306643 -0.277536 0.193357
v 0.326544 -0.281451 0.218548
v 0.306643 -0.306643 0.222464
v 0.318572 -0.248798 0.181428
v 0.342955 -0.251236 0.210256
v 0.363558 -0.256819 0.243181
v 0.342955 -0.289744 0.248763
v 0.318572 -0.318571 0.251201
v 0.330383 -0.214660 0.169617
v 0.357678 -0.216264 0.201043
v 0.341238 -0.176297 0.158762
v 0.370396 -0.177438 0.192023
v 0.395543 -0.180223 0.228925
v 0.381043 -0.220143 0.236186
v 0.400675 -0.225363 0.274637
v 0.381043 -0.263814 0.279857
v 0.416772 -0.184017 0.269010
v 0.434175 -0.188184 0.311816
v 0.416772 -0.230990 0.315983
v 0.395543 -0.271075 0.319777
v 0.357678 -0.298957 0.283736
v 0.330383 -0.330382 0.285340
v 0.370396 -0.307977 0.322562
v 0.341238 -0.341238 0.323703
v 0.350300 -0.134889 0.149700
v 0.380791 -0.135661 0.184310
v 0.357220 -0.091195 0.142780
v 0.388580 -0.091670 0.178297
v 0.415782 -0.092851 0.217456
v 0.407192 -0.137564 0.222545
v 0.361651 -0.045979 0.138349
v 0.393480 -0.046204 0.174375
v 0.363244 0.000000 0.136756
v 0.395208 -0.000000 0.172938
v 0.422945 0.000000 0.212808
v 0.421102 -0.046768 0.214074
v 0.444505 -0.047557 0.256919
v 0.438823 -0.094493 0.259744
v 0.446444 -0.000000 0.255842
v 0.465695 -0.000000 0.301511
v 0.463678 -0.048459 0.302388
v 0.457702 -0.096353 0.304646
v 0.429533 -0.140187 0.263910
v 0.447843 -0.143116 0.307913
v 0.462151 -0.145941 0.354060
v 0.447843 -0.192087 0.356884
v 0.472419 -0.098186 0.351648
v 0.482954 -0.099776 0.400224
v 0.472419 -0.148353 0.401813
v 0.457702 -0.195354 0.403647
v 0.478610 -0.049361 0.349955
v 0.480686 0.000000 0.349288
v 0.491408 -0.000000 0.398647
v 0.489290 -0.050150 0.399096
v 0.495707 -0.050715 0.449286
v 0.489290 -0.100905 0.449849
v 0.497849 0.000000 0.449060
v 0.500000 0.000000 0.500000
v 0.497849 -0.050940 0.500000
v 0.491408 -0.101353 0.500000
v 0.478610 -0.150045 0.450639
v 0.463678 -0.197612 0.451541
v 0.480686 -0.150712 0.500000
v 0.465695 -0.198489 0.500000
v 0.380791 -0.315690 0.364340
v 0.350300 -0.350300 0.365112
v 0.407192 -0.277455 0.362436
v 0.415782 -0.282543 0.407150
v 0.388580 -0.321703 0.408330
v 0.357220 -0.357220 0.408805
v 0.429533 -0.236090 0.359814
v 0.438823 -0.240256 0.405507
v 0.444505 -0.243081 0.452443
v 0.421102 -0.285926 0.453232
v 0.446444 -0.244158 0.500000
v 0.422945 -0.287192 0.500000
v 0.393480 -0.325625 0.453796
v 0.361651 -0.361651 0.454022
v 0.395208 -0.327063 0.500000
v 0.363244 -0.363244 0.500000
v 0.361651 0.045979 0.138349
v 0.393480 0.046204 0.174375
v 0.357220 0.091195 0.142780
v 0.388580 0.091670 0.178297
v 0.415781 0.092851 0.217457
v 0.421102 0.046768 0.214074
v 0.350300 0.134889 0.149700
v 0.380791 0.135661 0.184310
v 0.341238 0.176297 0.158762
v 0.370396 0.177438 0.192023
v 0.395543 0.180223 0.228925
v 0.407192 0.137564 0.222545
v 0.429533 0.140186 0.263910
v 0.438823 0.094493 0.259744
v 0.416772 0.184017 0.269010
v 0.434175 0.188184 0.311816
v 0.447843 0.143116 0.307913
v 0.457702 0.096353 0.304646
v 0.444505 0.047557 0.256919
v 0.463678 0.048459 0.302388
v 0.330383 0.214660 0.169617
v 0.357678 0.216264 0.201043
v 0.318572 0.248799 0.181428
v 0.342955 0.251237 0.210256
v 0.363558 0.256819 0.243181
v 0.381043 0.220143 0.236186
v 0.306643 0.277536 0.193357
v 0.326544 0.281452 0.218548
v 0.297094 0.297093 0.202906
v 0.306643 0.306643 0.222464
v 0.318572 0.318572 0.251201
v 0.342955 0.289744 0.248763
v 0.357678 0.298957 0.283736
v 0.381043 0.263814 0.279857
v 0.330383 0.330382 0.285340
v 0.341238 0.341238 0.323703
v 0.370396 0.307977 0.322562
v 0.395543 0.271075 0.319777
v 0.400675 0.225363 0.274637
v 0.416772 0.230990 0.315983
v 0.429533 0.236090 0.359814
v 0.447843 0.192087 0.356884
v 0.407192 0.277455 0.362436
v 0.415782 0.282543 0.407150
v 0.438823 0.240256 0.405507
v 0.457702 0.195354 0.403647
v 0.380791 0.315690 0.364340
v 0.350300 0.350299 0.365112
v 0.357220 0.357220 0.408805
v 0.388580 0.321703 0.408330
v 0.393480 0.325625 0.453796
v 0.421102 0.285926 0.453232
v 0.361651 0.361651 0.454022
v 0.363244 0.363244 0.500000
v 0.395208 0.327063 0.500000
v 0.422945 0.287192 0.500000
v 0.444505 0.243081 0.452443
v 0.463678 0.197612 0.451541
v 0.446444 0.244158 0.500000
v 0.465695 0.198489 0.500000
v 0.478610 0.049361 0.349955
v 0.472419 0.098186 0.351648
v 0.482954 0.099776 0.400224
v 0.489290 0.050150 0.399096
v 0.462151 0.145941 0.354060
v 0.472419 0.148353 0.401813
v 0.478610 0.150045 0.450639
v 0.489290 0.100905 0.449849
v 0.480686 0.150712 0.500000
v 0.491408 0.101353 0.500000
v 0.495707 0.050715 0.449286
v 0.497849 0.050940 0.500000
v 0.495707 0.050715 0.550714
v 0.497849 -0.000000 0.550940
v 0.489290 0.100905 0.550151
v 0.482954 0.099776 0.599776
v 0.489290 0.050150 0.600904
v 0.491408 -0.000000 0.601353
v 0.478610 0.150045 0.549361
v 0.463678 0.197612 0.548459
v 0.457702 0.195354 0.596353
v 0.472419 0.148353 0.598187
v 0.462151 0.145941 0.645940
v 0.472419 0.098186 0.648352
v 0.447843 0.192087 0.643116
v 0.434175 0.188184 0.688183
v 0.447843 0.143116 0.692087
v 0.457702 0.096353 0.695354
v 0.478610 0.049361 0.650045
v 0.480686 -0.000000 0.650712
v 0.463678 0.048459 0.697612
v 0.465695 0.000000 0.698489
v 0.444505 0.243081 0.547557
v 0.421102 0.285927 0.546768
v 0.415782 0.282543 0.592850
v 0.438823 0.240256 0.594493
v 0.393480 0.325625 0.546204
v 0.361651 0.361651 0.545978
v 0.357220 0.357220 0.591195
v 0.388580 0.321703 0.591670
v 0.380791 0.315690 0.635660
v 0.407192 0.277455 0.637564
v 0.350300 0.350299 0.634888
v 0.341238 0.341238 0.676297
v 0.370396 0.307977 0.677438
v 0.395543 0.271075 0.680223
v 0.429533 0.236090 0.640186
v 0.416772 0.230990 0.684017
v 0.400675 0.225363 0.725363
v 0.416772 0.184017 0.730990
v 0.381043 0.263814 0.720143
v 0.363558 0.256819 0.756819
v 0.381043 0.220143 0.763814
v 0.395543 0.180223 0.771075
v 0.357678 0.298957 0.716264
v 0.330383 0.330382 0.714660
v 0.318572 0.318571 0.748799
v 0.342955 0.289744 0.751237
v 0.326544 0.281452 0.781452
v 0.342955 0.251237 0.789744
v 0.306643 0.306643 0.777536
v 0.297094 0.297093 0.797094
v 0.306643 0.277536 0.806643
v 0.318572 0.248799 0.818572
v 0.357678 0.216264 0.798957
v 0.370396 0.177438 0.807977
v 0.330383 0.214660 0.830383
v 0.341238 0.176297 0.841238
v 0.444505 0.047557 0.743081
v 0.446444 -0.000000 0.744158
v 0.438823 0.094493 0.740256
v 0.415782 0.092851 0.782544
v 0.421102 0.046768 0.785927
v 0.422945 0.000000 0.787192
v 0.429533 0.140186 0.736090
v 0.407192 0.137564 0.777455
v 0.380791 0.135661 0.815690
v 0.388580 0.091670 0.821703
v 0.350300 0.134889 0.850300
v 0.357220 0.091195 0.857220
v 0.393480 0.046204 0.825625
v 0.395208 0.000000 0.827062
v 0.361651 0.045979 0.861651
v 0.363244 0.000000 0.863244
v 0.393480 -0.325625 0.546204
v 0.361651 -0.361651 0.545978
v 0.421102 -0.285926 0.546768
v 0.415782 -0.282543 0.592850
v 0.388580 -0.321703 0.591670
v 0.357220 -0.357220 0.591195
v 0.444505 -0.243081 0.547557
v 0.463678 -0.197612 0.548459
v 0.457702 -0.195354 0.596353
v 0.438823 -0.240256 0.594493
v 0.429533 -0.236090 0.640186
v 0.407192 -0.277455 0.637564
v 0.447843 -0.192087 0.643116
v 0.434175 -0.188184 0.688183
v 0.416772 -0.230990 0.684017
v 0.395543 -0.271075 0.680223
v 0.380791 -0.315690 0.635660
v 0.350300 -0.350300 0.634888
v 0.370396 -0.307977 0.677438
v 0.341238 -0.341238 0.676297
v 0.478610 -0.150045 0.549361
v 0.489290 -0.100905 0.550151
v 0.482954 -0.099776 0.599776
v 0.472419 -0.148353 0.598187
v 0.495707 -0.050715 0.550714
v 0.489290 -0.050150 0.600904
v 0.478610 -0.049361 0.650045
v 0.472419 -0.098186 0.648352
v 0.463678 -0.048459 0.697612
v 0.457702 -0.096353 0.695354
v 0.462151 -0.145941 0.645940
v 0.447843 -0.143116 0.692087
v 0.429533 -0.140187 0.736090
v 0.416772 -0.184017 0.730990
v 0.438823 -0.094493 0.740256
v 0.415782 -0.092851 0.782544
v 0.407192 -0.137564 0.777455
v 0.395543 -0.180223 0.771075
v 0.444505 -0.047557 0.743081
v 0.421102 -0.046768 0.785926
v 0.393480 -0.046204 0.825625
v 0.388580 -0.091670 0.821703
v 0.361651 -0.045979 0.861651
v 0.357220 -0.091195 0.857220
v 0.380791 -0.135661 0.815690
v 0.370396 -0.177438 0.807977
v 0.350300 -0.134889 0.850300
v 0.341238 -0.176297 0.841238
v 0.357678 -0.298957 0.716264
v 0.330383 -0.330382 0.714660
v 0.381043 -0.263814 0.720143
v 0.363558 -0.256819 0.756819
v 0.342955 -0.289744 0.751237
v 0.318572 -0.318571 0.748799
v 0.400675 -0.225363 0.725363
v 0.381043 -0.220143 0.763814
v 0.357678 -0.216264 0.798957
v 0.342955 -0.251236 0.789744
v 0.330383 -0.214660 0.830383
v 0.318572 -0.248798 0.818572
v 0.326544 -0.281451 0.781452
v 0.306643 -0.306643 0.777536
v 0.306643 -0.277536 0.806643
v 0.297093 -0.297093 0.797094
v 0.297093 -0.297093 0.797094
v 0.306643 -0.277536 0.806643
v 0.281452 -0.281451 0.826544
v 0.277536 -0.306643 0.806643
v 0.318572 -0.248798 0.818572
v 0.289744 -0.251236 0.842955
v 0.256819 -0.256819 0.863558
v 0.251237 -0.289744 0.842955
v 0.248799 -0.318571 0.818572
v 0.330383 -0.214660 0.830383
v 0.298957 -0.216264 0.857678
v 0.341238 -0.176297 0.841238
v 0.307977 -0.177438 0.870396
v 0.271075 -0.180223 0.895543
v 0.263814 -0.220143 0.881043
v 0.225363 -0.225363 0.900675
v 0.220143 -0.263814 0.881043
v 0.230990 -0.184017 0.916772
v 0.188184 -0.188184 0.934175
v 0.184017 -0.230990 0.916772
v 0.180223 -0.271075 0.895543
v 0.216264 -0.298957 0.857678
v 0.214660 -0.330382 0.830383
v 0.177438 -0.307977 0.870396
v 0.176297 -0.341238 0.841238
v 0.350300 -0.134889 0.850300
v 0.315690 -0.135661 0.880791
v 0.357220 -0.091195 0.857220
v 0.321703 -0.091670 0.888580
v 0.282544 -0.092851 0.915782
v 0.277455 -0.137564 0.907192
v 0.361651 -0.045979 0.861651
v 0.325625 -0.046204 0.893480
v 0.363244 0.000000 0.863244
v 0.327062 -0.000000 0.895208
v 0.287192 0.000000 0.922945
v 0.285926 -0.046768 0.921102
v 0.243081 -0.047557 0.944505
v 0.240256 -0.094493 0.938823
v 0.244158 -0.000000 0.946444
v 0.198489 -0.000000 0.965695
v 0.197612 -0.048459 0.963678
v 0.195354 -0.096353 0.957702
v 0.236090 -0.140187 0.929533
v 0.192087 -0.143116 0.947843
v 0.145940 -0.145941 0.962151
v 0.143116 -0.192087 0.947843
v 0.148352 -0.098186 0.972419
v 0.099776 -0.099776 0.982954
v 0.098187 -0.148353 0.972419
v 0.096353 -0.195354 0.957702
v 0.150045 -0.049361 0.978610
v 0.150712 0.000000 0.980686
v 0.101353 -0.000000 0.991408
v 0.100904 -0.050150 0.989290
v 0.050714 -0.050715 0.995707
v 0.050151 -0.100905 0.989290
v 0.050940 0.000000 0.997849
v -0.000000 0.000000 1.000000
v -0.000000 -0.050940 0.997849
v -0.000000 -0.101353 0.991408
v 0.049361 -0.150045 0.978610
v 0.048459 -0.197612 0.963678
v -0.000000 -0.150712 0.980686
v -0.000000 -0.198489 0.965695
v 0.135660 -0.315690 0.880791
v 0.134888 -0.350300 0.850300
v 0.137564 -0.277455 0.907192
v 0.092850 -0.282543 0.915782
v 0.091670 -0.321703 0.888580
v 0.091195 -0.357220 0.857220
v 0.140186 -0.236090 0.929533
v 0.094493 -0.240256 0.938823
v 0.047557 -0.243081 0.944505
v 0.046768 -0.285926 0.921102
v -0.000000 -0.244158 0.946444
v -0.000000 -0.287192 0.922945
v 0.046204 -0.325625 0.893480
v 0.045978 -0.361651 0.861651
v -0.000000 -0.327063 0.895208
v -0.000000 -0.363244 0.863244
v 0.361651 0.045979 0.861651
v 0.325625 0.046204 0.893480
v 0.357220 0.091195 0.857220
v 0.321703 0.091670 0.888580
v 0.282544 0.092851 0.915782
v 0.285926 0.046768 0.921102
v 0.350300 0.134889 0.850300
v 0.315690 0.135661 0.880791
v 0.341238 0.176297 0.841238
v 0.307977 0.177438 0.870396
v 0.271075 0.180223 0.895543
v 0.277455 0.137564 0.907192
v 0.236090 0.140186 0.929533
v 0.240256 0.094493 0.938823
v 0.230990 0.184017 0.916772
v 0.188184 0.188184 0.934175
v 0.192087 0.143116 0.947843
v 0.195354 0.096353 0.957702
v 0.243081 0.047557 0.944505
v 0.197612 0.048459 0.963678
v 0.330383 0.214660 0.830383
v 0.298957 0.216264 0.857678
v 0.318572 0.248799 0.818572
v 0.289744 0.251237 0.842955
v 0.256819 0.256819 0.863558
v 0.263814 0.220143 0.881043
v 0.306643 0.277536 0.806643
v 0.281452 0.281452 0.826544
v 0.297094 0.297093 0.797094
v 0.277536 0.306643 0.806643
v 0.248799 0.318572 0.818572
v 0.251237 0.289744 0.842955
v 0.216264 0.298957 0.857678
v 0.220143 0.263814 0.881043
v 0.214660 0.330382 0.830383
v 0.176297 0.341238 0.841238
v 0.177438 0.307977 0.870396
v 0.180223 0.271075 0.895543
v 0.225363 0.225363 0.900675
v 0.184017 0.230990 0.916772
v 0.140186 0.236090 0.929533
v 0.143116 0.192087 0.947843
v 0.137564 0.277455 0.907192
v 0.092850 0.282543 0.915782
v 0.094493 0.240256 0.938823
v 0.096353 0.195354 0.957702
v 0.135660 0.315690 0.880791
v 0.134888 0.350299 0.850300
v 0.091195 0.357220 0.857220
v 0.091670 0.321703 0.888580
v 0.046204 0.325625 0.893480
v 0.046768 0.285926 0.921102
v 0.045978 0.361651 0.861651
v -0.000000 0.363244 0.863244
v -0.000000 0.327063 0.895208
v -0.000000 0.287192 0.922945
v 0.047557 0.243081 0.944505
v 0.048459 0.197612 0.963678
v 0.000000 0.244158 0.946444
v 0.000000 0.198489 0.965695
v 0.150045 0.049361 0.978610
v 0.148352 0.098186 0.972419
v 0.099776 0.099776 0.982954
v 0.100904 0.050150 0.989290
v 0.145940 0.145941 0.962151
v 0.098187 0.148353 0.972419
v 0.049361 0.150045 0.978610
v 0.050151 0.100905 0.989290
v 0.000000 0.150712 0.980686
v -0.000000 0.101353 0.991408
v 0.050714 0.050715 0.995707
v -0.000000 0.050940 0.997849
v -0.050714 0.050715 0.995707
v -0.050940 -0.000000 0.997849
v -0.050151 0.100905 0.989290
v -0.099776 0.099776 0.982954
v -0.100904 0.050150 0.989290
v -0.101353 -0.000000 0.991408
v -0.049361 0.150045 0.978610
v -0.048459 0.197612 0.963678
v -0.096353 0.195354 0.957702
v -0.098187 0.148353 0.972419
v -0.145940 0.145941 0.962151
v -0.148352 0.098186 0.972419
v -0.143116 0.192087 0.947843
v -0.188184 0.188184 0.934175
v -0.192087 0.143116 0.947843
v -0.195354 0.096353 0.957702
v -0.150045 0.049361 0.978610
v -0.150712 -0.000000 0.980686
v -0.197612 0.048459 0.963678
v -0.198489 0.000000 0.965695
v -0.047557 0.243081 0.944505
v -0.046768 0.285927 0.921102
v -0.092850 0.282543 0.915782
v -0.094493 0.240256 0.938823
v -0.046204 0.325625 0.893480
v -0.045978 0.361651 0.861651
v -0.091195 0.357220 0.857220
v -0.091670 0.321703 0.888580
v -0.135660 0.315690 0.880791
v -0.137564 0.277455 0.907192
v -0.134888 0.350299 0.850300
v -0.176297 0.341238 0.841238
v -0.177438 0.307977 0.870396
v -0.180223 0.271075 0.895543
v -0.140186 0.236090 0.929533
v -0.184017 0.230990 0.916772
v -0.225363 0.225363 0.900675
v -0.230990 0.184017 0.916772
v -0.220143 0.263814 0.881043
v -0.256819 0.256819 0.863558
v -0.263814 0.220143 0.881043
v -0.271075 0.180223 0.895543
v -0.216264 0.298957 0.857678
v -0.214660 0.330382 0.830383
v -0.248799 0.318571 0.818572
v -0.251237 0.289744 0.842955
v -0.281452 0.281452 0.826544
v -0.289744 0.251237 0.842955
v -0.277536 0.306643 0.806643
v -0.297094 0.297093 0.797094
v -0.306643 0.277536 0.806643
v -0.318572 0.248799 0.818572
v -0.298957 0.216264 0.857678
v -0.307978 0.177438 0.870396
v -0.330383 0.214660 0.830383
v -0.341238 0.176297 0.841238
v -0.243081 0.047557 0.944505
v -0.244158 -0.000000 0.946444
v -0.240256 0.094493 0.938823
v -0.282544 0.092851 0.915782
v -0.285927 0.046768 0.921102
v -0.287192 0.000000 0.922945
v -0.236090 0.140186 0.929533
v -0.277455 0.137564 0.907192
v -0.315690 0.135661 0.880791
v -0.321703 0.091670 0.888580
v -0.350300 0.134889 0.850300
v -0.357220 0.091195 0.857220
v -0.325625 0.046204 0.893480
v -0.327062 0.000000 0.895208
v -0.361651 0.045979 0.861651
v -0.363244 0.000000 0.863244
v -0.046204 -0.325625 0.893480
v -0.045978 -0.361651 0.861651
v -0.046768 -0.285926 0.921102
v -0.092850 -0.282543 0.915782
v -0.091670 -0.321703 0.888580
v -0.091195 -0.357220 0.857220
v -0.047557 -0.243081 0.944505
v -0.048459 -0.197612 0.963678
v -0.096353 -0.195354 0.957702
v -0.094493 -0.240256 0.938823
v -0.140186 -0.236090 0.929533
v -0.137564 -0.277455 0.907192
v -0.143116 -0.192087 0.947843
v -0.188184 -0.188184 0.934175
v -0.184017 -0.230990 0.916772
v -0.180223 -0.271075 0.895543
v -0.135660 -0.315690 0.880791
v -0.134888 -0.350300 0.850300
v -0.177438 -0.307977 0.870396
v -0.176297 -0.341238 0.841238
v -0.049361 -0.150045 0.978610
v -0.050151 -0.100905 0.989290
v -0.099776 -0.099776 0.982954
v -0.098187 -0.148353 0.972419
v -0.050714 -0.050715 0.995707
v -0.100904 -0.050150 0.989290
v -0.150045 -0.049361 0.978610
v -0.148352 -0.098186 0.972419
v -0.197612 -0.048459 0.963678
v -0.195354 -0.096353 0.957702
v -0.145940 -0.145941 0.962151
v -0.192087 -0.143116 0.947843
v -0.236090 -0.140187 0.929533
v -0.230990 -0.184017 0.916772
v -0.240256 -0.094493 0.938823
v -0.282544 -0.092851 0.915782
v -0.277455 -0.137564 0.907192
v -0.271075 -0.180223 0.895543
v -0.243081 -0.047557 0.944505
v -0.285926 -0.046768 0.921102
v -0.325625 -0.046204 0.893480
v -0.321703 -0.091670 0.888580
v -0.361651 -0.045979 0.861651
v -0.357220 -0.091195 0.857220
v -0.315690 -0.135661 0.880791
v -0.307977 -0.177438 0.870396
v -0.350300 -0.134889 0.850300
v -0.341238 -0.176297 0.841238
v -0.216264 -0.298957 0.857678
v -0.214660 -0.330382 0.830383
v -0.220143 -0.263814 0.881043
v -0.256819 -0.256819 0.863558
v -0.251237 -0.289744 0.842955
v -0.248799 -0.318571 0.818572
v -0.225363 -0.225363 0.900675
v -0.263814 -0.220143 0.881043
v -0.298957 -0.216264 0.857678
v -0.289744 -0.251236 0.842955
v -0.330383 -0.214660 0.830383
v -0.318572 -0.248798 0.818572
v -0.281452 -0.281451 0.826544
v -0.277536 -0.306643 0.806643
v -0.306643 -0.277536 0.806643
v -0.297094 -0.297093 0.797093
v -0.297093 -0.297093 0.202906
v -0.306643 -0.277536 0.193357
v -0.281452 -0.281451 0.173456
v -0.277536 -0.306643 0.193357
v -0.318572 -0.248798 0.181428
v -0.289744 -0.251236 0.157045
v -0.256819 -0.256819 0.136442
v -0.251237 -0.289744 0.157045
v -0.248799 -0.318571 0.181428
v -0.330383 -0.214660 0.169617
v -0.298957 -0.216264 0.142322
v -0.341238 -0.176297 0.158762
v -0.307977 -0.177438 0.129604
v -0.271075 -0.180223 0.104457
v -0.263814 -0.220143 0.118957
v -0.225363 -0.225363 0.099325
v -0.220143 -0.263814 0.118957
v -0.230990 -0.184017 0.083228
v -0.188184 -0.188184 0.065825
v -0.184017 -0.230990 0.083228
v -0.180223 -0.271075 0.104457
v -0.216264 -0.298957 0.142322
v -0.214660 -0.330382 0.169617
v -0.177438 -0.307977 0.129604
v -0.176297 -0.341238 0.158762
v -0.350300 -0.134889 0.149700
v -0.315690 -0.135661 0.119209
v -0.357220 -0.091195 0.142780
v -0.321703 -0.091670 0.111420
v -0.282544 -0.092851 0.084218
v -0.277455 -0.137564 0.092808
v -0.361651 -0.045979 0.138349
v -0.325625 -0.046204 0.106520
v -0.363244 0.000000 0.136756
v -0.327062 -0.000000 0.104792
v -0.287192 0.000000 0.077055
v -0.285926 -0.046768 0.078898
v -0.243081 -0.047557 0.055495
v -0.240256 -0.094493 0.061177
v -0.244158 -0.000000 0.053556
v -0.198489 -0.000000 0.034305
v -0.197612 -0.048459 0.036322
v -0.195354 -0.096353 0.042298
v -0.236090 -0.140187 0.070467
v -0.192087 -0.143116 0.052157
v -0.145940 -0.145941 0.037849
v -0.143116 -0.192087 0.052157
v -0.148352 -0.098186 0.027581
v -0.099776 -0.099776 0.017046
v -0.098187 -0.148353 0.027581
v -0.096353 -0.195354 0.042298
v -0.150045 -0.049361 0.021390
v -0.150712 0.000000 0.019314
v -0.101353 -0.000000 0.008592
v -0.100904 -0.050150 0.010710
v -0.050714 -0.050715 0.004293
v -0.050151 -0.100905 0.010710
v -0.050940 0.000000 0.002151
v 0.000000 0.000000 0.000000
v 0.000000 -0.050940 0.002151
v 0.000000 -0.101353 0.008592
v -0.049361 -0.150045 0.021390
v -0.048459 -0.197612 0.036322
v 0.000000 -0.150712 0.019314
v 0.000000 -0.198489 0.034305
v -0.135660 -0.315690 0.119209
v -0.134888 -0.350300 0.149700
v -0.137564 -0.277455 0.092808
v -0.092850 -0.282543 0.084218
v -0.091670 -0.321703 0.111420
v -0.091195 -0.357220 0.142780
v -0.140186 -0.236090 0.070467
v -0.094493 -0.240256 0.061177
v -0.047557 -0.243081 0.055495
v -0.046768 -0.285926 0.078898
v 0.000000 -0.244158 0.053556
v 0.000000 -0.287192 0.077055
v -0.046204 -0.325625 0.106520
v -0.045978 -0.361651 0.138349
v 0.000000 -0.327063 0.104792
v 0.000000 -0.363244 0.136756
v -0.361651 0.045979 0.138349
v -0.325625 0.046204 0.106520
v -0.357220 0.091195 0.142780
v -0.321703 0.091670 0.111420
v -0.282544 0.092851 0.084218
v -0.285926 0.046768 0.078898
v -0.350300 0.134889 0.149700
v -0.315690 0.135661 0.119209
v -0.341238 0.176297 0.158762
v -0.307977 0.177438 0.129604
v -0.271075 0.180223 0.104457
v -0.277455 0.137564 0.092808
v -0.236090 0.140186 0.070467
v -0.240256 0.094493 0.061177
v -0.230990 0.184017 0.083228
v -0.188184 0.188184 0.065825
v -0.192087 0.143116 0.052157
v -0.195354 0.096353 0.042298
v -0.243081 0.047557 0.055495
v -0.197612 0.048459 0.036322
v -0.330383 0.214660 0.169617
v -0.298957 0.216264 0.142322
v -0.318572 0.248799 0.181428
v -0.289744 0.251237 0.157045
v -0.256819 0.256819 0.136442
v -0.263814 0.220143 0.118957
v -0.306643 0.277536 0.193357
v -0.281452 0.281452 0.173456
v -0.297094 0.297093 0.202906
v -0.277536 0.306643 0.193357
v -0.248799 0.318572 0.181428
v -0.251237 0.289744 0.157045
v -0.216264 0.298957 0.142322
v -0.220143 0.263814 0.118957
v -0.214660 0.330382 0.169617
v -0.176297 0.341238 0.158762
v -0.177438 0.307977 0.129604
v -0.180223 0.271075 0.104457
v -0.225363 0.225363 0.099325
v -0.184017 0.230990 0.083228
v -0.140186 0.236090 0.070467
v -0.143116 0.192087 0.052157
v -0.137564 0.277455 0.092808
v -0.092850 0.282543 0.084218
v -0.094493 0.240256 0.061177
v -0.096353 0.195354 0.042298
v -0.135660 0.315690 0.119209
v -0.134888 0.350299 0.149700
v -0.091195 0.357220 0.142780
v -0.091670 0.321703 0.111420
v -0.046204 0.325625 0.106520
v -0.046768 0.285926 0.078898
v -0.045978 0.361651 0.138349
v 0.000000 0.363244 0.136756
v 0.000000 0.327063 0.104792
v 0.000000 0.287192 0.077055
v -0.047557 0.243081 0.055495
v -0.048459 0.197612 0.036322
v -0.000000 0.244158 0.053556
v -0.000000 0.198489 0.034305
v -0.150045 0.049361 0.021390
v -0.148352 0.098186 0.027581
v -0.099776 0.099776 0.017046
v -0.100904 0.050150 0.010710
v -0.145940 0.145941 0.037849
v -0.098187 0.148353 0.027581
v -0.049361 0.150045 0.021390
v -0.050151 0.100905 0.010710
v 0.000000 0.150712 0.019314
v 0.000000 0.101353 0.008592
v -0.050714 0.050715 0.004293
v 0.000000 0.050940 0.002151
v 0.050714 0.050715 0.004293
v 0.050940 -0.000000 0.002151
v 0.050151 0.100905 0.010710
v 0.099776 0.099776 0.017046
v 0.100904 0.050150 0.010710
v 0.101353 -0.000000 0.008592
v 0.049361 0.150045 0.021390
v 0.048459 0.197612 0.036322
v 0.096353 0.195354 0.042298
v 0.098187 0.148353 0.027581
v 0.145940 0.145941 0.037849
v 0.148352 0.098186 0.027581
v 0.143116 0.192087 0.052157
v 0.188184 0.188184 0.065825
v 0.192087 0.143116 0.052157
v 0.195354 0.096353 0.042298
v 0.150045 0.049361 0.021390
v 0.150712 -0.000000 0.019314
v 0.197612 0.048459 0.036322
v 0.198489 0.000000 0.034305
v 0.047557 0.243081 0.055495
v 0.046768 0.285927 0.078898
v 0.092850 0.282543 0.084218
v 0.094493 0.240256 0.061177
v 0.046204 0.325625 0.106520
v 0.045978 0.361651 0.138349
v 0.091195 0.357220 0.142780
v 0.091670 0.321703 0.111420
v 0.135660 0.315690 0.119209
v 0.137564 0.277455 0.092808
v 0.134888 0.350299 0.149700
v 0.176297 0.341238 0.158762
v 0.177438 0.307977 0.129604
v 0.180223 0.271075 0.104457
v 0.140186 0.236090 0.070467
v 0.184017 0.230990 0.083228
v 0.225363 0.225363 0.099325
v 0.230990 0.184017 0.083228
v 0.220143 0.263814 0.118957
v 0.256819 0.256819 0.136442
v 0.263814 0.220143 0.118957
v 0.271075 0.180223 0.104457
v 0.216264 0.298957 0.142322
v 0.214660 0.330382 0.169617
v 0.248799 0.318571 0.181428
v 0.251237 0.289744 0.157045
v 0.281452 0.281452 0.173456
v 0.289744 0.251237 0.157045
v 0.277536 0.306643 0.193357
v 0.297094 0.297093 0.202906
v 0.306643 0.277536 0.193357
v 0.318572 0.248799 0.181428
v 0.298957 0.216264 0.142322
v 0.307978 0.177438 0.129604
v 0.330383 0.214660 0.169617
v 0.341238 0.176297 0.158762
v 0.243081 0.047557 0.055495
v 0.244158 -0.000000 0.053556
v 0.240256 0.094493 0.061177
v 0.282544 0.092851 0.084218
v 0.285927 0.046768 0.078898
v 0.287192 0.000000 0.077055
v 0.236090 0.140186 0.070467
v 0.277455 0.137564 0.092808
v 0.315690 0.135661 0.119209
v 0.321703 0.091670 0.111420
v 0.350300 0.134889 0.149700
v 0.357220 0.091195 0.142780
v 0.325625 0.046204 0.106520
v 0.327062 0.000000 0.104792
v 0.361651 0.045979 0.138349
v 0.363244 0.000000 0.136756
v 0.046204 -0.325625 0.106520
v 0.045978 -0.361651 0.138349
v 0.046768 -0.285926 0.078898
v 0.092850 -0.282543 0.084218
v 0.091670 -0.321703 0.111420
v 0.091195 -0.357220 0.142780
v 0.047557 -0.243081 0.055495
v 0.048459 -0.197612 0.036322
v 0.096353 -0.195354 0.042298
v 0.094493 -0.240256 0.061177
v 0.140186 -0.236090 0.070467
v 0.137564 -0.277455 0.092808
v 0.143116 -0.192087 0.052157
v 0.188184 -0.188184 0.065825
v 0.184017 -0.230990 0.083228
v 0.180223 -0.271075 0.104457
v 0.135660 -0.315690 0.119209
v 0.134888 -0.350300 0.149700
v 0.177438 -0.307977 0.129604
v 0.176297 -0.341238 0.158762
v 0.049361 -0.150045 0.021390
v 0.050151 -0.100905 0.010710
v 0.099776 -0.099776 0.017046
v 0.098187 -0.148353 0.027581
v 0.050714 -0.050715 0.004293
v 0.100904 -0.050150 0.010710
v 0.150045 -0.049361 0.021390
v 0.148352 -0.098186 0.027581
v 0.197612 -0.048459 0.036322
v 0.195354 -0.096353 0.042298
v 0.145940 -0.145941 0.037849
v 0.192087 -0.143116 0.052157
v 0.236090 -0.140187 0.070467
v 0.230990 -0.184017 0.083228
v 0.240256 -0.094493 0.061177
v 0.282544 -0.092851 0.084218
v 0.277455 -0.137564 0.092808
v 0.271075 -0.180223 0.104457
v 0.243081 -0.047557 0.055495
v 0.285926 -0.046768 0.078898
v 0.325625 -0.046204 0.106520
v 0.321703 -0.091670 0.111420
v 0.361651 -0.045979 0.138349
v 0.357220 -0.091195 0.142780
v 0.315690 -0.135661 0.119209
v 0.307977 -0.177438 0.129604
v 0.350300 -0.134889 0.149700
v 0.341238 -0.176297 0.158762
v 0.216264 -0.298957 0.142322
v 0.214660 -0.330382 0.169617
v 0.220143 -0.263814 0.118957
v 0.256819 -0.256819 0.136442
v 0.251237 -0.289744 0.157045
v 0.248799 -0.318571 0.181428
v 0.225363 -0.225363 0.099325
v 0.263814 -0.220143 0.118957
v 0.298957 -0.216264 0.142322
v 0.289744 -0.251236 0.157045
v 0.330383 -0.214660 0.169617
v 0.318572 -0.248798 0.181428
v 0.281452 -0.281451 0.173456
v 0.277536 -0.306643 0.193357
v 0.306643 -0.277536 0.193357
v 0.297094 -0.297093 0.202906
v 0.297094 0.297093 0.202906
v 0.277536 0.306643 0.193357
v 0.281452 0.326544 0.218548
v 0.306643 0.306643 0.222464
v 0.248799 0.318571 0.181428
v 0.251237 0.342955 0.210256
v 0.256819 0.363558 0.243181
v 0.289744 0.342955 0.248763
v 0.318572 0.318572 0.251201
v 0.214660 0.330382 0.169617
v 0.216264 0.357678 0.201043
v 0.176297 0.341238 0.158762
v 0.177438 0.370396 0.192023
v 0.180223 0.395543 0.228925
v 0.220143 0.381043 0.236186
v 0.225363 0.400675 0.274637
v 0.263814 0.381043 0.279857
v 0.184017 0.416772 0.269010
v 0.188184 0.434174 0.311816
v 0.230990 0.416772 0.315983
v 0.271075 0.395544 0.319777
v 0.298957 0.357678 0.283736
v 0.330383 0.330382 0.285340
v 0.307978 0.370396 0.322562
v 0.341238 0.341238 0.323703
v 0.134888 0.350299 0.149700
v 0.135660 0.380791 0.184310
v 0.091195 0.357220 0.142780
v 0.091670 0.388580 0.178297
v 0.092850 0.415781 0.217456
v 0.137564 0.407192 0.222545
v 0.045978 0.361651 0.138349
v 0.046204 0.393480 0.174375
v 0.000000 0.363244 0.136756
v 0.000000 0.395208 0.172938
v -0.000000 0.422945 0.212808
v 0.046768 0.421101 0.214074
v 0.047557 0.444504 0.256919
v 0.094493 0.438822 0.259744
v 0.000000 0.446444 0.255842
v 0.000000 0.465694 0.301511
v 0.048459 0.463677 0.302388
v 0.096353 0.457702 0.304646
v 0.140186 0.429533 0.263910
v 0.143116 0.447842 0.307913
v 0.145940 0.462150 0.354060
v 0.192087 0.447842 0.356884
v 0.098187 0.472419 0.351648
v 0.099776 0.482954 0.400224
v 0.148352 0.472419 0.401813
v 0.195354 0.457702 0.403647
v 0.049361 0.478610 0.349955
v -0.000000 0.480686 0.349288
v 0.000000 0.491409 0.398647
v 0.050151 0.489290 0.399096
v 0.050714 0.495707 0.449286
v 0.100904 0.489290 0.449849
v -0.000000 0.497850 0.449060
v 0.000000 0.500000 0.500000
v 0.050940 0.497850 0.500000
v 0.101353 0.491408 0.500000
v 0.150045 0.478610 0.450639
v 0.197612 0.463677 0.451541
v 0.150712 0.480686 0.500000
v 0.198489 0.465694 0.500000
v 0.315690 0.380791 0.364340
v 0.350300 0.350299 0.365112
v 0.277455 0.407192 0.362436
v 0.282544 0.415781 0.407150
v 0.321703 0.388579 0.408330
v 0.357220 0.357220 0.408805
v 0.236090 0.429533 0.359814
v 0.240256 0.438822 0.405507
v 0.243081 0.444504 0.452443
v 0.285927 0.421101 0.453232
v 0.244158 0.446444 0.500000
v 0.287192 0.422945 0.500000
v 0.325625 0.393480 0.453796
v 0.361651 0.361651 0.454022
v 0.327062 0.395208 0.500000
v 0.363244 0.363244 0.500000
v -0.045978 0.361651 0.138349
v -0.046204 0.393480 0.174375
v -0.091195 0.357220 0.142780
v -0.091670 0.388579 0.178297
v -0.092850 0.415781 0.217456
v -0.046768 0.421101 0.214074
v -0.134888 0.350299 0.149700
v -0.135660 0.380790 0.184310
v -0.176297 0.341238 0.158762
v -0.177438 0.370396 0.192023
v -0.180223 0.395544 0.228925
v -0.137564 0.407192 0.222545
v -0.140186 0.429533 0.263910
v -0.094493 0.438822 0.259744
v -0.184017 0.416772 0.269010
v -0.188184 0.434174 0.311816
v -0.143116 0.447842 0.307913
v -0.096353 0.457702 0.304646
v -0.047557 0.444504 0.256919
v -0.048459 0.463677 0.302388
v -0.214660 0.330382 0.169617
v -0.216264 0.357678 0.201043
v -0.248799 0.318572 0.181428
v -0.251237 0.342955 0.210256
v -0.256819 0.363558 0.243181
v -0.220143 0.381043 0.236186
v -0.277536 0.306643 0.193357
v -0.281452 0.326544 0.218548
v -0.297094 0.297093 0.202906
v -0.306643 0.306643 0.222464
v -0.318572 0.318571 0.251201
v -0.289744 0.342955 0.248763
v -0.298957 0.357678 0.283736
v -0.263814 0.381043 0.279857
v -0.330383 0.330382 0.285340
v -0.341238 0.341238 0.323703
v -0.307977 0.370396 0.322562
v -0.271075 0.395544 0.319777
v -0.225363 0.400675 0.274637
v -0.230990 0.416772 0.315983
v -0.236090 0.429533 0.359814
v -0.192087 0.447842 0.356884
v -0.277455 0.407192 0.362436
v -0.282544 0.415781 0.407150
v -0.240256 0.438822 0.405507
v -0.195354 0.457702 0.403647
v -0.315690 0.380791 0.364340
v -0.350300 0.350299 0.365112
v -0.357220 0.357220 0.408805
v -0.321703 0.388580 0.408330
v -0.325625 0.393480 0.453796
v -0.285926 0.421101 0.453232
v -0.361651 0.361651 0.454022
v -0.363244 0.363244 0.500000
v -0.327062 0.395208 0.500000
v -0.287192 0.422945 0.500000
v -0.243081 0.444504 0.452443
v -0.197612 0.463677 0.451541
v -0.244158 0.446444 0.500000
v -0.198489 0.465694 0.500000
v -0.049361 0.478610 0.349955
v -0.098187 0.472419 0.351648
v -0.099776 0.482955 0.400224
v -0.050151 0.489290 0.399096
v -0.145940 0.462150 0.354060
v -0.148352 0.472419 0.401813
v -0.150045 0.478610 0.450639
v -0.100904 0.489290 0.449849
v -0.150712 0.480686 0.500000
v -0.101353 0.491408 0.500000
v -0.050714 0.495707 0.449286
v -0.050940 0.497850 0.500000
v -0.050714 0.495707 0.550714
v 0.000000 0.497850 0.550940
v -0.100904 0.489290 0.550151
v -0.099776 0.482955 0.599776
v -0.050151 0.489290 0.600904
v 0.000000 0.491408 0.601353
v -0.150045 0.478610 0.549361
v -0.197612 0.463677 0.548459
v -0.195354 0.457702 0.596353
v -0.148352 0.472419 0.598187
v -0.145940 0.462150 0.645940
v -0.098187 0.472419 0.648352
v -0.192087 0.447842 0.643116
v -0.188184 0.434174 0.688183
v -0.143116 0.447842 0.692087
v -0.096353 0.457702 0.695354
v -0.049361 0.478610 0.650045
v 0.000000 0.480686 0.650712
v -0.048459 0.463677 0.697612
v 0.000000 0.465694 0.698489
v -0.243081 0.444504 0.547557
v -0.285926 0.421101 0.546768
v -0.282543 0.415781 0.592850
v -0.240256 0.438822 0.594493
v -0.325625 0.393480 0.546204
v -0.361651 0.361651 0.545978
v -0.357220 0.357220 0.591195
v -0.321703 0.388579 0.591670
v -0.315690 0.380790 0.635660
v -0.277455 0.407192 0.637564
v -0.350300 0.350299 0.634888
v -0.341238 0.341238 0.676297
v -0.307977 0.370396 0.677438
v -0.271075 0.395544 0.680223
v -0.236090 0.429533 0.640186
v -0.230990 0.416772 0.684017
v -0.225363 0.400675 0.725363
v -0.184017 0.416772 0.730990
v -0.263814 0.381043 0.720143
v -0.256819 0.363558 0.756819
v -0.220143 0.381043 0.763814
v -0.180223 0.395544 0.771075
v -0.298957 0.357678 0.716264
v -0.330383 0.330382 0.714660
v -0.318572 0.318572 0.748799
v -0.289744 0.342955 0.751237
v -0.281452 0.326544 0.781452
v -0.251237 0.342955 0.789744
v -0.306643 0.306643 0.777536
v -0.297094 0.297093 0.797094
v -0.277536 0.306643 0.806643
v -0.248799 0.318571 0.818572
v -0.216264 0.357678 0.798957
v -0.177438 0.370396 0.807977
v -0.214660 0.330382 0.830383
v -0.176297 0.341238 0.841238
v -0.047557 0.444504 0.743081
v 0.000000 0.446444 0.744158
v -0.094493 0.438822 0.740256
v -0.092850 0.415781 0.782544
v -0.046768 0.421101 0.785927
v 0.000000 0.422945 0.787192
v -0.140186 0.429533 0.736090
v -0.137564 0.407192 0.777455
v -0.135660 0.380791 0.815690
v -0.091670 0.388580 0.821703
v -0.134888 0.350299 0.850300
v -0.091195 0.357220 0.857220
v -0.046204 0.393480 0.825625
v -0.000000 0.395208 0.827062
v -0.045978 0.361651 0.861651
v -0.000000 0.363244 0.863244
v 0.325625 0.393480 0.546204
v 0.361651 0.361651 0.545978
v 0.285926 0.421101 0.546768
v 0.282544 0.415781 0.592850
v 0.321703 0.388580 0.591670
v 0.357220 0.357220 0.591195
v 0.243081 0.444504 0.547557
v 0.197612 0.463677 0.548459
v 0.195354 0.457702 0.596353
v 0.240256 0.438822 0.594493
v 0.236090 0.429533 0.640186
v 0.277455 0.407192 0.637564
v 0.192087 0.447842 0.643116
v 0.188184 0.434174 0.688183
v 0.230990 0.416772 0.684017
v 0.271075 0.395544 0.680223
v 0.315690 0.380791 0.635660
v 0.350300 0.350299 0.634888
v 0.307977 0.370396 0.677438
v 0.341238 0.341238 0.676297
v 0.150045 0.478610 0.549361
v 0.100904 0.489290 0.550151
v 0.099776 0.482955 0.599776
v 0.148352 0.472419 0.598187
v 0.050714 0.495707 0.550714
v 0.050151 0.489290 0.600904
v 0.049361 0.478610 0.650045
v 0.098187 0.472419 0.648352
v 0.048459 0.463677 0.697612
v 0.096353 0.457702 0.695354
v 0.145940 0.462150 0.645940
v 0.143116 0.447842 0.692087
v 0.140186 0.429533 0.736090
v 0.184017 0.416772 0.730990
v 0.094493 0.438822 0.740256
v 0.092850 0.415781 0.782544
v 0.137564 0.407192 0.777455
v 0.180223 0.395544 0.771075
v 0.047557 0.444504 0.743081
v 0.046768 0.421101 0.785926
v 0.046204 0.393480 0.825625
v 0.091670 0.388579 0.821703
v 0.045978 0.361651 0.861651
v 0.091195 0.357220 0.857220
v 0.135660 0.380790 0.815690
v 0.177438 0.370396 0.807977
v 0.134888 0.350299 0.850300
v 0.176297 0.341238 0.841238
v 0.298957 0.357678 0.716264
v 0.330383 0.330382 0.714660
v 0.263814 0.381043 0.720143
v 0.256819 0.363558 0.756819
v 0.289744 0.342955 0.751237
v 0.318572 0.318571 0.748799
v 0.225363 0.400675 0.725363
v 0.220143 0.381043 0.763814
v 0.216264 0.357678 0.798957
v 0.251237 0.342955 0.789744
v 0.214660 0.330382 0.830383
v 0.248799 0.318572 0.818572
v 0.281452 0.326544 0.781452
v 0.306643 0.306643 0.777536
v 0.277536 0.306643 0.806643
v 0.297094 0.297093 0.797094
v -0.297093 -0.297093 0.202906
v -0.277536 -0.306643 0.193357
v -0.281452 -0.326544 0.218548
v -0.306643 -0.306643 0.222464
v -0.248799 -0.318571 0.181428
v -0.251237 -0.342955 0.210256
v -0.256819 -0.363558 0.243181
v -0.289744 -0.342955 0.248763
v -0.318572 -0.318571 0.251201
v -0.214660 -0.330382 0.169617
v -0.216264 -0.357678 0.201043
v -0.176297 -0.341238 0.158762
v -0.177438 -0.370396 0.192023
v -0.180223 -0.395543 0.228925
v -0.220143 -0.381043 0.236186
v -0.225363 -0.400675 0.274637
v -0.263814 -0.381043 0.279857
v -0.184017 -0.416772 0.269010
v -0.188184 -0.434175 0.311816
v -0.230990 -0.416772 0.315983
v -0.271075 -0.395543 0.319777
v -0.298957 -0.357678 0.283736
v -0.330383 -0.330382 0.285340
v -0.307977 -0.370396 0.322562
v -0.341238 -0.341238 0.323703
v -0.134888 -0.350300 0.149700
v -0.135660 -0.380791 0.184310
v -0.091195 -0.357220 0.142780
v -0.091670 -0.388580 0.178297
v -0.092850 -0.415781 0.217456
v -0.137564 -0.407192 0.222545
v -0.045978 -0.361651 0.138349
v -0.046204 -0.393480 0.174375
v 0.000000 -0.363244 0.136756
v 0.000000 -0.395208 0.172938
v 0.000000 -0.422945 0.212808
v -0.046768 -0.421102 0.214074
v -0.047557 -0.444504 0.256919
v -0.094493 -0.438822 0.259744
v 0.000000 -0.446444 0.255842
v 0.000000 -0.465695 0.301511
v -0.048459 -0.463678 0.302388
v -0.096353 -0.457702 0.304646
v -0.140186 -0.429533 0.263910
v -0.143116 -0.447843 0.307913
v -0.145940 -0.462151 0.354060
v -0.192087 -0.447843 0.356884
v -0.098187 -0.472419 0.351648
v -0.099776 -0.482954 0.400224
v -0.148352 -0.472419 0.401813
v -0.195354 -0.457702 0.403647
v -0.049361 -0.478610 0.349955
v 0.000000 -0.480686 0.349288
v 0.000000 -0.491408 0.398647
v -0.050151 -0.489290 0.399096
v -0.050714 -0.495707 0.449286
v -0.100904 -0.489290 0.449849
v 0.000000 -0.497849 0.449060
v 0.000000 -0.500000 0.500000
v -0.050940 -0.497849 0.500000
v -0.101353 -0.491408 0.500000
v -0.150045 -0.478610 0.450639
v -0.197612 -0.463678 0.451541
v -0.150712 -0.480686 0.500000
v -0.198489 -0.465695 0.500000
v -0.315690 -0.380791 0.364340
v -0.350300 -0.350300 0.365112
v -0.277455 -0.407192 0.362436
v -0.282544 -0.415781 0.407150
v -0.321703 -0.388580 0.408330
v -0.357220 -0.357220 0.408805
v -0.236090 -0.429533 0.359814
v -0.240256 -0.438822 0.405507
v -0.243081 -0.444504 0.452443
v -0.285926 -0.421102 0.453232
v -0.244158 -0.446444 0.500000
v -0.287192 -0.422945 0.500000
v -0.325625 -0.393480 0.453796
v -0.361651 -0.361651 0.454022
v -0.327062 -0.395208 0.500000
v -0.363244 -0.363244 0.500000
v 0.045978 -0.361651 0.138349
v 0.046204 -0.393480 0.174375
v 0.091195 -0.357220 0.142780
v 0.091670 -0.388580 0.178297
v 0.092850 -0.415781 0.217456
v 0.046768 -0.421102 0.214074
v 0.134888 -0.350300 0.149700
v 0.135660 -0.380791 0.184310
v 0.176297 -0.341238 0.158762
v 0.177438 -0.370396 0.192023
v 0.180223 -0.395543 0.228925
v 0.137564 -0.407192 0.222545
v 0.140186 -0.429533 0.263910
v 0.094493 -0.438822 0.259744
v 0.184017 -0.416772 0.269010
v 0.188184 -0.434175 0.311816
v 0.143116 -0.447843 0.307913
v 0.096353 -0.457702 0.304646
v 0.047557 -0.444504 0.256919
v 0.048459 -0.463678 0.302388
v 0.214660 -0.330382 0.169617
v 0.216264 -0.357678 0.201043
v 0.248799 -0.318571 0.181428
v 0.251237 -0.342955 0.210256
v 0.256819 -0.363558 0.243181
v 0.220143 -0.381043 0.236186
v 0.277536 -0.306643 0.193357
v 0.281452 -0.326544 0.218548
v 0.297094 -0.297093 0.202906
v 0.306643 -0.306643 0.222464
v 0.318572 -0.318571 0.251201
v 0.289744 -0.342955 0.248763
v 0.298957 -0.357678 0.283736
v 0.263814 -0.381043 0.279857
v 0.330383 -0.330382 0.285340
v 0.341238 -0.341238 0.323703
v 0.307977 -0.370396 0.322562
v 0.271075 -0.395543 0.319777
v 0.225363 -0.400675 0.274637
v 0.230990 -0.416772 0.315983
v 0.236090 -0.429533 0.359814
v 0.192087 -0.447843 0.356884
v 0.277455 -0.407192 0.362436
v 0.282544 -0.415781 0.407150
v 0.240256 -0.438822 0.405507
v 0.195354 -0.457702 0.403647
v 0.315690 -0.380791 0.364340
v 0.350300 -0.350300 0.365112
v 0.357220 -0.357220 0.408805
v 0.321703 -0.388580 0.408330
v 0.325625 -0.393480 0.453796
v 0.285926 -0.421102 0.453232
v 0.361651 -0.361651 0.454022
v 0.363244 -0.363244 0.500000
v 0.327062 -0.395208 0.500000
v 0.287192 -0.422945 0.500000
v 0.243081 -0.444504 0.452443
v 0.197612 -0.463678 0.451541
v 0.244158 -0.446444 0.500000
v 0.198489 -0.465695 0.500000
v 0.049361 -0.478610 0.349955
v 0.098187 -0.472419 0.351648
v 0.099776 -0.482954 0.400224
v 0.050151 -0.489290 0.399096
v 0.145940 -0.462151 0.354060
v 0.148352 -0.472419 0.401813
v 0.150045 -0.478610 0.450639
v 0.100904 -0.489290 0.449849
v 0.150712 -0.480686 0.500000
v 0.101353 -0.491408 0.500000
v 0.050714 -0.495707 0.449286
v 0.050940 -0.497849 0.500000
v 0.050714 -0.495707 0.550714
v -0.000000 -0.497849 0.550940
v 0.100904 -0.489290 0.550151
v 0.099776 -0.482954 0.599776
v 0.050151 -0.489290 0.600904
v -0.000000 -0.491408 0.601353
v 0.150045 -0.478610 0.549361
v 0.197612 -0.463678 0.548459
v 0.195354 -0.457702 0.596353
v 0.148352 -0.472419 0.598187
v 0.145940 -0.462151 0.645940
v 0.098187 -0.472419 0.648352
v 0.192087 -0.447843 0.643116
v 0.188184 -0.434175 0.688183
v 0.143116 -0.447843 0.692087
v 0.096353 -0.457702 0.695354
v 0.049361 -0.478610 0.650045
v -0.000000 -0.480686 0.650712
v 0.048459 -0.463678 0.697612
v -0.000000 -0.465695 0.698489
v 0.243081 -0.444504 0.547557
v 0.285926 -0.421102 0.546768
v 0.282543 -0.415781 0.592850
v 0.240256 -0.438822 0.594493
v 0.325625 -0.393480 0.546204
v 0.361651 -0.361651 0.545978
v 0.357220 -0.357220 0.591195
v 0.321703 -0.388580 0.591670
v 0.315690 -0.380791 0.635660
v 0.277455 -0.407192 0.637564
v 0.350300 -0.350300 0.634888
v 0.341238 -0.341238 0.676297
v 0.307977 -0.370396 0.677438
v 0.271075 -0.395543 0.680223
v 0.236090 -0.429533 0.640186
v 0.230990 -0.416772 0.684017
v 0.225363 -0.400675 0.725363
v 0.184017 -0.416772 0.730990
v 0.263814 -0.381043 0.720143
v 0.256819 -0.363558 0.756819
v 0.220143 -0.381043 0.763814
v 0.180223 -0.395543 0.771075
v 0.298957 -0.357678 0.716264
v 0.330383 -0.330382 0.714660
v 0.318572 -0.318571 0.748799
v 0.289744 -0.342955 0.751237
v 0.281452 -0.326544 0.781452
v 0.251237 -0.342955 0.789744
v 0.306643 -0.306643 0.777536
v 0.297093 -0.297093 0.797094
v 0.277536 -0.306643 0.806643
v 0.248799 -0.318571 0.818572
v 0.216264 -0.357678 0.798957
v 0.177438 -0.370396 0.807977
v 0.214660 -0.330382 0.830383
v 0.176297 -0.341238 0.841238
v 0.047557 -0.444504 0.743081
v -0.000000 -0.446444 0.744158
v 0.094493 -0.438822 0.740256
v 0.092850 -0.415781 0.782544
v 0.046768 -0.421102 0.785927
v -0.000000 -0.422945 0.787192
v 0.140186 -0.429533 0.736090
v 0.137564 -0.407192 0.777455
v 0.135660 -0.380791 0.815690
v 0.091670 -0.388580 0.821703
v 0.134888 -0.350300 0.850300
v 0.091195 -0.357220 0.857220
v 0.046204 -0.393480 0.825625
v -0.000000 -0.395208 0.827062
v 0.045978 -0.361651 0.861651
v -0.000000 -0.363244 0.863244
v -0.325625 -0.393480 0.546204
v -0.361651 -0.361651 0.545978
v -0.285926 -0.421102 0.546768
v -0.282544 -0.415781 0.592850
v -0.321703 -0.388580 0.591670
v -0.357220 -0.357220 0.591195
v -0.243081 -0.444504 0.547557
v -0.197612 -0.463678 0.548459
v -0.195354 -0.457702 0.596353
v -0.240256 -0.438822 0.594493
v -0.236090 -0.429533 0.640186
v -0.277455 -0.407192 0.637564
v -0.192087 -0.447843 0.643116
v -0.188184 -0.434175 0.688183
v -0.230990 -0.416772 0.684017
v -0.271075 -0.395543 0.680223
v -0.315690 -0.380791 0.635660
v -0.350300 -0.350300 0.634888
v -0.307977 -0.370396 0.677438
v -0.341238 -0.341238 0.676297
v -0.150045 -0.478610 0.549361
v -0.100904 -0.489290 0.550151
v -0.099776 -0.482954 0.599776
v -0.148352 -0.472419 0.598187
v -0.050714 -0.495707 0.550714
v -0.050151 -0.489290 0.600904
v -0.049361 -0.478610 0.650045
v -0.098187 -0.472419 0.648352
v -0.048459 -0.463678 0.697612
v -0.096353 -0.457702 0.695354
v -0.145940 -0.462151 0.645940
v -0.143116 -0.447843 0.692087
v -0.140186 -0.429533 0.736090
v -0.184017 -0.416772 0.730990
v -0.094493 -0.438822 0.740256
v -0.092850 -0.415781 0.782543
v -0.137564 -0.407192 0.777455
v -0.180223 -0.395543 0.771075
v -0.047557 -0.444504 0.743081
v -0.046768 -0.421102 0.785926
v -0.046204 -0.393480 0.825625
v -0.091670 -0.388580 0.821703
v -0.045978 -0.361651 0.861651
v -0.091195 -0.357220 0.857220
v -0.135660 -0.380791 0.815690
v -0.177438 -0.370396 0.807977
v -0.134888 -0.350300 0.850300
v -0.176297 -0.341238 0.841238
v -0.298957 -0.357678 0.716264
v -0.330383 -0.330382 0.714660
v -0.263814 -0.381043 0.720143
v -0.256819 -0.363558 0.756819
v -0.289744 -0.342955 0.751237
v -0.318572 -0.318571 0.748799
v -0.225363 -0.400675 0.725363
v -0.220143 -0.381043 0.763814
v -0.216264 -0.357678 0.798957
v -0.251237 -0.342955 0.789744
v -0.214660 -0.330382 0.830383
v -0.248799 -0.318571 0.818572
v -0.281452 -0.326544 0.781452
v -0.306643 -0.306643 0.777536
v -0.277536 -0.306643 0.806643
v -0.297094 -0.297093 0.797093
v -0.297094 -0.297093 0.797093
v -0.306643 -0.277536 0.806643
v -0.326544 -0.281451 0.781452
v -0.306643 -0.306643 0.777536
v -0.318572 -0.248798 0.818572
v -0.342955 -0.251236 0.789744
v -0.363558 -0.256819 0.756819
v -0.342955 -0.289744 0.751237
v -0.318572 -0.318571 0.748799
v -0.330383 -0.214660 0.830383
v -0.357678 -0.216264 0.798957
v -0.341238 -0.176297 0.841238
v -0.370396 -0.177438 0.807977
v -0.395543 -0.180223 0.771075
v -0.381043 -0.220143 0.763814
v -0.400675 -0.225363 0.725363
v -0.381043 -0.263814 0.720143
v -0.416772 -0.184017 0.730990
v -0.434175 -0.188184 0.688183
v -0.416772 -0.230990 0.684017
v -0.395543 -0.271075 0.680223
v -0.357678 -0.298957 0.716264
v -0.330383 -0.330382 0.714660
v -0.370396 -0.307977 0.677438
v -0.341238 -0.341238 0.676297
v -0.350300 -0.134889 0.850300
v -0.380791 -0.135661 0.815690
v -0.357220 -0.091195 0.857220
v -0.388580 -0.091670 0.821703
v -0.415781 -0.092851 0.782544
v -0.407192 -0.137564 0.777455
v -0.361651 -0.045979 0.861651
v -0.393480 -0.046204 0.825625
v -0.363244 0.000000 0.863244
v -0.395208 -0.000000 0.827062
v -0.422945 0.000000 0.787192
v -0.421102 -0.046768 0.785926
v -0.444505 -0.047557 0.743081
v -0.438823 -0.094493 0.740256
v -0.446444 -0.000000 0.744158
v -0.465695 -0.000000 0.698489
v -0.463678 -0.048459 0.697612
v -0.457702 -0.096353 0.695354
v -0.429533 -0.140187 0.736090
v -0.447843 -0.143116 0.692087
v -0.462151 -0.145941 0.645940
v -0.447843 -0.192087 0.643116
v -0.472419 -0.098186 0.648352
v -0.482954 -0.099776 0.599776
v -0.472419 -0.148353 0.598187
v -0.457702 -0.195354 0.596353
v -0.478610 -0.049361 0.650045
v -0.480686 0.000000 0.650712
v -0.491408 -0.000000 0.601353
v -0.489290 -0.050150 0.600904
v -0.495707 -0.050715 0.550714
v -0.489290 -0.100905 0.550151
v -0.497849 0.000000 0.550940
v -0.500000 0.000000 0.500000
v -0.497849 -0.050940 0.500000
v -0.491408 -0.101353 0.500000
v -0.478610 -0.150045 0.549361
v -0.463678 -0.197612 0.548459
v -0.480686 -0.150712 0.500000
v -0.465695 -0.198489 0.500000
v -0.380791 -0.315690 0.635660
v -0.350300 -0.350300 0.634888
v -0.407192 -0.277455 0.637564
v -0.415782 -0.282543 0.592850
v -0.388580 -0.321703 0.591670
v -0.357220 -0.357220 0.591195
v -0.429533 -0.236090 0.640186
v -0.438823 -0.240256 0.594493
v -0.444505 -0.243081 0.547557
v -0.421102 -0.285926 0.546768
v -0.446444 -0.244158 0.500000
v -0.422945 -0.287192 0.500000
v -0.393480 -0.325625 0.546204
v -0.361651 -0.361651 0.545978
v -0.395208 -0.327063 0.500000
v -0.363244 -0.363244 0.500000
v -0.361651 0.045979 0.861651
v -0.393480 0.046204 0.825625
v -0.357220 0.091195 0.857220
v -0.388580 0.091670 0.821703
v -0.415781 0.092851 0.782544
v -0.421102 0.046768 0.785926
v -0.350300 0.134889 0.850300
v -0.380791 0.135661 0.815690
v -0.341238 0.176297 0.841238
v -0.370396 0.177438 0.807977
v -0.395543 0.180223 0.771075
v -0.407192 0.137564 0.777455
v -0.429533 0.140186 0.736090
v -0.438823 0.094493 0.740256
v -0.416772 0.184017 0.730990
v -0.434175 0.188184 0.688183
v -0.447843 0.143116 0.692087
v -0.457702 0.096353 0.695354
v -0.444505 0.047557 0.743081
v -0.463678 0.048459 0.697612
v -0.330383 0.214660 0.830383
v -0.357678 0.216264 0.798957
v -0.318572 0.248799 0.818572
v -0.342955 0.251237 0.789744
v -0.363558 0.256819 0.756819
v -0.381043 0.220143 0.763814
v -0.306643 0.277536 0.806643
v -0.326544 0.281452 0.781452
v -0.297094 0.297093 0.797094
v -0.306643 0.306643 0.777536
v -0.318572 0.318572 0.748799
v -0.342955 0.289744 0.751237
v -0.357678 0.298957 0.716264
v -0.381043 0.263814 0.720143
v -0.330383 0.330382 0.714660
v -0.341238 0.341238 0.676297
v -0.370396 0.307977 0.677438
v -0.395543 0.271075 0.680223
v -0.400675 0.225363 0.725363
v -0.416772 0.230990 0.684017
v -0.429533 0.236090 0.640186
v -0.447843 0.192087 0.643116
v -0.407192 0.277455 0.637564
v -0.415782 0.282543 0.592850
v -0.438823 0.240256 0.594493
v -0.457702 0.195354 0.596353
v -0.380791 0.315690 0.635660
v -0.350300 0.350299 0.634888
v -0.357220 0.357220 0.591195
v -0.388580 0.321703 0.591670
v -0.393480 0.325625 0.546204
v -0.421102 0.285926 0.546768
v -0.361651 0.361651 0.545978
v -0.363244 0.363244 0.500000
v -0.395208 0.327063 0.500000
v -0.422945 0.287192 0.500000
v -0.444505 0.243081 0.547557
v -0.463678 0.197612 0.548459
v -0.446444 0.244158 0.500000
v -0.465695 0.198489 0.500000
v -0.478610 0.049361 0.650045
v -0.472419 0.098186 0.648352
v -0.482954 0.099776 0.599776
v -0.489290 0.050150 0.600904
v -0.462151 0.145941 0.645940
v -0.472419 0.148353 0.598187
v -0.478610 0.150045 0.549361
v -0.489290 0.100905 0.550151
v -0.480686 0.150712 0.500000
v -0.491408 0.101353 0.500000
v -0.495707 0.050715 0.550714
v -0.497849 0.050940 0.500000
v -0.495707 0.050715 0.449286
v -0.497849 -0.000000 0.449060
v -0.489290 0.100905 0.449849
v -0.482954 0.099776 0.400224
v -0.489290 0.050150 0.399096
v -0.491408 -0.000000 0.398647
v -0.478610 0.150045 0.450639
v -0.463678 0.197612 0.451541
v -0.457702 0.195354 0.403647
v -0.472419 0.148353 0.401813
v -0.462151 0.145941 0.354060
v -0.472419 0.098186 0.351648
v -0.447843 0.192087 0.356884
v -0.434175 0.188184 0.311816
v -0.447843 0.143116 0.307913
v -0.457702 0.096353 0.304646
v -0.478610 0.049361 0.349955
v -0.480686 -0.000000 0.349288
v -0.463678 0.048459 0.302388
v -0.465695 0.000000 0.301511
v -0.444505 0.243081 0.452443
v -0.421102 0.285927 0.453232
v -0.415782 0.282543 0.407150
v -0.438823 0.240256 0.405507
v -0.393480 0.325625 0.453796
v -0.361651 0.361651 0.454022
v -0.357220 0.357220 0.408805
v -0.388580 0.321703 0.408330
v -0.380791 0.315690 0.364340
v -0.407192 0.277455 0.362436
v -0.350300 0.350299 0.365112
v -0.341238 0.341238 0.323703
v -0.370396 0.307977 0.322562
v -0.395543 0.271075 0.319777
v -0.429533 0.236090 0.359814
v -0.416772 0.230990 0.315983
v -0.400675 0.225363 0.274637
v -0.416772 0.184017 0.269010
v -0.381043 0.263814 0.279857
v -0.363558 0.256819 0.243181
v -0.381043 0.220143 0.236186
v -0.395543 0.180223 0.228925
v -0.357678 0.298957 0.283736
v -0.330383 0.330382 0.285340
v -0.318572 0.318571 0.251201
v -0.342955 0.289744 0.248763
v -0.326544 0.281452 0.218548
v -0.342955 0.251237 0.210256
v -0.306643 0.306643 0.222464
v -0.297094 0.297093 0.202906
v -0.306643 0.277536 0.193357
v -0.318572 0.248799 0.181428
v -0.357678 0.216264 0.201043
v -0.370396 0.177438 0.192022
v -0.330383 0.214660 0.169617
v -0.341238 0.176297 0.158762
v -0.444505 0.047557 0.256919
v -0.446444 -0.000000 0.255842
v -0.438823 0.094493 0.259744
v -0.415782 0.092851 0.217456
v -0.421102 0.046768 0.214073
v -0.422945 0.000000 0.212808
v -0.429533 0.140186 0.263910
v -0.407192 0.137564 0.222545
v -0.380791 0.135661 0.184310
v -0.388580 0.091670 0.178297
v -0.350300 0.134889 0.149700
v -0.357220 0.091195 0.142780
v -0.393480 0.046204 0.174375
v -0.395208 0.000000 0.172938
v -0.361651 0.045979 0.138349
v -0.363244 0.000000 0.136756
v -0.393480 -0.325625 0.453796
v -0.361651 -0.361651 0.454022
v -0.421102 -0.285926 0.453232
v -0.415782 -0.282543 0.407150
v -0.388580 -0.321703 0.408330
v -0.357220 -0.357220 0.408805
v -0.444505 -0.243081 0.452443
v -0.463678 -0.197612 0.451541
v -0.457702 -0.195354 0.403647
v -0.438823 -0.240256 0.405507
v -0.429533 -0.236090 0.359814
v -0.407192 -0.277455 0.362436
v -0.447843 -0.192087 0.356884
v -0.434175 -0.188184 0.311816
v -0.416772 -0.230990 0.315983
v -0.395543 -0.271075 0.319777
v -0.380791 -0.315690 0.364340
v -0.350300 -0.350300 0.365112
v -0.370396 -0.307977 0.322562
v -0.341238 -0.341238 0.323703
v -0.478610 -0.150045 0.450639
v -0.489290 -0.100905 0.449849
v -0.482954 -0.099776 0.400224
v -0.472419 -0.148353 0.401813
v -0.495707 -0.050715 0.449286
v -0.489290 -0.050150 0.399096
v -0.478610 -0.049361 0.349955
v -0.472419 -0.098186 0.351648
v -0.463678 -0.048459 0.302388
v -0.457702 -0.096353 0.304646
v -0.462151 -0.145941 0.354060
v -0.447843 -0.143116 0.307913
v -0.429533 -0.140187 0.263910
v -0.416772 -0.184017 0.269010
v -0.438823 -0.094493 0.259744
v -0.415782 -0.092851 0.217456
v -0.407192 -0.137564 0.222545
v -0.395543 -0.180223 0.228925
v -0.444505 -0.047557 0.256919
v -0.421102 -0.046768 0.214074
v -0.393480 -0.046204 0.174375
v -0.388580 -0.091670 0.178297
v -0.361651 -0.045979 0.138349
v -0.357220 -0.091195 0.142780
v -0.380791 -0.135661 0.184310
v -0.370396 -0.177438 0.192023
v -0.350300 -0.134889 0.149700
v -0.341238 -0.176297 0.158762
v -0.357678 -0.298957 0.283736
v -0.330383 -0.330382 0.285340
v -0.381043 -0.263814 0.279857
v -0.363558 -0.256819 0.243181
v -0.342955 -0.289744 0.248763
v -0.318572 -0.318571 0.251201
v -0.400675 -0.225363 0.274637
v -0.381043 -0.220143 0.236186
v -0.357678 -0.216264 0.201043
v -0.342955 -0.251236 0.210256
v -0.330383 -0.214660 0.169617
v -0.318572 -0.248798 0.181428
v -0.326544 -0.281451 0.218548
v -0.306643 -0.306643 0.222464
v -0.306643 -0.277536 0.193357
v -0.297093 -0.297093 0.202906
vn 0.5774 -0.5773 -0.5773
vn 0.6011 -0.5266 -0.6011
vn 0.6490 -0.5380 -0.5380
vn 0.6011 -0.6011 -0.5266
vn 0.6252 -0.4672 -0.6252
vn 0.6836 -0.4722 -0.5565
vn 0.7298 -0.4834 -0.4834
vn 0.6835 -0.5565 -0.4723
vn 0.6252 -0.6252 -0.4672
vn 0.6476 -0.4017 -0.6475
vn 0.7127 -0.4040 -0.5735
vn 0.6673 -0.3307 -0.6673
vn 0.7375 -0.3315 -0.5884
vn 0.7953 -0.3337 -0.5062
vn 0.7660 -0.4095 -0.4955
vn 0.8082 -0.4164 -0.4164
vn 0.7660 -0.4955 -0.4095
vn 0.8413 -0.3367 -0.4229
vn 0.8769 -0.3399 -0.3399
vn 0.8413 -0.4229 -0.3367
vn 0.7953 -0.5062 -0.3337
vn 0.7127 -0.5735 -0.4040
vn 0.6476 -0.6475 -0.4017
vn 0.7375 -0.5884 -0.3316
vn 0.6673 -0.6673 -0.3307
vn 0.6837 -0.2551 -0.6837
vn 0.7578 -0.2553 -0.6005
vn 0.6960 -0.1765 -0.6960
vn 0.7728 -0.1765 -0.6096
vn 0.8355 -0.1757 -0.5207
vn 0.8184 -0.2558 -0.5145
vn 0.7041 -0.0923 -0.7041
vn 0.7829 -0.0919 -0.6153
vn 0.7071 -0.0000 -0.7071
vn 0.7864 -0.0001 -0.6177
vn 0.8505 -0.0001 -0.5259
vn 0.8464 -0.0913 -0.5247
vn 0.8966 -0.0898 -0.4336
vn 0.8849 -0.1749 -0.4317
vn 0.9006 -0.0002 -0.4347
vn 0.9389 -0.0000 -0.3442
vn 0.9348 -0.0884 -0.3440
vn 0.9229 -0.1738 -0.3437
vn 0.8666 -0.2565 -0.4281
vn 0.9037 -0.2573 -0.3424
vn 0.9314 -0.2573 -0.2573
vn 0.9037 -0.3423 -0.2572
vn 0.9509 -0.1725 -0.2569
vn 0.9703 -0.1711 -0.1711
vn 0.9509 -0.2569 -0.1724
vn 0.9228 -0.3437 -0.1738
vn 0.9627 -0.0870 -0.2563
vn 0.9666 -0.0002 -0.2564
vn 0.9855 -0.0002 -0.1699
vn 0.9817 -0.0857 -0.1700
vn 0.9928 -0.0848 -0.0848
vn 0.9816 -0.1704 -0.0860
vn 0.9964 -0.0001 -0.0847
vn 1.0000 -0.0000 -0.0000
vn 0.9964 -0.0847 -0.0001
vn 0.9855 -0.1699 -0.0002
vn 0.9627 -0.2563 -0.0870
vn 0.9348 -0.3439 -0.0883
vn 0.9667 -0.2559 0.0001
vn 0.9389 -0.3441 -0.0000
vn 0.7578 -0.6005 -0.2554
vn 0.6837 -0.6837 -0.2551
vn 0.8184 -0.5145 -0.2558
vn 0.8355 -0.5207 -0.1757
vn 0.7730 -0.6095 -0.1763
vn 0.6960 -0.6960 -0.1765
vn 0.8666 -0.4281 -0.2566
vn 0.8849 -0.4317 -0.1748
vn 0.8966 -0.4336 -0.0899
vn 0.8465 -0.5245 -0.0912
vn 0.9006 -0.4347 -0.0002
vn 0.8506 -0.5259 -0.0001
vn 0.7826 -0.6156 -0.0925
vn 0.7041 -0.7041 -0.0923
vn 0.7864 -0.6177 -0.0001
vn 0.7071 -0.7071 -0.0000
vn 0.7041 0.0923 -0.7041
vn 0.7828 0.0921 -0.6154
vn 0.6960 0.1765 -0.6960
vn 0.7729 0.1763 -0.6095
vn 0.8355 0.1757 -0.5207
vn 0.8466 0.0911 -0.5245
vn 0.6837 0.2551 -0.6837
vn 0.7578 0.2553 -0.6005
vn 0.6673 0.3307 -0.6673
vn 0.7375 0.3316 -0.5884
vn 0.7953 0.3337 -0.5062
vn 0.8184 0.2558 -0.5145
vn 0.8666 0.2566 -0.4281
vn 0.8849 0.1748 -0.4317
vn 0.8412 0.3368 -0.4229
vn 0.8769 0.3399 -0.3399
vn 0.9037 0.2573 -0.3424
vn 0.9229 0.1738 -0.3436
vn 0.8966 0.0899 -0.4337
vn 0.9348 0.0884 -0.3439
vn 0.6475 0.4017 -0.6475
vn 0.7127 0.4040 -0.5735
vn 0.6252 0.4672 -0.6252
vn 0.6836 0.4723 -0.5565
vn 0.7298 0.4834 -0.4834
vn 0.7660 0.4096 -0.4955
vn 0.6011 0.5266 -0.6011
vn 0.6490 0.5380 -0.5380
vn 0.5774 0.5773 -0.5773
vn 0.6011 0.6011 -0.5266
vn 0.6252 0.6252 -0.4672
vn 0.6836 0.5565 -0.4723
vn 0.7127 0.5735 -0.4040
vn 0.7660 0.4955 -0.4096
vn 0.6475 0.6475 -0.4017
vn 0.6673 0.6673 -0.3307
vn 0.7375 0.5884 -0.3316
vn 0.7953 0.5062 -0.3337
vn 0.8082 0.4164 -0.4164
vn 0.8413 0.4229 -0.3367
vn 0.8665 0.4281 -0.2566
vn 0.9037 0.3424 -0.2573
vn 0.8184 0.5146 -0.2559
vn 0.8355 0.5206 -0.1756
vn 0.8849 0.4316 -0.1748
vn 0.9229 0.3437 -0.1738
vn 0.7578 0.6005 -0.2554
vn 0.6837 0.6837 -0.2551
vn 0.6960 0.6960 -0.1765
vn 0.7729 0.6095 -0.1763
vn 0.7829 0.6153 -0.0920
vn 0.8465 0.5245 -0.0911
vn 0.7041 0.7041 -0.0923
vn 0.7071 0.7071 -0.0000
vn 0.7866 0.6175 -0.0000
vn 0.8504 0.5262 0.0002
vn 0.8966 0.4336 -0.0898
vn 0.9348 0.3440 -0.0884
vn 0.9008 0.4342 -0.0000
vn 0.9390 0.3440 -0.0001
vn 0.9626 0.0870 -0.2564
vn 0.9509 0.1726 -0.2570
vn 0.9703 0.1711 -0.1711
vn 0.9817 0.0857 -0.1700
vn 0.9314 0.2573 -0.2573
vn 0.9509 0.2568 -0.1724
vn 0.9626 0.2564 -0.0870
vn 0.9816 0.1703 -0.0858
vn 0.9666 0.2564 0.0002
vn 0.9855 0.1699 0.0002
vn 0.9928 0.0849 -0.0849
vn 0.9964 0.0844 -0.0001
vn 0.9927 0.0851 0.0851
vn 0.9964 0.0001 0.0847
vn 0.9817 0.1699 0.0857
vn 0.9702 0.1712 0.1712
vn 0.9817 0.0858 0.1701
vn 0.9855 0.0002 0.1699
vn 0.9627 0.2563 0.0870
vn 0.9348 0.3440 0.0883
vn 0.9228 0.3437 0.1738
vn 0.9509 0.2569 0.1724
vn 0.9315 0.2573 0.2573
vn 0.9509 0.1725 0.2570
vn 0.9037 0.3423 0.2572
vn 0.8769 0.3399 0.3399
vn 0.9037 0.2573 0.3424
vn 0.9229 0.1738 0.3437
vn 0.9627 0.0870 0.2564
vn 0.9666 0.0002 0.2564
vn 0.9348 0.0884 0.3440
vn 0.9389 -0.0000 0.3442
vn 0.8967 0.4335 0.0898
vn 0.8465 0.5245 0.0912
vn 0.8355 0.5207 0.1757
vn 0.8849 0.4316 0.1748
vn 0.7828 0.6154 0.0921
vn 0.7041 0.7041 0.0923
vn 0.6960 0.6960 0.1765
vn 0.7729 0.6095 0.1764
vn 0.7578 0.6005 0.2553
vn 0.8183 0.5146 0.2559
vn 0.6837 0.6837 0.2551
vn 0.6673 0.6673 0.3307
vn 0.7375 0.5884 0.3315
vn 0.7953 0.5062 0.3337
vn 0.8666 0.4281 0.2565
vn 0.8412 0.4230 0.3368
vn 0.8082 0.4164 0.4164
vn 0.8413 0.3368 0.4229
vn 0.7660 0.4955 0.4095
vn 0.7298 0.4834 0.4834
vn 0.7660 0.4096 0.4955
vn 0.7953 0.3337 0.5062
vn 0.7126 0.5735 0.4041
vn 0.6476 0.6475 0.4017
vn 0.6252 0.6252 0.4672
vn 0.6836 0.5565 0.4722
vn 0.6489 0.5380 0.5380
vn 0.6836 0.4722 0.5565
vn 0.6011 0.6011 0.5266
vn 0.5774 0.5773 0.5773
vn 0.6011 0.5266 0.6011
vn 0.6252 0.4672 0.6252
vn 0.7127 0.4040 0.5735
vn 0.7375 0.3315 0.5884
vn 0.6476 0.4017 0.6475
vn 0.6673 0.3307 0.6673
vn 0.8966 0.0899 0.4336
vn 0.9008 -0.0000 0.4343
vn 0.8849 0.1748 0.4317
vn 0.8354 0.1758 0.5208
vn 0.8466 0.0911 0.5244
vn 0.8505 0.0001 0.5259
vn 0.8666 0.2565 0.4281
vn 0.8184 0.2558 0.5145
vn 0.7578 0.2553 0.6004
vn 0.7729 0.1764 0.6095
vn 0.6837 0.2551 0.6837
vn 0.6960 0.1765 0.6960
vn 0.7829 0.0919 0.6153
vn 0.7864 0.0001 0.6177
vn 0.7041 0.0923 0.7041
vn 0.7071 -0.0000 0.7071
vn 0.7829 -0.6153 0.0920
vn 0.7041 -0.7041 0.0923
vn 0.8467 -0.5243 0.0910
vn 0.8354 -0.5207 0.1757
vn 0.7729 -0.6095 0.1763
vn 0.6960 -0.6960 0.1765
vn 0.8966 -0.4336 0.0898
vn 0.9348 -0.3440 0.0884
vn 0.9229 -0.3436 0.1738
vn 0.8849 -0.4317 0.1749
vn 0.8666 -0.4281 0.2566
vn 0.8184 -0.5146 0.2558
vn 0.9037 -0.3423 0.2572
vn 0.8769 -0.3399 0.3399
vn 0.8413 -0.4229 0.3367
vn 0.7953 -0.5062 0.3337
vn 0.7578 -0.6005 0.2554
vn 0.6837 -0.6837 0.2551
vn 0.7375 -0.5884 0.3316
vn 0.6673 -0.6673 0.3307
vn 0.9626 -0.2564 0.0870
vn 0.9817 -0.1700 0.0857
vn 0.9702 -0.1712 0.1712
vn 0.9509 -0.2568 0.1724
vn 0.9928 -0.0849 0.0849
vn 0.9817 -0.0857 0.1699
vn 0.9627 -0.0869 0.2562
vn 0.9509 -0.1725 0.2569
vn 0.9347 -0.0884 0.3442
vn 0.9229 -0.1737 0.3436
vn 0.9315 -0.2573 0.2573
vn 0.9037 -0.2572 0.3423
vn 0.8666 -0.2566 0.4281
vn 0.8412 -0.3368 0.4229
vn 0.8849 -0.1749 0.4317
vn 0.8354 -0.1757 0.5207
vn 0.8184 -0.2558 0.5145
vn 0.7953 -0.3337 0.5061
vn 0.8966 -0.0898 0.4335
vn 0.8466 -0.0911 0.5245
vn 0.7828 -0.0921 0.6154
vn 0.7729 -0.1763 0.6095
vn 0.7041 -0.0923 0.7041
vn 0.6960 -0.1765 0.6960
vn 0.7578 -0.2553 0.6005
vn 0.7375 -0.3316 0.5884
vn 0.6837 -0.2551 0.6837
vn 0.6673 -0.3307 0.6673
vn 0.7127 -0.5735 0.4040
vn 0.6475 -0.6475 0.4017
vn 0.7660 -0.4955 0.4095
vn 0.7298 -0.4834 0.4834
vn 0.6836 -0.5565 0.4723
vn 0.6252 -0.6252 0.4672
vn 0.8082 -0.4164 0.4164
vn 0.7660 -0.4096 0.4955
vn 0.7126 -0.4041 0.5735
vn 0.6836 -0.4723 0.5565
vn 0.6475 -0.4017 0.6475
vn 0.6252 -0.4672 0.6252
vn 0.6490 -0.5380 0.5380
vn 0.6011 -0.6011 0.5266
vn 0.6011 -0.5266 0.6011
vn 0.5774 -0.5773 0.5773
vn 0.5773 -0.5773 0.5774
vn 0.5380 -0.5380 0.6490
vn 0.5266 -0.6011 0.6011
vn 0.5565 -0.4722 0.6836
vn 0.4834 -0.4834 0.7298
vn 0.4722 -0.5565 0.6836
vn 0.4672 -0.6252 0.6252
vn 0.6475 -0.4017 0.6476
vn 0.5735 -0.4040 0.7127
vn 0.5884 -0.3316 0.7375
vn 0.5062 -0.3337 0.7953
vn 0.4955 -0.4095 0.7660
vn 0.4164 -0.4164 0.8082
vn 0.4095 -0.4955 0.7660
vn 0.4229 -0.3368 0.8413
vn 0.3399 -0.3399 0.8769
vn 0.3368 -0.4229 0.8413
vn 0.3337 -0.5062 0.7953
vn 0.4040 -0.5735 0.7127
vn 0.4017 -0.6475 0.6476
vn 0.3315 -0.5884 0.7375
vn 0.3307 -0.6673 0.6673
vn 0.6005 -0.2554 0.7578
vn 0.6095 -0.1764 0.7729
vn 0.5207 -0.1757 0.8355
vn 0.5145 -0.2558 0.8184
vn 0.6154 -0.0921 0.7828
vn 0.6177 -0.0001 0.7864
vn 0.5258 -0.0000 0.8506
vn 0.5244 -0.0910 0.8466
vn 0.4336 -0.0899 0.8966
vn 0.4317 -0.1748 0.8849
vn 0.4343 -0.0000 0.9008
vn 0.3446 -0.0002 0.9388
vn 0.3441 -0.0884 0.9348
vn 0.3436 -0.1737 0.9229
vn 0.4281 -0.2566 0.8666
vn 0.3423 -0.2572 0.9037
vn 0.2573 -0.2573 0.9314
vn 0.2572 -0.3423 0.9037
vn 0.2569 -0.1724 0.9509
vn 0.1710 -0.1710 0.9703
vn 0.1724 -0.2568 0.9510
vn 0.1737 -0.3436 0.9229
vn 0.2565 -0.0871 0.9626
vn 0.2561 -0.0000 0.9667
vn 0.1696 -0.0000 0.9855
vn 0.1701 -0.0858 0.9817
vn 0.0851 -0.0851 0.9927
vn 0.0857 -0.1699 0.9817
vn 0.0847 -0.0001 0.9964
vn -0.0000 -0.0000 1.0000
vn 0.0001 -0.0847 0.9964
vn -0.0000 -0.1696 0.9855
vn 0.0870 -0.2563 0.9627
vn 0.0885 -0.3442 0.9347
vn -0.0000 -0.2561 0.9667
vn -0.0000 -0.3442 0.9389
vn 0.2553 -0.6005 0.7578
vn 0.2551 -0.6837 0.6837
vn 0.2559 -0.5146 0.8184
vn 0.1756 -0.5207 0.8355
vn 0.1764 -0.6095 0.7729
vn 0.1765 -0.6960 0.6960
vn 0.2565 -0.4281 0.8666
vn 0.1749 -0.4317 0.8849
vn 0.0898 -0.4336 0.8966
vn 0.0912 -0.5245 0.8465
vn -0.0000 -0.4343 0.9008
vn 0.0002 -0.5262 0.8504
vn 0.0925 -0.6156 0.7826
vn 0.0923 -0.7041 0.7041
vn 0.0001 -0.6177 0.7864
vn -0.0000 -0.7071 0.7071
vn 0.6154 0.0921 0.7828
vn 0.6095 0.1763 0.7729
vn 0.5207 0.1757 0.8355
vn 0.5245 0.0911 0.8466
vn 0.6005 0.2553 0.7578
vn 0.5884 0.3316 0.7375
vn 0.5061 0.3336 0.7953
vn 0.5145 0.2558 0.8184
vn 0.4281 0.2566 0.8666
vn 0.4316 0.1748 0.8849
vn 0.4229 0.3367 0.8413
vn 0.3399 0.3399 0.8769
vn 0.3423 0.2572 0.9037
vn 0.3437 0.1738 0.9228
vn 0.4336 0.0898 0.8966
vn 0.3439 0.0884 0.9348
vn 0.6475 0.4017 0.6475
vn 0.5735 0.4040 0.7127
vn 0.5565 0.4723 0.6836
vn 0.4834 0.4834 0.7298
vn 0.4955 0.4096 0.7660
vn 0.5380 0.5380 0.6489
vn 0.5773 0.5773 0.5774
vn 0.5266 0.6011 0.6011
vn 0.4672 0.6252 0.6252
vn 0.4723 0.5565 0.6836
vn 0.4040 0.5735 0.7127
vn 0.4095 0.4955 0.7660
vn 0.4017 0.6475 0.6475
vn 0.3307 0.6673 0.6673
vn 0.3316 0.5884 0.7375
vn 0.3337 0.5062 0.7953
vn 0.4164 0.4164 0.8082
vn 0.3367 0.4229 0.8413
vn 0.2566 0.4281 0.8666
vn 0.2572 0.3423 0.9037
vn 0.2558 0.5145 0.8184
vn 0.1757 0.5207 0.8355
vn 0.1749 0.4318 0.8849
vn 0.1737 0.3436 0.9229
vn 0.2553 0.6005 0.7578
vn 0.2551 0.6837 0.6837
vn 0.1765 0.6960 0.6960
vn 0.1763 0.6095 0.7729
vn 0.0921 0.6154 0.7828
vn 0.0911 0.5244 0.8466
vn 0.0923 0.7041 0.7041
vn -0.0000 0.7071 0.7071
vn -0.0001 0.6177 0.7864
vn -0.0000 0.5258 0.8506
vn 0.0898 0.4336 0.8966
vn 0.0884 0.3442 0.9347
vn -0.0000 0.4343 0.9008
vn -0.0001 0.3443 0.9389
vn 0.2567 0.0871 0.9626
vn 0.2569 0.1725 0.9509
vn 0.1711 0.1711 0.9703
vn 0.1703 0.0858 0.9816
vn 0.2573 0.2573 0.9315
vn 0.1726 0.2570 0.9509
vn 0.0870 0.2563 0.9627
vn 0.0858 0.1703 0.9816
vn -0.0002 0.2564 0.9666
vn -0.0002 0.1699 0.9855
vn 0.0847 0.0847 0.9928
vn -0.0001 0.0847 0.9964
vn -0.0848 0.0848 0.9928
vn -0.0847 0.0001 0.9964
vn -0.0858 0.1701 0.9817
vn -0.1713 0.1713 0.9702
vn -0.1700 0.0857 0.9817
vn -0.1696 -0.0000 0.9855
vn -0.0870 0.2564 0.9627
vn -0.0885 0.3442 0.9347
vn -0.1737 0.3436 0.9229
vn -0.1725 0.2570 0.9509
vn -0.2573 0.2573 0.9314
vn -0.2568 0.1724 0.9510
vn -0.2572 0.3423 0.9037
vn -0.3399 0.3399 0.8769
vn -0.3422 0.2571 0.9038
vn -0.3436 0.1737 0.9229
vn -0.2564 0.0870 0.9627
vn -0.2561 -0.0000 0.9667
vn -0.3442 0.0885 0.9347
vn -0.3442 -0.0000 0.9389
vn -0.0898 0.4335 0.8967
vn -0.0912 0.5245 0.8465
vn -0.1757 0.5207 0.8355
vn -0.1749 0.4317 0.8849
vn -0.0925 0.6156 0.7826
vn -0.0923 0.7041 0.7041
vn -0.1765 0.6960 0.6960
vn -0.1764 0.6095 0.7729
vn -0.2553 0.6005 0.7578
vn -0.2559 0.5146 0.8184
vn -0.2551 0.6837 0.6837
vn -0.3307 0.6673 0.6673
vn -0.3315 0.5884 0.7375
vn -0.3337 0.5062 0.7953
vn -0.2566 0.4281 0.8665
vn -0.3368 0.4229 0.8413
vn -0.4163 0.4163 0.8083
vn -0.4229 0.3368 0.8413
vn -0.4095 0.4955 0.7660
vn -0.4834 0.4834 0.7298
vn -0.4955 0.4095 0.7660
vn -0.5062 0.3337 0.7953
vn -0.4040 0.5735 0.7127
vn -0.4017 0.6475 0.6476
vn -0.4672 0.6252 0.6252
vn -0.4722 0.5565 0.6836
vn -0.5380 0.5380 0.6490
vn -0.5565 0.4722 0.6836
vn -0.5266 0.6011 0.6011
vn -0.5773 0.5773 0.5774
vn -0.6011 0.5266 0.6011
vn -0.6252 0.4672 0.6252
vn -0.5735 0.4040 0.7127
vn -0.5884 0.3315 0.7375
vn -0.6475 0.4017 0.6476
vn -0.6673 0.3307 0.6673
vn -0.4336 0.0899 0.8966
vn -0.4342 -0.0000 0.9008
vn -0.4317 0.1748 0.8849
vn -0.5207 0.1756 0.8355
vn -0.5244 0.0911 0.8466
vn -0.5258 -0.0000 0.8506
vn -0.4281 0.2566 0.8665
vn -0.5145 0.2558 0.8184
vn -0.6004 0.2553 0.7578
vn -0.6095 0.1763 0.7730
vn -0.6837 0.2551 0.6837
vn -0.6960 0.1765 0.6960
vn -0.6154 0.0921 0.7828
vn -0.6177 0.0001 0.7864
vn -0.7041 0.0923 0.7041
vn -0.7071 -0.0000 0.7071
vn -0.0922 -0.6155 0.7827
vn -0.0923 -0.7041 0.7041
vn -0.0911 -0.5245 0.8466
vn -0.1757 -0.5207 0.8354
vn -0.1763 -0.6095 0.7729
vn -0.1765 -0.6960 0.6960
vn -0.0898 -0.4336 0.8966
vn -0.0884 -0.3441 0.9348
vn -0.1738 -0.3436 0.9229
vn -0.1749 -0.4317 0.8849
vn -0.2565 -0.4280 0.8666
vn -0.2558 -0.5145 0.8184
vn -0.2573 -0.3424 0.9036
vn -0.3399 -0.3399 0.8769
vn -0.3367 -0.4229 0.8413
vn -0.3337 -0.5062 0.7953
vn -0.2553 -0.6005 0.7578
vn -0.2551 -0.6837 0.6837
vn -0.3316 -0.5884 0.7375
vn -0.3307 -0.6673 0.6673
vn -0.0871 -0.2567 0.9626
vn -0.0857 -0.1700 0.9817
vn -0.1711 -0.1711 0.9703
vn -0.1725 -0.2570 0.9509
vn -0.0849 -0.0849 0.9928
vn -0.1700 -0.0857 0.9817
vn -0.2567 -0.0871 0.9626
vn -0.2569 -0.1724 0.9509
vn -0.3442 -0.0884 0.9347
vn -0.3436 -0.1738 0.9229
vn -0.2574 -0.2574 0.9314
vn -0.3424 -0.2573 0.9037
vn -0.4281 -0.2566 0.8666
vn -0.4229 -0.3367 0.8413
vn -0.4316 -0.1748 0.8849
vn -0.5207 -0.1757 0.8354
vn -0.5145 -0.2558 0.8184
vn -0.5062 -0.3337 0.7953
vn -0.4335 -0.0898 0.8966
vn -0.5245 -0.0911 0.8466
vn -0.6154 -0.0921 0.7828
vn -0.6095 -0.1763 0.7729
vn -0.7041 -0.0923 0.7041
vn -0.6960 -0.1765 0.6960
vn -0.6005 -0.2553 0.7578
vn -0.5884 -0.3316 0.7375
vn -0.6837 -0.2551 0.6837
vn -0.6673 -0.3307 0.6673
vn -0.4040 -0.5735 0.7127
vn -0.4017 -0.6475 0.6475
vn -0.4095 -0.4955 0.7660
vn -0.4834 -0.4834 0.7298
vn -0.4723 -0.5565 0.6836
vn -0.4672 -0.6252 0.6252
vn -0.4164 -0.4164 0.8082
vn -0.4955 -0.4095 0.7660
vn -0.5735 -0.4040 0.7127
vn -0.5565 -0.4723 0.6836
vn -0.6475 -0.4017 0.6475
vn -0.6252 -0.4672 0.6252
vn -0.5380 -0.5380 0.6489
vn -0.5266 -0.6011 0.6011
vn -0.6011 -0.5266 0.6011
vn -0.5773 -0.5773 0.5774
vn -0.5773 -0.5773 -0.5774
vn -0.6011 -0.5266 -0.6011
vn -0.5380 -0.5380 -0.6490
vn -0.5266 -0.6011 -0.6011
vn -0.6252 -0.4672 -0.6252
vn -0.5565 -0.4722 -0.6836
vn -0.4834 -0.4834 -0.7298
vn -0.4722 -0.5565 -0.6836
vn -0.4672 -0.6252 -0.6252
vn -0.6475 -0.4017 -0.6476
vn -0.5735 -0.4040 -0.7127
vn -0.6673 -0.3307 -0.6673
vn -0.5884 -0.3316 -0.7375
vn -0.5061 -0.3336 -0.7953
vn -0.4955 -0.4096 -0.7660
vn -0.4164 -0.4164 -0.8082
vn -0.4095 -0.4955 -0.7660
vn -0.4229 -0.3367 -0.8413
vn -0.3400 -0.3400 -0.8768
vn -0.3368 -0.4229 -0.8413
vn -0.3337 -0.5062 -0.7953
vn -0.4040 -0.5735 -0.7127
vn -0.4017 -0.6475 -0.6476
vn -0.3315 -0.5884 -0.7375
vn -0.3307 -0.6673 -0.6673
vn -0.6837 -0.2551 -0.6837
vn -0.6005 -0.2553 -0.7578
vn -0.6960 -0.1765 -0.6960
vn -0.6095 -0.1763 -0.7730
vn -0.5207 -0.1756 -0.8355
vn -0.5145 -0.2558 -0.8184
vn -0.7041 -0.0923 -0.7041
vn -0.6153 -0.0919 -0.7829
vn -0.7071 -0.0000 -0.7071
vn -0.6177 -0.0001 -0.7864
vn -0.5262 -0.0002 -0.8504
vn -0.5244 -0.0911 -0.8466
vn -0.4336 -0.0899 -0.8966
vn -0.4317 -0.1749 -0.8849
vn -0.4344 -0.0001 -0.9007
vn -0.3443 -0.0001 -0.9389
vn -0.3442 -0.0885 -0.9347
vn -0.3437 -0.1738 -0.9228
vn -0.4281 -0.2565 -0.8666
vn -0.3424 -0.2573 -0.9036
vn -0.2573 -0.2573 -0.9315
vn -0.2572 -0.3423 -0.9037
vn -0.2569 -0.1724 -0.9509
vn -0.1711 -0.1711 -0.9703
vn -0.1723 -0.2568 -0.9510
vn -0.1737 -0.3436 -0.9229
vn -0.2563 -0.0870 -0.9627
vn -0.2561 -0.0000 -0.9667
vn -0.1699 -0.0002 -0.9855
vn -0.1699 -0.0857 -0.9817
vn -0.0851 -0.0851 -0.9927
vn -0.0858 -0.1701 -0.9817
vn -0.0847 -0.0001 -0.9964
vn -0.0000 -0.0000 -1.0000
vn -0.0001 -0.0847 -0.9964
vn 0.0001 -0.1695 -0.9855
vn -0.0870 -0.2563 -0.9627
vn -0.0884 -0.3441 -0.9348
vn -0.0002 -0.2564 -0.9666
vn -0.0001 -0.3443 -0.9389
vn -0.2554 -0.6005 -0.7578
vn -0.2551 -0.6837 -0.6837
vn -0.2558 -0.5145 -0.8184
vn -0.1757 -0.5207 -0.8355
vn -0.1764 -0.6095 -0.7729
vn -0.1765 -0.6960 -0.6960
vn -0.2565 -0.4281 -0.8666
vn -0.1749 -0.4317 -0.8849
vn -0.0899 -0.4337 -0.8966
vn -0.0911 -0.5244 -0.8466
vn -0.0000 -0.4343 -0.9008
vn -0.0002 -0.5262 -0.8504
vn -0.0921 -0.6154 -0.7828
vn -0.0923 -0.7041 -0.7041
vn -0.0001 -0.6177 -0.7864
vn -0.0000 -0.7071 -0.7071
vn -0.7041 0.0923 -0.7041
vn -0.6153 0.0919 -0.7829
vn -0.6960 0.1765 -0.6960
vn -0.6096 0.1764 -0.7729
vn -0.5207 0.1757 -0.8354
vn -0.5246 0.0912 -0.8465
vn -0.6837 0.2551 -0.6837
vn -0.6005 0.2553 -0.7578
vn -0.6673 0.3307 -0.6673
vn -0.5884 0.3316 -0.7375
vn -0.5061 0.3337 -0.7953
vn -0.5145 0.2558 -0.8184
vn -0.4281 0.2566 -0.8666
vn -0.4317 0.1748 -0.8849
vn -0.4229 0.3367 -0.8413
vn -0.3400 0.3400 -0.8768
vn -0.3423 0.2572 -0.9037
vn -0.3436 0.1738 -0.9229
vn -0.4335 0.0898 -0.8966
vn -0.3440 0.0884 -0.9348
vn -0.6475 0.4017 -0.6475
vn -0.5735 0.4040 -0.7127
vn -0.6252 0.4672 -0.6252
vn -0.5565 0.4723 -0.6836
vn -0.4834 0.4834 -0.7298
vn -0.4955 0.4096 -0.7660
vn -0.6011 0.5266 -0.6011
vn -0.5380 0.5380 -0.6489
vn -0.5773 0.5773 -0.5774
vn -0.5266 0.6011 -0.6011
vn -0.4672 0.6252 -0.6252
vn -0.4723 0.5565 -0.6836
vn -0.4040 0.5735 -0.7127
vn -0.4096 0.4955 -0.7660
vn -0.4017 0.6475 -0.6475
vn -0.3307 0.6673 -0.6673
vn -0.3315 0.5884 -0.7375
vn -0.3337 0.5062 -0.7953
vn -0.4164 0.4164 -0.8082
vn -0.3367 0.4229 -0.8413
vn -0.2566 0.4281 -0.8666
vn -0.2572 0.3423 -0.9037
vn -0.2558 0.5145 -0.8184
vn -0.1757 0.5207 -0.8354
vn -0.1749 0.4317 -0.8849
vn -0.1738 0.3437 -0.9229
vn -0.2553 0.6005 -0.7578
vn -0.2551 0.6837 -0.6837
vn -0.1765 0.6960 -0.6960
vn -0.1764 0.6095 -0.7729
vn -0.0922 0.6155 -0.7827
vn -0.0911 0.5245 -0.8466
vn -0.0923 0.7041 -0.7041
vn -0.0000 0.7071 -0.7071
vn 0.0001 0.6177 -0.7864
vn 0.0002 0.5262 -0.8504
vn -0.0898 0.4335 -0.8967
vn -0.0884 0.3440 -0.9348
vn 0.0001 0.4344 -0.9007
vn -0.0000 0.3442 -0.9389
vn -0.2563 0.0870 -0.9627
vn -0.2570 0.1725 -0.9509
vn -0.1712 0.1712 -0.9702
vn -0.1699 0.0857 -0.9817
vn -0.2574 0.2574 -0.9314
vn -0.1724 0.2568 -0.9509
vn -0.0870 0.2564 -0.9626
vn -0.0858 0.1703 -0.9816
vn 0.0002 0.2564 -0.9666
vn 0.0002 0.1699 -0.9855
vn -0.0849 0.0849 -0.9928
vn 0.0001 0.0847 -0.9964
vn 0.0851 0.0851 -0.9927
vn 0.0847 0.0001 -0.9964
vn 0.0857 0.1700 -0.9817
vn 0.1711 0.1711 -0.9703
vn 0.1699 0.0857 -0.9817
vn 0.1699 0.0002 -0.9855
vn 0.0870 0.2563 -0.9627
vn 0.0884 0.3441 -0.9348
vn 0.1738 0.3437 -0.9228
vn 0.1724 0.2568 -0.9510
vn 0.2573 0.2573 -0.9314
vn 0.2569 0.1724 -0.9509
vn 0.2572 0.3423 -0.9037
vn 0.3399 0.3399 -0.8769
vn 0.3423 0.2572 -0.9037
vn 0.3437 0.1738 -0.9229
vn 0.2564 0.0870 -0.9627
vn 0.2564 0.0002 -0.9666
vn 0.3442 0.0885 -0.9347
vn 0.3446 0.0002 -0.9388
vn 0.0898 0.4336 -0.8966
vn 0.0912 0.5246 -0.8465
vn 0.1757 0.5207 -0.8355
vn 0.1749 0.4318 -0.8849
vn 0.0919 0.6153 -0.7829
vn 0.0923 0.7041 -0.7041
vn 0.1765 0.6960 -0.6960
vn 0.1764 0.6095 -0.7729
vn 0.2554 0.6005 -0.7578
vn 0.2558 0.5146 -0.8184
vn 0.2551 0.6837 -0.6837
vn 0.3307 0.6673 -0.6673
vn 0.3316 0.5884 -0.7375
vn 0.3337 0.5062 -0.7953
vn 0.2565 0.4281 -0.8666
vn 0.3367 0.4229 -0.8413
vn 0.4164 0.4164 -0.8082
vn 0.4229 0.3368 -0.8413
vn 0.4095 0.4955 -0.7660
vn 0.4834 0.4834 -0.7298
vn 0.4955 0.4096 -0.7660
vn 0.5062 0.3337 -0.7953
vn 0.4040 0.5735 -0.7127
vn 0.4017 0.6475 -0.6476
vn 0.4672 0.6252 -0.6252
vn 0.4722 0.5565 -0.6836
vn 0.5380 0.5380 -0.6490
vn 0.5565 0.4722 -0.6836
vn 0.5266 0.6011 -0.6011
vn 0.5773 0.5773 -0.5774
vn 0.5735 0.4040 -0.7127
vn 0.5884 0.3316 -0.7375
vn 0.6475 0.4017 -0.6476
vn 0.4335 0.0898 -0.8967
vn 0.4343 -0.0000 -0.9008
vn 0.4317 0.1748 -0.8849
vn 0.5207 0.1756 -0.8355
vn 0.5246 0.0912 -0.8465
vn 0.5262 0.0002 -0.8504
vn 0.4280 0.2565 -0.8666
vn 0.5145 0.2558 -0.8184
vn 0.6005 0.2553 -0.7578
vn 0.6095 0.1764 -0.7729
vn 0.6156 0.0925 -0.7826
vn 0.6177 0.0001 -0.7864
vn 0.0920 -0.6153 -0.7829
vn 0.0923 -0.7041 -0.7041
vn 0.0910 -0.5243 -0.8466
vn 0.1757 -0.5207 -0.8354
vn 0.1764 -0.6095 -0.7729
vn 0.1765 -0.6960 -0.6960
vn 0.0898 -0.4336 -0.8966
vn 0.0884 -0.3441 -0.9348
vn 0.1739 -0.3438 -0.9228
vn 0.1749 -0.4317 -0.8849
vn 0.2566 -0.4281 -0.8666
vn 0.2558 -0.5145 -0.8184
vn 0.2572 -0.3423 -0.9037
vn 0.3399 -0.3399 -0.8769
vn 0.3368 -0.4229 -0.8412
vn 0.3337 -0.5062 -0.7953
vn 0.2554 -0.6005 -0.7578
vn 0.2551 -0.6837 -0.6837
vn 0.3316 -0.5884 -0.7375
vn 0.3307 -0.6673 -0.6673
vn 0.0870 -0.2563 -0.9627
vn 0.0857 -0.1699 -0.9817
vn 0.1711 -0.1711 -0.9703
vn 0.1725 -0.2569 -0.9509
vn 0.0846 -0.0846 -0.9928
vn 0.1700 -0.0857 -0.9817
vn 0.2563 -0.0870 -0.9627
vn 0.2570 -0.1725 -0.9509
vn 0.3441 -0.0884 -0.9348
vn 0.3436 -0.1737 -0.9229
vn 0.2574 -0.2574 -0.9314
vn 0.3423 -0.2572 -0.9037
vn 0.4281 -0.2566 -0.8665
vn 0.4229 -0.3367 -0.8413
vn 0.4317 -0.1749 -0.8849
vn 0.5208 -0.1758 -0.8354
vn 0.5146 -0.2559 -0.8184
vn 0.5061 -0.3337 -0.7953
vn 0.4336 -0.0898 -0.8966
vn 0.5246 -0.0912 -0.8465
vn 0.6153 -0.0920 -0.7829
vn 0.6096 -0.1765 -0.7728
vn 0.6005 -0.2553 -0.7578
vn 0.5884 -0.3316 -0.7375
vn 0.4041 -0.5735 -0.7126
vn 0.4017 -0.6475 -0.6475
vn 0.4096 -0.4955 -0.7660
vn 0.4834 -0.4834 -0.7298
vn 0.4723 -0.5565 -0.6836
vn 0.4672 -0.6252 -0.6252
vn 0.4164 -0.4164 -0.8083
vn 0.4955 -0.4096 -0.7660
vn 0.5735 -0.4040 -0.7127
vn 0.5565 -0.4723 -0.6836
vn 0.6475 -0.4017 -0.6475
vn 0.5380 -0.5380 -0.6489
vn 0.5266 -0.6011 -0.6011
vn 0.5773 -0.5773 -0.5774
vn 0.5773 0.5774 -0.5773
vn 0.5380 0.6490 -0.5380
vn 0.4722 0.6836 -0.5565
vn 0.4834 0.7298 -0.4834
vn 0.5565 0.6835 -0.4723
vn 0.4017 0.6476 -0.6475
vn 0.4040 0.7127 -0.5735
vn 0.3316 0.7375 -0.5884
vn 0.3337 0.7953 -0.5062
vn 0.4096 0.7660 -0.4955
vn 0.4163 0.8083 -0.4163
vn 0.4955 0.7660 -0.4095
vn 0.3368 0.8412 -0.4230
vn 0.3399 0.8769 -0.3399
vn 0.4229 0.8413 -0.3367
vn 0.5062 0.7953 -0.3337
vn 0.5735 0.7127 -0.4040
vn 0.6475 0.6476 -0.4017
vn 0.5884 0.7375 -0.3315
vn 0.2553 0.7578 -0.6005
vn 0.1764 0.7729 -0.6095
vn 0.1757 0.8355 -0.5207
vn 0.2559 0.8184 -0.5146
vn 0.0925 0.7826 -0.6156
vn 0.0001 0.7864 -0.6177
vn 0.0001 0.8506 -0.5259
vn 0.0911 0.8466 -0.5244
vn 0.0898 0.8967 -0.4335
vn 0.1748 0.8850 -0.4316
vn 0.0002 0.9006 -0.4347
vn 0.0001 0.9389 -0.3443
vn 0.0883 0.9349 -0.3439
vn 0.1739 0.9228 -0.3438
vn 0.2566 0.8665 -0.4281
vn 0.2571 0.9038 -0.3422
vn 0.2573 0.9314 -0.2573
vn 0.3424 0.9037 -0.2573
vn 0.1724 0.9509 -0.2569
vn 0.1712 0.9703 -0.1712
vn 0.2569 0.9509 -0.1725
vn 0.3437 0.9229 -0.1738
vn 0.0871 0.9627 -0.2564
vn -0.0000 0.9667 -0.2560
vn 0.0002 0.9855 -0.1699
vn 0.0857 0.9817 -0.1700
vn 0.0851 0.9927 -0.0851
vn 0.1701 0.9817 -0.0858
vn 0.0001 0.9964 -0.0847
vn -0.0000 1.0000 -0.0000
vn 0.0847 0.9964 -0.0001
vn 0.1699 0.9855 -0.0002
vn 0.2565 0.9626 -0.0871
vn 0.3442 0.9347 -0.0885
vn 0.2564 0.9666 -0.0002
vn 0.3442 0.9389 -0.0000
vn 0.6005 0.7578 -0.2554
vn 0.5146 0.8184 -0.2558
vn 0.5207 0.8355 -0.1757
vn 0.6095 0.7730 -0.1763
vn 0.4281 0.8665 -0.2566
vn 0.4316 0.8850 -0.1748
vn 0.4335 0.8967 -0.0898
vn 0.5244 0.8466 -0.0910
vn 0.4343 0.9008 -0.0000
vn 0.5258 0.8506 -0.0000
vn 0.6154 0.7828 -0.0922
vn 0.6177 0.7864 -0.0001
vn -0.0921 0.7828 -0.6154
vn -0.1764 0.7729 -0.6095
vn -0.1757 0.8355 -0.5207
vn -0.0912 0.8465 -0.5246
vn -0.2553 0.7578 -0.6004
vn -0.3316 0.7375 -0.5884
vn -0.3336 0.7953 -0.5062
vn -0.2558 0.8184 -0.5145
vn -0.2566 0.8666 -0.4281
vn -0.1749 0.8849 -0.4317
vn -0.3367 0.8413 -0.4229
vn -0.3400 0.8768 -0.3400
vn -0.2572 0.9037 -0.3423
vn -0.1737 0.9229 -0.3436
vn -0.0898 0.8966 -0.4336
vn -0.0884 0.9348 -0.3441
vn -0.4040 0.7127 -0.5735
vn -0.4723 0.6836 -0.5565
vn -0.4834 0.7298 -0.4834
vn -0.4096 0.7660 -0.4955
vn -0.5380 0.6489 -0.5380
vn -0.5773 0.5774 -0.5773
vn -0.6011 0.6011 -0.5266
vn -0.6252 0.6252 -0.4672
vn -0.5565 0.6836 -0.4723
vn -0.5735 0.7127 -0.4040
vn -0.4955 0.7660 -0.4096
vn -0.6475 0.6475 -0.4017
vn -0.6673 0.6673 -0.3307
vn -0.5884 0.7375 -0.3316
vn -0.5062 0.7953 -0.3337
vn -0.4164 0.8082 -0.4164
vn -0.4229 0.8413 -0.3367
vn -0.4281 0.8665 -0.2566
vn -0.3423 0.9037 -0.2572
vn -0.5146 0.8184 -0.2558
vn -0.5207 0.8355 -0.1757
vn -0.4316 0.8850 -0.1748
vn -0.3436 0.9229 -0.1738
vn -0.6005 0.7578 -0.2553
vn -0.6837 0.6837 -0.2551
vn -0.6960 0.6960 -0.1765
vn -0.6095 0.7729 -0.1764
vn -0.6153 0.7829 -0.0920
vn -0.5245 0.8465 -0.0911
vn -0.7041 0.7041 -0.0923
vn -0.7071 0.7071 -0.0000
vn -0.6175 0.7866 -0.0000
vn -0.5258 0.8506 -0.0000
vn -0.4335 0.8966 -0.0898
vn -0.3441 0.9348 -0.0884
vn -0.4343 0.9008 -0.0000
vn -0.3443 0.9389 0.0001
vn -0.0871 0.9625 -0.2567
vn -0.1725 0.9509 -0.2569
vn -0.1711 0.9703 -0.1711
vn -0.0857 0.9817 -0.1700
vn -0.2574 0.9314 -0.2574
vn -0.2569 0.9509 -0.1725
vn -0.2564 0.9626 -0.0870
vn -0.1703 0.9816 -0.0858
vn -0.2564 0.9666 0.0002
vn -0.1699 0.9855 0.0002
vn -0.0849 0.9928 -0.0849
vn -0.0847 0.9964 0.0001
vn -0.0851 0.9927 0.0851
vn -0.0001 0.9964 0.0847
vn -0.1701 0.9817 0.0858
vn -0.1712 0.9703 0.1712
vn -0.0858 0.9817 0.1701
vn -0.0002 0.9855 0.1699
vn -0.2565 0.9626 0.0871
vn -0.3442 0.9347 0.0885
vn -0.3437 0.9228 0.1738
vn -0.2570 0.9509 0.1725
vn -0.2573 0.9314 0.2573
vn -0.1724 0.9509 0.2568
vn -0.3423 0.9037 0.2572
vn -0.3399 0.8769 0.3399
vn -0.2572 0.9037 0.3423
vn -0.1737 0.9229 0.3436
vn -0.0871 0.9626 0.2565
vn -0.0002 0.9666 0.2564
vn -0.0885 0.9347 0.3442
vn -0.0002 0.9388 0.3446
vn -0.4336 0.8966 0.0898
vn -0.5244 0.8466 0.0910
vn -0.5207 0.8355 0.1757
vn -0.4317 0.8849 0.1749
vn -0.6154 0.7828 0.0921
vn -0.7041 0.7041 0.0923
vn -0.6960 0.6960 0.1765
vn -0.6095 0.7729 0.1764
vn -0.6005 0.7578 0.2553
vn -0.5146 0.8184 0.2558
vn -0.6837 0.6837 0.2551
vn -0.6673 0.6673 0.3307
vn -0.5884 0.7375 0.3316
vn -0.5062 0.7953 0.3337
vn -0.4281 0.8665 0.2566
vn -0.4229 0.8413 0.3368
vn -0.4164 0.8082 0.4164
vn -0.3367 0.8413 0.4229
vn -0.4955 0.7660 0.4095
vn -0.4834 0.7298 0.4834
vn -0.4096 0.7660 0.4955
vn -0.3337 0.7953 0.5062
vn -0.5735 0.7127 0.4040
vn -0.6475 0.6476 0.4017
vn -0.6252 0.6252 0.4672
vn -0.5565 0.6836 0.4722
vn -0.5380 0.6489 0.5380
vn -0.4723 0.6835 0.5565
vn -0.6011 0.6011 0.5266
vn -0.5773 0.5774 0.5773
vn -0.4040 0.7127 0.5735
vn -0.3315 0.7375 0.5884
vn -0.4017 0.6476 0.6475
vn -0.0899 0.8966 0.4336
vn -0.0000 0.9008 0.4342
vn -0.1748 0.8850 0.4316
vn -0.1758 0.8354 0.5208
vn -0.0911 0.8466 0.5244
vn -0.0000 0.8506 0.5258
vn -0.2566 0.8665 0.4281
vn -0.2558 0.8184 0.5145
vn -0.2553 0.7578 0.6005
vn -0.1764 0.7729 0.6095
vn -0.0921 0.7828 0.6154
vn -0.0001 0.7864 0.6177
vn 0.6154 0.7828 0.0921
vn 0.5247 0.8464 0.0913
vn 0.5206 0.8355 0.1756
vn 0.6095 0.7729 0.1764
vn 0.4337 0.8966 0.0899
vn 0.3441 0.9348 0.0884
vn 0.3437 0.9228 0.1738
vn 0.4318 0.8849 0.1749
vn 0.4281 0.8666 0.2566
vn 0.5146 0.8184 0.2559
vn 0.3423 0.9037 0.2572
vn 0.3399 0.8769 0.3399
vn 0.4229 0.8413 0.3367
vn 0.5062 0.7953 0.3337
vn 0.6005 0.7578 0.2553
vn 0.5884 0.7375 0.3315
vn 0.2564 0.9626 0.0870
vn 0.1703 0.9816 0.0858
vn 0.1715 0.9702 0.1715
vn 0.2569 0.9509 0.1724
vn 0.0849 0.9928 0.0849
vn 0.0858 0.9816 0.1703
vn 0.0869 0.9627 0.2562
vn 0.1725 0.9509 0.2570
vn 0.0884 0.9348 0.3441
vn 0.1738 0.9229 0.3436
vn 0.2573 0.9315 0.2573
vn 0.2572 0.9037 0.3423
vn 0.2566 0.8665 0.4281
vn 0.3367 0.8413 0.4229
vn 0.1749 0.8849 0.4318
vn 0.1757 0.8355 0.5207
vn 0.2559 0.8184 0.5146
vn 0.3337 0.7953 0.5062
vn 0.0898 0.8966 0.4336
vn 0.0913 0.8464 0.5247
vn 0.0921 0.7828 0.6154
vn 0.1764 0.7729 0.6095
vn 0.2553 0.7578 0.6005
vn 0.3315 0.7375 0.5884
vn 0.5735 0.7127 0.4040
vn 0.6475 0.6475 0.4017
vn 0.4955 0.7660 0.4095
vn 0.4834 0.7298 0.4834
vn 0.5565 0.6836 0.4722
vn 0.4164 0.8083 0.4164
vn 0.4095 0.7660 0.4955
vn 0.4040 0.7127 0.5735
vn 0.4723 0.6836 0.5565
vn 0.5380 0.6489 0.5380
vn 0.5773 0.5774 0.5773
vn -0.5773 -0.5774 -0.5773
vn -0.5380 -0.6490 -0.5380
vn -0.6011 -0.6011 -0.5266
vn -0.4722 -0.6836 -0.5565
vn -0.4834 -0.7298 -0.4834
vn -0.5565 -0.6836 -0.4722
vn -0.6252 -0.6252 -0.4672
vn -0.4017 -0.6476 -0.6475
vn -0.4041 -0.7126 -0.5735
vn -0.3315 -0.7375 -0.5884
vn -0.3336 -0.7953 -0.5061
vn -0.4095 -0.7660 -0.4955
vn -0.4164 -0.8082 -0.4164
vn -0.4955 -0.7660 -0.4095
vn -0.3368 -0.8413 -0.4229
vn -0.3399 -0.8769 -0.3399
vn -0.4229 -0.8413 -0.3368
vn -0.5062 -0.7953 -0.3337
vn -0.5735 -0.7127 -0.4040
vn -0.6475 -0.6476 -0.4017
vn -0.5884 -0.7375 -0.3315
vn -0.6673 -0.6673 -0.3307
vn -0.2553 -0.7578 -0.6005
vn -0.1763 -0.7730 -0.6095
vn -0.1757 -0.8355 -0.5207
vn -0.2558 -0.8184 -0.5145
vn -0.0922 -0.7828 -0.6154
vn -0.0001 -0.7864 -0.6177
vn -0.0000 -0.8506 -0.5258
vn -0.0911 -0.8466 -0.5244
vn -0.0899 -0.8966 -0.4336
vn -0.1748 -0.8849 -0.4317
vn -0.0000 -0.9008 -0.4343
vn -0.0000 -0.9389 -0.3442
vn -0.0884 -0.9348 -0.3441
vn -0.1738 -0.9228 -0.3437
vn -0.2565 -0.8666 -0.4281
vn -0.2572 -0.9037 -0.3423
vn -0.2573 -0.9315 -0.2573
vn -0.3423 -0.9037 -0.2572
vn -0.1725 -0.9509 -0.2570
vn -0.1711 -0.9703 -0.1711
vn -0.2569 -0.9509 -0.1724
vn -0.3436 -0.9229 -0.1737
vn -0.0871 -0.9627 -0.2564
vn -0.0002 -0.9666 -0.2564
vn -0.0002 -0.9855 -0.1699
vn -0.0857 -0.9817 -0.1700
vn -0.0851 -0.9927 -0.0851
vn -0.1700 -0.9817 -0.0857
vn 0.0001 -0.9964 -0.0844
vn -0.0000 -1.0000 -0.0000
vn -0.0847 -0.9964 -0.0001
vn -0.1699 -0.9855 -0.0002
vn -0.2565 -0.9626 -0.0871
vn -0.3446 -0.9345 -0.0888
vn -0.2560 -0.9667 -0.0000
vn -0.3446 -0.9388 -0.0002
vn -0.6005 -0.7578 -0.2553
vn -0.6837 -0.6837 -0.2551
vn -0.5145 -0.8184 -0.2558
vn -0.5207 -0.8355 -0.1757
vn -0.6095 -0.7729 -0.1764
vn -0.6960 -0.6960 -0.1765
vn -0.4281 -0.8666 -0.2565
vn -0.4316 -0.8850 -0.1747
vn -0.4337 -0.8966 -0.0899
vn -0.5244 -0.8466 -0.0911
vn -0.4341 -0.9009 0.0001
vn -0.5262 -0.8504 -0.0002
vn -0.6154 -0.7828 -0.0922
vn -0.7041 -0.7041 -0.0923
vn -0.6177 -0.7864 -0.0001
vn -0.7071 -0.7071 -0.0000
vn 0.0920 -0.7829 -0.6153
vn 0.1764 -0.7729 -0.6095
vn 0.1758 -0.8354 -0.5207
vn 0.0910 -0.8466 -0.5243
vn 0.2553 -0.7578 -0.6005
vn 0.3315 -0.7375 -0.5884
vn 0.3337 -0.7953 -0.5062
vn 0.2558 -0.8184 -0.5145
vn 0.2566 -0.8665 -0.4281
vn 0.1748 -0.8849 -0.4316
vn 0.3368 -0.8412 -0.4229
vn 0.3399 -0.8769 -0.3399
vn 0.2572 -0.9037 -0.3423
vn 0.1738 -0.9229 -0.3436
vn 0.0898 -0.8966 -0.4336
vn 0.0885 -0.9347 -0.3443
vn 0.4040 -0.7127 -0.5735
vn 0.4723 -0.6836 -0.5565
vn 0.4834 -0.7298 -0.4834
vn 0.4095 -0.7660 -0.4955
vn 0.5380 -0.6489 -0.5380
vn 0.5773 -0.5774 -0.5773
vn 0.5565 -0.6836 -0.4723
vn 0.5735 -0.7127 -0.4040
vn 0.4955 -0.7660 -0.4096
vn 0.6475 -0.6475 -0.4017
vn 0.5884 -0.7375 -0.3316
vn 0.5062 -0.7953 -0.3337
vn 0.4164 -0.8082 -0.4164
vn 0.4229 -0.8413 -0.3367
vn 0.4281 -0.8666 -0.2566
vn 0.3423 -0.9037 -0.2572
vn 0.5146 -0.8184 -0.2559
vn 0.5207 -0.8355 -0.1757
vn 0.4317 -0.8849 -0.1749
vn 0.3437 -0.9229 -0.1738
vn 0.6005 -0.7578 -0.2553
vn 0.6096 -0.7729 -0.1764
vn 0.6155 -0.7827 -0.0922
vn 0.5244 -0.8466 -0.0911
vn 0.6177 -0.7864 0.0001
vn 0.5262 -0.8504 0.0002
vn 0.4338 -0.8965 -0.0899
vn 0.3446 -0.9345 -0.0886
vn 0.4342 -0.9008 -0.0000
vn 0.3443 -0.9389 0.0001
vn 0.0869 -0.9627 -0.2562
vn 0.1724 -0.9509 -0.2569
vn 0.1711 -0.9703 -0.1711
vn 0.0857 -0.9817 -0.1699
vn 0.2574 -0.9314 -0.2574
vn 0.2569 -0.9509 -0.1724
vn 0.2564 -0.9626 -0.0870
vn 0.1703 -0.9816 -0.0858
vn 0.2560 -0.9667 -0.0000
vn 0.1699 -0.9855 0.0002
vn 0.0849 -0.9928 -0.0849
vn 0.0847 -0.9964 0.0001
vn 0.0851 -0.9927 0.0851
vn 0.0001 -0.9964 0.0847
vn 0.1700 -0.9817 0.0857
vn 0.1711 -0.9703 0.1712
vn 0.0857 -0.9817 0.1700
vn 0.0002 -0.9855 0.1699
vn 0.2564 -0.9627 0.0871
vn 0.3440 -0.9348 0.0884
vn 0.3438 -0.9228 0.1739
vn 0.2569 -0.9509 0.1724
vn 0.2574 -0.9314 0.2574
vn 0.1726 -0.9509 0.2570
vn 0.3424 -0.9037 0.2573
vn 0.3399 -0.8769 0.3399
vn 0.2572 -0.9037 0.3423
vn 0.1737 -0.9229 0.3436
vn 0.0870 -0.9627 0.2564
vn 0.0002 -0.9666 0.2564
vn 0.0885 -0.9347 0.3442
vn -0.0000 -0.9389 0.3442
vn 0.4336 -0.8966 0.0898
vn 0.5244 -0.8466 0.0910
vn 0.5207 -0.8355 0.1757
vn 0.4317 -0.8849 0.1748
vn 0.6154 -0.7828 0.0921
vn 0.6095 -0.7729 0.1764
vn 0.6005 -0.7578 0.2553
vn 0.5145 -0.8184 0.2558
vn 0.5884 -0.7375 0.3316
vn 0.5062 -0.7953 0.3337
vn 0.4281 -0.8666 0.2565
vn 0.4229 -0.8413 0.3368
vn 0.4164 -0.8082 0.4164
vn 0.3367 -0.8413 0.4229
vn 0.4955 -0.7660 0.4095
vn 0.4834 -0.7298 0.4834
vn 0.4095 -0.7660 0.4955
vn 0.3337 -0.7953 0.5062
vn 0.5735 -0.7127 0.4040
vn 0.6475 -0.6476 0.4017
vn 0.5565 -0.6836 0.4722
vn 0.5380 -0.6490 0.5380
vn 0.4722 -0.6836 0.5565
vn 0.5773 -0.5774 0.5773
vn 0.4040 -0.7127 0.5735
vn 0.3316 -0.7375 0.5884
vn 0.4017 -0.6476 0.6475
vn 0.0899 -0.8966 0.4336
vn -0.0000 -0.9008 0.4343
vn 0.1749 -0.8849 0.4318
vn 0.1758 -0.8354 0.5208
vn 0.0910 -0.8466 0.5244
vn 0.0002 -0.8504 0.5262
vn 0.2565 -0.8666 0.4281
vn 0.2559 -0.8184 0.5146
vn 0.2553 -0.7578 0.6005
vn 0.1764 -0.7729 0.6095
vn 0.0921 -0.7828 0.6154
vn 0.0001 -0.7864 0.6177
vn -0.6153 -0.7829 0.0920
vn -0.7041 -0.7041 0.0923
vn -0.5245 -0.8465 0.0911
vn -0.5207 -0.8355 0.1757
vn -0.6096 -0.7729 0.1764
vn -0.6960 -0.6960 0.1765
vn -0.4338 -0.8965 0.0899
vn -0.3441 -0.9348 0.0884
vn -0.3436 -0.9229 0.1737
vn -0.4317 -0.8849 0.1749
vn -0.4281 -0.8666 0.2566
vn -0.5145 -0.8184 0.2558
vn -0.3423 -0.9037 0.2572
vn -0.3399 -0.8769 0.3399
vn -0.4229 -0.8413 0.3367
vn -0.5062 -0.7953 0.3337
vn -0.6005 -0.7578 0.2553
vn -0.6837 -0.6837 0.2551
vn -0.5884 -0.7375 0.3315
vn -0.6673 -0.6673 0.3307
vn -0.2563 -0.9627 0.0870
vn -0.1700 -0.9817 0.0857
vn -0.1712 -0.9702 0.1712
vn -0.2569 -0.9509 0.1724
vn -0.0849 -0.9928 0.0849
vn -0.0857 -0.9817 0.1700
vn -0.0870 -0.9627 0.2563
vn -0.1725 -0.9509 0.2570
vn -0.0884 -0.9347 0.3442
vn -0.1738 -0.9229 0.3436
vn -0.2574 -0.9314 0.2574
vn -0.2572 -0.9037 0.3423
vn -0.2566 -0.8666 0.4281
vn -0.3367 -0.8413 0.4229
vn -0.1749 -0.8849 0.4317
vn -0.1757 -0.8355 0.5207
vn -0.2558 -0.8184 0.5146
vn -0.3337 -0.7953 0.5062
vn -0.0899 -0.8965 0.4338
vn -0.0910 -0.8466 0.5243
vn -0.0921 -0.7828 0.6154
vn -0.1764 -0.7729 0.6095
vn -0.2553 -0.7578 0.6005
vn -0.3315 -0.7375 0.5884
vn -0.5735 -0.7127 0.4040
vn -0.6475 -0.6475 0.4017
vn -0.4955 -0.7660 0.4096
vn -0.4834 -0.7298 0.4834
vn -0.5565 -0.6836 0.4723
vn -0.6252 -0.6252 0.4672
vn -0.4164 -0.8082 0.4164
vn -0.4096 -0.7660 0.4955
vn -0.4040 -0.7127 0.5735
vn -0.4723 -0.6836 0.5565
vn -0.5380 -0.6489 0.5380
vn -0.6011 -0.6011 0.5266
vn -0.5773 -0.5774 0.5773
vn -0.5774 -0.5773 0.5773
vn -0.6490 -0.5380 0.5380
vn -0.6836 -0.4722 0.5565
vn -0.7298 -0.4834 0.4834
vn -0.6836 -0.5565 0.4722
vn -0.6476 -0.4018 0.6475
vn -0.7127 -0.4040 0.5735
vn -0.7375 -0.3316 0.5884
vn -0.7953 -0.3337 0.5062
vn -0.7660 -0.4095 0.4955
vn -0.8082 -0.4164 0.4164
vn -0.7660 -0.4955 0.4095
vn -0.8413 -0.3368 0.4229
vn -0.8769 -0.3399 0.3399
vn -0.8413 -0.4229 0.3367
vn -0.7953 -0.5062 0.3337
vn -0.7127 -0.5735 0.4040
vn -0.6476 -0.6475 0.4017
vn -0.7375 -0.5884 0.3316
vn -0.7578 -0.2553 0.6005
vn -0.7730 -0.1763 0.6095
vn -0.8355 -0.1756 0.5207
vn -0.8184 -0.2558 0.5145
vn -0.7829 -0.0920 0.6153
vn -0.7864 -0.0001 0.6177
vn -0.8507 -0.0000 0.5257
vn -0.8466 -0.0911 0.5244
vn -0.8966 -0.0899 0.4337
vn -0.8849 -0.1749 0.4317
vn -0.9006 -0.0002 0.4347
vn -0.9388 -0.0002 0.3446
vn -0.9347 -0.0885 0.3442
vn -0.9229 -0.1737 0.3436
vn -0.8666 -0.2566 0.4281
vn -0.9037 -0.2573 0.3424
vn -0.9315 -0.2573 0.2573
vn -0.9037 -0.3423 0.2572
vn -0.9509 -0.1725 0.2569
vn -0.9702 -0.1712 0.1712
vn -0.9509 -0.2569 0.1724
vn -0.9228 -0.3437 0.1738
vn -0.9627 -0.0870 0.2563
vn -0.9667 -0.0000 0.2561
vn -0.9855 -0.0002 0.1699
vn -0.9817 -0.0857 0.1700
vn -0.9927 -0.0851 0.0851
vn -0.9816 -0.1704 0.0860
vn -0.9964 -0.0001 0.0847
vn -1.0000 -0.0000 -0.0000
vn -0.9964 -0.0847 0.0001
vn -0.9855 -0.1699 0.0002
vn -0.9626 -0.2565 0.0871
vn -0.9348 -0.3440 0.0884
vn -0.9667 -0.2559 -0.0000
vn -0.9389 -0.3442 -0.0000
vn -0.7578 -0.6005 0.2554
vn -0.8184 -0.5145 0.2558
vn -0.8355 -0.5207 0.1756
vn -0.7729 -0.6095 0.1764
vn -0.8666 -0.4280 0.2565
vn -0.8849 -0.4317 0.1748
vn -0.8966 -0.4336 0.0898
vn -0.8466 -0.5244 0.0911
vn -0.9008 -0.4343 -0.0000
vn -0.8504 -0.5262 0.0002
vn -0.7828 -0.6154 0.0921
vn -0.7864 -0.6177 0.0001
vn -0.7826 0.0924 0.6157
vn -0.7729 0.1763 0.6095
vn -0.8354 0.1758 0.5208
vn -0.8466 0.0910 0.5244
vn -0.7578 0.2553 0.6005
vn -0.7374 0.3316 0.5884
vn -0.7953 0.3336 0.5061
vn -0.8184 0.2558 0.5145
vn -0.8666 0.2566 0.4281
vn -0.8849 0.1749 0.4317
vn -0.8413 0.3367 0.4229
vn -0.8769 0.3399 0.3399
vn -0.9037 0.2572 0.3423
vn -0.9229 0.1738 0.3437
vn -0.8966 0.0899 0.4337
vn -0.9348 0.0884 0.3440
vn -0.6475 0.4017 0.6475
vn -0.7127 0.4040 0.5735
vn -0.6836 0.4723 0.5565
vn -0.7298 0.4834 0.4834
vn -0.7660 0.4095 0.4955
vn -0.6490 0.5380 0.5380
vn -0.5774 0.5773 0.5773
vn -0.6836 0.5565 0.4723
vn -0.7127 0.5735 0.4040
vn -0.7660 0.4955 0.4096
vn -0.6475 0.6475 0.4017
vn -0.7375 0.5884 0.3315
vn -0.7952 0.5062 0.3337
vn -0.8083 0.4164 0.4164
vn -0.8413 0.4229 0.3367
vn -0.8665 0.4281 0.2566
vn -0.9037 0.3423 0.2572
vn -0.8183 0.5146 0.2559
vn -0.8354 0.5207 0.1758
vn -0.8849 0.4317 0.1749
vn -0.9228 0.3437 0.1738
vn -0.7578 0.6005 0.2553
vn -0.7730 0.6095 0.1763
vn -0.7829 0.6153 0.0920
vn -0.8465 0.5245 0.0911
vn -0.7864 0.6177 -0.0001
vn -0.8504 0.5262 -0.0002
vn -0.8966 0.4336 0.0898
vn -0.9348 0.3440 0.0884
vn -0.9008 0.4342 -0.0000
vn -0.9389 0.3442 -0.0000
vn -0.9626 0.0870 0.2564
vn -0.9509 0.1724 0.2569
vn -0.9703 0.1711 0.1711
vn -0.9817 0.0857 0.1700
vn -0.9315 0.2573 0.2573
vn -0.9509 0.2569 0.1725
vn -0.9626 0.2564 0.0870
vn -0.9816 0.1703 0.0858
vn -0.9667 0.2561 -0.0000
vn -0.9855 0.1699 -0.0002
vn -0.9928 0.0849 0.0849
vn -0.9964 0.0847 -0.0001
vn -0.9927 0.0851 -0.0851
vn -0.9964 0.0001 -0.0847
vn -0.9817 0.1699 -0.0857
vn -0.9702 0.1712 -0.1712
vn -0.9817 0.0858 -0.1701
vn -0.9855 0.0002 -0.1699
vn -0.9627 0.2564 -0.0870
vn -0.9348 0.3440 -0.0883
vn -0.9229 0.3437 -0.1738
vn -0.9510 0.2568 -0.1724
vn -0.9314 0.2573 -0.2573
vn -0.9509 0.1725 -0.2569
vn -0.9037 0.3424 -0.2573
vn -0.8769 0.3399 -0.3399
vn -0.9037 0.2572 -0.3423
vn -0.9229 0.1737 -0.3436
vn -0.9627 0.0870 -0.2564
vn -0.9666 0.0002 -0.2564
vn -0.9348 0.0884 -0.3440
vn -0.9389 -0.0000 -0.3441
vn -0.8966 0.4336 -0.0898
vn -0.8466 0.5244 -0.0911
vn -0.8355 0.5207 -0.1757
vn -0.8849 0.4317 -0.1748
vn -0.7826 0.6156 -0.0925
vn -0.7729 0.6095 -0.1764
vn -0.7578 0.6005 -0.2553
vn -0.8184 0.5145 -0.2558
vn -0.7375 0.5884 -0.3316
vn -0.7953 0.5062 -0.3337
vn -0.8666 0.4281 -0.2566
vn -0.8413 0.4229 -0.3367
vn -0.8083 0.4163 -0.4163
vn -0.8413 0.3368 -0.4229
vn -0.7660 0.4955 -0.4095
vn -0.7298 0.4834 -0.4834
vn -0.7660 0.4095 -0.4955
vn -0.7953 0.3337 -0.5062
vn -0.7127 0.5735 -0.4040
vn -0.6476 0.6475 -0.4017
vn -0.6836 0.5565 -0.4722
vn -0.6490 0.5380 -0.5380
vn -0.6836 0.4722 -0.5565
vn -0.5774 0.5773 -0.5773
vn -0.7127 0.4040 -0.5735
vn -0.7375 0.3315 -0.5884
vn -0.6476 0.4017 -0.6475
vn -0.8966 0.0899 -0.4336
vn -0.9006 0.0002 -0.4347
vn -0.8850 0.1748 -0.4316
vn -0.8355 0.1756 -0.5207
vn -0.8466 0.0911 -0.5244
vn -0.8505 0.0001 -0.5259
vn -0.8666 0.2565 -0.4281
vn -0.8184 0.2558 -0.5145
vn -0.7578 0.2553 -0.6005
vn -0.7729 0.1764 -0.6095
vn -0.7829 0.0919 -0.6153
vn -0.7864 0.0001 -0.6177
vn -0.7826 -0.6157 -0.0924
vn -0.8466 -0.5243 -0.0910
vn -0.8354 -0.5207 -0.1757
vn -0.7729 -0.6095 -0.1764
vn -0.8966 -0.4335 -0.0898
vn -0.9348 -0.3441 -0.0884
vn -0.9229 -0.3437 -0.1738
vn -0.8849 -0.4317 -0.1749
vn -0.8666 -0.4281 -0.2566
vn -0.8184 -0.5145 -0.2558
vn -0.9037 -0.3423 -0.2572
vn -0.8769 -0.3399 -0.3399
vn -0.8413 -0.4229 -0.3367
vn -0.7953 -0.5062 -0.3337
vn -0.7578 -0.6004 -0.2553
vn -0.7375 -0.5884 -0.3315
vn -0.9627 -0.2562 -0.0869
vn -0.9817 -0.1699 -0.0857
vn -0.9702 -0.1715 -0.1715
vn -0.9509 -0.2568 -0.1724
vn -0.9928 -0.0849 -0.0849
vn -0.9816 -0.0858 -0.1703
vn -0.9627 -0.0869 -0.2561
vn -0.9509 -0.1724 -0.2569
vn -0.9348 -0.0884 -0.3441
vn -0.9229 -0.1738 -0.3436
vn -0.9315 -0.2573 -0.2573
vn -0.9037 -0.2572 -0.3423
vn -0.8666 -0.2566 -0.4281
vn -0.8413 -0.3367 -0.4229
vn -0.8849 -0.1749 -0.4317
vn -0.8355 -0.1757 -0.5207
vn -0.8184 -0.2558 -0.5146
vn -0.7953 -0.3337 -0.5062
vn -0.8966 -0.0898 -0.4336
vn -0.8465 -0.0911 -0.5245
vn -0.7828 -0.0921 -0.6154
vn -0.7730 -0.1763 -0.6095
vn -0.7578 -0.2554 -0.6005
vn -0.7375 -0.3315 -0.5884
vn -0.7127 -0.5735 -0.4040
vn -0.6475 -0.6475 -0.4017
vn -0.7660 -0.4955 -0.4096
vn -0.7298 -0.4834 -0.4834
vn -0.6836 -0.5565 -0.4723
vn -0.8082 -0.4164 -0.4164
vn -0.7660 -0.4096 -0.4955
vn -0.7127 -0.4040 -0.5735
vn -0.6836 -0.4723 -0.5565
vn -0.6475 -0.4017 -0.6475
vn -0.6489 -0.5380 -0.5380
vn -0.5774 -0.5773 -0.5773
vt 0.021658 0.687293
vt 0.018664 0.697922
vt 0.032877 0.698508
vt 0.032285 0.684295
vt 0.014810 0.713093
vt 0.031209 0.714433
vt 0.048459 0.714084
vt 0.048801 0.696834
vt 0.047455 0.680436
vt 0.010950 0.730530
vt 0.028892 0.732065
vt 0.007418 0.749565
vt 0.026430 0.750971
vt 0.045610 0.751396
vt 0.047235 0.732317
vt 0.066111 0.731730
vt 0.066692 0.712854
vt 0.065100 0.751168
vt 0.084962 0.750574
vt 0.085549 0.730712
vt 0.085770 0.711222
vt 0.066433 0.694511
vt 0.064891 0.676569
vt 0.085338 0.692041
vt 0.083925 0.673030
vt 0.004473 0.769591
vt 0.024270 0.770745
vt 0.002268 0.790322
vt 0.022586 0.791134
vt 0.042819 0.791479
vt 0.044080 0.771186
vt 0.000916 0.811484
vt 0.021513 0.811897
vt 0.000499 0.832826
vt 0.021150 0.832822
vt 0.041670 0.832819
vt 0.041975 0.812081
vt 0.062474 0.812104
vt 0.063129 0.791503
vt 0.062220 0.832815
vt 0.082902 0.832811
vt 0.083108 0.812024
vt 0.083605 0.791324
vt 0.064053 0.771143
vt 0.084268 0.770809
vt 0.104745 0.770349
vt 0.105197 0.749872
vt 0.104282 0.791042
vt 0.125142 0.790739
vt 0.125437 0.769879
vt 0.125712 0.749202
vt 0.103919 0.811886
vt 0.103758 0.832807
vt 0.124789 0.832803
vt 0.124902 0.811735
vt 0.146019 0.811609
vt 0.146137 0.790491
vt 0.145959 0.832799
vt 0.167214 0.832796
vt 0.167210 0.811541
vt 0.167206 0.790370
vt 0.146281 0.769508
vt 0.146411 0.748697
vt 0.167202 0.769340
vt 0.167198 0.748483
vt 0.105112 0.689874
vt 0.103950 0.670078
vt 0.105560 0.709684
vt 0.125853 0.708416
vt 0.125500 0.688183
vt 0.124681 0.667866
vt 0.105524 0.729657
vt 0.125884 0.728725
vt 0.146484 0.728063
vt 0.146453 0.707565
vt 0.167195 0.727802
vt 0.167191 0.707252
vt 0.146262 0.687102
vt 0.145841 0.666505
vt 0.167187 0.686732
vt 0.167183 0.666081
vt 0.000924 0.854168
vt 0.021521 0.853747
vt 0.002284 0.875329
vt 0.022601 0.874510
vt 0.042834 0.874157
vt 0.041983 0.853556
vt 0.004497 0.896059
vt 0.024292 0.894898
vt 0.007448 0.916085
vt 0.026460 0.914672
vt 0.045640 0.914240
vt 0.044103 0.894450
vt 0.064076 0.894485
vt 0.063144 0.874125
vt 0.065130 0.914460
vt 0.084992 0.915047
vt 0.084291 0.894813
vt 0.083621 0.874297
vt 0.062482 0.853525
vt 0.083116 0.853598
vt 0.010987 0.935118
vt 0.028929 0.933577
vt 0.014854 0.952554
vt 0.031252 0.951208
vt 0.048503 0.951550
vt 0.047272 0.933318
vt 0.018713 0.967724
vt 0.032926 0.967132
vt 0.021711 0.978351
vt 0.032340 0.981345
vt 0.047511 0.985199
vt 0.048851 0.968800
vt 0.066483 0.971117
vt 0.066736 0.952774
vt 0.064949 0.989059
vt 0.083983 0.992592
vt 0.085389 0.973580
vt 0.085814 0.954399
vt 0.066148 0.933898
vt 0.085586 0.934909
vt 0.105562 0.935956
vt 0.105227 0.915741
vt 0.105605 0.955929
vt 0.125898 0.957190
vt 0.125922 0.936881
vt 0.125743 0.916404
vt 0.105164 0.975740
vt 0.104010 0.995536
vt 0.124741 0.997741
vt 0.125553 0.977424
vt 0.146316 0.978496
vt 0.146499 0.958034
vt 0.145902 0.999093
vt 0.167244 0.999510
vt 0.167241 0.978859
vt 0.167237 0.958339
vt 0.146522 0.937535
vt 0.146442 0.916901
vt 0.167233 0.937789
vt 0.167229 0.917108
vt 0.103926 0.853728
vt 0.104298 0.874572
vt 0.125157 0.874867
vt 0.124909 0.853872
vt 0.104768 0.895265
vt 0.125461 0.895727
vt 0.146304 0.896091
vt 0.146153 0.875108
vt 0.167225 0.896251
vt 0.167222 0.875221
vt 0.146027 0.853990
vt 0.167218 0.854050
vt 0.188408 0.853982
vt 0.188469 0.832792
vt 0.188290 0.875100
vt 0.209286 0.874852
vt 0.209526 0.853856
vt 0.209639 0.832788
vt 0.188146 0.896083
vt 0.188017 0.916894
vt 0.208716 0.916389
vt 0.208990 0.895712
vt 0.229683 0.895242
vt 0.230145 0.874549
vt 0.229231 0.915719
vt 0.249465 0.915017
vt 0.250160 0.894782
vt 0.250822 0.874267
vt 0.230509 0.853705
vt 0.230669 0.832784
vt 0.251320 0.853568
vt 0.251526 0.832780
vt 0.187943 0.937528
vt 0.187974 0.958026
vt 0.208575 0.957175
vt 0.208544 0.936866
vt 0.188165 0.978489
vt 0.188586 0.999086
vt 0.209747 0.997725
vt 0.208928 0.977408
vt 0.229316 0.975717
vt 0.228868 0.955907
vt 0.230477 0.995513
vt 0.250503 0.992561
vt 0.249090 0.973549
vt 0.248658 0.954369
vt 0.228904 0.935934
vt 0.248879 0.934879
vt 0.268316 0.933861
vt 0.269327 0.914423
vt 0.267736 0.952738
vt 0.285968 0.951507
vt 0.287192 0.933274
vt 0.288817 0.914195
vt 0.267995 0.971080
vt 0.269536 0.989022
vt 0.286973 0.985155
vt 0.285626 0.968757
vt 0.301550 0.967083
vt 0.303218 0.951158
vt 0.302142 0.981296
vt 0.312770 0.978298
vt 0.315764 0.967669
vt 0.319618 0.952498
vt 0.305536 0.933526
vt 0.307998 0.914620
vt 0.323478 0.935061
vt 0.327010 0.916026
vt 0.271954 0.853487
vt 0.272207 0.832776
vt 0.271299 0.874087
vt 0.291609 0.874112
vt 0.292452 0.853510
vt 0.292758 0.832772
vt 0.270375 0.894448
vt 0.290348 0.894405
vt 0.310158 0.894845
vt 0.311842 0.874457
vt 0.329954 0.896000
vt 0.332159 0.875269
vt 0.312915 0.853694
vt 0.313277 0.832769
vt 0.333512 0.854107
vt 0.333928 0.832765
vt 0.188112 0.687095
vt 0.188526 0.666497
vt 0.187929 0.707557
vt 0.208530 0.708401
vt 0.208875 0.688167
vt 0.209687 0.667850
vt 0.187905 0.728056
vt 0.187986 0.748690
vt 0.208685 0.749187
vt 0.208506 0.728710
vt 0.228866 0.729635
vt 0.228823 0.709662
vt 0.229201 0.749850
vt 0.249435 0.750544
vt 0.248841 0.730682
vt 0.248613 0.711192
vt 0.229264 0.689851
vt 0.230418 0.670055
vt 0.249039 0.692011
vt 0.250444 0.672999
vt 0.188123 0.769500
vt 0.188275 0.790483
vt 0.209270 0.790723
vt 0.208967 0.769864
vt 0.188401 0.811601
vt 0.209518 0.811719
vt 0.230501 0.811863
vt 0.230130 0.791019
vt 0.251312 0.811993
vt 0.250807 0.791294
vt 0.229660 0.770326
vt 0.250137 0.770778
vt 0.270352 0.771106
vt 0.269297 0.751131
vt 0.271284 0.791465
vt 0.291593 0.791434
vt 0.290325 0.771141
vt 0.288787 0.751351
vt 0.271946 0.812066
vt 0.292445 0.812035
vt 0.312907 0.811844
vt 0.311827 0.791081
vt 0.333504 0.811423
vt 0.332144 0.790262
vt 0.310135 0.770693
vt 0.307968 0.750919
vt 0.329931 0.769532
vt 0.326980 0.749506
vt 0.267944 0.694474
vt 0.269479 0.676531
vt 0.267692 0.712817
vt 0.285925 0.714041
vt 0.285576 0.696791
vt 0.286917 0.680392
vt 0.268279 0.731693
vt 0.287156 0.732273
vt 0.305499 0.732014
vt 0.303175 0.714383
vt 0.323440 0.730473
vt 0.319574 0.713037
vt 0.301501 0.698459
vt 0.302088 0.684246
vt 0.315714 0.697867
vt 0.312717 0.687240
vt 0.649699 0.980671
vt 0.652548 0.968690
vt 0.638162 0.969127
vt 0.637715 0.983512
vt 0.655920 0.952335
vt 0.639483 0.952544
vt 0.622087 0.953041
vt 0.621578 0.970437
vt 0.621359 0.986873
vt 0.659098 0.934165
vt 0.641170 0.934276
vt 0.661891 0.914824
vt 0.642918 0.914917
vt 0.623911 0.915087
vt 0.622900 0.934504
vt 0.603979 0.934921
vt 0.603550 0.953842
vt 0.604554 0.915337
vt 0.584726 0.915655
vt 0.584395 0.935483
vt 0.584132 0.954840
vt 0.603310 0.972111
vt 0.603186 0.990039
vt 0.583949 0.973846
vt 0.583843 0.992819
vt 0.664158 0.894826
vt 0.644435 0.894894
vt 0.665830 0.874383
vt 0.645610 0.874429
vt 0.625647 0.874505
vt 0.624860 0.895012
vt 0.666850 0.853693
vt 0.646356 0.853716
vt 0.667184 0.832919
vt 0.646612 0.832912
vt 0.626372 0.832905
vt 0.626177 0.853754
vt 0.606010 0.853801
vt 0.605638 0.874602
vt 0.606159 0.832898
vt 0.585788 0.832891
vt 0.585671 0.853859
vt 0.585408 0.874721
vt 0.605125 0.895168
vt 0.585071 0.895361
vt 0.564655 0.895571
vt 0.564431 0.915987
vt 0.564886 0.874854
vt 0.544093 0.874995
vt 0.543938 0.895788
vt 0.543791 0.916309
vt 0.565077 0.853924
vt 0.565170 0.832885
vt 0.544295 0.832878
vt 0.544224 0.853993
vt 0.523164 0.854052
vt 0.523091 0.875112
vt 0.523209 0.832870
vt 0.501990 0.832863
vt 0.501983 0.854082
vt 0.501976 0.875168
vt 0.523008 0.895965
vt 0.522929 0.916559
vt 0.501969 0.896043
vt 0.501962 0.916661
vt 0.563925 0.975350
vt 0.563843 0.995073
vt 0.564056 0.955775
vt 0.543549 0.956548
vt 0.543459 0.976511
vt 0.543400 0.996731
vt 0.564225 0.936041
vt 0.543659 0.936540
vt 0.522858 0.936898
vt 0.522797 0.957065
vt 0.501955 0.937033
vt 0.501948 0.957245
vt 0.522746 0.977244
vt 0.522709 0.997738
vt 0.501941 0.977485
vt 0.501934 0.998058
vt 0.666864 0.812144
vt 0.646370 0.812107
vt 0.665858 0.791453
vt 0.645638 0.791394
vt 0.625675 0.791304
vt 0.626191 0.812056
vt 0.664200 0.771010
vt 0.644477 0.770928
vt 0.661946 0.751010
vt 0.642973 0.750904
vt 0.623966 0.750721
vt 0.624902 0.770797
vt 0.605167 0.770628
vt 0.605666 0.791194
vt 0.604609 0.750459
vt 0.584781 0.750127
vt 0.585113 0.770422
vt 0.585436 0.791062
vt 0.606024 0.811995
vt 0.585685 0.811924
vt 0.659166 0.731667
vt 0.641238 0.731544
vt 0.656000 0.713494
vt 0.639563 0.713275
vt 0.622168 0.712766
vt 0.622969 0.731303
vt 0.652639 0.697138
vt 0.638254 0.696691
vt 0.649798 0.685154
vt 0.637816 0.682305
vt 0.621462 0.678934
vt 0.621670 0.695370
vt 0.603403 0.693683
vt 0.603631 0.711953
vt 0.603292 0.675756
vt 0.583950 0.672963
vt 0.584043 0.691936
vt 0.584214 0.710942
vt 0.604047 0.730874
vt 0.584463 0.730299
vt 0.564294 0.729728
vt 0.564487 0.749782
vt 0.564138 0.709993
vt 0.543631 0.709206
vt 0.543729 0.729215
vt 0.543847 0.749445
vt 0.564021 0.690418
vt 0.563952 0.670695
vt 0.543510 0.669023
vt 0.543555 0.689244
vt 0.522843 0.688497
vt 0.522880 0.708676
vt 0.522819 0.668003
vt 0.502045 0.667669
vt 0.502038 0.688241
vt 0.502032 0.708481
vt 0.522928 0.728843
vt 0.522985 0.749182
vt 0.502025 0.728694
vt 0.502018 0.749066
vt 0.565091 0.811845
vt 0.564915 0.790915
vt 0.544121 0.790760
vt 0.544238 0.811762
vt 0.564697 0.770198
vt 0.543980 0.769967
vt 0.523051 0.769776
vt 0.523120 0.790629
vt 0.502011 0.769683
vt 0.502004 0.790558
vt 0.523178 0.811689
vt 0.501997 0.811644
vt 0.480816 0.811675
vt 0.480771 0.832856
vt 0.480888 0.790615
vt 0.459887 0.790732
vt 0.459755 0.811733
vt 0.459685 0.832849
vt 0.480971 0.769762
vt 0.481050 0.749168
vt 0.460188 0.749417
vt 0.460041 0.769939
vt 0.439324 0.770156
vt 0.439093 0.790873
vt 0.439548 0.749740
vt 0.419254 0.750072
vt 0.418908 0.770366
vt 0.418572 0.791006
vt 0.438903 0.811803
vt 0.438810 0.832842
vt 0.418308 0.811868
vt 0.418192 0.832835
vt 0.481122 0.728829
vt 0.481183 0.708662
vt 0.460431 0.709178
vt 0.460320 0.729187
vt 0.481234 0.688483
vt 0.481271 0.667989
vt 0.460580 0.668995
vt 0.460521 0.689216
vt 0.440055 0.690377
vt 0.439924 0.709951
vt 0.440136 0.670653
vt 0.420137 0.672908
vt 0.420031 0.691881
vt 0.419848 0.710887
vt 0.439755 0.729686
vt 0.419585 0.730244
vt 0.400001 0.730806
vt 0.399426 0.750390
vt 0.400430 0.711884
vt 0.381892 0.712685
vt 0.381079 0.731222
vt 0.380069 0.750639
vt 0.400670 0.693615
vt 0.400794 0.675688
vt 0.382621 0.678854
vt 0.382401 0.695290
vt 0.365817 0.696600
vt 0.364497 0.713183
vt 0.366264 0.682214
vt 0.354281 0.685055
vt 0.351432 0.697037
vt 0.348060 0.713391
vt 0.362810 0.731450
vt 0.361062 0.750810
vt 0.344882 0.731562
vt 0.342089 0.750903
vt 0.397970 0.811925
vt 0.397821 0.832828
vt 0.398341 0.791124
vt 0.378333 0.791221
vt 0.377802 0.811973
vt 0.377608 0.832822
vt 0.398854 0.770559
vt 0.379119 0.770715
vt 0.359545 0.770833
vt 0.358370 0.791297
vt 0.339821 0.770901
vt 0.338150 0.791343
vt 0.357623 0.812010
vt 0.357368 0.832815
vt 0.337129 0.812034
vt 0.336796 0.832808
vt 0.481137 0.977230
vt 0.481160 0.997724
vt 0.481099 0.957051
vt 0.460348 0.956520
vt 0.460424 0.976483
vt 0.460470 0.996704
vt 0.481052 0.936884
vt 0.480994 0.916545
vt 0.460132 0.916282
vt 0.460251 0.936512
vt 0.439686 0.935999
vt 0.439842 0.955734
vt 0.439493 0.915945
vt 0.419198 0.915600
vt 0.419516 0.935428
vt 0.419766 0.954785
vt 0.439959 0.975308
vt 0.440028 0.995032
vt 0.419937 0.973791
vt 0.420029 0.992764
vt 0.480929 0.895951
vt 0.480860 0.875098
vt 0.459859 0.874966
vt 0.459999 0.895760
vt 0.480802 0.854037
vt 0.459741 0.853965
vt 0.438888 0.853882
vt 0.439065 0.874812
vt 0.418294 0.853803
vt 0.418544 0.874665
vt 0.439282 0.895529
vt 0.418867 0.895305
vt 0.398812 0.895099
vt 0.399370 0.915268
vt 0.398313 0.874533
vt 0.378305 0.874422
vt 0.379078 0.894929
vt 0.380014 0.915006
vt 0.397956 0.853732
vt 0.377789 0.853671
vt 0.357610 0.853620
vt 0.358342 0.874333
vt 0.337116 0.853583
vt 0.338122 0.874274
vt 0.359503 0.894799
vt 0.361007 0.914822
vt 0.339780 0.894717
vt 0.342034 0.914717
vt 0.400577 0.972044
vt 0.400688 0.989971
vt 0.400349 0.953774
vt 0.381812 0.952961
vt 0.382309 0.970356
vt 0.382518 0.986793
vt 0.399932 0.934853
vt 0.381011 0.934423
vt 0.362742 0.934183
vt 0.364416 0.952452
vt 0.344814 0.934060
vt 0.347980 0.952232
vt 0.365726 0.969036
vt 0.366163 0.983421
vt 0.351341 0.968589
vt 0.354182 0.980572
vt 0.198421 0.360822
vt 0.195624 0.372816
vt 0.210008 0.372316
vt 0.210392 0.357929
vt 0.192322 0.389186
vt 0.208758 0.388905
vt 0.226152 0.388330
vt 0.226587 0.370933
vt 0.226734 0.354495
vt 0.189223 0.407371
vt 0.207150 0.407182
vt 0.186520 0.426726
vt 0.205493 0.426549
vt 0.224499 0.426292
vt 0.225418 0.406871
vt 0.244338 0.406370
vt 0.244686 0.387447
vt 0.243855 0.425956
vt 0.263681 0.425559
vt 0.263919 0.405730
vt 0.264099 0.386372
vt 0.244849 0.369178
vt 0.244895 0.351250
vt 0.264202 0.367364
vt 0.264227 0.348391
vt 0.184339 0.446732
vt 0.204062 0.446576
vt 0.182756 0.467180
vt 0.202976 0.467046
vt 0.222938 0.466882
vt 0.223636 0.446372
vt 0.181825 0.487875
vt 0.202319 0.487762
vt 0.181582 0.508651
vt 0.202153 0.508568
vt 0.222393 0.508486
vt 0.222497 0.487636
vt 0.242663 0.487500
vt 0.242945 0.466696
vt 0.242604 0.508405
vt 0.262974 0.508323
vt 0.263001 0.487356
vt 0.263175 0.466495
vt 0.243370 0.446128
vt 0.263423 0.445854
vt 0.283838 0.445554
vt 0.283974 0.425137
vt 0.283696 0.466271
vt 0.304489 0.466039
vt 0.304554 0.445245
vt 0.304612 0.424722
vt 0.283595 0.487201
vt 0.283594 0.508240
vt 0.304469 0.508156
vt 0.304448 0.487040
vt 0.325509 0.486890
vt 0.325489 0.465829
vt 0.325556 0.508071
vt 0.346775 0.507985
vt 0.346689 0.486766
vt 0.346604 0.465680
vt 0.325482 0.444976
vt 0.325472 0.424380
vt 0.346520 0.444804
vt 0.346437 0.424185
vt 0.284218 0.365772
vt 0.284214 0.346049
vt 0.284171 0.385347
vt 0.304675 0.384484
vt 0.304678 0.364521
vt 0.304650 0.344301
vt 0.284086 0.405082
vt 0.304650 0.404491
vt 0.325451 0.404042
vt 0.325425 0.383876
vt 0.346355 0.403815
vt 0.346274 0.383603
vt 0.325388 0.363697
vt 0.325336 0.343203
vt 0.346192 0.363364
vt 0.346109 0.342792
vt 0.181993 0.529424
vt 0.202486 0.529372
vt 0.183090 0.550110
vt 0.203310 0.550082
vt 0.223273 0.550085
vt 0.222665 0.529335
vt 0.184838 0.570546
vt 0.204562 0.570542
vt 0.187180 0.590533
vt 0.206153 0.590557
vt 0.225161 0.590661
vt 0.224137 0.570589
vt 0.243871 0.570673
vt 0.243281 0.550109
vt 0.244519 0.590841
vt 0.264348 0.591079
vt 0.263926 0.570786
vt 0.263512 0.550148
vt 0.242831 0.529309
vt 0.263170 0.529288
vt 0.190039 0.609865
vt 0.207967 0.609910
vt 0.193284 0.628025
vt 0.209722 0.628173
vt 0.227119 0.628608
vt 0.226237 0.610074
vt 0.196718 0.644368
vt 0.211105 0.644752
vt 0.199611 0.656339
vt 0.211605 0.659136
vt 0.227975 0.662438
vt 0.227695 0.646002
vt 0.245971 0.647609
vt 0.245661 0.629342
vt 0.246160 0.665537
vt 0.265515 0.668239
vt 0.265338 0.649267
vt 0.265082 0.630261
vt 0.245159 0.610422
vt 0.264745 0.610905
vt 0.284917 0.611390
vt 0.284644 0.591337
vt 0.285161 0.631124
vt 0.305671 0.631822
vt 0.305485 0.611815
vt 0.305284 0.591585
vt 0.285366 0.650698
vt 0.285521 0.670420
vt 0.305970 0.672004
vt 0.305835 0.651784
vt 0.326551 0.652441
vt 0.326425 0.632263
vt 0.326664 0.672935
vt 0.347440 0.673178
vt 0.347357 0.652606
vt 0.347275 0.632367
vt 0.326289 0.612097
vt 0.326146 0.591759
vt 0.347194 0.612156
vt 0.347112 0.591785
vt 0.283765 0.529278
vt 0.284034 0.550206
vt 0.304828 0.550271
vt 0.304618 0.529270
vt 0.284343 0.570922
vt 0.305061 0.571064
vt 0.325990 0.571164
vt 0.325830 0.550312
vt 0.347029 0.571166
vt 0.346945 0.550291
vt 0.325679 0.529251
vt 0.346860 0.529204
vt 0.368040 0.529081
vt 0.367993 0.507900
vt 0.368060 0.550142
vt 0.389060 0.549932
vt 0.389101 0.528930
vt 0.389080 0.507815
vt 0.368067 0.570995
vt 0.368078 0.591590
vt 0.388937 0.591248
vt 0.388995 0.570726
vt 0.409711 0.570417
vt 0.409853 0.549699
vt 0.409575 0.590834
vt 0.429868 0.590412
vt 0.430126 0.570116
vt 0.430374 0.549476
vt 0.409954 0.528770
vt 0.409955 0.507731
vt 0.430548 0.528614
vt 0.430575 0.507648
vt 0.368098 0.611929
vt 0.368125 0.632095
vt 0.388874 0.631487
vt 0.388899 0.611479
vt 0.368161 0.652274
vt 0.368213 0.672767
vt 0.388899 0.671670
vt 0.388871 0.651450
vt 0.409331 0.650198
vt 0.409378 0.630623
vt 0.409335 0.669922
vt 0.429322 0.667579
vt 0.429347 0.648606
vt 0.429450 0.629599
vt 0.409463 0.610889
vt 0.429630 0.610241
vt 0.449211 0.609600
vt 0.449694 0.590014
vt 0.448863 0.628523
vt 0.467397 0.627641
vt 0.468131 0.609099
vt 0.469050 0.589678
vt 0.448700 0.646793
vt 0.448654 0.664721
vt 0.466815 0.661476
vt 0.466962 0.645038
vt 0.483541 0.643655
vt 0.484791 0.627065
vt 0.483157 0.658042
vt 0.495128 0.655149
vt 0.497925 0.643155
vt 0.501227 0.626785
vt 0.486399 0.608789
vt 0.488056 0.589422
vt 0.504326 0.608599
vt 0.507029 0.589245
vt 0.450887 0.528471
vt 0.450945 0.507566
vt 0.450604 0.549274
vt 0.470612 0.549089
vt 0.471052 0.528335
vt 0.471156 0.507484
vt 0.450179 0.569842
vt 0.469913 0.569599
vt 0.489487 0.569394
vt 0.490573 0.548925
vt 0.509210 0.569239
vt 0.510793 0.548791
vt 0.491230 0.528209
vt 0.491396 0.507403
vt 0.511724 0.528096
vt 0.511967 0.507320
vt 0.366998 0.363530
vt 0.366885 0.343036
vt 0.367124 0.383708
vt 0.387878 0.384148
vt 0.387714 0.364187
vt 0.387580 0.343967
vt 0.367260 0.403873
vt 0.367403 0.424211
vt 0.388265 0.424385
vt 0.388064 0.404155
vt 0.408632 0.404580
vt 0.408388 0.384847
vt 0.408905 0.424634
vt 0.429201 0.424892
vt 0.428804 0.405066
vt 0.428467 0.385710
vt 0.408183 0.365273
vt 0.408028 0.345550
vt 0.428211 0.366704
vt 0.428034 0.347731
vt 0.367559 0.444806
vt 0.367719 0.465659
vt 0.388721 0.465700
vt 0.388489 0.444907
vt 0.367870 0.486719
vt 0.388931 0.486700
vt 0.409784 0.486693
vt 0.409515 0.465765
vt 0.430379 0.486682
vt 0.430037 0.465823
vt 0.409206 0.445049
vt 0.429623 0.445185
vt 0.449678 0.445297
vt 0.449030 0.425130
vt 0.450268 0.465861
vt 0.470276 0.465885
vt 0.469413 0.445382
vt 0.468388 0.425310
vt 0.450718 0.486662
vt 0.470884 0.486635
vt 0.491063 0.486599
vt 0.490239 0.465889
vt 0.511556 0.486547
vt 0.510459 0.465860
vt 0.488988 0.445429
vt 0.487396 0.425413
vt 0.508711 0.445425
vt 0.506369 0.425438
vt 0.447578 0.368361
vt 0.447388 0.350434
vt 0.447888 0.386629
vt 0.466430 0.387362
vt 0.465854 0.369969
vt 0.465574 0.353533
vt 0.448390 0.405548
vt 0.467312 0.405897
vt 0.485582 0.406060
vt 0.483827 0.387797
vt 0.503511 0.406105
vt 0.500265 0.387945
vt 0.482444 0.371219
vt 0.481944 0.356835
vt 0.496831 0.371603
vt 0.493938 0.359632
vt 0.017059 0.038034
vt 0.014285 0.050033
vt 0.028668 0.049506
vt 0.029024 0.035118
vt 0.011016 0.066408
vt 0.027451 0.066097
vt 0.044843 0.065490
vt 0.045243 0.048092
vt 0.045360 0.031655
vt 0.007951 0.084599
vt 0.025878 0.084375
vt 0.005280 0.103957
vt 0.024252 0.103745
vt 0.043257 0.103456
vt 0.044146 0.084032
vt 0.063064 0.083497
vt 0.063375 0.064573
vt 0.062612 0.103084
vt 0.082438 0.102643
vt 0.082645 0.082813
vt 0.082787 0.063455
vt 0.063501 0.046303
vt 0.063513 0.028375
vt 0.082851 0.044448
vt 0.082838 0.025474
vt 0.003138 0.123969
vt 0.022860 0.123777
vt 0.001594 0.144421
vt 0.021814 0.144249
vt 0.041775 0.144048
vt 0.042434 0.123537
vt 0.000703 0.165117
vt 0.021197 0.164966
vt 0.000499 0.185893
vt 0.021071 0.185771
vt 0.041311 0.185652
vt 0.041375 0.164802
vt 0.061541 0.164628
vt 0.061783 0.143825
vt 0.061523 0.185532
vt 0.081894 0.185411
vt 0.081879 0.164443
vt 0.082012 0.143580
vt 0.062167 0.123257
vt 0.082220 0.122939
vt 0.102634 0.122601
vt 0.102730 0.102184
vt 0.102532 0.143319
vt 0.123325 0.143048
vt 0.123349 0.122254
vt 0.123367 0.101732
vt 0.102472 0.164250
vt 0.102511 0.185289
vt 0.123386 0.185165
vt 0.123325 0.164050
vt 0.144384 0.163860
vt 0.144325 0.142799
vt 0.144472 0.185041
vt 0.165690 0.184915
vt 0.165565 0.163696
vt 0.165440 0.142611
vt 0.144278 0.121946
vt 0.144227 0.101352
vt 0.165316 0.121736
vt 0.165194 0.101118
vt 0.102865 0.042819
vt 0.102823 0.023096
vt 0.102857 0.062394
vt 0.123358 0.061493
vt 0.123323 0.041530
vt 0.123256 0.021310
vt 0.102810 0.082129
vt 0.123373 0.081501
vt 0.144171 0.081013
vt 0.144106 0.060846
vt 0.165074 0.080747
vt 0.164954 0.060535
vt 0.144031 0.040668
vt 0.143940 0.020174
vt 0.164834 0.040296
vt 0.164712 0.019724
vt 0.000949 0.206665
vt 0.021443 0.206574
vt 0.002085 0.227349
vt 0.022305 0.227282
vt 0.042268 0.227247
vt 0.041622 0.206499
vt 0.003871 0.247782
vt 0.023595 0.247741
vt 0.006250 0.267767
vt 0.025223 0.267754
vt 0.044231 0.267819
vt 0.043170 0.247749
vt 0.062905 0.247795
vt 0.062277 0.227233
vt 0.063589 0.267961
vt 0.083418 0.268168
vt 0.082960 0.247876
vt 0.082508 0.227238
vt 0.061789 0.206434
vt 0.082127 0.206378
vt 0.009150 0.287093
vt 0.027078 0.287104
vt 0.012430 0.305245
vt 0.028868 0.305362
vt 0.046266 0.305762
vt 0.045349 0.287230
vt 0.015893 0.321581
vt 0.030281 0.321938
vt 0.018809 0.333546
vt 0.030808 0.336320
vt 0.047184 0.339590
vt 0.046872 0.323155
vt 0.065150 0.324728
vt 0.064808 0.306460
vt 0.065374 0.342654
vt 0.084733 0.345326
vt 0.084521 0.326353
vt 0.084231 0.307348
vt 0.064273 0.287541
vt 0.083860 0.287993
vt 0.104032 0.288438
vt 0.103714 0.268385
vt 0.104312 0.308171
vt 0.124823 0.308830
vt 0.124600 0.288822
vt 0.124355 0.268593
vt 0.104553 0.327745
vt 0.104744 0.347467
vt 0.125197 0.349011
vt 0.125024 0.328792
vt 0.145741 0.329409
vt 0.145577 0.309231
vt 0.145893 0.349902
vt 0.166669 0.350106
vt 0.166547 0.329534
vt 0.166427 0.309295
vt 0.145404 0.289064
vt 0.145219 0.268726
vt 0.166307 0.289083
vt 0.166187 0.268712
vt 0.102722 0.206328
vt 0.103030 0.227256
vt 0.123824 0.227281
vt 0.123575 0.206280
vt 0.103377 0.247971
vt 0.124095 0.248073
vt 0.145025 0.248133
vt 0.144825 0.227281
vt 0.166065 0.248094
vt 0.165941 0.227219
vt 0.144635 0.206221
vt 0.165816 0.206133
vt 0.186996 0.205970
vt 0.186909 0.184789
vt 0.187056 0.227031
vt 0.208056 0.226782
vt 0.208056 0.205780
vt 0.207995 0.184664
vt 0.187103 0.247884
vt 0.187153 0.268478
vt 0.208014 0.268098
vt 0.208031 0.247576
vt 0.228747 0.247229
vt 0.228848 0.226511
vt 0.228651 0.267645
vt 0.248943 0.267187
vt 0.249161 0.246891
vt 0.249369 0.226250
vt 0.228908 0.205580
vt 0.228869 0.184541
vt 0.249502 0.205387
vt 0.249487 0.184419
vt 0.187209 0.288817
vt 0.187274 0.308984
vt 0.208023 0.308337
vt 0.208008 0.288328
vt 0.187350 0.329162
vt 0.187441 0.349656
vt 0.208125 0.348520
vt 0.208058 0.328300
vt 0.228516 0.327011
vt 0.228524 0.307436
vt 0.228557 0.346734
vt 0.248542 0.344355
vt 0.248529 0.325382
vt 0.248594 0.306375
vt 0.228571 0.287700
vt 0.248736 0.287017
vt 0.268317 0.286333
vt 0.268769 0.266746
vt 0.268005 0.305256
vt 0.286538 0.304339
vt 0.287235 0.285797
vt 0.288124 0.266374
vt 0.267879 0.323527
vt 0.267868 0.341455
vt 0.286021 0.338175
vt 0.286138 0.321738
vt 0.302713 0.320324
vt 0.303930 0.303733
vt 0.302356 0.334712
vt 0.314322 0.331796
vt 0.317096 0.319797
vt 0.320365 0.303422
vt 0.305503 0.285455
vt 0.307129 0.266084
vt 0.323430 0.285231
vt 0.326101 0.265873
vt 0.269840 0.205202
vt 0.269858 0.184298
vt 0.269598 0.226005
vt 0.289605 0.225782
vt 0.290006 0.205028
vt 0.290070 0.184178
vt 0.269213 0.246573
vt 0.288947 0.246293
vt 0.308520 0.246053
vt 0.309567 0.225581
vt 0.328243 0.245861
vt 0.329787 0.225409
vt 0.310184 0.204864
vt 0.310310 0.184058
vt 0.330677 0.204713
vt 0.330881 0.183937
vt 0.185640 0.040421
vt 0.185488 0.019928
vt 0.185803 0.060599
vt 0.206558 0.061000
vt 0.206356 0.041038
vt 0.206184 0.020818
vt 0.185977 0.080766
vt 0.186162 0.101104
vt 0.207025 0.101237
vt 0.206780 0.081007
vt 0.227349 0.081392
vt 0.227069 0.061659
vt 0.227667 0.101445
vt 0.247963 0.101662
vt 0.247521 0.081837
vt 0.247150 0.062482
vt 0.226828 0.042085
vt 0.226636 0.022362
vt 0.246860 0.043477
vt 0.246648 0.024504
vt 0.186356 0.121697
vt 0.186556 0.142549
vt 0.207557 0.142549
vt 0.207286 0.121757
vt 0.186746 0.163609
vt 0.207806 0.163549
vt 0.228659 0.163502
vt 0.228351 0.142574
vt 0.249253 0.163452
vt 0.248873 0.142592
vt 0.228004 0.121859
vt 0.248421 0.121954
vt 0.268476 0.122035
vt 0.267792 0.101869
vt 0.269104 0.142597
vt 0.289113 0.142583
vt 0.288211 0.122081
vt 0.287150 0.102011
vt 0.269592 0.163396
vt 0.289759 0.163331
vt 0.309938 0.163256
vt 0.309075 0.142548
vt 0.330431 0.163165
vt 0.329296 0.142480
vt 0.307786 0.122090
vt 0.306157 0.102076
vt 0.327510 0.122048
vt 0.325131 0.102063
vt 0.266230 0.045102
vt 0.266007 0.027176
vt 0.266573 0.063370
vt 0.285115 0.064067
vt 0.284508 0.046675
vt 0.284197 0.030240
vt 0.267108 0.082289
vt 0.286032 0.082600
vt 0.304302 0.082726
vt 0.302513 0.064468
vt 0.322230 0.082737
vt 0.318951 0.064585
vt 0.301100 0.047892
vt 0.300573 0.033510
vt 0.315488 0.048249
vt 0.312572 0.036283
vt 0.532199 0.655775
vt 0.544197 0.658550
vt 0.543672 0.644167
vt 0.529284 0.643809
vt 0.560572 0.661820
vt 0.560262 0.645385
vt 0.559658 0.627993
vt 0.542260 0.627592
vt 0.525822 0.627473
vt 0.578762 0.664886
vt 0.578540 0.646959
vt 0.598120 0.667559
vt 0.597909 0.648586
vt 0.597622 0.629581
vt 0.578199 0.628691
vt 0.577666 0.609772
vt 0.558743 0.609461
vt 0.597253 0.610226
vt 0.596814 0.590400
vt 0.576984 0.590192
vt 0.557626 0.590050
vt 0.540472 0.609334
vt 0.522544 0.609321
vt 0.538618 0.589984
vt 0.519645 0.589996
vt 0.618131 0.669705
vt 0.617941 0.649982
vt 0.638584 0.671250
vt 0.638413 0.651030
vt 0.638214 0.631068
vt 0.617703 0.630408
vt 0.659280 0.672142
vt 0.659130 0.651648
vt 0.680056 0.672347
vt 0.679936 0.651775
vt 0.679818 0.631535
vt 0.658969 0.631470
vt 0.658796 0.611303
vt 0.637994 0.611061
vt 0.679700 0.611323
vt 0.679581 0.590951
vt 0.658613 0.590965
vt 0.637751 0.590831
vt 0.617426 0.610675
vt 0.617110 0.590622
vt 0.616771 0.570208
vt 0.596354 0.570108
vt 0.637489 0.570311
vt 0.637220 0.549518
vt 0.616426 0.549493
vt 0.595904 0.549471
vt 0.658420 0.570371
vt 0.679460 0.570333
vt 0.679338 0.549459
vt 0.658222 0.549520
vt 0.658034 0.528460
vt 0.636973 0.528518
vt 0.679215 0.528374
vt 0.679091 0.507155
vt 0.657872 0.507279
vt 0.636787 0.507403
vt 0.616121 0.528564
vt 0.595526 0.528611
vt 0.615913 0.507525
vt 0.595295 0.507645
vt 0.536989 0.569971
vt 0.517265 0.570011
vt 0.556564 0.569979
vt 0.555664 0.549478
vt 0.535701 0.549512
vt 0.515481 0.549578
vt 0.576299 0.570026
vt 0.575673 0.549464
vt 0.575187 0.528666
vt 0.555020 0.528730
vt 0.574924 0.507764
vt 0.554711 0.507882
vt 0.534841 0.528804
vt 0.514347 0.528893
vt 0.534471 0.508001
vt 0.513899 0.508121
vt 0.700828 0.671899
vt 0.700739 0.651405
vt 0.721513 0.670765
vt 0.721447 0.650545
vt 0.721413 0.630582
vt 0.700665 0.631226
vt 0.741947 0.668981
vt 0.741906 0.649257
vt 0.761931 0.666601
vt 0.761920 0.647628
vt 0.761985 0.628620
vt 0.741915 0.629682
vt 0.741962 0.609947
vt 0.721400 0.610573
vt 0.762128 0.609262
vt 0.762335 0.589432
vt 0.742043 0.589892
vt 0.721406 0.590342
vt 0.700601 0.611059
vt 0.700547 0.590720
vt 0.781257 0.663702
vt 0.781269 0.645774
vt 0.799409 0.660424
vt 0.799527 0.643986
vt 0.799928 0.626588
vt 0.781396 0.627503
vt 0.815745 0.656962
vt 0.816102 0.642575
vt 0.827710 0.654047
vt 0.830485 0.642049
vt 0.833755 0.625674
vt 0.817320 0.625984
vt 0.818894 0.607707
vt 0.800627 0.608047
vt 0.836821 0.607484
vt 0.839494 0.588127
vt 0.820522 0.588337
vt 0.801516 0.588624
vt 0.781708 0.608580
vt 0.782161 0.588993
vt 0.782611 0.568821
vt 0.762558 0.569136
vt 0.802344 0.568543
vt 0.803004 0.548032
vt 0.782996 0.548253
vt 0.762766 0.548496
vt 0.821917 0.568305
vt 0.841640 0.568115
vt 0.843185 0.547662
vt 0.822966 0.547833
vt 0.823584 0.527116
vt 0.803405 0.527278
vt 0.844077 0.526966
vt 0.844282 0.506190
vt 0.823711 0.506310
vt 0.803471 0.506428
vt 0.783239 0.527450
vt 0.762900 0.527633
vt 0.783258 0.506547
vt 0.762887 0.506666
vt 0.700499 0.570125
vt 0.721428 0.569820
vt 0.721454 0.549026
vt 0.700453 0.549273
vt 0.742144 0.569475
vt 0.742246 0.548757
vt 0.742307 0.527827
vt 0.721455 0.528024
vt 0.742269 0.506786
vt 0.721395 0.506908
vt 0.700395 0.528212
vt 0.700309 0.507031
vt 0.700148 0.485851
vt 0.678967 0.485937
vt 0.721208 0.485793
vt 0.720961 0.464792
vt 0.699960 0.464791
vt 0.678844 0.464852
vt 0.742061 0.485747
vt 0.762655 0.485700
vt 0.762277 0.464840
vt 0.741755 0.464818
vt 0.741411 0.444102
vt 0.720693 0.444000
vt 0.761828 0.444203
vt 0.761368 0.423911
vt 0.741072 0.423688
vt 0.720431 0.423480
vt 0.699762 0.443940
vt 0.678721 0.443977
vt 0.699568 0.423346
vt 0.678601 0.423360
vt 0.782994 0.485645
vt 0.803162 0.485581
vt 0.802517 0.464833
vt 0.782508 0.464846
vt 0.823341 0.485507
vt 0.843834 0.485418
vt 0.842700 0.464733
vt 0.822480 0.464799
vt 0.821193 0.444340
vt 0.801618 0.444331
vt 0.840916 0.444300
vt 0.838537 0.424315
vt 0.819563 0.424326
vt 0.800556 0.424261
vt 0.781883 0.444285
vt 0.781197 0.424119
vt 0.780515 0.404538
vt 0.760928 0.404085
vt 0.799439 0.404850
vt 0.798524 0.386318
vt 0.779982 0.385620
vt 0.760560 0.384730
vt 0.817709 0.404977
vt 0.835637 0.404990
vt 0.832359 0.386837
vt 0.815922 0.386719
vt 0.814510 0.370144
vt 0.797919 0.368926
vt 0.828898 0.370502
vt 0.825983 0.358536
vt 0.813984 0.355761
vt 0.797609 0.352491
vt 0.779642 0.367352
vt 0.760272 0.365724
vt 0.779420 0.349425
vt 0.760062 0.346752
vt 0.699385 0.403008
vt 0.678482 0.402988
vt 0.720188 0.403250
vt 0.719967 0.383242
vt 0.699213 0.382841
vt 0.678364 0.382775
vt 0.740756 0.403636
vt 0.740478 0.383902
vt 0.740240 0.364329
vt 0.719768 0.363281
vt 0.740051 0.344606
vt 0.719598 0.343061
vt 0.699051 0.362662
vt 0.678245 0.362535
vt 0.698901 0.342169
vt 0.678125 0.341964
vt 0.534598 0.487195
vt 0.514104 0.487345
vt 0.554776 0.487033
vt 0.555178 0.466279
vt 0.535216 0.466478
vt 0.514996 0.466649
vt 0.574943 0.486861
vt 0.595281 0.486678
vt 0.595415 0.465815
vt 0.575186 0.466058
vt 0.575571 0.445490
vt 0.555838 0.445768
vt 0.595624 0.445175
vt 0.595846 0.424878
vt 0.576021 0.425318
vt 0.556665 0.425687
vt 0.536264 0.446006
vt 0.516542 0.446195
vt 0.537660 0.425974
vt 0.518688 0.426184
vt 0.615875 0.486484
vt 0.636726 0.486287
vt 0.636728 0.465285
vt 0.615936 0.465554
vt 0.657786 0.486098
vt 0.657728 0.465038
vt 0.657682 0.444185
vt 0.636753 0.444491
vt 0.657635 0.423591
vt 0.636775 0.423969
vt 0.616038 0.444835
vt 0.616138 0.424419
vt 0.616220 0.404363
vt 0.596054 0.405049
vt 0.636782 0.403738
vt 0.636769 0.383729
vt 0.616267 0.384628
vt 0.596197 0.385690
vt 0.657580 0.403252
vt 0.657517 0.383085
vt 0.657443 0.362906
vt 0.636734 0.363766
vt 0.657353 0.342412
vt 0.636668 0.343546
vt 0.616276 0.365053
vt 0.596262 0.366683
vt 0.616235 0.345330
vt 0.596250 0.347710
vt 0.539287 0.406604
vt 0.521361 0.406826
vt 0.557555 0.406264
vt 0.558253 0.387722
vt 0.540861 0.388327
vt 0.524426 0.388637
vt 0.576474 0.405731
vt 0.576786 0.386807
vt 0.576912 0.368537
vt 0.558655 0.370324
vt 0.576925 0.350609
vt 0.558773 0.353887
vt 0.542079 0.371736
vt 0.527697 0.372262
vt 0.542437 0.357348
vt 0.530471 0.360263
vt 0.982618 0.980003
vt 0.985418 0.968010
vt 0.971035 0.968506
vt 0.970647 0.982893
vt 0.988723 0.951642
vt 0.972287 0.951918
vt 0.954894 0.952486
vt 0.954456 0.969883
vt 0.954304 0.986320
vt 0.991827 0.933459
vt 0.973900 0.933644
vt 0.994540 0.914107
vt 0.975568 0.914278
vt 0.956562 0.914525
vt 0.955631 0.933946
vt 0.936712 0.934440
vt 0.936360 0.953362
vt 0.937206 0.914854
vt 0.917379 0.915252
vt 0.917130 0.935081
vt 0.916947 0.954439
vt 0.936195 0.971633
vt 0.936145 0.989560
vt 0.916842 0.973446
vt 0.916814 0.992419
vt 0.996728 0.894101
vt 0.977005 0.894249
vt 0.998316 0.873651
vt 0.978096 0.873779
vt 0.958134 0.873936
vt 0.957431 0.894446
vt 0.999252 0.852956
vt 0.978758 0.853063
vt 0.999500 0.832181
vt 0.978928 0.832258
vt 0.958688 0.832334
vt 0.958579 0.853183
vt 0.938412 0.853313
vt 0.938126 0.874115
vt 0.938475 0.832410
vt 0.918103 0.832486
vt 0.918073 0.853453
vt 0.917896 0.874316
vt 0.937697 0.894682
vt 0.917644 0.894956
vt 0.897229 0.895252
vt 0.897086 0.915669
vt 0.897375 0.874534
vt 0.876582 0.874760
vt 0.876513 0.895554
vt 0.876448 0.916076
vt 0.897479 0.853604
vt 0.897485 0.832563
vt 0.876611 0.832642
vt 0.876627 0.853758
vt 0.855567 0.853902
vt 0.855581 0.874963
vt 0.855525 0.832721
vt 0.834307 0.832800
vt 0.834386 0.854019
vt 0.834466 0.875105
vt 0.855584 0.895815
vt 0.855588 0.916410
vt 0.834544 0.895979
vt 0.834621 0.916597
vt 0.896825 0.975034
vt 0.896824 0.994757
vt 0.896874 0.955459
vt 0.876371 0.956315
vt 0.876363 0.976278
vt 0.876387 0.996499
vt 0.896963 0.935724
vt 0.876399 0.936307
vt 0.855600 0.936749
vt 0.855621 0.956916
vt 0.834698 0.936969
vt 0.834773 0.957182
vt 0.855653 0.977095
vt 0.855700 0.997589
vt 0.834849 0.977422
vt 0.834927 0.997994
vt 0.999096 0.811407
vt 0.978602 0.811454
vt 0.998005 0.790720
vt 0.977785 0.790744
vt 0.957822 0.790736
vt 0.958423 0.811486
vt 0.996264 0.770283
vt 0.976540 0.770283
vt 0.993926 0.750293
vt 0.974952 0.750265
vt 0.955945 0.750160
vt 0.956965 0.770233
vt 0.937230 0.770145
vt 0.937813 0.790708
vt 0.936587 0.749977
vt 0.916758 0.749728
vt 0.917175 0.770021
vt 0.917582 0.790659
vt 0.938255 0.811507
vt 0.917916 0.811520
vt 0.991067 0.730962
vt 0.973139 0.730912
vt 0.987827 0.712803
vt 0.971390 0.712651
vt 0.953992 0.712213
vt 0.954869 0.730747
vt 0.984399 0.696460
vt 0.970012 0.696073
vt 0.981510 0.684489
vt 0.969517 0.681689
vt 0.953148 0.678384
vt 0.953424 0.694820
vt 0.935150 0.693208
vt 0.935452 0.711476
vt 0.934966 0.675281
vt 0.915614 0.672567
vt 0.915784 0.691540
vt 0.916032 0.710546
vt 0.935946 0.730396
vt 0.916360 0.729901
vt 0.896188 0.729410
vt 0.896462 0.749463
vt 0.895952 0.709676
vt 0.875443 0.708973
vt 0.875621 0.728981
vt 0.875822 0.749211
vt 0.895755 0.690102
vt 0.895607 0.670379
vt 0.875157 0.668791
vt 0.875285 0.689011
vt 0.854569 0.688349
vt 0.854689 0.708528
vt 0.854462 0.667856
vt 0.833687 0.667607
vt 0.833764 0.688179
vt 0.833840 0.708419
vt 0.854819 0.728695
vt 0.854960 0.749034
vt 0.833916 0.728632
vt 0.833992 0.749004
vt 0.897321 0.811524
vt 0.897060 0.790594
vt 0.876266 0.790525
vt 0.876469 0.811526
vt 0.896759 0.769878
vt 0.876041 0.769732
vt 0.855110 0.769628
vt 0.855264 0.790480
vt 0.834070 0.769622
vt 0.834148 0.790496
vt 0.855408 0.811540
vt 0.834227 0.811582
vt 0.813046 0.811699
vt 0.813088 0.832880
vt 0.813032 0.790638
vt 0.792031 0.790841
vt 0.791986 0.811843
vt 0.792002 0.832959
vt 0.813030 0.769786
vt 0.813026 0.749191
vt 0.792166 0.749525
vt 0.792101 0.770047
vt 0.771384 0.770349
vt 0.771239 0.791067
vt 0.771528 0.749932
vt 0.751235 0.750349
vt 0.750970 0.770645
vt 0.750718 0.791285
vt 0.771134 0.811997
vt 0.771128 0.833038
vt 0.750540 0.812148
vt 0.750510 0.833115
vt 0.813014 0.728852
vt 0.812992 0.708685
vt 0.792243 0.709285
vt 0.792214 0.729294
vt 0.812961 0.688505
vt 0.812914 0.668011
vt 0.792227 0.669102
vt 0.792250 0.689323
vt 0.771789 0.690567
vt 0.771739 0.710142
vt 0.771790 0.670844
vt 0.751800 0.673182
vt 0.751772 0.692155
vt 0.751667 0.711162
vt 0.771651 0.729877
vt 0.751484 0.730520
vt 0.731902 0.731161
vt 0.731408 0.750747
vt 0.732254 0.712238
vt 0.713719 0.713115
vt 0.712982 0.731655
vt 0.712052 0.751076
vt 0.732419 0.693968
vt 0.732469 0.676040
vt 0.714310 0.679281
vt 0.714157 0.695718
vt 0.697579 0.697095
vt 0.696326 0.713683
vt 0.697967 0.682708
vt 0.685995 0.685598
vt 0.683195 0.697591
vt 0.679891 0.713959
vt 0.694714 0.731957
vt 0.693046 0.751323
vt 0.676787 0.732142
vt 0.674073 0.751494
vt 0.730202 0.812288
vt 0.730138 0.833191
vt 0.730488 0.791486
vt 0.710480 0.791665
vt 0.710034 0.812418
vt 0.709925 0.833267
vt 0.730916 0.770919
vt 0.711182 0.771155
vt 0.691608 0.771352
vt 0.690517 0.791822
vt 0.671885 0.771500
vt 0.670297 0.791950
vt 0.689856 0.812538
vt 0.689685 0.833343
vt 0.669362 0.812645
vt 0.669113 0.833420
vt 0.814044 0.977252
vt 0.814151 0.997745
vt 0.813924 0.957073
vt 0.793171 0.956628
vt 0.793328 0.976590
vt 0.793457 0.996810
vt 0.813794 0.936906
vt 0.813654 0.916567
vt 0.792792 0.916389
vt 0.792992 0.936619
vt 0.772425 0.936191
vt 0.772661 0.955925
vt 0.772151 0.916138
vt 0.751856 0.915873
vt 0.752254 0.935699
vt 0.752582 0.955055
vt 0.772858 0.975499
vt 0.773007 0.995222
vt 0.752830 0.974061
vt 0.753000 0.993034
vt 0.813504 0.895973
vt 0.813349 0.875121
vt 0.792348 0.875076
vt 0.792573 0.895869
vt 0.813205 0.854061
vt 0.792145 0.854075
vt 0.771292 0.854077
vt 0.771554 0.875006
vt 0.750698 0.854081
vt 0.751032 0.874942
vt 0.771855 0.895723
vt 0.751438 0.895580
vt 0.731383 0.895456
vt 0.732027 0.915624
vt 0.730801 0.874893
vt 0.710792 0.874864
vt 0.711648 0.895368
vt 0.712669 0.915441
vt 0.730358 0.854094
vt 0.710191 0.854115
vt 0.690012 0.854147
vt 0.690829 0.874857
vt 0.669518 0.854194
vt 0.670609 0.874881
vt 0.692074 0.895318
vt 0.693661 0.915336
vt 0.672350 0.895318
vt 0.674688 0.915308
vt 0.733463 0.972393
vt 0.733648 0.990320
vt 0.733161 0.954125
vt 0.714621 0.953388
vt 0.715189 0.970781
vt 0.715465 0.987217
vt 0.732668 0.935205
vt 0.713745 0.934854
vt 0.695475 0.934689
vt 0.697224 0.952950
vt 0.677547 0.934639
vt 0.680787 0.952798
vt 0.698601 0.969528
vt 0.699097 0.983912
vt 0.684214 0.969140
vt 0.687104 0.981112
s 1
f 1/1/1 2/2/2 3/3/3
f 1/1/1 3/3/3 4/4/4
f 2/2/2 5/5/5 6/6/6
f 2/2/2 6/6/6 3/3/3
f 3/3/3 6/6/6 7/7/7
f 3/3/3 7/7/7 8/8/8
f 4/4/4 3/3/3 8/8/8
f 4/4/4 8/8/8 9/9/9
f 5/5/5 10/10/10 11/11/11
f 5/5/5 11/11/11 6/6/6
f 10/10/10 12/12/12 13/13/13
f 10/10/10 13/13/13 11/11/11
f 11/11/11 13/13/13 14/14/14
f 11/11/11 14/14/14 15/15/15
f 6/6/6 11/11/11 15/15/15
f 6/6/6 15/15/15 7/7/7
f 7/7/7 15/15/15 16/16/16
f 7/7/7 16/16/16 17/17/17
f 15/15/15 14/14/14 18/18/18
f 15/15/15 18/18/18 16/16/16
f 16/16/16 18/18/18 19/19/19
f 16/16/16 19/19/19 20/20/20
f 17/17/17 16/16/16 20/20/20
f 17/17/17 20/20/20 21/21/21
f 9/9/9 8/8/8 22/22/22
f 9/9/9 22/22/22 23/23/23
f 8/8/8 7/7/7 17/17/17
f 8/8/8 17/17/17 22/22/22
f 22/22/22 17/17/17 21/21/21
f 22/22/22 21/21/21 24/24/24
f 23/23/23 22/22/22 24/24/24
f 23/23/23 24/24/24 25/25/25
f 12/12/12 26/26/26 27/27/27
f 12/12/12 27/27/27 13/13/13
f 26/26/26 28/28/28 29/29/29
f 26/26/26 29/29/29 27/27/27
f 27/27/27 29/29/29 30/30/30
f 27/27/27 30/30/30 31/31/31
f 13/13/13 27/27/27 31/31/31
f 13/13/13 31/31/31 14/14/14
f 28/28/28 32/32/32 33/33/33
f 28/28/28 33/33/33 29/29/29
f 32/32/32 34/34/34 35/35/35
f 32/32/32 35/35/35 33/33/33
f 33/33/33 35/35/35 36/36/36
f 33/33/33 36/36/36 37/37/37
f 29/29/29 33/33/33 37/37/37
f 29/29/29 37/37/37 30/30/30
f 30/30/30 37/37/37 38/38/38
f 30/30/30 38/38/38 39/39/39
f 37/37/37 36/36/36 40/40/40
f 37/37/37 40/40/40 38/38/38
f 38/38/38 40/40/40 41/41/41
f 38/38/38 41/41/41 42/42/42
f 39/39/39 38/38/38 42/42/42
f 39/39/39 42/42/42 43/43/43
f 14/14/14 31/31/31 44/44/44
f 14/14/14 44/44/44 18/18/18
f 31/31/31 30/30/30 39/39/39
f 31/31/31 39/39/39 44/44/44
f 44/44/44 39/39/39 43/43/43
f 44/44/44 43/43/43 45/45/45
f 18/18/18 44/44/44 45/45/45
f 18/18/18 45/45/45 19/19/19
f 19/19/19 45/45/45 46/46/46
f 19/19/19 46/46/46 47/47/47
f 45/45/45 43/43/43 48/48/48
f 45/45/45 48/48/48 46/46/46
f 46/46/46 48/48/48 49/49/49
f 46/46/46 49/49/49 50/50/50
f 47/47/47 46/46/46 50/50/50
f 47/47/47 50/50/50 51/51/51
f 43/43/43 42/42/42 52/52/52
f 43/43/43 52/52/52 48/48/48
f 42/42/42 41/41/41 53/53/53
f 42/42/42 53/53/53 52/52/52
f 52/52/52 53/53/53 54/54/54
f 52/52/52 54/54/54 55/55/55
f 48/48/48 52/52/52 55/55/55
f 48/48/48 55/55/55 49/49/49
f 49/49/49 55/55/55 56/56/56
f 49/49/49 56/56/56 57/57/57
f 55/55/55 54/54/54 58/58/58
f 55/55/55 58/58/58 56/56/56
f 56/56/56 58/58/58 59/59/59
f 56/56/56 59/59/59 60/60/60
f 57/57/57 56/56/56 60/60/60
f 57/57/57 60/60/60 61/61/61
f 51/51/51 50/50/50 62/62/62
f 51/51/51 62/62/62 63/63/63
f 50/50/50 49/49/49 57/57/57
f 50/50/50 57/57/57 62/62/62
f 62/62/62 57/57/57 61/61/61
f 62/62/62 61/61/61 64/64/64
f 63/63/63 62/62/62 64/64/64
f 63/63/63 64/64/64 65/65/65
f 25/25/25 24/24/24 66/66/66
f 25/25/25 66/66/66 67/67/67
f 24/24/24 21/21/21 68/68/68
f 24/24/24 68/68/68 66/66/66
f 66/66/66 68/68/68 69/69/69
f 66/66/66 69/69/69 70/70/70
f 67/67/67 66/66/66 70/70/70
f 67/67/67 70/70/70 71/71/71
f 21/21/21 20/20/20 72/72/72
f 21/21/21 72/72/72 68/68/68
f 20/20/20 19/19/19 47/47/47
f 20/20/20 47/47/47 72/72/72
f 72/72/72 47/47/47 51/51/51
f 72/72/72 51/51/51 73/73/73
f 68/68/68 72/72/72 73/73/73
f 68/68/68 73/73/73 69/69/69
f 69/69/69 73/73/73 74/74/74
f 69/69/69 74/74/74 75/75/75
f 73/73/73 51/51/51 63/63/63
f 73/73/73 63/63/63 74/74/74
f 74/74/74 63/63/63 65/65/65
f 74/74/74 65/65/65 76/76/76
f 75/75/75 74/74/74 76/76/76
f 75/75/75 76/76/76 77/77/77
f 71/71/71 70/70/70 78/78/78
f 71/71/71 78/78/78 79/79/79
f 70/70/70 69/69/69 75/75/75
f 70/70/70 75/75/75 78/78/78
f 78/78/78 75/75/75 77/77/77
f 78/78/78 77/77/77 80/80/80
f 79/79/79 78/78/78 80/80/80
f 79/79/79 80/80/80 81/81/81
f 34/34/34 82/82/82 83/83/83
f 34/34/34 83/83/83 35/35/35
f 82/82/82 84/84/84 85/85/85
f 82/82/82 85/85/85 83/83/83
f 83/83/83 85/85/85 86/86/86
f 83/83/83 86/86/86 87/87/87
f 35/35/35 83/83/83 87/87/87
f 35/35/35 87/87/87 36/36/36
f 84/84/84 88/88/88 89/89/89
f 84/84/84 89/89/89 85/85/85
f 88/88/88 90/90/90 91/91/91
f 88/88/88 91/91/91 89/89/89
f 89/89/89 91/91/91 92/92/92
f 89/89/89 92/92/92 93/93/93
f 85/85/85 89/89/89 93/93/93
f 85/85/85 93/93/93 86/86/86
f 86/86/86 93/93/93 94/94/94
f 86/86/86 94/94/94 95/95/95
f 93/93/93 92/92/92 96/96/96
f 93/93/93 96/96/96 94/94/94
f 94/94/94 96/96/96 97/97/97
f 94/94/94 97/97/97 98/98/98
f 95/95/95 94/94/94 98/98/98
f 95/95/95 98/98/98 99/99/99
f 36/36/36 87/87/87 100/100/100
f 36/36/36 100/100/100 40/40/40
f 87/87/87 86/86/86 95/95/95
f 87/87/87 95/95/95 100/100/100
f 100/100/100 95/95/95 99/99/99
f 100/100/100 99/99/99 101/101/101
f 40/40/40 100/100/100 101/101/101
f 40/40/40 101/101/101 41/41/41
f 90/90/90 102/102/102 103/103/103
f 90/90/90 103/103/103 91/91/91
f 102/102/102 104/104/104 105/105/105
f 102/102/102 105/105/105 103/103/103
f 103/103/103 105/105/105 106/106/106
f 103/103/103 106/106/106 107/107/107
f 91/91/91 103/103/103 107/107/107
f 91/91/91 107/107/107 92/92/92
f 104/104/104 108/108/108 109/109/109
f 104/104/104 109/109/109 105/105/105
f 108/108/108 110/110/110 111/111/111
f 108/108/108 111/111/111 109/109/109
f 109/109/109 111/111/111 112/112/112
f 109/109/109 112/112/112 113/113/113
f 105/105/105 109/109/109 113/113/113
f 105/105/105 113/113/113 106/106/106
f 106/106/106 113/113/113 114/114/114
f 106/106/106 114/114/114 115/115/115
f 113/113/113 112/112/112 116/116/116
f 113/113/113 116/116/116 114/114/114
f 114/114/114 116/116/116 117/117/117
f 114/114/114 117/117/117 118/118/118
f 115/115/115 114/114/114 118/118/118
f 115/115/115 118/118/118 119/119/119
f 92/92/92 107/107/107 120/120/120
f 92/92/92 120/120/120 96/96/96
f 107/107/107 106/106/106 115/115/115
f 107/107/107 115/115/115 120/120/120
f 120/120/120 115/115/115 119/119/119
f 120/120/120 119/119/119 121/121/121
f 96/96/96 120/120/120 121/121/121
f 96/96/96 121/121/121 97/97/97
f 97/97/97 121/121/121 122/122/122
f 97/97/97 122/122/122 123/123/123
f 121/121/121 119/119/119 124/124/124
f 121/121/121 124/124/124 122/122/122
f 122/122/122 124/124/124 125/125/125
f 122/122/122 125/125/125 126/126/126
f 123/123/123 122/122/122 126/126/126
f 123/123/123 126/126/126 127/127/127
f 119/119/119 118/118/118 128/128/128
f 119/119/119 128/128/128 124/124/124
f 118/118/118 117/117/117 129/129/129
f 118/118/118 129/129/129 128/128/128
f 128/128/128 129/129/129 130/130/130
f 128/128/128 130/130/130 131/131/131
f 124/124/124 128/128/128 131/131/131
f 124/124/124 131/131/131 125/125/125
f 125/125/125 131/131/131 132/132/132
f 125/125/125 132/132/132 133/133/133
f 131/131/131 130/130/130 134/134/134
f 131/131/131 134/134/134 132/132/132
f 132/132/132 134/134/134 135/135/135
f 132/132/132 135/135/135 136/136/136
f 133/133/133 132/132/132 136/136/136
f 133/133/133 136/136/136 137/137/137
f 127/127/127 126/126/126 138/138/138
f 127/127/127 138/138/138 139/139/139
f 126/126/126 125/125/125 133/133/133
f 126/126/126 133/133/133 138/138/138
f 138/138/138 133/133/133 137/137/137
f 138/138/138 137/137/137 140/140/140
f 139/139/139 138/138/138 140/140/140
f 139/139/139 140/140/140 141/141/141
f 41/41/41 101/101/101 142/142/142
f 41/41/41 142/142/142 53/53/53
f 101/101/101 99/99/99 143/143/143
f 101/101/101 143/143/143 142/142/142
f 142/142/142 143/143/143 144/144/144
f 142/142/142 144/144/144 145/145/145
f 53/53/53 142/142/142 145/145/145
f 53/53/53 145/145/145 54/54/54
f 99/99/99 98/98/98 146/146/146
f 99/99/99 146/146/146 143/143/143
f 98/98/98 97/97/97 123/123/123
f 98/98/98 123/123/123 146/146/146
f 146/146/146 123/123/123 127/127/127
f 146/146/146 127/127/127 147/147/147
f 143/143/143 146/146/146 147/147/147
f 143/143/143 147/147/147 144/144/144
f 144/144/144 147/147/147 148/148/148
f 144/144/144 148/148/148 149/149/149
f 147/147/147 127/127/127 139/139/139
f 147/147/147 139/139/139 148/148/148
f 148/148/148 139/139/139 141/141/141
f 148/148/148 141/141/141 150/150/150
f 149/149/149 148/148/148 150/150/150
f 149/149/149 150/150/150 151/151/151
f 54/54/54 145/145/145 152/152/152
f 54/54/54 152/152/152 58/58/58
f 145/145/145 144/144/144 149/149/149
f 145/145/145 149/149/149 152/152/152
f 152/152/152 149/149/149 151/151/151
f 152/152/152 151/151/151 153/153/153
f 58/58/58 152/152/152 153/153/153
f 58/58/58 153/153/153 59/59/59
f 59/59/59 153/153/153 154/154/154
f 59/59/59 154/154/154 155/155/155
f 153/153/153 151/151/151 156/156/156
f 153/153/153 156/156/156 154/154/154
f 154/154/154 156/156/156 157/157/157
f 154/154/154 157/157/157 158/158/158
f 155/155/155 154/154/154 158/158/158
f 155/155/155 158/158/158 159/159/159
f 151/151/151 150/150/150 160/160/160
f 151/151/151 160/160/160 156/156/156
f 150/150/150 141/141/141 161/161/161
f 150/150/150 161/161/161 160/160/160
f 160/160/160 161/161/161 162/162/162
f 160/160/160 162/162/162 163/163/163
f 156/156/156 160/160/160 163/163/163
f 156/156/156 163/163/163 157/157/157
f 157/157/157 163/163/163 164/164/164
f 157/157/157 164/164/164 165/165/165
f 163/163/163 162/162/162 166/166/166
f 163/163/163 166/166/166 164/164/164
f 164/164/164 166/166/166 167/167/167
f 164/164/164 167/167/167 168/168/168
f 165/165/165 164/164/164 168/168/168
f 165/165/165 168/168/168 169/169/169
f 159/159/159 158/158/158 170/170/170
f 159/159/159 170/170/170 171/171/171
f 158/158/158 157/157/157 165/165/165
f 158/158/158 165/165/165 170/170/170
f 170/170/170 165/165/165 169/169/169
f 170/170/170 169/169/169 172/172/172
f 171/171/171 170/170/170 172/172/172
f 171/171/171 172/172/172 173/173/173
f 141/141/141 140/140/140 174/174/174
f 141/141/141 174/174/174 161/161/161
f 140/140/140 137/137/137 175/175/175
f 140/140/140 175/175/175 174/174/174
f 174/174/174 175/175/175 176/176/176
f 174/174/174 176/176/176 177/177/177
f 161/161/161 174/174/174 177/177/177
f 161/161/161 177/177/177 162/162/162
f 137/137/137 136/136/136 178/178/178
f 137/137/137 178/178/178 175/175/175
f 136/136/136 135/135/135 179/179/179
f 136/136/136 179/179/179 178/178/178
f 178/178/178 179/179/179 180/180/180
f 178/178/178 180/180/180 181/181/181
f 175/175/175 178/178/178 181/181/181
f 175/175/175 181/181/181 176/176/176
f 176/176/176 181/181/181 182/182/182
f 176/176/176 182/182/182 183/183/183
f 181/181/181 180/180/180 184/184/184
f 181/181/181 184/184/184 182/182/182
f 182/182/182 184/184/184 185/185/185
f 182/182/182 185/185/185 186/186/186
f 183/183/183 182/182/182 186/186/186
f 183/183/183 186/186/186 187/187/187
f 162/162/162 177/177/177 188/188/188
f 162/162/162 188/188/188 166/166/166
f 177/177/177 176/176/176 183/183/183
f 177/177/177 183/183/183 188/188/188
f 188/188/188 183/183/183 187/187/187
f 188/188/188 187/187/187 189/189/189
f 166/166/166 188/188/188 189/189/189
f 166/166/166 189/189/189 167/167/167
f 167/167/167 189/189/189 190/190/190
f 167/167/167 190/190/190 191/191/191
f 189/189/189 187/187/187 192/192/192
f 189/189/189 192/192/192 190/190/190
f 190/190/190 192/192/192 193/193/193
f 190/190/190 193/193/193 194/194/194
f 191/191/191 190/190/190 194/194/194
f 191/191/191 194/194/194 195/195/195
f 187/187/187 186/186/186 196/196/196
f 187/187/187 196/196/196 192/192/192
f 186/186/186 185/185/185 197/197/197
f 186/186/186 197/197/197 196/196/196
f 196/196/196 197/197/197 198/198/198
f 196/196/196 198/198/198 199/199/199
f 192/192/192 196/196/196 199/199/199
f 192/192/192 199/199/199 193/193/193
f 193/193/193 199/199/199 200/200/200
f 193/193/193 200/200/200 201/201/201
f 199/199/199 198/198/198 202/202/202
f 199/199/199 202/202/202 200/200/200
f 200/200/200 202/202/202 203/203/203
f 200/200/200 203/203/203 204/204/204
f 201/201/201 200/200/200 204/204/204
f 201/201/201 204/204/204 205/205/205
f 195/195/195 194/194/194 206/206/206
f 195/195/195 206/206/206 207/207/207
f 194/194/194 193/193/193 201/201/201
f 194/194/194 201/201/201 206/206/206
f 206/206/206 201/201/201 205/205/205
f 206/206/206 205/205/205 208/208/208
f 207/207/207 206/206/206 208/208/208
f 207/207/207 208/208/208 209/209/209
f 173/173/173 172/172/172 210/210/210
f 173/173/173 210/210/210 211/211/211
f 172/172/172 169/169/169 212/212/212
f 172/172/172 212/212/212 210/210/210
f 210/210/210 212/212/212 213/213/213
f 210/210/210 213/213/213 214/214/214
f 211/211/211 210/210/210 214/214/214
f 211/211/211 214/214/214 215/215/215
f 169/169/169 168/168/168 216/216/216
f 169/169/169 216/216/216 212/212/212
f 168/168/168 167/167/167 191/191/191
f 168/168/168 191/191/191 216/216/216
f 216/216/216 191/191/191 195/195/195
f 216/216/216 195/195/195 217/217/217
f 212/212/212 216/216/216 217/217/217
f 212/212/212 217/217/217 213/213/213
f 213/213/213 217/217/217 218/218/218
f 213/213/213 218/218/218 219/219/219
f 217/217/217 195/195/195 207/207/207
f 217/217/217 207/207/207 218/218/218
f 218/218/218 207/207/207 209/209/209
f 218/218/218 209/209/209 220/220/220
f 219/219/219 218/218/218 220/220/220
f 219/219/219 220/220/220 221/221/221
f 215/215/215 214/214/214 222/222/222
f 215/215/215 222/222/222 223/223/223
f 214/214/214 213/213/213 219/219/219
f 214/214/214 219/219/219 222/222/222
f 222/222/222 219/219/219 221/221/221
f 222/222/222 221/221/221 224/224/224
f 223/223/223 222/222/222 224/224/224
f 223/223/223 224/224/224 225/225/225
f 81/81/81 80/80/80 226/226/226
f 81/81/81 226/226/226 227/227/227
f 80/80/80 77/77/77 228/228/228
f 80/80/80 228/228/228 226/226/226
f 226/226/226 228/228/228 229/229/229
f 226/226/226 229/229/229 230/230/230
f 227/227/227 226/226/226 230/230/230
f 227/227/227 230/230/230 231/231/231
f 77/77/77 76/76/76 232/232/232
f 77/77/77 232/232/232 228/228/228
f 76/76/76 65/65/65 233/233/233
f 76/76/76 233/233/233 232/232/232
f 232/232/232 233/233/233 234/234/234
f 232/232/232 234/234/234 235/235/235
f 228/228/228 232/232/232 235/235/235
f 228/228/228 235/235/235 229/229/229
f 229/229/229 235/235/235 236/236/236
f 229/229/229 236/236/236 237/237/237
f 235/235/235 234/234/234 238/238/238
f 235/235/235 238/238/238 236/236/236
f 236/236/236 238/238/238 239/239/239
f 236/236/236 239/239/239 240/240/240
f 237/237/237 236/236/236 240/240/240
f 237/237/237 240/240/240 241/241/241
f 231/231/231 230/230/230 242/242/242
f 231/231/231 242/242/242 243/243/243
f 230/230/230 229/229/229 237/237/237
f 230/230/230 237/237/237 242/242/242
f 242/242/242 237/237/237 241/241/241
f 242/242/242 241/241/241 244/244/244
f 243/243/243 242/242/242 244/244/244
f 243/243/243 244/244/244 245/245/245
f 65/65/65 64/64/64 246/246/246
f 65/65/65 246/246/246 233/233/233
f 64/64/64 61/61/61 247/247/247
f 64/64/64 247/247/247 246/246/246
f 246/246/246 247/247/247 248/248/248
f 246/246/246 248/248/248 249/249/249
f 233/233/233 246/246/246 249/249/249
f 233/233/233 249/249/249 234/234/234
f 61/61/61 60/60/60 250/250/250
f 61/61/61 250/250/250 247/247/247
f 60/60/60 59/59/59 155/155/155
f 60/60/60 155/155/155 250/250/250
f 250/250/250 155/155/155 159/159/159
f 250/250/250 159/159/159 251/251/251
f 247/247/247 250/250/250 251/251/251
f 247/247/247 251/251/251 248/248/248
f 248/248/248 251/251/251 252/252/252
f 248/248/248 252/252/252 253/253/253
f 251/251/251 159/159/159 171/171/171
f 251/251/251 171/171/171 252/252/252
f 252/252/252 171/171/171 173/173/173
f 252/252/252 173/173/173 254/254/254
f 253/253/253 252/252/252 254/254/254
f 253/253/253 254/254/254 255/255/255
f 234/234/234 249/249/249 256/256/256
f 234/234/234 256/256/256 238/238/238
f 249/249/249 248/248/248 253/253/253
f 249/249/249 253/253/253 256/256/256
f 256/256/256 253/253/253 255/255/255
f 256/256/256 255/255/255 257/257/257
f 238/238/238 256/256/256 257/257/257
f 238/238/238 257/257/257 239/239/239
f 239/239/239 257/257/257 258/258/258
f 239/239/239 258/258/258 259/259/259
f 257/257/257 255/255/255 260/260/260
f 257/257/257 260/260/260 258/258/258
f 258/258/258 260/260/260 261/261/261
f 258/258/258 261/261/261 262/262/262
f 259/259/259 258/258/258 262/262/262
f 259/259/259 262/262/262 263/263/263
f 255/255/255 254/254/254 264/264/264
f 255/255/255 264/264/264 260/260/260
f 254/254/254 173/173/173 211/211/211
f 254/254/254 211/211/211 264/264/264
f 264/264/264 211/211/211 215/215/215
f 264/264/264 215/215/215 265/265/265
f 260/260/260 264/264/264 265/265/265
f 260/260/260 265/265/265 261/261/261
f 261/261/261 265/265/265 266/266/266
f 261/261/261 266/266/266 267/267/267
f 265/265/265 215/215/215 223/223/223
f 265/265/265 223/223/223 266/266/266
f 266/266/266 223/223/223 225/225/225
f 266/266/266 225/225/225 268/268/268
f 267/267/267 266/266/266 268/268/268
f 267/267/267 268/268/268 269/269/269
f 263/263/263 262/262/262 270/270/270
f 263/263/263 270/270/270 271/271/271
f 262/262/262 261/261/261 267/267/267
f 262/262/262 267/267/267 270/270/270
f 270/270/270 267/267/267 269/269/269
f 270/270/270 269/269/269 272/272/272
f 271/271/271 270/270/270 272/272/272
f 271/271/271 272/272/272 273/273/273
f 245/245/245 244/244/244 274/274/274
f 245/245/245 274/274/274 275/275/275
f 244/244/244 241/241/241 276/276/276
f 244/244/244 276/276/276 274/274/274
f 274/274/274 276/276/276 277/277/277
f 274/274/274 277/277/277 278/278/278
f 275/275/275 274/274/274 278/278/278
f 275/275/275 278/278/278 279/279/279
f 241/241/241 240/240/240 280/280/280
f 241/241/241 280/280/280 276/276/276
f 240/240/240 239/239/239 259/259/259
f 240/240/240 259/259/259 280/280/280
f 280/280/280 259/259/259 263/263/263
f 280/280/280 263/263/263 281/281/281
f 276/276/276 280/280/280 281/281/281
f 276/276/276 281/281/281 277/277/277
f 277/277/277 281/281/281 282/282/282
f 277/277/277 282/282/282 283/283/283
f 281/281/281 263/263/263 271/271/271
f 281/281/281 271/271/271 282/282/282
f 282/282/282 271/271/271 273/273/273
f 282/282/282 273/273/273 284/284/284
f 283/283/283 282/282/282 284/284/284
f 283/283/283 284/284/284 285/285/285
f 279/279/279 278/278/278 286/286/286
f 279/279/279 286/286/286 287/287/287
f 278/278/278 277/277/277 283/283/283
f 278/278/278 283/283/283 286/286/286
f 286/286/286 283/283/283 285/285/285
f 286/286/286 285/285/285 288/288/288
f 287/287/287 286/286/286 288/288/288
f 287/287/287 288/288/288 289/289/289
f 290/290/290 291/291/288 292/292/291
f 290/290/290 292/292/291 293/293/292
f 291/291/288 294/294/285 295/295/293
f 291/291/288 295/295/293 292/292/291
f 292/292/291 295/295/293 296/296/294
f 292/292/291 296/296/294 297/297/295
f 293/293/292 292/292/291 297/297/295
f 293/293/292 297/297/295 298/298/296
f 294/294/285 299/299/297 300/300/298
f 294/294/285 300/300/298 295/295/293
f 299/299/297 301/301/273 302/302/299
f 299/299/297 302/302/299 300/300/298
f 300/300/298 302/302/299 303/303/300
f 300/300/298 303/303/300 304/304/301
f 295/295/293 300/300/298 304/304/301
f 295/295/293 304/304/301 296/296/294
f 296/296/294 304/304/301 305/305/302
f 296/296/294 305/305/302 306/306/303
f 304/304/301 303/303/300 307/307/304
f 304/304/301 307/307/304 305/305/302
f 305/305/302 307/307/304 308/308/305
f 305/305/302 308/308/305 309/309/306
f 306/306/303 305/305/302 309/309/306
f 306/306/303 309/309/306 310/310/307
f 298/298/296 297/297/295 311/311/308
f 298/298/296 311/311/308 312/312/309
f 297/297/295 296/296/294 306/306/303
f 297/297/295 306/306/303 311/311/308
f 311/311/308 306/306/303 310/310/307
f 311/311/308 310/310/307 313/313/310
f 312/312/309 311/311/308 313/313/310
f 312/312/309 313/313/310 314/314/311
f 301/301/273 315/315/272 316/316/312
f 301/301/273 316/316/312 302/302/299
f 315/315/272 317/317/269 318/318/313
f 315/315/272 318/318/313 316/316/312
f 316/316/312 318/318/313 319/319/314
f 316/316/312 319/319/314 320/320/315
f 302/302/299 316/316/312 320/320/315
f 302/302/299 320/320/315 303/303/300
f 317/317/269 321/321/268 322/322/316
f 317/317/269 322/322/316 318/318/313
f 321/321/268 323/323/225 324/324/317
f 321/321/268 324/324/317 322/322/316
f 322/322/316 324/324/317 325/325/318
f 322/322/316 325/325/318 326/326/319
f 318/318/313 322/322/316 326/326/319
f 318/318/313 326/326/319 319/319/314
f 319/319/314 326/326/319 327/327/320
f 319/319/314 327/327/320 328/328/321
f 326/326/319 325/325/318 329/329/322
f 326/326/319 329/329/322 327/327/320
f 327/327/320 329/329/322 330/330/323
f 327/327/320 330/330/323 331/331/324
f 328/328/321 327/327/320 331/331/324
f 328/328/321 331/331/324 332/332/325
f 303/303/300 320/320/315 333/333/326
f 303/303/300 333/333/326 307/307/304
f 320/320/315 319/319/314 328/328/321
f 320/320/315 328/328/321 333/333/326
f 333/333/326 328/328/321 332/332/325
f 333/333/326 332/332/325 334/334/327
f 307/307/304 333/333/326 334/334/327
f 307/307/304 334/334/327 308/308/305
f 308/308/305 334/334/327 335/335/328
f 308/308/305 335/335/328 336/336/329
f 334/334/327 332/332/325 337/337/330
f 334/334/327 337/337/330 335/335/328
f 335/335/328 337/337/330 338/338/331
f 335/335/328 338/338/331 339/339/332
f 336/336/329 335/335/328 339/339/332
f 336/336/329 339/339/332 340/340/333
f 332/332/325 331/331/324 341/341/334
f 332/332/325 341/341/334 337/337/330
f 331/331/324 330/330/323 342/342/335
f 331/331/324 342/342/335 341/341/334
f 341/341/334 342/342/335 343/343/336
f 341/341/334 343/343/336 344/344/337
f 337/337/330 341/341/334 344/344/337
f 337/337/330 344/344/337 338/338/331
f 338/338/331 344/344/337 345/345/338
f 338/338/331 345/345/338 346/346/339
f 344/344/337 343/343/336 347/347/340
f 344/344/337 347/347/340 345/345/338
f 345/345/338 347/347/340 348/348/341
f 345/345/338 348/348/341 349/349/342
f 346/346/339 345/345/338 349/349/342
f 346/346/339 349/349/342 350/350/343
f 340/340/333 339/339/332 351/351/344
f 340/340/333 351/351/344 352/352/345
f 339/339/332 338/338/331 346/346/339
f 339/339/332 346/346/339 351/351/344
f 351/351/344 346/346/339 350/350/343
f 351/351/344 350/350/343 353/353/346
f 352/352/345 351/351/344 353/353/346
f 352/352/345 353/353/346 354/354/347
f 314/314/311 313/313/310 355/355/348
f 314/314/311 355/355/348 356/356/349
f 313/313/310 310/310/307 357/357/350
f 313/313/310 357/357/350 355/355/348
f 355/355/348 357/357/350 358/358/351
f 355/355/348 358/358/351 359/359/352
f 356/356/349 355/355/348 359/359/352
f 356/356/349 359/359/352 360/360/353
f 310/310/307 309/309/306 361/361/354
f 310/310/307 361/361/354 357/357/350
f 309/309/306 308/308/305 336/336/329
f 309/309/306 336/336/329 361/361/354
f 361/361/354 336/336/329 340/340/333
f 361/361/354 340/340/333 362/362/355
f 357/357/350 361/361/354 362/362/355
f 357/357/350 362/362/355 358/358/351
f 358/358/351 362/362/355 363/363/356
f 358/358/351 363/363/356 364/364/357
f 362/362/355 340/340/333 352/352/345
f 362/362/355 352/352/345 363/363/356
f 363/363/356 352/352/345 354/354/347
f 363/363/356 354/354/347 365/365/358
f 364/364/357 363/363/356 365/365/358
f 364/364/357 365/365/358 366/366/359
f 360/360/353 359/359/352 367/367/360
f 360/360/353 367/367/360 368/368/361
f 359/359/352 358/358/351 364/364/357
f 359/359/352 364/364/357 367/367/360
f 367/367/360 364/364/357 366/366/359
f 367/367/360 366/366/359 369/369/362
f 368/368/361 367/367/360 369/369/362
f 368/368/361 369/369/362 370/370/363
f 323/323/225 371/371/224 372/372/364
f 323/323/225 372/372/364 324/324/317
f 371/371/224 373/373/221 374/374/365
f 371/371/224 374/374/365 372/372/364
f 372/372/364 374/374/365 375/375/366
f 372/372/364 375/375/366 376/376/367
f 324/324/317 372/372/364 376/376/367
f 324/324/317 376/376/367 325/325/318
f 373/373/221 377/377/220 378/378/368
f 373/373/221 378/378/368 374/374/365
f 377/377/220 379/379/209 380/380/369
f 377/377/220 380/380/369 378/378/368
f 378/378/368 380/380/369 381/381/370
f 378/378/368 381/381/370 382/382/371
f 374/374/365 378/378/368 382/382/371
f 374/374/365 382/382/371 375/375/366
f 375/375/366 382/382/371 383/383/372
f 375/375/366 383/383/372 384/384/373
f 382/382/371 381/381/370 385/385/374
f 382/382/371 385/385/374 383/383/372
f 383/383/372 385/385/374 386/386/375
f 383/383/372 386/386/375 387/387/376
f 384/384/373 383/383/372 387/387/376
f 384/384/373 387/387/376 388/388/377
f 325/325/318 376/376/367 389/389/378
f 325/325/318 389/389/378 329/329/322
f 376/376/367 375/375/366 384/384/373
f 376/376/367 384/384/373 389/389/378
f 389/389/378 384/384/373 388/388/377
f 389/389/378 388/388/377 390/390/379
f 329/329/322 389/389/378 390/390/379
f 329/329/322 390/390/379 330/330/323
f 379/379/209 391/391/380 392/392/381
f 379/379/209 392/392/381 380/380/369
f 391/391/380 393/393/205 394/394/382
f 391/391/380 394/394/382 392/392/381
f 392/392/381 394/394/382 395/395/383
f 392/392/381 395/395/383 396/396/384
f 380/380/369 392/392/381 396/396/384
f 380/380/369 396/396/384 381/381/370
f 393/393/205 397/397/204 398/398/385
f 393/393/205 398/398/385 394/394/382
f 397/397/204 399/399/386 400/400/387
f 397/397/204 400/400/387 398/398/385
f 398/398/385 400/400/387 401/401/388
f 398/398/385 401/401/388 402/402/389
f 394/394/382 398/398/385 402/402/389
f 394/394/382 402/402/389 395/395/383
f 395/395/383 402/402/389 403/403/390
f 395/395/383 403/403/390 404/404/391
f 402/402/389 401/401/388 405/405/392
f 402/402/389 405/405/392 403/403/390
f 403/403/390 405/405/392 406/406/393
f 403/403/390 406/406/393 407/407/394
f 404/404/391 403/403/390 407/407/394
f 404/404/391 407/407/394 408/408/395
f 381/381/370 396/396/384 409/409/396
f 381/381/370 409/409/396 385/385/374
f 396/396/384 395/395/383 404/404/391
f 396/396/384 404/404/391 409/409/396
f 409/409/396 404/404/391 408/408/395
f 409/409/396 408/408/395 410/410/397
f 385/385/374 409/409/396 410/410/397
f 385/385/374 410/410/397 386/386/375
f 386/386/375 410/410/397 411/411/398
f 386/386/375 411/411/398 412/412/399
f 410/410/397 408/408/395 413/413/400
f 410/410/397 413/413/400 411/411/398
f 411/411/398 413/413/400 414/414/401
f 411/411/398 414/414/401 415/415/402
f 412/412/399 411/411/398 415/415/402
f 412/412/399 415/415/402 416/416/403
f 408/408/395 407/407/394 417/417/404
f 408/408/395 417/417/404 413/413/400
f 407/407/394 406/406/393 418/418/405
f 407/407/394 418/418/405 417/417/404
f 417/417/404 418/418/405 419/419/406
f 417/417/404 419/419/406 420/420/407
f 413/413/400 417/417/404 420/420/407
f 413/413/400 420/420/407 414/414/401
f 414/414/401 420/420/407 421/421/408
f 414/414/401 421/421/408 422/422/409
f 420/420/407 419/419/406 423/423/410
f 420/420/407 423/423/410 421/421/408
f 421/421/408 423/423/410 424/424/411
f 421/421/408 424/424/411 425/425/412
f 422/422/409 421/421/408 425/425/412
f 422/422/409 425/425/412 426/426/413
f 416/416/403 415/415/402 427/427/414
f 416/416/403 427/427/414 428/428/415
f 415/415/402 414/414/401 422/422/409
f 415/415/402 422/422/409 427/427/414
f 427/427/414 422/422/409 426/426/413
f 427/427/414 426/426/413 429/429/416
f 428/428/415 427/427/414 429/429/416
f 428/428/415 429/429/416 430/430/417
f 330/330/323 390/390/379 431/431/418
f 330/330/323 431/431/418 342/342/335
f 390/390/379 388/388/377 432/432/419
f 390/390/379 432/432/419 431/431/418
f 431/431/418 432/432/419 433/433/420
f 431/431/418 433/433/420 434/434/421
f 342/342/335 431/431/418 434/434/421
f 342/342/335 434/434/421 343/343/336
f 388/388/377 387/387/376 435/435/422
f 388/388/377 435/435/422 432/432/419
f 387/387/376 386/386/375 412/412/399
f 387/387/376 412/412/399 435/435/422
f 435/435/422 412/412/399 416/416/403
f 435/435/422 416/416/403 436/436/423
f 432/432/419 435/435/422 436/436/423
f 432/432/419 436/436/423 433/433/420
f 433/433/420 436/436/423 437/437/424
f 433/433/420 437/437/424 438/438/425
f 436/436/423 416/416/403 428/428/415
f 436/436/423 428/428/415 437/437/424
f 437/437/424 428/428/415 430/430/417
f 437/437/424 430/430/417 439/439/426
f 438/438/425 437/437/424 439/439/426
f 438/438/425 439/439/426 440/440/427
f 343/343/336 434/434/421 441/441/428
f 343/343/336 441/441/428 347/347/340
f 434/434/421 433/433/420 438/438/425
f 434/434/421 438/438/425 441/441/428
f 441/441/428 438/438/425 440/440/427
f 441/441/428 440/440/427 442/442/429
f 347/347/340 441/441/428 442/442/429
f 347/347/340 442/442/429 348/348/341
f 348/348/341 442/442/429 443/443/430
f 348/348/341 443/443/430 444/444/431
f 442/442/429 440/440/427 445/445/432
f 442/442/429 445/445/432 443/443/430
f 443/443/430 445/445/432 446/446/433
f 443/443/430 446/446/433 447/447/434
f 444/444/431 443/443/430 447/447/434
f 444/444/431 447/447/434 448/448/435
f 440/440/427 439/439/426 449/449/436
f 440/440/427 449/449/436 445/445/432
f 439/439/426 430/430/417 450/450/437
f 439/439/426 450/450/437 449/449/436
f 449/449/436 450/450/437 451/451/438
f 449/449/436 451/451/438 452/452/439
f 445/445/432 449/449/436 452/452/439
f 445/445/432 452/452/439 446/446/433
f 446/446/433 452/452/439 453/453/440
f 446/446/433 453/453/440 454/454/441
f 452/452/439 451/451/438 455/455/442
f 452/452/439 455/455/442 453/453/440
f 453/453/440 455/455/442 456/456/443
f 453/453/440 456/456/443 457/457/444
f 454/454/441 453/453/440 457/457/444
f 454/454/441 457/457/444 458/458/445
f 448/448/435 447/447/434 459/459/446
f 448/448/435 459/459/446 460/460/447
f 447/447/434 446/446/433 454/454/441
f 447/447/434 454/454/441 459/459/446
f 459/459/446 454/454/441 458/458/445
f 459/459/446 458/458/445 461/461/448
f 460/460/447 459/459/446 461/461/448
f 460/460/447 461/461/448 462/462/449
f 430/430/417 429/429/416 463/463/450
f 430/430/417 463/463/450 450/450/437
f 429/429/416 426/426/413 464/464/451
f 429/429/416 464/464/451 463/463/450
f 463/463/450 464/464/451 465/465/452
f 463/463/450 465/465/452 466/466/453
f 450/450/437 463/463/450 466/466/453
f 450/450/437 466/466/453 451/451/438
f 426/426/413 425/425/412 467/467/454
f 426/426/413 467/467/454 464/464/451
f 425/425/412 424/424/411 468/468/455
f 425/425/412 468/468/455 467/467/454
f 467/467/454 468/468/455 469/469/456
f 467/467/454 469/469/456 470/470/457
f 464/464/451 467/467/454 470/470/457
f 464/464/451 470/470/457 465/465/452
f 465/465/452 470/470/457 471/471/458
f 465/465/452 471/471/458 472/472/459
f 470/470/457 469/469/456 473/473/460
f 470/470/457 473/473/460 471/471/458
f 471/471/458 473/473/460 474/474/461
f 471/471/458 474/474/461 475/475/462
f 472/472/459 471/471/458 475/475/462
f 472/472/459 475/475/462 476/476/463
f 451/451/438 466/466/453 477/477/464
f 451/451/438 477/477/464 455/455/442
f 466/466/453 465/465/452 472/472/459
f 466/466/453 472/472/459 477/477/464
f 477/477/464 472/472/459 476/476/463
f 477/477/464 476/476/463 478/478/465
f 455/455/442 477/477/464 478/478/465
f 455/455/442 478/478/465 456/456/443
f 456/456/443 478/478/465 479/479/466
f 456/456/443 479/479/466 480/480/467
f 478/478/465 476/476/463 481/481/468
f 478/478/465 481/481/468 479/479/466
f 479/479/466 481/481/468 482/482/469
f 479/479/466 482/482/469 483/483/470
f 480/480/467 479/479/466 483/483/470
f 480/480/467 483/483/470 484/484/471
f 476/476/463 475/475/462 485/485/472
f 476/476/463 485/485/472 481/481/468
f 475/475/462 474/474/461 486/486/473
f 475/475/462 486/486/473 485/485/472
f 485/485/472 486/486/473 487/487/474
f 485/485/472 487/487/474 488/488/475
f 481/481/468 485/485/472 488/488/475
f 481/481/468 488/488/475 482/482/469
f 482/482/469 488/488/475 489/489/476
f 482/482/469 489/489/476 490/490/477
f 488/488/475 487/487/474 491/491/478
f 488/488/475 491/491/478 489/489/476
f 489/489/476 491/491/478 492/492/479
f 489/489/476 492/492/479 493/493/480
f 490/490/477 489/489/476 493/493/480
f 490/490/477 493/493/480 494/494/481
f 484/484/471 483/483/470 495/495/482
f 484/484/471 495/495/482 496/496/483
f 483/483/470 482/482/469 490/490/477
f 483/483/470 490/490/477 495/495/482
f 495/495/482 490/490/477 494/494/481
f 495/495/482 494/494/481 497/497/484
f 496/496/483 495/495/482 497/497/484
f 496/496/483 497/497/484 498/498/485
f 462/462/449 461/461/448 499/499/486
f 462/462/449 499/499/486 500/500/487
f 461/461/448 458/458/445 501/501/488
f 461/461/448 501/501/488 499/499/486
f 499/499/486 501/501/488 502/502/489
f 499/499/486 502/502/489 503/503/490
f 500/500/487 499/499/486 503/503/490
f 500/500/487 503/503/490 504/504/491
f 458/458/445 457/457/444 505/505/492
f 458/458/445 505/505/492 501/501/488
f 457/457/444 456/456/443 480/480/467
f 457/457/444 480/480/467 505/505/492
f 505/505/492 480/480/467 484/484/471
f 505/505/492 484/484/471 506/506/493
f 501/501/488 505/505/492 506/506/493
f 501/501/488 506/506/493 502/502/489
f 502/502/489 506/506/493 507/507/494
f 502/502/489 507/507/494 508/508/495
f 506/506/493 484/484/471 496/496/483
f 506/506/493 496/496/483 507/507/494
f 507/507/494 496/496/483 498/498/485
f 507/507/494 498/498/485 509/509/496
f 508/508/495 507/507/494 509/509/496
f 508/508/495 509/509/496 510/510/497
f 504/504/491 503/503/490 511/511/498
f 504/504/491 511/511/498 512/512/499
f 503/503/490 502/502/489 508/508/495
f 503/503/490 508/508/495 511/511/498
f 511/511/498 508/508/495 510/510/497
f 511/511/498 510/510/497 513/513/500
f 512/512/499 511/511/498 513/513/500
f 512/512/499 513/513/500 514/514/501
f 370/370/363 369/369/362 515/515/502
f 370/370/363 515/515/502 516/516/503
f 369/369/362 366/366/359 517/517/504
f 369/369/362 517/517/504 515/515/502
f 515/515/502 517/517/504 518/518/505
f 515/515/502 518/518/505 519/519/506
f 516/516/503 515/515/502 519/519/506
f 516/516/503 519/519/506 520/520/507
f 366/366/359 365/365/358 521/521/508
f 366/366/359 521/521/508 517/517/504
f 365/365/358 354/354/347 522/522/509
f 365/365/358 522/522/509 521/521/508
f 521/521/508 522/522/509 523/523/510
f 521/521/508 523/523/510 524/524/511
f 517/517/504 521/521/508 524/524/511
f 517/517/504 524/524/511 518/518/505
f 518/518/505 524/524/511 525/525/512
f 518/518/505 525/525/512 526/526/513
f 524/524/511 523/523/510 527/527/514
f 524/524/511 527/527/514 525/525/512
f 525/525/512 527/527/514 528/528/515
f 525/525/512 528/528/515 529/529/516
f 526/526/513 525/525/512 529/529/516
f 526/526/513 529/529/516 530/530/517
f 520/520/507 519/519/506 531/531/518
f 520/520/507 531/531/518 532/532/519
f 519/519/506 518/518/505 526/526/513
f 519/519/506 526/526/513 531/531/518
f 531/531/518 526/526/513 530/530/517
f 531/531/518 530/530/517 533/533/520
f 532/532/519 531/531/518 533/533/520
f 532/532/519 533/533/520 534/534/521
f 354/354/347 353/353/346 535/535/522
f 354/354/347 535/535/522 522/522/509
f 353/353/346 350/350/343 536/536/523
f 353/353/346 536/536/523 535/535/522
f 535/535/522 536/536/523 537/537/524
f 535/535/522 537/537/524 538/538/525
f 522/522/509 535/535/522 538/538/525
f 522/522/509 538/538/525 523/523/510
f 350/350/343 349/349/342 539/539/526
f 350/350/343 539/539/526 536/536/523
f 349/349/342 348/348/341 444/444/431
f 349/349/342 444/444/431 539/539/526
f 539/539/526 444/444/431 448/448/435
f 539/539/526 448/448/435 540/540/527
f 536/536/523 539/539/526 540/540/527
f 536/536/523 540/540/527 537/537/524
f 537/537/524 540/540/527 541/541/528
f 537/537/524 541/541/528 542/542/529
f 540/540/527 448/448/435 460/460/447
f 540/540/527 460/460/447 541/541/528
f 541/541/528 460/460/447 462/462/449
f 541/541/528 462/462/449 543/543/530
f 542/542/529 541/541/528 543/543/530
f 542/542/529 543/543/530 544/544/531
f 523/523/510 538/538/525 545/545/532
f 523/523/510 545/545/532 527/527/514
f 538/538/525 537/537/524 542/542/529
f 538/538/525 542/542/529 545/545/532
f 545/545/532 542/542/529 544/544/531
f 545/545/532 544/544/531 546/546/533
f 527/527/514 545/545/532 546/546/533
f 527/527/514 546/546/533 528/528/515
f 528/528/515 546/546/533 547/547/534
f 528/528/515 547/547/534 548/548/535
f 546/546/533 544/544/531 549/549/536
f 546/546/533 549/549/536 547/547/534
f 547/547/534 549/549/536 550/550/537
f 547/547/534 550/550/537 551/551/538
f 548/548/535 547/547/534 551/551/538
f 548/548/535 551/551/538 552/552/539
f 544/544/531 543/543/530 553/553/540
f 544/544/531 553/553/540 549/549/536
f 543/543/530 462/462/449 500/500/487
f 543/543/530 500/500/487 553/553/540
f 553/553/540 500/500/487 504/504/491
f 553/553/540 504/504/491 554/554/541
f 549/549/536 553/553/540 554/554/541
f 549/549/536 554/554/541 550/550/537
f 550/550/537 554/554/541 555/555/542
f 550/550/537 555/555/542 556/556/543
f 554/554/541 504/504/491 512/512/499
f 554/554/541 512/512/499 555/555/542
f 555/555/542 512/512/499 514/514/501
f 555/555/542 514/514/501 557/557/544
f 556/556/543 555/555/542 557/557/544
f 556/556/543 557/557/544 558/558/545
f 552/552/539 551/551/538 559/559/546
f 552/552/539 559/559/546 560/560/547
f 551/551/538 550/550/537 556/556/543
f 551/551/538 556/556/543 559/559/546
f 559/559/546 556/556/543 558/558/545
f 559/559/546 558/558/545 561/561/548
f 560/560/547 559/559/546 561/561/548
f 560/560/547 561/561/548 562/562/549
f 534/534/521 533/533/520 563/563/550
f 534/534/521 563/563/550 564/564/551
f 533/533/520 530/530/517 565/565/552
f 533/533/520 565/565/552 563/563/550
f 563/563/550 565/565/552 566/566/553
f 563/563/550 566/566/553 567/567/554
f 564/564/551 563/563/550 567/567/554
f 564/564/551 567/567/554 568/568/555
f 530/530/517 529/529/516 569/569/556
f 530/530/517 569/569/556 565/565/552
f 529/529/516 528/528/515 548/548/535
f 529/529/516 548/548/535 569/569/556
f 569/569/556 548/548/535 552/552/539
f 569/569/556 552/552/539 570/570/557
f 565/565/552 569/569/556 570/570/557
f 565/565/552 570/570/557 566/566/553
f 566/566/553 570/570/557 571/571/558
f 566/566/553 571/571/558 572/572/559
f 570/570/557 552/552/539 560/560/547
f 570/570/557 560/560/547 571/571/558
f 571/571/558 560/560/547 562/562/549
f 571/571/558 562/562/549 573/573/560
f 572/572/559 571/571/558 573/573/560
f 572/572/559 573/573/560 574/574/561
f 568/568/555 567/567/554 575/575/562
f 568/568/555 575/575/562 576/576/563
f 567/567/554 566/566/553 572/572/559
f 567/567/554 572/572/559 575/575/562
f 575/575/562 572/572/559 574/574/561
f 575/575/562 574/574/561 577/577/564
f 576/576/563 575/575/562 577/577/564
f 576/576/563 577/577/564 578/578/565
f 579/579/566 580/580/567 581/581/568
f 579/579/566 581/581/568 582/582/569
f 580/580/567 583/583/570 584/584/571
f 580/580/567 584/584/571 581/581/568
f 581/581/568 584/584/571 585/585/572
f 581/581/568 585/585/572 586/586/573
f 582/582/569 581/581/568 586/586/573
f 582/582/569 586/586/573 587/587/574
f 583/583/570 588/588/575 589/589/576
f 583/583/570 589/589/576 584/584/571
f 588/588/575 590/590/577 591/591/578
f 588/588/575 591/591/578 589/589/576
f 589/589/576 591/591/578 592/592/579
f 589/589/576 592/592/579 593/593/580
f 584/584/571 589/589/576 593/593/580
f 584/584/571 593/593/580 585/585/572
f 585/585/572 593/593/580 594/594/581
f 585/585/572 594/594/581 595/595/582
f 593/593/580 592/592/579 596/596/583
f 593/593/580 596/596/583 594/594/581
f 594/594/581 596/596/583 597/597/584
f 594/594/581 597/597/584 598/598/585
f 595/595/582 594/594/581 598/598/585
f 595/595/582 598/598/585 599/599/586
f 587/587/574 586/586/573 600/600/587
f 587/587/574 600/600/587 601/601/588
f 586/586/573 585/585/572 595/595/582
f 586/586/573 595/595/582 600/600/587
f 600/600/587 595/595/582 599/599/586
f 600/600/587 599/599/586 602/602/589
f 601/601/588 600/600/587 602/602/589
f 601/601/588 602/602/589 603/603/590
f 590/590/577 604/604/591 605/605/592
f 590/590/577 605/605/592 591/591/578
f 604/604/591 606/606/593 607/607/594
f 604/604/591 607/607/594 605/605/592
f 605/605/592 607/607/594 608/608/595
f 605/605/592 608/608/595 609/609/596
f 591/591/578 605/605/592 609/609/596
f 591/591/578 609/609/596 592/592/579
f 606/606/593 610/610/597 611/611/598
f 606/606/593 611/611/598 607/607/594
f 610/610/597 612/612/599 613/613/600
f 610/610/597 613/613/600 611/611/598
f 611/611/598 613/613/600 614/614/601
f 611/611/598 614/614/601 615/615/602
f 607/607/594 611/611/598 615/615/602
f 607/607/594 615/615/602 608/608/595
f 608/608/595 615/615/602 616/616/603
f 608/608/595 616/616/603 617/617/604
f 615/615/602 614/614/601 618/618/605
f 615/615/602 618/618/605 616/616/603
f 616/616/603 618/618/605 619/619/606
f 616/616/603 619/619/606 620/620/607
f 617/617/604 616/616/603 620/620/607
f 617/617/604 620/620/607 621/621/608
f 592/592/579 609/609/596 622/622/609
f 592/592/579 622/622/609 596/596/583
f 609/609/596 608/608/595 617/617/604
f 609/609/596 617/617/604 622/622/609
f 622/622/609 617/617/604 621/621/608
f 622/622/609 621/621/608 623/623/610
f 596/596/583 622/622/609 623/623/610
f 596/596/583 623/623/610 597/597/584
f 597/597/584 623/623/610 624/624/611
f 597/597/584 624/624/611 625/625/612
f 623/623/610 621/621/608 626/626/613
f 623/623/610 626/626/613 624/624/611
f 624/624/611 626/626/613 627/627/614
f 624/624/611 627/627/614 628/628/615
f 625/625/612 624/624/611 628/628/615
f 625/625/612 628/628/615 629/629/616
f 621/621/608 620/620/607 630/630/617
f 621/621/608 630/630/617 626/626/613
f 620/620/607 619/619/606 631/631/618
f 620/620/607 631/631/618 630/630/617
f 630/630/617 631/631/618 632/632/619
f 630/630/617 632/632/619 633/633/620
f 626/626/613 630/630/617 633/633/620
f 626/626/613 633/633/620 627/627/614
f 627/627/614 633/633/620 634/634/621
f 627/627/614 634/634/621 635/635/622
f 633/633/620 632/632/619 636/636/623
f 633/633/620 636/636/623 634/634/621
f 634/634/621 636/636/623 637/637/624
f 634/634/621 637/637/624 638/638/625
f 635/635/622 634/634/621 638/638/625
f 635/635/622 638/638/625 639/639/626
f 629/629/616 628/628/615 640/640/627
f 629/629/616 640/640/627 641/641/628
f 628/628/615 627/627/614 635/635/622
f 628/628/615 635/635/622 640/640/627
f 640/640/627 635/635/622 639/639/626
f 640/640/627 639/639/626 642/642/629
f 641/641/628 640/640/627 642/642/629
f 641/641/628 642/642/629 643/643/630
f 603/603/590 602/602/589 644/644/631
f 603/603/590 644/644/631 645/645/632
f 602/602/589 599/599/586 646/646/633
f 602/602/589 646/646/633 644/644/631
f 644/644/631 646/646/633 647/647/634
f 644/644/631 647/647/634 648/648/635
f 645/645/632 644/644/631 648/648/635
f 645/645/632 648/648/635 649/649/636
f 599/599/586 598/598/585 650/650/637
f 599/599/586 650/650/637 646/646/633
f 598/598/585 597/597/584 625/625/612
f 598/598/585 625/625/612 650/650/637
f 650/650/637 625/625/612 629/629/616
f 650/650/637 629/629/616 651/651/638
f 646/646/633 650/650/637 651/651/638
f 646/646/633 651/651/638 647/647/634
f 647/647/634 651/651/638 652/652/639
f 647/647/634 652/652/639 653/653/640
f 651/651/638 629/629/616 641/641/628
f 651/651/638 641/641/628 652/652/639
f 652/652/639 641/641/628 643/643/630
f 652/652/639 643/643/630 654/654/641
f 653/653/640 652/652/639 654/654/641
f 653/653/640 654/654/641 655/655/642
f 649/649/636 648/648/635 656/656/643
f 649/649/636 656/656/643 657/657/644
f 648/648/635 647/647/634 653/653/640
f 648/648/635 653/653/640 656/656/643
f 656/656/643 653/653/640 655/655/642
f 656/656/643 655/655/642 658/658/645
f 657/657/644 656/656/643 658/658/645
f 657/657/644 658/658/645 659/659/646
f 612/612/599 660/660/647 661/661/648
f 612/612/599 661/661/648 613/613/600
f 660/660/647 662/662/649 663/663/650
f 660/660/647 663/663/650 661/661/648
f 661/661/648 663/663/650 664/664/651
f 661/661/648 664/664/651 665/665/652
f 613/613/600 661/661/648 665/665/652
f 613/613/600 665/665/652 614/614/601
f 662/662/649 666/666/653 667/667/654
f 662/662/649 667/667/654 663/663/650
f 666/666/653 668/668/655 669/669/656
f 666/666/653 669/669/656 667/667/654
f 667/667/654 669/669/656 670/670/657
f 667/667/654 670/670/657 671/671/658
f 663/663/650 667/667/654 671/671/658
f 663/663/650 671/671/658 664/664/651
f 664/664/651 671/671/658 672/672/659
f 664/664/651 672/672/659 673/673/660
f 671/671/658 670/670/657 674/674/661
f 671/671/658 674/674/661 672/672/659
f 672/672/659 674/674/661 675/675/662
f 672/672/659 675/675/662 676/676/663
f 673/673/660 672/672/659 676/676/663
f 673/673/660 676/676/663 677/677/664
f 614/614/601 665/665/652 678/678/665
f 614/614/601 678/678/665 618/618/605
f 665/665/652 664/664/651 673/673/660
f 665/665/652 673/673/660 678/678/665
f 678/678/665 673/673/660 677/677/664
f 678/678/665 677/677/664 679/679/666
f 618/618/605 678/678/665 679/679/666
f 618/618/605 679/679/666 619/619/606
f 668/668/655 680/680/667 681/681/668
f 668/668/655 681/681/668 669/669/656
f 680/680/667 682/682/669 683/683/670
f 680/680/667 683/683/670 681/681/668
f 681/681/668 683/683/670 684/684/671
f 681/681/668 684/684/671 685/685/672
f 669/669/656 681/681/668 685/685/672
f 669/669/656 685/685/672 670/670/657
f 682/682/669 686/686/673 687/687/674
f 682/682/669 687/687/674 683/683/670
f 686/686/673 688/688/675 689/689/676
f 686/686/673 689/689/676 687/687/674
f 687/687/674 689/689/676 690/690/677
f 687/687/674 690/690/677 691/691/678
f 683/683/670 687/687/674 691/691/678
f 683/683/670 691/691/678 684/684/671
f 684/684/671 691/691/678 692/692/679
f 684/684/671 692/692/679 693/693/680
f 691/691/678 690/690/677 694/694/681
f 691/691/678 694/694/681 692/692/679
f 692/692/679 694/694/681 695/695/682
f 692/692/679 695/695/682 696/696/683
f 693/693/680 692/692/679 696/696/683
f 693/693/680 696/696/683 697/697/684
f 670/670/657 685/685/672 698/698/685
f 670/670/657 698/698/685 674/674/661
f 685/685/672 684/684/671 693/693/680
f 685/685/672 693/693/680 698/698/685
f 698/698/685 693/693/680 697/697/684
f 698/698/685 697/697/684 699/699/686
f 674/674/661 698/698/685 699/699/686
f 674/674/661 699/699/686 675/675/662
f 675/675/662 699/699/686 700/700/687
f 675/675/662 700/700/687 701/701/688
f 699/699/686 697/697/684 702/702/689
f 699/699/686 702/702/689 700/700/687
f 700/700/687 702/702/689 703/703/690
f 700/700/687 703/703/690 704/704/691
f 701/701/688 700/700/687 704/704/691
f 701/701/688 704/704/691 705/705/692
f 697/697/684 696/696/683 706/706/693
f 697/697/684 706/706/693 702/702/689
f 696/696/683 695/695/682 707/707/694
f 696/696/683 707/707/694 706/706/693
f 706/706/693 707/707/694 708/708/695
f 706/706/693 708/708/695 709/709/696
f 702/702/689 706/706/693 709/709/696
f 702/702/689 709/709/696 703/703/690
f 703/703/690 709/709/696 710/710/697
f 703/703/690 710/710/697 711/711/698
f 709/709/696 708/708/695 712/712/699
f 709/709/696 712/712/699 710/710/697
f 710/710/697 712/712/699 713/713/700
f 710/710/697 713/713/700 714/714/701
f 711/711/698 710/710/697 714/714/701
f 711/711/698 714/714/701 715/715/702
f 705/705/692 704/704/691 716/716/703
f 705/705/692 716/716/703 717/717/704
f 704/704/691 703/703/690 711/711/698
f 704/704/691 711/711/698 716/716/703
f 716/716/703 711/711/698 715/715/702
f 716/716/703 715/715/702 718/718/705
f 717/717/704 716/716/703 718/718/705
f 717/717/704 718/718/705 719/719/706
f 619/619/606 679/679/666 720/720/707
f 619/619/606 720/720/707 631/631/618
f 679/679/666 677/677/664 721/721/708
f 679/679/666 721/721/708 720/720/707
f 720/720/707 721/721/708 722/722/709
f 720/720/707 722/722/709 723/723/710
f 631/631/618 720/720/707 723/723/710
f 631/631/618 723/723/710 632/632/619
f 677/677/664 676/676/663 724/724/711
f 677/677/664 724/724/711 721/721/708
f 676/676/663 675/675/662 701/701/688
f 676/676/663 701/701/688 724/724/711
f 724/724/711 701/701/688 705/705/692
f 724/724/711 705/705/692 725/725/712
f 721/721/708 724/724/711 725/725/712
f 721/721/708 725/725/712 722/722/709
f 722/722/709 725/725/712 726/726/713
f 722/722/709 726/726/713 727/727/714
f 725/725/712 705/705/692 717/717/704
f 725/725/712 717/717/704 726/726/713
f 726/726/713 717/717/704 719/719/706
f 726/726/713 719/719/706 728/728/715
f 727/727/714 726/726/713 728/728/715
f 727/727/714 728/728/715 729/729/716
f 632/632/619 723/723/710 730/730/717
f 632/632/619 730/730/717 636/636/623
f 723/723/710 722/722/709 727/727/714
f 723/723/710 727/727/714 730/730/717
f 730/730/717 727/727/714 729/729/716
f 730/730/717 729/729/716 731/731/718
f 636/636/623 730/730/717 731/731/718
f 636/636/623 731/731/718 637/637/624
f 637/637/624 731/731/718 732/732/719
f 637/637/624 732/732/719 733/733/720
f 731/731/718 729/729/716 734/734/721
f 731/731/718 734/734/721 732/732/719
f 732/732/719 734/734/721 735/735/722
f 732/732/719 735/735/722 736/736/723
f 733/733/720 732/732/719 736/736/723
f 733/733/720 736/736/723 737/737/724
f 729/729/716 728/728/715 738/738/725
f 729/729/716 738/738/725 734/734/721
f 728/728/715 719/719/706 739/739/726
f 728/728/715 739/739/726 738/738/725
f 738/738/725 739/739/726 740/740/727
f 738/738/725 740/740/727 741/741/728
f 734/734/721 738/738/725 741/741/728
f 734/734/721 741/741/728 735/735/722
f 735/735/722 741/741/728 742/742/729
f 735/735/722 742/742/729 743/743/730
f 741/741/728 740/740/727 744/744/731
f 741/741/728 744/744/731 742/742/729
f 742/742/729 744/744/731 745/745/732
f 742/742/729 745/745/732 746/746/733
f 743/743/730 742/742/729 746/746/733
f 743/743/730 746/746/733 747/747/734
f 737/737/724 736/736/723 748/748/735
f 737/737/724 748/748/735 749/749/736
f 736/736/723 735/735/722 743/743/730
f 736/736/723 743/743/730 748/748/735
f 748/748/735 743/743/730 747/747/734
f 748/748/735 747/747/734 750/750/737
f 749/749/736 748/748/735 750/750/737
f 749/749/736 750/750/737 751/751/738
f 719/719/706 718/718/705 752/752/739
f 719/719/706 752/752/739 739/739/726
f 718/718/705 715/715/702 753/753/740
f 718/718/705 753/753/740 752/752/739
f 752/752/739 753/753/740 754/754/741
f 752/752/739 754/754/741 755/755/742
f 739/739/726 752/752/739 755/755/742
f 739/739/726 755/755/742 740/740/727
f 715/715/702 714/714/701 756/756/743
f 715/715/702 756/756/743 753/753/740
f 714/714/701 713/713/700 757/757/744
f 714/714/701 757/757/744 756/756/743
f 756/756/743 757/757/744 758/758/745
f 756/756/743 758/758/745 759/759/746
f 753/753/740 756/756/743 759/759/746
f 753/753/740 759/759/746 754/754/741
f 754/754/741 759/759/746 760/760/747
f 754/754/741 760/760/747 761/761/748
f 759/759/746 758/758/745 762/762/749
f 759/759/746 762/762/749 760/760/747
f 760/760/747 762/762/749 763/763/750
f 760/760/747 763/763/750 764/764/751
f 761/761/748 760/760/747 764/764/751
f 761/761/748 764/764/751 765/765/752
f 740/740/727 755/755/742 766/766/753
f 740/740/727 766/766/753 744/744/731
f 755/755/742 754/754/741 761/761/748
f 755/755/742 761/761/748 766/766/753
f 766/766/753 761/761/748 765/765/752
f 766/766/753 765/765/752 767/767/754
f 744/744/731 766/766/753 767/767/754
f 744/744/731 767/767/754 745/745/732
f 745/745/732 767/767/754 768/768/755
f 745/745/732 768/768/755 769/769/756
f 767/767/754 765/765/752 770/770/757
f 767/767/754 770/770/757 768/768/755
f 768/768/755 770/770/757 771/771/758
f 768/768/755 771/771/758 772/772/759
f 769/769/756 768/768/755 772/772/759
f 769/769/756 772/772/759 773/773/760
f 765/765/752 764/764/751 774/774/761
f 765/765/752 774/774/761 770/770/757
f 764/764/751 763/763/750 775/775/762
f 764/764/751 775/775/762 774/774/761
f 774/774/761 775/775/762 776/776/763
f 774/774/761 776/776/763 777/777/764
f 770/770/757 774/774/761 777/777/764
f 770/770/757 777/777/764 771/771/758
f 771/771/758 777/777/764 778/778/765
f 771/771/758 778/778/765 779/779/766
f 777/777/764 776/776/763 780/780/767
f 777/777/764 780/780/767 778/778/765
f 778/778/765 780/780/767 781/781/768
f 778/778/765 781/781/768 782/782/108
f 779/779/766 778/778/765 782/782/108
f 779/779/766 782/782/108 783/783/104
f 773/773/760 772/772/759 784/784/769
f 773/773/760 784/784/769 785/785/770
f 772/772/759 771/771/758 779/779/766
f 772/772/759 779/779/766 784/784/769
f 784/784/769 779/779/766 783/783/104
f 784/784/769 783/783/104 786/786/771
f 785/785/770 784/784/769 786/786/771
f 785/785/770 786/786/771 787/787/90
f 751/751/738 750/750/737 788/788/772
f 751/751/738 788/788/772 789/789/773
f 750/750/737 747/747/734 790/790/774
f 750/750/737 790/790/774 788/788/772
f 788/788/772 790/790/774 791/791/775
f 788/788/772 791/791/775 792/792/776
f 789/789/773 788/788/772 792/792/776
f 789/789/773 792/792/776 793/793/777
f 747/747/734 746/746/733 794/794/778
f 747/747/734 794/794/778 790/790/774
f 746/746/733 745/745/732 769/769/756
f 746/746/733 769/769/756 794/794/778
f 794/794/778 769/769/756 773/773/760
f 794/794/778 773/773/760 795/795/779
f 790/790/774 794/794/778 795/795/779
f 790/790/774 795/795/779 791/791/775
f 791/791/775 795/795/779 796/796/780
f 791/791/775 796/796/780 797/797/781
f 795/795/779 773/773/760 785/785/770
f 795/795/779 785/785/770 796/796/780
f 796/796/780 785/785/770 787/787/90
f 796/796/780 787/787/90 798/798/88
f 797/797/781 796/796/780 798/798/88
f 797/797/781 798/798/88 799/799/84
f 793/793/777 792/792/776 800/800/782
f 793/793/777 800/800/782 801/801/783
f 792/792/776 791/791/775 797/797/781
f 792/792/776 797/797/781 800/800/782
f 800/800/782 797/797/781 799/799/84
f 800/800/782 799/799/84 802/802/82
f 801/801/783 800/800/782 802/802/82
f 801/801/783 802/802/82 803/803/34
f 659/659/646 658/658/645 804/804/784
f 659/659/646 804/804/784 805/805/785
f 658/658/645 655/655/642 806/806/786
f 658/658/645 806/806/786 804/804/784
f 804/804/784 806/806/786 807/807/787
f 804/804/784 807/807/787 808/808/788
f 805/805/785 804/804/784 808/808/788
f 805/805/785 808/808/788 809/809/789
f 655/655/642 654/654/641 810/810/790
f 655/655/642 810/810/790 806/806/786
f 654/654/641 643/643/630 811/811/791
f 654/654/641 811/811/791 810/810/790
f 810/810/790 811/811/791 812/812/792
f 810/810/790 812/812/792 813/813/793
f 806/806/786 810/810/790 813/813/793
f 806/806/786 813/813/793 807/807/787
f 807/807/787 813/813/793 814/814/794
f 807/807/787 814/814/794 815/815/795
f 813/813/793 812/812/792 816/816/796
f 813/813/793 816/816/796 814/814/794
f 814/814/794 816/816/796 817/817/797
f 814/814/794 817/817/797 818/818/798
f 815/815/795 814/814/794 818/818/798
f 815/815/795 818/818/798 819/819/799
f 809/809/789 808/808/788 820/820/800
f 809/809/789 820/820/800 821/821/801
f 808/808/788 807/807/787 815/815/795
f 808/808/788 815/815/795 820/820/800
f 820/820/800 815/815/795 819/819/799
f 820/820/800 819/819/799 822/822/802
f 821/821/801 820/820/800 822/822/802
f 821/821/801 822/822/802 823/823/803
f 643/643/630 642/642/629 824/824/804
f 643/643/630 824/824/804 811/811/791
f 642/642/629 639/639/626 825/825/805
f 642/642/629 825/825/805 824/824/804
f 824/824/804 825/825/805 826/826/806
f 824/824/804 826/826/806 827/827/807
f 811/811/791 824/824/804 827/827/807
f 811/811/791 827/827/807 812/812/792
f 639/639/626 638/638/625 828/828/808
f 639/639/626 828/828/808 825/825/805
f 638/638/625 637/637/624 733/733/720
f 638/638/625 733/733/720 828/828/808
f 828/828/808 733/733/720 737/737/724
f 828/828/808 737/737/724 829/829/809
f 825/825/805 828/828/808 829/829/809
f 825/825/805 829/829/809 826/826/806
f 826/826/806 829/829/809 830/830/810
f 826/826/806 830/830/810 831/831/811
f 829/829/809 737/737/724 749/749/736
f 829/829/809 749/749/736 830/830/810
f 830/830/810 749/749/736 751/751/738
f 830/830/810 751/751/738 832/832/812
f 831/831/811 830/830/810 832/832/812
f 831/831/811 832/832/812 833/833/813
f 812/812/792 827/827/807 834/834/814
f 812/812/792 834/834/814 816/816/796
f 827/827/807 826/826/806 831/831/811
f 827/827/807 831/831/811 834/834/814
f 834/834/814 831/831/811 833/833/813
f 834/834/814 833/833/813 835/835/815
f 816/816/796 834/834/814 835/835/815
f 816/816/796 835/835/815 817/817/797
f 817/817/797 835/835/815 836/836/816
f 817/817/797 836/836/816 837/837/817
f 835/835/815 833/833/813 838/838/818
f 835/835/815 838/838/818 836/836/816
f 836/836/816 838/838/818 839/839/819
f 836/836/816 839/839/819 840/840/820
f 837/837/817 836/836/816 840/840/820
f 837/837/817 840/840/820 841/841/821
f 833/833/813 832/832/812 842/842/822
f 833/833/813 842/842/822 838/838/818
f 832/832/812 751/751/738 789/789/773
f 832/832/812 789/789/773 842/842/822
f 842/842/822 789/789/773 793/793/777
f 842/842/822 793/793/777 843/843/823
f 838/838/818 842/842/822 843/843/823
f 838/838/818 843/843/823 839/839/819
f 839/839/819 843/843/823 844/844/824
f 839/839/819 844/844/824 845/845/825
f 843/843/823 793/793/777 801/801/783
f 843/843/823 801/801/783 844/844/824
f 844/844/824 801/801/783 803/803/34
f 844/844/824 803/803/34 846/846/32
f 845/845/825 844/844/824 846/846/32
f 845/845/825 846/846/32 847/847/28
f 841/841/821 840/840/820 848/848/826
f 841/841/821 848/848/826 849/849/827
f 840/840/820 839/839/819 845/845/825
f 840/840/820 845/845/825 848/848/826
f 848/848/826 845/845/825 847/847/28
f 848/848/826 847/847/28 850/850/26
f 849/849/827 848/848/826 850/850/26
f 849/849/827 850/850/26 851/851/12
f 823/823/803 822/822/802 852/852/828
f 823/823/803 852/852/828 853/853/829
f 822/822/802 819/819/799 854/854/830
f 822/822/802 854/854/830 852/852/828
f 852/852/828 854/854/830 855/855/831
f 852/852/828 855/855/831 856/856/832
f 853/853/829 852/852/828 856/856/832
f 853/853/829 856/856/832 857/857/833
f 819/819/799 818/818/798 858/858/834
f 819/819/799 858/858/834 854/854/830
f 818/818/798 817/817/797 837/837/817
f 818/818/798 837/837/817 858/858/834
f 858/858/834 837/837/817 841/841/821
f 858/858/834 841/841/821 859/859/835
f 854/854/830 858/858/834 859/859/835
f 854/854/830 859/859/835 855/855/831
f 855/855/831 859/859/835 860/860/836
f 855/855/831 860/860/836 861/861/837
f 859/859/835 841/841/821 849/849/827
f 859/859/835 849/849/827 860/860/836
f 860/860/836 849/849/827 851/851/12
f 860/860/836 851/851/12 862/862/838
f 861/861/837 860/860/836 862/862/838
f 861/861/837 862/862/838 863/863/5
f 857/857/833 856/856/832 864/864/839
f 857/857/833 864/864/839 865/865/840
f 856/856/832 855/855/831 861/861/837
f 856/856/832 861/861/837 864/864/839
f 864/864/839 861/861/837 863/863/5
f 864/864/839 863/863/5 866/866/2
f 865/865/840 864/864/839 866/866/2
f 865/865/840 866/866/2 867/867/841
f 868/868/842 869/869/767 870/870/843
f 868/868/842 870/870/843 871/871/111
f 869/869/767 872/872/763 873/873/844
f 869/869/767 873/873/844 870/870/843
f 870/870/843 873/873/844 874/874/845
f 870/870/843 874/874/845 875/875/846
f 871/871/111 870/870/843 875/875/846
f 871/871/111 875/875/846 876/876/112
f 872/872/763 877/877/847 878/878/848
f 872/872/763 878/878/848 873/873/844
f 877/877/847 879/879/750 880/880/849
f 877/877/847 880/880/849 878/878/848
f 878/878/848 880/880/849 881/881/850
f 878/878/848 881/881/850 882/882/851
f 873/873/844 878/878/848 882/882/851
f 873/873/844 882/882/851 874/874/845
f 874/874/845 882/882/851 883/883/852
f 874/874/845 883/883/852 884/884/853
f 882/882/851 881/881/850 885/885/854
f 882/882/851 885/885/854 883/883/852
f 883/883/852 885/885/854 886/886/855
f 883/883/852 886/886/855 887/887/856
f 884/884/853 883/883/852 887/887/856
f 884/884/853 887/887/856 888/888/857
f 876/876/112 875/875/846 889/889/858
f 876/876/112 889/889/858 890/890/859
f 875/875/846 874/874/845 884/884/853
f 875/875/846 884/884/853 889/889/858
f 889/889/858 884/884/853 888/888/857
f 889/889/858 888/888/857 891/891/860
f 890/890/859 889/889/858 891/891/860
f 890/890/859 891/891/860 892/892/117
f 879/879/750 893/893/749 894/894/861
f 879/879/750 894/894/861 880/880/849
f 893/893/749 895/895/745 896/896/862
f 893/893/749 896/896/862 894/894/861
f 894/894/861 896/896/862 897/897/863
f 894/894/861 897/897/863 898/898/864
f 880/880/849 894/894/861 898/898/864
f 880/880/849 898/898/864 881/881/850
f 895/895/745 899/899/744 900/900/865
f 895/895/745 900/900/865 896/896/862
f 899/899/744 901/901/700 902/902/866
f 899/899/744 902/902/866 900/900/865
f 900/900/865 902/902/866 903/903/867
f 900/900/865 903/903/867 904/904/868
f 896/896/862 900/900/865 904/904/868
f 896/896/862 904/904/868 897/897/863
f 897/897/863 904/904/868 905/905/869
f 897/897/863 905/905/869 906/906/870
f 904/904/868 903/903/867 907/907/871
f 904/904/868 907/907/871 905/905/869
f 905/905/869 907/907/871 908/908/872
f 905/905/869 908/908/872 909/909/873
f 906/906/870 905/905/869 909/909/873
f 906/906/870 909/909/873 910/910/874
f 881/881/850 898/898/864 911/911/875
f 881/881/850 911/911/875 885/885/854
f 898/898/864 897/897/863 906/906/870
f 898/898/864 906/906/870 911/911/875
f 911/911/875 906/906/870 910/910/874
f 911/911/875 910/910/874 912/912/876
f 885/885/854 911/911/875 912/912/876
f 885/885/854 912/912/876 886/886/855
f 886/886/855 912/912/876 913/913/877
f 886/886/855 913/913/877 914/914/878
f 912/912/876 910/910/874 915/915/879
f 912/912/876 915/915/879 913/913/877
f 913/913/877 915/915/879 916/916/880
f 913/913/877 916/916/880 917/917/881
f 914/914/878 913/913/877 917/917/881
f 914/914/878 917/917/881 918/918/882
f 910/910/874 909/909/873 919/919/883
f 910/910/874 919/919/883 915/915/879
f 909/909/873 908/908/872 920/920/884
f 909/909/873 920/920/884 919/919/883
f 919/919/883 920/920/884 921/921/885
f 919/919/883 921/921/885 922/922/886
f 915/915/879 919/919/883 922/922/886
f 915/915/879 922/922/886 916/916/880
f 916/916/880 922/922/886 923/923/887
f 916/916/880 923/923/887 924/924/888
f 922/922/886 921/921/885 925/925/889
f 922/922/886 925/925/889 923/923/887
f 923/923/887 925/925/889 926/926/890
f 923/923/887 926/926/890 927/927/891
f 924/924/888 923/923/887 927/927/891
f 924/924/888 927/927/891 928/928/892
f 918/918/882 917/917/881 929/929/893
f 918/918/882 929/929/893 930/930/894
f 917/917/881 916/916/880 924/924/888
f 917/917/881 924/924/888 929/929/893
f 929/929/893 924/924/888 928/928/892
f 929/929/893 928/928/892 931/931/895
f 930/930/894 929/929/893 931/931/895
f 930/930/894 931/931/895 932/932/896
f 892/892/117 891/891/860 933/933/897
f 892/892/117 933/933/897 934/934/129
f 891/891/860 888/888/857 935/935/898
f 891/891/860 935/935/898 933/933/897
f 933/933/897 935/935/898 936/936/899
f 933/933/897 936/936/899 937/937/900
f 934/934/129 933/933/897 937/937/900
f 934/934/129 937/937/900 938/938/130
f 888/888/857 887/887/856 939/939/901
f 888/888/857 939/939/901 935/935/898
f 887/887/856 886/886/855 914/914/878
f 887/887/856 914/914/878 939/939/901
f 939/939/901 914/914/878 918/918/882
f 939/939/901 918/918/882 940/940/902
f 935/935/898 939/939/901 940/940/902
f 935/935/898 940/940/902 936/936/899
f 936/936/899 940/940/902 941/941/903
f 936/936/899 941/941/903 942/942/904
f 940/940/902 918/918/882 930/930/894
f 940/940/902 930/930/894 941/941/903
f 941/941/903 930/930/894 932/932/896
f 941/941/903 932/932/896 943/943/905
f 942/942/904 941/941/903 943/943/905
f 942/942/904 943/943/905 944/944/906
f 938/938/130 937/937/900 945/945/907
f 938/938/130 945/945/907 946/946/134
f 937/937/900 936/936/899 942/942/904
f 937/937/900 942/942/904 945/945/907
f 945/945/907 942/942/904 944/944/906
f 945/945/907 944/944/906 947/947/908
f 946/946/134 945/945/907 947/947/908
f 946/946/134 947/947/908 948/948/135
f 901/901/700 949/949/699 950/950/909
f 901/901/700 950/950/909 902/902/866
f 949/949/699 951/951/695 952/952/910
f 949/949/699 952/952/910 950/950/909
f 950/950/909 952/952/910 953/953/911
f 950/950/909 953/953/911 954/954/912
f 902/902/866 950/950/909 954/954/912
f 902/902/866 954/954/912 903/903/867
f 951/951/695 955/955/694 956/956/913
f 951/951/695 956/956/913 952/952/910
f 955/955/694 957/957/682 958/958/914
f 955/955/694 958/958/914 956/956/913
f 956/956/913 958/958/914 959/959/915
f 956/956/913 959/959/915 960/960/916
f 952/952/910 956/956/913 960/960/916
f 952/952/910 960/960/916 953/953/911
f 953/953/911 960/960/916 961/961/917
f 953/953/911 961/961/917 962/962/918
f 960/960/916 959/959/915 963/963/919
f 960/960/916 963/963/919 961/961/917
f 961/961/917 963/963/919 964/964/920
f 961/961/917 964/964/920 965/965/921
f 962/962/918 961/961/917 965/965/921
f 962/962/918 965/965/921 966/966/922
f 903/903/867 954/954/912 967/967/923
f 903/903/867 967/967/923 907/907/871
f 954/954/912 953/953/911 962/962/918
f 954/954/912 962/962/918 967/967/923
f 967/967/923 962/962/918 966/966/922
f 967/967/923 966/966/922 968/968/924
f 907/907/871 967/967/923 968/968/924
f 907/907/871 968/968/924 908/908/872
f 957/957/682 969/969/681 970/970/925
f 957/957/682 970/970/925 958/958/914
f 969/969/681 971/971/677 972/972/926
f 969/969/681 972/972/926 970/970/925
f 970/970/925 972/972/926 973/973/927
f 970/970/925 973/973/927 974/974/928
f 958/958/914 970/970/925 974/974/928
f 958/958/914 974/974/928 959/959/915
f 971/971/677 975/975/676 976/976/929
f 971/971/677 976/976/929 972/972/926
f 975/975/676 977/977/930 978/978/931
f 975/975/676 978/978/931 976/976/929
f 976/976/929 978/978/931 979/979/932
f 976/976/929 979/979/932 980/980/933
f 972/972/926 976/976/929 980/980/933
f 972/972/926 980/980/933 973/973/927
f 973/973/927 980/980/933 981/981/934
f 973/973/927 981/981/934 982/982/935
f 980/980/933 979/979/932 983/983/936
f 980/980/933 983/983/936 981/981/934
f 981/981/934 983/983/936 984/984/937
f 981/981/934 984/984/937 985/985/938
f 982/982/935 981/981/934 985/985/938
f 982/982/935 985/985/938 986/986/939
f 959/959/915 974/974/928 987/987/940
f 959/959/915 987/987/940 963/963/919
f 974/974/928 973/973/927 982/982/935
f 974/974/928 982/982/935 987/987/940
f 987/987/940 982/982/935 986/986/939
f 987/987/940 986/986/939 988/988/941
f 963/963/919 987/987/940 988/988/941
f 963/963/919 988/988/941 964/964/920
f 964/964/920 988/988/941 989/989/942
f 964/964/920 989/989/942 990/990/943
f 988/988/941 986/986/939 991/991/944
f 988/988/941 991/991/944 989/989/942
f 989/989/942 991/991/944 992/992/945
f 989/989/942 992/992/945 993/993/946
f 990/990/943 989/989/942 993/993/946
f 990/990/943 993/993/946 994/994/947
f 986/986/939 985/985/938 995/995/948
f 986/986/939 995/995/948 991/991/944
f 985/985/938 984/984/937 996/996/949
f 985/985/938 996/996/949 995/995/948
f 995/995/948 996/996/949 997/997/950
f 995/995/948 997/997/950 998/998/951
f 991/991/944 995/995/948 998/998/951
f 991/991/944 998/998/951 992/992/945
f 992/992/945 998/998/951 999/999/952
f 992/992/945 999/999/952 1000/1000/953
f 998/998/951 997/997/950 1001/1001/954
f 998/998/951 1001/1001/954 999/999/952
f 999/999/952 1001/1001/954 1002/1002/955
f 999/999/952 1002/1002/955 1003/1003/956
f 1000/1000/953 999/999/952 1003/1003/956
f 1000/1000/953 1003/1003/956 1004/1004/957
f 994/994/947 993/993/946 1005/1005/958
f 994/994/947 1005/1005/958 1006/1006/959
f 993/993/946 992/992/945 1000/1000/953
f 993/993/946 1000/1000/953 1005/1005/958
f 1005/1005/958 1000/1000/953 1004/1004/957
f 1005/1005/958 1004/1004/957 1007/1007/960
f 1006/1006/959 1005/1005/958 1007/1007/960
f 1006/1006/959 1007/1007/960 1008/1008/961
f 908/908/872 968/968/924 1009/1009/962
f 908/908/872 1009/1009/962 920/920/884
f 968/968/924 966/966/922 1010/1010/963
f 968/968/924 1010/1010/963 1009/1009/962
f 1009/1009/962 1010/1010/963 1011/1011/964
f 1009/1009/962 1011/1011/964 1012/1012/965
f 920/920/884 1009/1009/962 1012/1012/965
f 920/920/884 1012/1012/965 921/921/885
f 966/966/922 965/965/921 1013/1013/966
f 966/966/922 1013/1013/966 1010/1010/963
f 965/965/921 964/964/920 990/990/943
f 965/965/921 990/990/943 1013/1013/966
f 1013/1013/966 990/990/943 994/994/947
f 1013/1013/966 994/994/947 1014/1014/967
f 1010/1010/963 1013/1013/966 1014/1014/967
f 1010/1010/963 1014/1014/967 1011/1011/964
f 1011/1011/964 1014/1014/967 1015/1015/968
f 1011/1011/964 1015/1015/968 1016/1016/969
f 1014/1014/967 994/994/947 1006/1006/959
f 1014/1014/967 1006/1006/959 1015/1015/968
f 1015/1015/968 1006/1006/959 1008/1008/961
f 1015/1015/968 1008/1008/961 1017/1017/970
f 1016/1016/969 1015/1015/968 1017/1017/970
f 1016/1016/969 1017/1017/970 1018/1018/971
f 921/921/885 1012/1012/965 1019/1019/972
f 921/921/885 1019/1019/972 925/925/889
f 1012/1012/965 1011/1011/964 1016/1016/969
f 1012/1012/965 1016/1016/969 1019/1019/972
f 1019/1019/972 1016/1016/969 1018/1018/971
f 1019/1019/972 1018/1018/971 1020/1020/973
f 925/925/889 1019/1019/972 1020/1020/973
f 925/925/889 1020/1020/973 926/926/890
f 926/926/890 1020/1020/973 1021/1021/974
f 926/926/890 1021/1021/974 1022/1022/975
f 1020/1020/973 1018/1018/971 1023/1023/976
f 1020/1020/973 1023/1023/976 1021/1021/974
f 1021/1021/974 1023/1023/976 1024/1024/977
f 1021/1021/974 1024/1024/977 1025/1025/978
f 1022/1022/975 1021/1021/974 1025/1025/978
f 1022/1022/975 1025/1025/978 1026/1026/979
f 1018/1018/971 1017/1017/970 1027/1027/980
f 1018/1018/971 1027/1027/980 1023/1023/976
f 1017/1017/970 1008/1008/961 1028/1028/981
f 1017/1017/970 1028/1028/981 1027/1027/980
f 1027/1027/980 1028/1028/981 1029/1029/982
f 1027/1027/980 1029/1029/982 1030/1030/983
f 1023/1023/976 1027/1027/980 1030/1030/983
f 1023/1023/976 1030/1030/983 1024/1024/977
f 1024/1024/977 1030/1030/983 1031/1031/984
f 1024/1024/977 1031/1031/984 1032/1032/985
f 1030/1030/983 1029/1029/982 1033/1033/986
f 1030/1030/983 1033/1033/986 1031/1031/984
f 1031/1031/984 1033/1033/986 1034/1034/987
f 1031/1031/984 1034/1034/987 1035/1035/988
f 1032/1032/985 1031/1031/984 1035/1035/988
f 1032/1032/985 1035/1035/988 1036/1036/989
f 1026/1026/979 1025/1025/978 1037/1037/990
f 1026/1026/979 1037/1037/990 1038/1038/991
f 1025/1025/978 1024/1024/977 1032/1032/985
f 1025/1025/978 1032/1032/985 1037/1037/990
f 1037/1037/990 1032/1032/985 1036/1036/989
f 1037/1037/990 1036/1036/989 1039/1039/992
f 1038/1038/991 1037/1037/990 1039/1039/992
f 1038/1038/991 1039/1039/992 1040/1040/993
f 1008/1008/961 1007/1007/960 1041/1041/994
f 1008/1008/961 1041/1041/994 1028/1028/981
f 1007/1007/960 1004/1004/957 1042/1042/995
f 1007/1007/960 1042/1042/995 1041/1041/994
f 1041/1041/994 1042/1042/995 1043/1043/996
f 1041/1041/994 1043/1043/996 1044/1044/997
f 1028/1028/981 1041/1041/994 1044/1044/997
f 1028/1028/981 1044/1044/997 1029/1029/982
f 1004/1004/957 1003/1003/956 1045/1045/998
f 1004/1004/957 1045/1045/998 1042/1042/995
f 1003/1003/956 1002/1002/955 1046/1046/999
f 1003/1003/956 1046/1046/999 1045/1045/998
f 1045/1045/998 1046/1046/999 1047/1047/1000
f 1045/1045/998 1047/1047/1000 1048/1048/1001
f 1042/1042/995 1045/1045/998 1048/1048/1001
f 1042/1042/995 1048/1048/1001 1043/1043/996
f 1043/1043/996 1048/1048/1001 1049/1049/1002
f 1043/1043/996 1049/1049/1002 1050/1050/1003
f 1048/1048/1001 1047/1047/1000 1051/1051/1004
f 1048/1048/1001 1051/1051/1004 1049/1049/1002
f 1049/1049/1002 1051/1051/1004 1052/1052/1005
f 1049/1049/1002 1052/1052/1005 1053/1053/1006
f 1050/1050/1003 1049/1049/1002 1053/1053/1006
f 1050/1050/1003 1053/1053/1006 1054/1054/1007
f 1029/1029/982 1044/1044/997 1055/1055/1008
f 1029/1029/982 1055/1055/1008 1033/1033/986
f 1044/1044/997 1043/1043/996 1050/1050/1003
f 1044/1044/997 1050/1050/1003 1055/1055/1008
f 1055/1055/1008 1050/1050/1003 1054/1054/1007
f 1055/1055/1008 1054/1054/1007 1056/1056/1009
f 1033/1033/986 1055/1055/1008 1056/1056/1009
f 1033/1033/986 1056/1056/1009 1034/1034/987
f 1034/1034/987 1056/1056/1009 1057/1057/1010
f 1034/1034/987 1057/1057/1010 1058/1058/1011
f 1056/1056/1009 1054/1054/1007 1059/1059/1012
f 1056/1056/1009 1059/1059/1012 1057/1057/1010
f 1057/1057/1010 1059/1059/1012 1060/1060/1013
f 1057/1057/1010 1060/1060/1013 1061/1061/1014
f 1058/1058/1011 1057/1057/1010 1061/1061/1014
f 1058/1058/1011 1061/1061/1014 1062/1062/1015
f 1054/1054/1007 1053/1053/1006 1063/1063/1016
f 1054/1054/1007 1063/1063/1016 1059/1059/1012
f 1053/1053/1006 1052/1052/1005 1064/1064/1017
f 1053/1053/1006 1064/1064/1017 1063/1063/1016
f 1063/1063/1016 1064/1064/1017 1065/1065/1018
f 1063/1063/1016 1065/1065/1018 1066/1066/1019
f 1059/1059/1012 1063/1063/1016 1066/1066/1019
f 1059/1059/1012 1066/1066/1019 1060/1060/1013
f 1060/1060/1013 1066/1066/1019 1067/1067/1020
f 1060/1060/1013 1067/1067/1020 1068/1068/1021
f 1066/1066/1019 1065/1065/1018 1069/1069/1022
f 1066/1066/1019 1069/1069/1022 1067/1067/1020
f 1067/1067/1020 1069/1069/1022 1070/1070/1023
f 1067/1067/1020 1070/1070/1023 1071/1071/478
f 1068/1068/1021 1067/1067/1020 1071/1071/478
f 1068/1068/1021 1071/1071/478 1072/1072/474
f 1062/1062/1015 1061/1061/1014 1073/1073/1024
f 1062/1062/1015 1073/1073/1024 1074/1074/1025
f 1061/1061/1014 1060/1060/1013 1068/1068/1021
f 1061/1061/1014 1068/1068/1021 1073/1073/1024
f 1073/1073/1024 1068/1068/1021 1072/1072/474
f 1073/1073/1024 1072/1072/474 1075/1075/1026
f 1074/1074/1025 1073/1073/1024 1075/1075/1026
f 1074/1074/1025 1075/1075/1026 1076/1076/461
f 1040/1040/993 1039/1039/992 1077/1077/1027
f 1040/1040/993 1077/1077/1027 1078/1078/1028
f 1039/1039/992 1036/1036/989 1079/1079/1029
f 1039/1039/992 1079/1079/1029 1077/1077/1027
f 1077/1077/1027 1079/1079/1029 1080/1080/1030
f 1077/1077/1027 1080/1080/1030 1081/1081/1031
f 1078/1078/1028 1077/1077/1027 1081/1081/1031
f 1078/1078/1028 1081/1081/1031 1082/1082/1032
f 1036/1036/989 1035/1035/988 1083/1083/1033
f 1036/1036/989 1083/1083/1033 1079/1079/1029
f 1035/1035/988 1034/1034/987 1058/1058/1011
f 1035/1035/988 1058/1058/1011 1083/1083/1033
f 1083/1083/1033 1058/1058/1011 1062/1062/1015
f 1083/1083/1033 1062/1062/1015 1084/1084/1034
f 1079/1079/1029 1083/1083/1033 1084/1084/1034
f 1079/1079/1029 1084/1084/1034 1080/1080/1030
f 1080/1080/1030 1084/1084/1034 1085/1085/1035
f 1080/1080/1030 1085/1085/1035 1086/1086/1036
f 1084/1084/1034 1062/1062/1015 1074/1074/1025
f 1084/1084/1034 1074/1074/1025 1085/1085/1035
f 1085/1085/1035 1074/1074/1025 1076/1076/461
f 1085/1085/1035 1076/1076/461 1087/1087/460
f 1086/1086/1036 1085/1085/1035 1087/1087/460
f 1086/1086/1036 1087/1087/460 1088/1088/456
f 1082/1082/1032 1081/1081/1031 1089/1089/1037
f 1082/1082/1032 1089/1089/1037 1090/1090/1038
f 1081/1081/1031 1080/1080/1030 1086/1086/1036
f 1081/1081/1031 1086/1086/1036 1089/1089/1037
f 1089/1089/1037 1086/1086/1036 1088/1088/456
f 1089/1089/1037 1088/1088/456 1091/1091/455
f 1090/1090/1038 1089/1089/1037 1091/1091/455
f 1090/1090/1038 1091/1091/455 1092/1092/411
f 948/948/135 947/947/908 1093/1093/1039
f 948/948/135 1093/1093/1039 1094/1094/179
f 947/947/908 944/944/906 1095/1095/1040
f 947/947/908 1095/1095/1040 1093/1093/1039
f 1093/1093/1039 1095/1095/1040 1096/1096/1041
f 1093/1093/1039 1096/1096/1041 1097/1097/1042
f 1094/1094/179 1093/1093/1039 1097/1097/1042
f 1094/1094/179 1097/1097/1042 1098/1098/180
f 944/944/906 943/943/905 1099/1099/1043
f 944/944/906 1099/1099/1043 1095/1095/1040
f 943/943/905 932/932/896 1100/1100/1044
f 943/943/905 1100/1100/1044 1099/1099/1043
f 1099/1099/1043 1100/1100/1044 1101/1101/1045
f 1099/1099/1043 1101/1101/1045 1102/1102/1046
f 1095/1095/1040 1099/1099/1043 1102/1102/1046
f 1095/1095/1040 1102/1102/1046 1096/1096/1041
f 1096/1096/1041 1102/1102/1046 1103/1103/1047
f 1096/1096/1041 1103/1103/1047 1104/1104/1048
f 1102/1102/1046 1101/1101/1045 1105/1105/1049
f 1102/1102/1046 1105/1105/1049 1103/1103/1047
f 1103/1103/1047 1105/1105/1049 1106/1106/1050
f 1103/1103/1047 1106/1106/1050 1107/1107/1051
f 1104/1104/1048 1103/1103/1047 1107/1107/1051
f 1104/1104/1048 1107/1107/1051 1108/1108/1052
f 1098/1098/180 1097/1097/1042 1109/1109/1053
f 1098/1098/180 1109/1109/1053 1110/1110/184
f 1097/1097/1042 1096/1096/1041 1104/1104/1048
f 1097/1097/1042 1104/1104/1048 1109/1109/1053
f 1109/1109/1053 1104/1104/1048 1108/1108/1052
f 1109/1109/1053 1108/1108/1052 1111/1111/1054
f 1110/1110/184 1109/1109/1053 1111/1111/1054
f 1110/1110/184 1111/1111/1054 1112/1112/185
f 932/932/896 931/931/895 1113/1113/1055
f 932/932/896 1113/1113/1055 1100/1100/1044
f 931/931/895 928/928/892 1114/1114/1056
f 931/931/895 1114/1114/1056 1113/1113/1055
f 1113/1113/1055 1114/1114/1056 1115/1115/1057
f 1113/1113/1055 1115/1115/1057 1116/1116/1058
f 1100/1100/1044 1113/1113/1055 1116/1116/1058
f 1100/1100/1044 1116/1116/1058 1101/1101/1045
f 928/928/892 927/927/891 1117/1117/1059
f 928/928/892 1117/1117/1059 1114/1114/1056
f 927/927/891 926/926/890 1022/1022/975
f 927/927/891 1022/1022/975 1117/1117/1059
f 1117/1117/1059 1022/1022/975 1026/1026/979
f 1117/1117/1059 1026/1026/979 1118/1118/1060
f 1114/1114/1056 1117/1117/1059 1118/1118/1060
f 1114/1114/1056 1118/1118/1060 1115/1115/1057
f 1115/1115/1057 1118/1118/1060 1119/1119/1061
f 1115/1115/1057 1119/1119/1061 1120/1120/1062
f 1118/1118/1060 1026/1026/979 1038/1038/991
f 1118/1118/1060 1038/1038/991 1119/1119/1061
f 1119/1119/1061 1038/1038/991 1040/1040/993
f 1119/1119/1061 1040/1040/993 1121/1121/1063
f 1120/1120/1062 1119/1119/1061 1121/1121/1063
f 1120/1120/1062 1121/1121/1063 1122/1122/1064
f 1101/1101/1045 1116/1116/1058 1123/1123/1065
f 1101/1101/1045 1123/1123/1065 1105/1105/1049
f 1116/1116/1058 1115/1115/1057 1120/1120/1062
f 1116/1116/1058 1120/1120/1062 1123/1123/1065
f 1123/1123/1065 1120/1120/1062 1122/1122/1064
f 1123/1123/1065 1122/1122/1064 1124/1124/1066
f 1105/1105/1049 1123/1123/1065 1124/1124/1066
f 1105/1105/1049 1124/1124/1066 1106/1106/1050
f 1106/1106/1050 1124/1124/1066 1125/1125/1067
f 1106/1106/1050 1125/1125/1067 1126/1126/1068
f 1124/1124/1066 1122/1122/1064 1127/1127/1069
f 1124/1124/1066 1127/1127/1069 1125/1125/1067
f 1125/1125/1067 1127/1127/1069 1128/1128/1070
f 1125/1125/1067 1128/1128/1070 1129/1129/1071
f 1126/1126/1068 1125/1125/1067 1129/1129/1071
f 1126/1126/1068 1129/1129/1071 1130/1130/1072
f 1122/1122/1064 1121/1121/1063 1131/1131/1073
f 1122/1122/1064 1131/1131/1073 1127/1127/1069
f 1121/1121/1063 1040/1040/993 1078/1078/1028
f 1121/1121/1063 1078/1078/1028 1131/1131/1073
f 1131/1131/1073 1078/1078/1028 1082/1082/1032
f 1131/1131/1073 1082/1082/1032 1132/1132/1074
f 1127/1127/1069 1131/1131/1073 1132/1132/1074
f 1127/1127/1069 1132/1132/1074 1128/1128/1070
f 1128/1128/1070 1132/1132/1074 1133/1133/1075
f 1128/1128/1070 1133/1133/1075 1134/1134/1076
f 1132/1132/1074 1082/1082/1032 1090/1090/1038
f 1132/1132/1074 1090/1090/1038 1133/1133/1075
f 1133/1133/1075 1090/1090/1038 1092/1092/411
f 1133/1133/1075 1092/1092/411 1135/1135/410
f 1134/1134/1076 1133/1133/1075 1135/1135/410
f 1134/1134/1076 1135/1135/410 1136/1136/406
f 1130/1130/1072 1129/1129/1071 1137/1137/1077
f 1130/1130/1072 1137/1137/1077 1138/1138/1078
f 1129/1129/1071 1128/1128/1070 1134/1134/1076
f 1129/1129/1071 1134/1134/1076 1137/1137/1077
f 1137/1137/1077 1134/1134/1076 1136/1136/406
f 1137/1137/1077 1136/1136/406 1139/1139/405
f 1138/1138/1078 1137/1137/1077 1139/1139/405
f 1138/1138/1078 1139/1139/405 1140/1140/393
f 1112/1112/185 1111/1111/1054 1141/1141/1079
f 1112/1112/185 1141/1141/1079 1142/1142/1080
f 1111/1111/1054 1108/1108/1052 1143/1143/1081
f 1111/1111/1054 1143/1143/1081 1141/1141/1079
f 1141/1141/1079 1143/1143/1081 1144/1144/1082
f 1141/1141/1079 1144/1144/1082 1145/1145/1083
f 1142/1142/1080 1141/1141/1079 1145/1145/1083
f 1142/1142/1080 1145/1145/1083 1146/1146/198
f 1108/1108/1052 1107/1107/1051 1147/1147/1084
f 1108/1108/1052 1147/1147/1084 1143/1143/1081
f 1107/1107/1051 1106/1106/1050 1126/1126/1068
f 1107/1107/1051 1126/1126/1068 1147/1147/1084
f 1147/1147/1084 1126/1126/1068 1130/1130/1072
f 1147/1147/1084 1130/1130/1072 1148/1148/1085
f 1143/1143/1081 1147/1147/1084 1148/1148/1085
f 1143/1143/1081 1148/1148/1085 1144/1144/1082
f 1144/1144/1082 1148/1148/1085 1149/1149/1086
f 1144/1144/1082 1149/1149/1086 1150/1150/1087
f 1148/1148/1085 1130/1130/1072 1138/1138/1078
f 1148/1148/1085 1138/1138/1078 1149/1149/1086
f 1149/1149/1086 1138/1138/1078 1140/1140/393
f 1149/1149/1086 1140/1140/393 1151/1151/392
f 1150/1150/1087 1149/1149/1086 1151/1151/392
f 1150/1150/1087 1151/1151/392 1152/1152/388
f 1146/1146/198 1145/1145/1083 1153/1153/1088
f 1146/1146/198 1153/1153/1088 1154/1154/202
f 1145/1145/1083 1144/1144/1082 1150/1150/1087
f 1145/1145/1083 1150/1150/1087 1153/1153/1088
f 1153/1153/1088 1150/1150/1087 1152/1152/388
f 1153/1153/1088 1152/1152/388 1155/1155/387
f 1154/1154/202 1153/1153/1088 1155/1155/387
f 1154/1154/202 1155/1155/387 1156/1156/1089
f 1157/1157/1090 1158/1158/569 1159/1159/1091
f 1157/1157/1090 1159/1159/1091 1160/1160/1092
f 1158/1158/569 1161/1161/574 1162/1162/1093
f 1158/1158/569 1162/1162/1093 1159/1159/1091
f 1159/1159/1091 1162/1162/1093 1163/1163/1094
f 1159/1159/1091 1163/1163/1094 1164/1164/1095
f 1160/1160/1092 1159/1159/1091 1164/1164/1095
f 1160/1160/1092 1164/1164/1095 1165/1165/1096
f 1161/1161/574 1166/1166/1097 1167/1167/1098
f 1161/1161/574 1167/1167/1098 1162/1162/1093
f 1166/1166/1097 1168/1168/590 1169/1169/1099
f 1166/1166/1097 1169/1169/1099 1167/1167/1098
f 1167/1167/1098 1169/1169/1099 1170/1170/1100
f 1167/1167/1098 1170/1170/1100 1171/1171/1101
f 1162/1162/1093 1167/1167/1098 1171/1171/1101
f 1162/1162/1093 1171/1171/1101 1163/1163/1094
f 1163/1163/1094 1171/1171/1101 1172/1172/1102
f 1163/1163/1094 1172/1172/1102 1173/1173/1103
f 1171/1171/1101 1170/1170/1100 1174/1174/1104
f 1171/1171/1101 1174/1174/1104 1172/1172/1102
f 1172/1172/1102 1174/1174/1104 1175/1175/1105
f 1172/1172/1102 1175/1175/1105 1176/1176/1106
f 1173/1173/1103 1172/1172/1102 1176/1176/1106
f 1173/1173/1103 1176/1176/1106 1177/1177/1107
f 1165/1165/1096 1164/1164/1095 1178/1178/1108
f 1165/1165/1096 1178/1178/1108 1179/1179/1109
f 1164/1164/1095 1163/1163/1094 1173/1173/1103
f 1164/1164/1095 1173/1173/1103 1178/1178/1108
f 1178/1178/1108 1173/1173/1103 1177/1177/1107
f 1178/1178/1108 1177/1177/1107 1180/1180/1110
f 1179/1179/1109 1178/1178/1108 1180/1180/1110
f 1179/1179/1109 1180/1180/1110 1181/1181/1111
f 1168/1168/590 1182/1182/632 1183/1183/1112
f 1168/1168/590 1183/1183/1112 1169/1169/1099
f 1182/1182/632 1184/1184/636 1185/1185/1113
f 1182/1182/632 1185/1185/1113 1183/1183/1112
f 1183/1183/1112 1185/1185/1113 1186/1186/1114
f 1183/1183/1112 1186/1186/1114 1187/1187/1115
f 1169/1169/1099 1183/1183/1112 1187/1187/1115
f 1169/1169/1099 1187/1187/1115 1170/1170/1100
f 1184/1184/636 1188/1188/644 1189/1189/1116
f 1184/1184/636 1189/1189/1116 1185/1185/1113
f 1188/1188/644 1190/1190/646 1191/1191/1117
f 1188/1188/644 1191/1191/1117 1189/1189/1116
f 1189/1189/1116 1191/1191/1117 1192/1192/1118
f 1189/1189/1116 1192/1192/1118 1193/1193/1119
f 1185/1185/1113 1189/1189/1116 1193/1193/1119
f 1185/1185/1113 1193/1193/1119 1186/1186/1114
f 1186/1186/1114 1193/1193/1119 1194/1194/1120
f 1186/1186/1114 1194/1194/1120 1195/1195/1121
f 1193/1193/1119 1192/1192/1118 1196/1196/1122
f 1193/1193/1119 1196/1196/1122 1194/1194/1120
f 1194/1194/1120 1196/1196/1122 1197/1197/1123
f 1194/1194/1120 1197/1197/1123 1198/1198/1124
f 1195/1195/1121 1194/1194/1120 1198/1198/1124
f 1195/1195/1121 1198/1198/1124 1199/1199/1125
f 1170/1170/1100 1187/1187/1115 1200/1200/1126
f 1170/1170/1100 1200/1200/1126 1174/1174/1104
f 1187/1187/1115 1186/1186/1114 1195/1195/1121
f 1187/1187/1115 1195/1195/1121 1200/1200/1126
f 1200/1200/1126 1195/1195/1121 1199/1199/1125
f 1200/1200/1126 1199/1199/1125 1201/1201/1127
f 1174/1174/1104 1200/1200/1126 1201/1201/1127
f 1174/1174/1104 1201/1201/1127 1175/1175/1105
f 1175/1175/1105 1201/1201/1127 1202/1202/1128
f 1175/1175/1105 1202/1202/1128 1203/1203/1129
f 1201/1201/1127 1199/1199/1125 1204/1204/1130
f 1201/1201/1127 1204/1204/1130 1202/1202/1128
f 1202/1202/1128 1204/1204/1130 1205/1205/1131
f 1202/1202/1128 1205/1205/1131 1206/1206/1132
f 1203/1203/1129 1202/1202/1128 1206/1206/1132
f 1203/1203/1129 1206/1206/1132 1207/1207/1133
f 1199/1199/1125 1198/1198/1124 1208/1208/1134
f 1199/1199/1125 1208/1208/1134 1204/1204/1130
f 1198/1198/1124 1197/1197/1123 1209/1209/1135
f 1198/1198/1124 1209/1209/1135 1208/1208/1134
f 1208/1208/1134 1209/1209/1135 1210/1210/1136
f 1208/1208/1134 1210/1210/1136 1211/1211/1137
f 1204/1204/1130 1208/1208/1134 1211/1211/1137
f 1204/1204/1130 1211/1211/1137 1205/1205/1131
f 1205/1205/1131 1211/1211/1137 1212/1212/1138
f 1205/1205/1131 1212/1212/1138 1213/1213/1139
f 1211/1211/1137 1210/1210/1136 1214/1214/1140
f 1211/1211/1137 1214/1214/1140 1212/1212/1138
f 1212/1212/1138 1214/1214/1140 1215/1215/1141
f 1212/1212/1138 1215/1215/1141 1216/1216/1142
f 1213/1213/1139 1212/1212/1138 1216/1216/1142
f 1213/1213/1139 1216/1216/1142 1217/1217/1143
f 1207/1207/1133 1206/1206/1132 1218/1218/1144
f 1207/1207/1133 1218/1218/1144 1219/1219/1145
f 1206/1206/1132 1205/1205/1131 1213/1213/1139
f 1206/1206/1132 1213/1213/1139 1218/1218/1144
f 1218/1218/1144 1213/1213/1139 1217/1217/1143
f 1218/1218/1144 1217/1217/1143 1220/1220/1146
f 1219/1219/1145 1218/1218/1144 1220/1220/1146
f 1219/1219/1145 1220/1220/1146 1221/1221/1147
f 1181/1181/1111 1180/1180/1110 1222/1222/1148
f 1181/1181/1111 1222/1222/1148 1223/1223/1149
f 1180/1180/1110 1177/1177/1107 1224/1224/1150
f 1180/1180/1110 1224/1224/1150 1222/1222/1148
f 1222/1222/1148 1224/1224/1150 1225/1225/1151
f 1222/1222/1148 1225/1225/1151 1226/1226/1152
f 1223/1223/1149 1222/1222/1148 1226/1226/1152
f 1223/1223/1149 1226/1226/1152 1227/1227/1153
f 1177/1177/1107 1176/1176/1106 1228/1228/1154
f 1177/1177/1107 1228/1228/1154 1224/1224/1150
f 1176/1176/1106 1175/1175/1105 1203/1203/1129
f 1176/1176/1106 1203/1203/1129 1228/1228/1154
f 1228/1228/1154 1203/1203/1129 1207/1207/1133
f 1228/1228/1154 1207/1207/1133 1229/1229/1155
f 1224/1224/1150 1228/1228/1154 1229/1229/1155
f 1224/1224/1150 1229/1229/1155 1225/1225/1151
f 1225/1225/1151 1229/1229/1155 1230/1230/1156
f 1225/1225/1151 1230/1230/1156 1231/1231/1157
f 1229/1229/1155 1207/1207/1133 1219/1219/1145
f 1229/1229/1155 1219/1219/1145 1230/1230/1156
f 1230/1230/1156 1219/1219/1145 1221/1221/1147
f 1230/1230/1156 1221/1221/1147 1232/1232/1158
f 1231/1231/1157 1230/1230/1156 1232/1232/1158
f 1231/1231/1157 1232/1232/1158 1233/1233/1159
f 1227/1227/1153 1226/1226/1152 1234/1234/1160
f 1227/1227/1153 1234/1234/1160 1235/1235/1161
f 1226/1226/1152 1225/1225/1151 1231/1231/1157
f 1226/1226/1152 1231/1231/1157 1234/1234/1160
f 1234/1234/1160 1231/1231/1157 1233/1233/1159
f 1234/1234/1160 1233/1233/1159 1236/1236/1162
f 1235/1235/1161 1234/1234/1160 1236/1236/1162
f 1235/1235/1161 1236/1236/1162 1237/1237/1163
f 1190/1190/646 1238/1238/785 1239/1239/1164
f 1190/1190/646 1239/1239/1164 1191/1191/1117
f 1238/1238/785 1240/1240/789 1241/1241/1165
f 1238/1238/785 1241/1241/1165 1239/1239/1164
f 1239/1239/1164 1241/1241/1165 1242/1242/1166
f 1239/1239/1164 1242/1242/1166 1243/1243/1167
f 1191/1191/1117 1239/1239/1164 1243/1243/1167
f 1191/1191/1117 1243/1243/1167 1192/1192/1118
f 1240/1240/789 1244/1244/801 1245/1245/1168
f 1240/1240/789 1245/1245/1168 1241/1241/1165
f 1244/1244/801 1246/1246/803 1247/1247/1169
f 1244/1244/801 1247/1247/1169 1245/1245/1168
f 1245/1245/1168 1247/1247/1169 1248/1248/1170
f 1245/1245/1168 1248/1248/1170 1249/1249/1171
f 1241/1241/1165 1245/1245/1168 1249/1249/1171
f 1241/1241/1165 1249/1249/1171 1242/1242/1166
f 1242/1242/1166 1249/1249/1171 1250/1250/1172
f 1242/1242/1166 1250/1250/1172 1251/1251/1173
f 1249/1249/1171 1248/1248/1170 1252/1252/1174
f 1249/1249/1171 1252/1252/1174 1250/1250/1172
f 1250/1250/1172 1252/1252/1174 1253/1253/1175
f 1250/1250/1172 1253/1253/1175 1254/1254/1176
f 1251/1251/1173 1250/1250/1172 1254/1254/1176
f 1251/1251/1173 1254/1254/1176 1255/1255/1177
f 1192/1192/1118 1243/1243/1167 1256/1256/1178
f 1192/1192/1118 1256/1256/1178 1196/1196/1122
f 1243/1243/1167 1242/1242/1166 1251/1251/1173
f 1243/1243/1167 1251/1251/1173 1256/1256/1178
f 1256/1256/1178 1251/1251/1173 1255/1255/1177
f 1256/1256/1178 1255/1255/1177 1257/1257/1179
f 1196/1196/1122 1256/1256/1178 1257/1257/1179
f 1196/1196/1122 1257/1257/1179 1197/1197/1123
f 1246/1246/803 1258/1258/829 1259/1259/1180
f 1246/1246/803 1259/1259/1180 1247/1247/1169
f 1258/1258/829 1260/1260/833 1261/1261/1181
f 1258/1258/829 1261/1261/1181 1259/1259/1180
f 1259/1259/1180 1261/1261/1181 1262/1262/1182
f 1259/1259/1180 1262/1262/1182 1263/1263/1183
f 1247/1247/1169 1259/1259/1180 1263/1263/1183
f 1247/1247/1169 1263/1263/1183 1248/1248/1170
f 1260/1260/833 1264/1264/840 1265/1265/1184
f 1260/1260/833 1265/1265/1184 1261/1261/1181
f 1264/1264/840 1266/1266/1185 1267/1267/4
f 1264/1264/840 1267/1267/4 1265/1265/1184
f 1265/1265/1184 1267/1267/4 1268/1268/9
f 1265/1265/1184 1268/1268/9 1269/1269/1186
f 1261/1261/1181 1265/1265/1184 1269/1269/1186
f 1261/1261/1181 1269/1269/1186 1262/1262/1182
f 1262/1262/1182 1269/1269/1186 1270/1270/1187
f 1262/1262/1182 1270/1270/1187 1271/1271/1188
f 1269/1269/1186 1268/1268/9 1272/1272/1189
f 1269/1269/1186 1272/1272/1189 1270/1270/1187
f 1270/1270/1187 1272/1272/1189 1273/1273/25
f 1270/1270/1187 1273/1273/25 1274/1274/1190
f 1271/1271/1188 1270/1270/1187 1274/1274/1190
f 1271/1271/1188 1274/1274/1190 1275/1275/1191
f 1248/1248/1170 1263/1263/1183 1276/1276/1192
f 1248/1248/1170 1276/1276/1192 1252/1252/1174
f 1263/1263/1183 1262/1262/1182 1271/1271/1188
f 1263/1263/1183 1271/1271/1188 1276/1276/1192
f 1276/1276/1192 1271/1271/1188 1275/1275/1191
f 1276/1276/1192 1275/1275/1191 1277/1277/1193
f 1252/1252/1174 1276/1276/1192 1277/1277/1193
f 1252/1252/1174 1277/1277/1193 1253/1253/1175
f 1253/1253/1175 1277/1277/1193 1278/1278/1194
f 1253/1253/1175 1278/1278/1194 1279/1279/1195
f 1277/1277/1193 1275/1275/1191 1280/1280/1196
f 1277/1277/1193 1280/1280/1196 1278/1278/1194
f 1278/1278/1194 1280/1280/1196 1281/1281/1197
f 1278/1278/1194 1281/1281/1197 1282/1282/1198
f 1279/1279/1195 1278/1278/1194 1282/1282/1198
f 1279/1279/1195 1282/1282/1198 1283/1283/1199
f 1275/1275/1191 1274/1274/1190 1284/1284/1200
f 1275/1275/1191 1284/1284/1200 1280/1280/1196
f 1274/1274/1190 1273/1273/25 1285/1285/67
f 1274/1274/1190 1285/1285/67 1284/1284/1200
f 1284/1284/1200 1285/1285/67 1286/1286/71
f 1284/1284/1200 1286/1286/71 1287/1287/1201
f 1280/1280/1196 1284/1284/1200 1287/1287/1201
f 1280/1280/1196 1287/1287/1201 1281/1281/1197
f 1281/1281/1197 1287/1287/1201 1288/1288/1202
f 1281/1281/1197 1288/1288/1202 1289/1289/1203
f 1287/1287/1201 1286/1286/71 1290/1290/79
f 1287/1287/1201 1290/1290/79 1288/1288/1202
f 1288/1288/1202 1290/1290/79 1291/1291/81
f 1288/1288/1202 1291/1291/81 1292/1292/1204
f 1289/1289/1203 1288/1288/1202 1292/1292/1204
f 1289/1289/1203 1292/1292/1204 1293/1293/1205
f 1283/1283/1199 1282/1282/1198 1294/1294/1206
f 1283/1283/1199 1294/1294/1206 1295/1295/1207
f 1282/1282/1198 1281/1281/1197 1289/1289/1203
f 1282/1282/1198 1289/1289/1203 1294/1294/1206
f 1294/1294/1206 1289/1289/1203 1293/1293/1205
f 1294/1294/1206 1293/1293/1205 1296/1296/1208
f 1295/1295/1207 1294/1294/1206 1296/1296/1208
f 1295/1295/1207 1296/1296/1208 1297/1297/1209
f 1197/1197/1123 1257/1257/1179 1298/1298/1210
f 1197/1197/1123 1298/1298/1210 1209/1209/1135
f 1257/1257/1179 1255/1255/1177 1299/1299/1211
f 1257/1257/1179 1299/1299/1211 1298/1298/1210
f 1298/1298/1210 1299/1299/1211 1300/1300/1212
f 1298/1298/1210 1300/1300/1212 1301/1301/1213
f 1209/1209/1135 1298/1298/1210 1301/1301/1213
f 1209/1209/1135 1301/1301/1213 1210/1210/1136
f 1255/1255/1177 1254/1254/1176 1302/1302/1214
f 1255/1255/1177 1302/1302/1214 1299/1299/1211
f 1254/1254/1176 1253/1253/1175 1279/1279/1195
f 1254/1254/1176 1279/1279/1195 1302/1302/1214
f 1302/1302/1214 1279/1279/1195 1283/1283/1199
f 1302/1302/1214 1283/1283/1199 1303/1303/1215
f 1299/1299/1211 1302/1302/1214 1303/1303/1215
f 1299/1299/1211 1303/1303/1215 1300/1300/1212
f 1300/1300/1212 1303/1303/1215 1304/1304/1216
f 1300/1300/1212 1304/1304/1216 1305/1305/1217
f 1303/1303/1215 1283/1283/1199 1295/1295/1207
f 1303/1303/1215 1295/1295/1207 1304/1304/1216
f 1304/1304/1216 1295/1295/1207 1297/1297/1209
f 1304/1304/1216 1297/1297/1209 1306/1306/1218
f 1305/1305/1217 1304/1304/1216 1306/1306/1218
f 1305/1305/1217 1306/1306/1218 1307/1307/1219
f 1210/1210/1136 1301/1301/1213 1308/1308/1220
f 1210/1210/1136 1308/1308/1220 1214/1214/1140
f 1301/1301/1213 1300/1300/1212 1305/1305/1217
f 1301/1301/1213 1305/1305/1217 1308/1308/1220
f 1308/1308/1220 1305/1305/1217 1307/1307/1219
f 1308/1308/1220 1307/1307/1219 1309/1309/1221
f 1214/1214/1140 1308/1308/1220 1309/1309/1221
f 1214/1214/1140 1309/1309/1221 1215/1215/1141
f 1215/1215/1141 1309/1309/1221 1310/1310/1222
f 1215/1215/1141 1310/1310/1222 1311/1311/1223
f 1309/1309/1221 1307/1307/1219 1312/1312/1224
f 1309/1309/1221 1312/1312/1224 1310/1310/1222
f 1310/1310/1222 1312/1312/1224 1313/1313/1225
f 1310/1310/1222 1313/1313/1225 1314/1314/1226
f 1311/1311/1223 1310/1310/1222 1314/1314/1226
f 1311/1311/1223 1314/1314/1226 1315/1315/1227
f 1307/1307/1219 1306/1306/1218 1316/1316/1228
f 1307/1307/1219 1316/1316/1228 1312/1312/1224
f 1306/1306/1218 1297/1297/1209 1317/1317/1229
f 1306/1306/1218 1317/1317/1229 1316/1316/1228
f 1316/1316/1228 1317/1317/1229 1318/1318/1230
f 1316/1316/1228 1318/1318/1230 1319/1319/1231
f 1312/1312/1224 1316/1316/1228 1319/1319/1231
f 1312/1312/1224 1319/1319/1231 1313/1313/1225
f 1313/1313/1225 1319/1319/1231 1320/1320/1232
f 1313/1313/1225 1320/1320/1232 1321/1321/1233
f 1319/1319/1231 1318/1318/1230 1322/1322/1234
f 1319/1319/1231 1322/1322/1234 1320/1320/1232
f 1320/1320/1232 1322/1322/1234 1323/1323/1235
f 1320/1320/1232 1323/1323/1235 1324/1324/1236
f 1321/1321/1233 1320/1320/1232 1324/1324/1236
f 1321/1321/1233 1324/1324/1236 1325/1325/1237
f 1315/1315/1227 1314/1314/1226 1326/1326/1238
f 1315/1315/1227 1326/1326/1238 1327/1327/1239
f 1314/1314/1226 1313/1313/1225 1321/1321/1233
f 1314/1314/1226 1321/1321/1233 1326/1326/1238
f 1326/1326/1238 1321/1321/1233 1325/1325/1237
f 1326/1326/1238 1325/1325/1237 1328/1328/1240
f 1327/1327/1239 1326/1326/1238 1328/1328/1240
f 1327/1327/1239 1328/1328/1240 1329/1329/1241
f 1297/1297/1209 1296/1296/1208 1330/1330/1242
f 1297/1297/1209 1330/1330/1242 1317/1317/1229
f 1296/1296/1208 1293/1293/1205 1331/1331/1243
f 1296/1296/1208 1331/1331/1243 1330/1330/1242
f 1330/1330/1242 1331/1331/1243 1332/1332/1244
f 1330/1330/1242 1332/1332/1244 1333/1333/1245
f 1317/1317/1229 1330/1330/1242 1333/1333/1245
f 1317/1317/1229 1333/1333/1245 1318/1318/1230
f 1293/1293/1205 1292/1292/1204 1334/1334/1246
f 1293/1293/1205 1334/1334/1246 1331/1331/1243
f 1292/1292/1204 1291/1291/81 1335/1335/227
f 1292/1292/1204 1335/1335/227 1334/1334/1246
f 1334/1334/1246 1335/1335/227 1336/1336/231
f 1334/1334/1246 1336/1336/231 1337/1337/1247
f 1331/1331/1243 1334/1334/1246 1337/1337/1247
f 1331/1331/1243 1337/1337/1247 1332/1332/1244
f 1332/1332/1244 1337/1337/1247 1338/1338/1248
f 1332/1332/1244 1338/1338/1248 1339/1339/1249
f 1337/1337/1247 1336/1336/231 1340/1340/243
f 1337/1337/1247 1340/1340/243 1338/1338/1248
f 1338/1338/1248 1340/1340/243 1341/1341/245
f 1338/1338/1248 1341/1341/245 1342/1342/1250
f 1339/1339/1249 1338/1338/1248 1342/1342/1250
f 1339/1339/1249 1342/1342/1250 1343/1343/1251
f 1318/1318/1230 1333/1333/1245 1344/1344/1252
f 1318/1318/1230 1344/1344/1252 1322/1322/1234
f 1333/1333/1245 1332/1332/1244 1339/1339/1249
f 1333/1333/1245 1339/1339/1249 1344/1344/1252
f 1344/1344/1252 1339/1339/1249 1343/1343/1251
f 1344/1344/1252 1343/1343/1251 1345/1345/1253
f 1322/1322/1234 1344/1344/1252 1345/1345/1253
f 1322/1322/1234 1345/1345/1253 1323/1323/1235
f 1323/1323/1235 1345/1345/1253 1346/1346/1254
f 1323/1323/1235 1346/1346/1254 1347/1347/1255
f 1345/1345/1253 1343/1343/1251 1348/1348/1256
f 1345/1345/1253 1348/1348/1256 1346/1346/1254
f 1346/1346/1254 1348/1348/1256 1349/1349/1257
f 1346/1346/1254 1349/1349/1257 1350/1350/1258
f 1347/1347/1255 1346/1346/1254 1350/1350/1258
f 1347/1347/1255 1350/1350/1258 1351/1351/1259
f 1343/1343/1251 1342/1342/1250 1352/1352/1260
f 1343/1343/1251 1352/1352/1260 1348/1348/1256
f 1342/1342/1250 1341/1341/245 1353/1353/1261
f 1342/1342/1250 1353/1353/1261 1352/1352/1260
f 1352/1352/1260 1353/1353/1261 1354/1354/279
f 1352/1352/1260 1354/1354/279 1355/1355/1262
f 1348/1348/1256 1352/1352/1260 1355/1355/1262
f 1348/1348/1256 1355/1355/1262 1349/1349/1257
f 1349/1349/1257 1355/1355/1262 1356/1356/1263
f 1349/1349/1257 1356/1356/1263 1357/1357/1264
f 1355/1355/1262 1354/1354/279 1358/1358/287
f 1355/1355/1262 1358/1358/287 1356/1356/1263
f 1356/1356/1263 1358/1358/287 1359/1359/1265
f 1356/1356/1263 1359/1359/1265 1360/1360/292
f 1357/1357/1264 1356/1356/1263 1360/1360/292
f 1357/1357/1264 1360/1360/292 1361/1361/296
f 1351/1351/1259 1350/1350/1258 1362/1362/1266
f 1351/1351/1259 1362/1362/1266 1363/1363/1267
f 1350/1350/1258 1349/1349/1257 1357/1357/1264
f 1350/1350/1258 1357/1357/1264 1362/1362/1266
f 1362/1362/1266 1357/1357/1264 1361/1361/296
f 1362/1362/1266 1361/1361/296 1364/1364/1268
f 1363/1363/1267 1362/1362/1266 1364/1364/1268
f 1363/1363/1267 1364/1364/1268 1365/1365/311
f 1329/1329/1241 1328/1328/1240 1366/1366/1269
f 1329/1329/1241 1366/1366/1269 1367/1367/1270
f 1328/1328/1240 1325/1325/1237 1368/1368/1271
f 1328/1328/1240 1368/1368/1271 1366/1366/1269
f 1366/1366/1269 1368/1368/1271 1369/1369/1272
f 1366/1366/1269 1369/1369/1272 1370/1370/1273
f 1367/1367/1270 1366/1366/1269 1370/1370/1273
f 1367/1367/1270 1370/1370/1273 1371/1371/1274
f 1325/1325/1237 1324/1324/1236 1372/1372/1275
f 1325/1325/1237 1372/1372/1275 1368/1368/1271
f 1324/1324/1236 1323/1323/1235 1347/1347/1255
f 1324/1324/1236 1347/1347/1255 1372/1372/1275
f 1372/1372/1275 1347/1347/1255 1351/1351/1259
f 1372/1372/1275 1351/1351/1259 1373/1373/1276
f 1368/1368/1271 1372/1372/1275 1373/1373/1276
f 1368/1368/1271 1373/1373/1276 1369/1369/1272
f 1369/1369/1272 1373/1373/1276 1374/1374/1277
f 1369/1369/1272 1374/1374/1277 1375/1375/1278
f 1373/1373/1276 1351/1351/1259 1363/1363/1267
f 1373/1373/1276 1363/1363/1267 1374/1374/1277
f 1374/1374/1277 1363/1363/1267 1365/1365/311
f 1374/1374/1277 1365/1365/311 1376/1376/349
f 1375/1375/1278 1374/1374/1277 1376/1376/349
f 1375/1375/1278 1376/1376/349 1377/1377/353
f 1371/1371/1274 1370/1370/1273 1378/1378/1279
f 1371/1371/1274 1378/1378/1279 1379/1379/1280
f 1370/1370/1273 1369/1369/1272 1375/1375/1278
f 1370/1370/1273 1375/1375/1278 1378/1378/1279
f 1378/1378/1279 1375/1375/1278 1377/1377/353
f 1378/1378/1279 1377/1377/353 1380/1380/361
f 1379/1379/1280 1378/1378/1279 1380/1380/361
f 1379/1379/1280 1380/1380/361 1381/1381/363
f 1237/1237/1163 1236/1236/1162 1382/1382/1281
f 1237/1237/1163 1382/1382/1281 1383/1383/1282
f 1236/1236/1162 1233/1233/1159 1384/1384/1283
f 1236/1236/1162 1384/1384/1283 1382/1382/1281
f 1382/1382/1281 1384/1384/1283 1385/1385/1284
f 1382/1382/1281 1385/1385/1284 1386/1386/1285
f 1383/1383/1282 1382/1382/1281 1386/1386/1285
f 1383/1383/1282 1386/1386/1285 1387/1387/1286
f 1233/1233/1159 1232/1232/1158 1388/1388/1287
f 1233/1233/1159 1388/1388/1287 1384/1384/1283
f 1232/1232/1158 1221/1221/1147 1389/1389/1288
f 1232/1232/1158 1389/1389/1288 1388/1388/1287
f 1388/1388/1287 1389/1389/1288 1390/1390/1289
f 1388/1388/1287 1390/1390/1289 1391/1391/1290
f 1384/1384/1283 1388/1388/1287 1391/1391/1290
f 1384/1384/1283 1391/1391/1290 1385/1385/1284
f 1385/1385/1284 1391/1391/1290 1392/1392/1291
f 1385/1385/1284 1392/1392/1291 1393/1393/1292
f 1391/1391/1290 1390/1390/1289 1394/1394/1293
f 1391/1391/1290 1394/1394/1293 1392/1392/1291
f 1392/1392/1291 1394/1394/1293 1395/1395/1294
f 1392/1392/1291 1395/1395/1294 1396/1396/1295
f 1393/1393/1292 1392/1392/1291 1396/1396/1295
f 1393/1393/1292 1396/1396/1295 1397/1397/1296
f 1387/1387/1286 1386/1386/1285 1398/1398/1297
f 1387/1387/1286 1398/1398/1297 1399/1399/1298
f 1386/1386/1285 1385/1385/1284 1393/1393/1292
f 1386/1386/1285 1393/1393/1292 1398/1398/1297
f 1398/1398/1297 1393/1393/1292 1397/1397/1296
f 1398/1398/1297 1397/1397/1296 1400/1400/1299
f 1399/1399/1298 1398/1398/1297 1400/1400/1299
f 1399/1399/1298 1400/1400/1299 1401/1401/1300
f 1221/1221/1147 1220/1220/1146 1402/1402/1301
f 1221/1221/1147 1402/1402/1301 1389/1389/1288
f 1220/1220/1146 1217/1217/1143 1403/1403/1302
f 1220/1220/1146 1403/1403/1302 1402/1402/1301
f 1402/1402/1301 1403/1403/1302 1404/1404/1303
f 1402/1402/1301 1404/1404/1303 1405/1405/1304
f 1389/1389/1288 1402/1402/1301 1405/1405/1304
f 1389/1389/1288 1405/1405/1304 1390/1390/1289
f 1217/1217/1143 1216/1216/1142 1406/1406/1305
f 1217/1217/1143 1406/1406/1305 1403/1403/1302
f 1216/1216/1142 1215/1215/1141 1311/1311/1223
f 1216/1216/1142 1311/1311/1223 1406/1406/1305
f 1406/1406/1305 1311/1311/1223 1315/1315/1227
f 1406/1406/1305 1315/1315/1227 1407/1407/1306
f 1403/1403/1302 1406/1406/1305 1407/1407/1306
f 1403/1403/1302 1407/1407/1306 1404/1404/1303
f 1404/1404/1303 1407/1407/1306 1408/1408/1307
f 1404/1404/1303 1408/1408/1307 1409/1409/1308
f 1407/1407/1306 1315/1315/1227 1327/1327/1239
f 1407/1407/1306 1327/1327/1239 1408/1408/1307
f 1408/1408/1307 1327/1327/1239 1329/1329/1241
f 1408/1408/1307 1329/1329/1241 1410/1410/1309
f 1409/1409/1308 1408/1408/1307 1410/1410/1309
f 1409/1409/1308 1410/1410/1309 1411/1411/1310
f 1390/1390/1289 1405/1405/1304 1412/1412/1311
f 1390/1390/1289 1412/1412/1311 1394/1394/1293
f 1405/1405/1304 1404/1404/1303 1409/1409/1308
f 1405/1405/1304 1409/1409/1308 1412/1412/1311
f 1412/1412/1311 1409/1409/1308 1411/1411/1310
f 1412/1412/1311 1411/1411/1310 1413/1413/1312
f 1394/1394/1293 1412/1412/1311 1413/1413/1312
f 1394/1394/1293 1413/1413/1312 1395/1395/1294
f 1395/1395/1294 1413/1413/1312 1414/1414/1313
f 1395/1395/1294 1414/1414/1313 1415/1415/1314
f 1413/1413/1312 1411/1411/1310 1416/1416/1315
f 1413/1413/1312 1416/1416/1315 1414/1414/1313
f 1414/1414/1313 1416/1416/1315 1417/1417/1316
f 1414/1414/1313 1417/1417/1316 1418/1418/1317
f 1415/1415/1314 1414/1414/1313 1418/1418/1317
f 1415/1415/1314 1418/1418/1317 1419/1419/1318
f 1411/1411/1310 1410/1410/1309 1420/1420/1319
f 1411/1411/1310 1420/1420/1319 1416/1416/1315
f 1410/1410/1309 1329/1329/1241 1367/1367/1270
f 1410/1410/1309 1367/1367/1270 1420/1420/1319
f 1420/1420/1319 1367/1367/1270 1371/1371/1274
f 1420/1420/1319 1371/1371/1274 1421/1421/1320
f 1416/1416/1315 1420/1420/1319 1421/1421/1320
f 1416/1416/1315 1421/1421/1320 1417/1417/1316
f 1417/1417/1316 1421/1421/1320 1422/1422/1321
f 1417/1417/1316 1422/1422/1321 1423/1423/1322
f 1421/1421/1320 1371/1371/1274 1379/1379/1280
f 1421/1421/1320 1379/1379/1280 1422/1422/1321
f 1422/1422/1321 1379/1379/1280 1381/1381/363
f 1422/1422/1321 1381/1381/363 1424/1424/503
f 1423/1423/1322 1422/1422/1321 1424/1424/503
f 1423/1423/1322 1424/1424/503 1425/1425/507
f 1419/1419/1318 1418/1418/1317 1426/1426/1323
f 1419/1419/1318 1426/1426/1323 1427/1427/1324
f 1418/1418/1317 1417/1417/1316 1423/1423/1322
f 1418/1418/1317 1423/1423/1322 1426/1426/1323
f 1426/1426/1323 1423/1423/1322 1425/1425/507
f 1426/1426/1323 1425/1425/507 1428/1428/519
f 1427/1427/1324 1426/1426/1323 1428/1428/519
f 1427/1427/1324 1428/1428/519 1429/1429/521
f 1401/1401/1300 1400/1400/1299 1430/1430/1325
f 1401/1401/1300 1430/1430/1325 1431/1431/1326
f 1400/1400/1299 1397/1397/1296 1432/1432/1327
f 1400/1400/1299 1432/1432/1327 1430/1430/1325
f 1430/1430/1325 1432/1432/1327 1433/1433/1328
f 1430/1430/1325 1433/1433/1328 1434/1434/1329
f 1431/1431/1326 1430/1430/1325 1434/1434/1329
f 1431/1431/1326 1434/1434/1329 1435/1435/1330
f 1397/1397/1296 1396/1396/1295 1436/1436/1331
f 1397/1397/1296 1436/1436/1331 1432/1432/1327
f 1396/1396/1295 1395/1395/1294 1415/1415/1314
f 1396/1396/1295 1415/1415/1314 1436/1436/1331
f 1436/1436/1331 1415/1415/1314 1419/1419/1318
f 1436/1436/1331 1419/1419/1318 1437/1437/1332
f 1432/1432/1327 1436/1436/1331 1437/1437/1332
f 1432/1432/1327 1437/1437/1332 1433/1433/1328
f 1433/1433/1328 1437/1437/1332 1438/1438/1333
f 1433/1433/1328 1438/1438/1333 1439/1439/1334
f 1437/1437/1332 1419/1419/1318 1427/1427/1324
f 1437/1437/1332 1427/1427/1324 1438/1438/1333
f 1438/1438/1333 1427/1427/1324 1429/1429/521
f 1438/1438/1333 1429/1429/521 1440/1440/551
f 1439/1439/1334 1438/1438/1333 1440/1440/551
f 1439/1439/1334 1440/1440/551 1441/1441/555
f 1435/1435/1330 1434/1434/1329 1442/1442/1335
f 1435/1435/1330 1442/1442/1335 1443/1443/1336
f 1434/1434/1329 1433/1433/1328 1439/1439/1334
f 1434/1434/1329 1439/1439/1334 1442/1442/1335
f 1442/1442/1335 1439/1439/1334 1441/1441/555
f 1442/1442/1335 1441/1441/555 1444/1444/563
f 1443/1443/1336 1442/1442/1335 1444/1444/563
f 1443/1443/1336 1444/1444/563 1445/1445/1337
f 1446/1446/1338 1447/1447/564 1448/1448/1339
f 1446/1446/1338 1448/1448/1339 1449/1449/1336
f 1447/1447/564 1450/1450/561 1451/1451/1340
f 1447/1447/564 1451/1451/1340 1448/1448/1339
f 1448/1448/1339 1451/1451/1340 1452/1452/1341
f 1448/1448/1339 1452/1452/1341 1453/1453/1342
f 1449/1449/1336 1448/1448/1339 1453/1453/1342
f 1449/1449/1336 1453/1453/1342 1454/1454/1330
f 1450/1450/561 1455/1455/1343 1456/1456/1344
f 1450/1450/561 1456/1456/1344 1451/1451/1340
f 1455/1455/1343 1457/1457/549 1458/1458/1345
f 1455/1455/1343 1458/1458/1345 1456/1456/1344
f 1456/1456/1344 1458/1458/1345 1459/1459/1346
f 1456/1456/1344 1459/1459/1346 1460/1460/1347
f 1451/1451/1340 1456/1456/1344 1460/1460/1347
f 1451/1451/1340 1460/1460/1347 1452/1452/1341
f 1452/1452/1341 1460/1460/1347 1461/1461/1348
f 1452/1452/1341 1461/1461/1348 1462/1462/1349
f 1460/1460/1347 1459/1459/1346 1463/1463/1350
f 1460/1460/1347 1463/1463/1350 1461/1461/1348
f 1461/1461/1348 1463/1463/1350 1464/1464/1351
f 1461/1461/1348 1464/1464/1351 1465/1465/1352
f 1462/1462/1349 1461/1461/1348 1465/1465/1352
f 1462/1462/1349 1465/1465/1352 1466/1466/1353
f 1454/1454/1330 1453/1453/1342 1467/1467/1354
f 1454/1454/1330 1467/1467/1354 1468/1468/1355
f 1453/1453/1342 1452/1452/1341 1462/1462/1349
f 1453/1453/1342 1462/1462/1349 1467/1467/1354
f 1467/1467/1354 1462/1462/1349 1466/1466/1353
f 1467/1467/1354 1466/1466/1353 1469/1469/1356
f 1468/1468/1355 1467/1467/1354 1469/1469/1356
f 1468/1468/1355 1469/1469/1356 1470/1470/1300
f 1457/1457/549 1471/1471/548 1472/1472/1357
f 1457/1457/549 1472/1472/1357 1458/1458/1345
f 1471/1471/548 1473/1473/545 1474/1474/1358
f 1471/1471/548 1474/1474/1358 1472/1472/1357
f 1472/1472/1357 1474/1474/1358 1475/1475/1359
f 1472/1472/1357 1475/1475/1359 1476/1476/1360
f 1458/1458/1345 1472/1472/1357 1476/1476/1360
f 1458/1458/1345 1476/1476/1360 1459/1459/1346
f 1473/1473/545 1477/1477/544 1478/1478/1361
f 1473/1473/545 1478/1478/1361 1474/1474/1358
f 1477/1477/544 1479/1479/501 1480/1480/1362
f 1477/1477/544 1480/1480/1362 1478/1478/1361
f 1478/1478/1361 1480/1480/1362 1481/1481/1363
f 1478/1478/1361 1481/1481/1363 1482/1482/1364
f 1474/1474/1358 1478/1478/1361 1482/1482/1364
f 1474/1474/1358 1482/1482/1364 1475/1475/1359
f 1475/1475/1359 1482/1482/1364 1483/1483/1365
f 1475/1475/1359 1483/1483/1365 1484/1484/1366
f 1482/1482/1364 1481/1481/1363 1485/1485/1367
f 1482/1482/1364 1485/1485/1367 1483/1483/1365
f 1483/1483/1365 1485/1485/1367 1486/1486/1368
f 1483/1483/1365 1486/1486/1368 1487/1487/1369
f 1484/1484/1366 1483/1483/1365 1487/1487/1369
f 1484/1484/1366 1487/1487/1369 1488/1488/1370
f 1459/1459/1346 1476/1476/1360 1489/1489/1371
f 1459/1459/1346 1489/1489/1371 1463/1463/1350
f 1476/1476/1360 1475/1475/1359 1484/1484/1366
f 1476/1476/1360 1484/1484/1366 1489/1489/1371
f 1489/1489/1371 1484/1484/1366 1488/1488/1370
f 1489/1489/1371 1488/1488/1370 1490/1490/1372
f 1463/1463/1350 1489/1489/1371 1490/1490/1372
f 1463/1463/1350 1490/1490/1372 1464/1464/1351
f 1464/1464/1351 1490/1490/1372 1491/1491/1373
f 1464/1464/1351 1491/1491/1373 1492/1492/1374
f 1490/1490/1372 1488/1488/1370 1493/1493/1375
f 1490/1490/1372 1493/1493/1375 1491/1491/1373
f 1491/1491/1373 1493/1493/1375 1494/1494/1376
f 1491/1491/1373 1494/1494/1376 1495/1495/1377
f 1492/1492/1374 1491/1491/1373 1495/1495/1377
f 1492/1492/1374 1495/1495/1377 1496/1496/1378
f 1488/1488/1370 1487/1487/1369 1497/1497/1379
f 1488/1488/1370 1497/1497/1379 1493/1493/1375
f 1487/1487/1369 1486/1486/1368 1498/1498/1380
f 1487/1487/1369 1498/1498/1380 1497/1497/1379
f 1497/1497/1379 1498/1498/1380 1499/1499/1381
f 1497/1497/1379 1499/1499/1381 1500/1500/1382
f 1493/1493/1375 1497/1497/1379 1500/1500/1382
f 1493/1493/1375 1500/1500/1382 1494/1494/1376
f 1494/1494/1376 1500/1500/1382 1501/1501/1383
f 1494/1494/1376 1501/1501/1383 1502/1502/1384
f 1500/1500/1382 1499/1499/1381 1503/1503/1385
f 1500/1500/1382 1503/1503/1385 1501/1501/1383
f 1501/1501/1383 1503/1503/1385 1504/1504/1386
f 1501/1501/1383 1504/1504/1386 1505/1505/1387
f 1502/1502/1384 1501/1501/1383 1505/1505/1387
f 1502/1502/1384 1505/1505/1387 1506/1506/1388
f 1496/1496/1378 1495/1495/1377 1507/1507/1389
f 1496/1496/1378 1507/1507/1389 1508/1508/1390
f 1495/1495/1377 1494/1494/1376 1502/1502/1384
f 1495/1495/1377 1502/1502/1384 1507/1507/1389
f 1507/1507/1389 1502/1502/1384 1506/1506/1388
f 1507/1507/1389 1506/1506/1388 1509/1509/1391
f 1508/1508/1390 1507/1507/1389 1509/1509/1391
f 1508/1508/1390 1509/1509/1391 1510/1510/1392
f 1470/1470/1300 1469/1469/1356 1511/1511/1393
f 1470/1470/1300 1511/1511/1393 1512/1512/1298
f 1469/1469/1356 1466/1466/1353 1513/1513/1394
f 1469/1469/1356 1513/1513/1394 1511/1511/1393
f 1511/1511/1393 1513/1513/1394 1514/1514/1395
f 1511/1511/1393 1514/1514/1395 1515/1515/1396
f 1512/1512/1298 1511/1511/1393 1515/1515/1396
f 1512/1512/1298 1515/1515/1396 1516/1516/1286
f 1466/1466/1353 1465/1465/1352 1517/1517/1397
f 1466/1466/1353 1517/1517/1397 1513/1513/1394
f 1465/1465/1352 1464/1464/1351 1492/1492/1374
f 1465/1465/1352 1492/1492/1374 1517/1517/1397
f 1517/1517/1397 1492/1492/1374 1496/1496/1378
f 1517/1517/1397 1496/1496/1378 1518/1518/1398
f 1513/1513/1394 1517/1517/1397 1518/1518/1398
f 1513/1513/1394 1518/1518/1398 1514/1514/1395
f 1514/1514/1395 1518/1518/1398 1519/1519/1399
f 1514/1514/1395 1519/1519/1399 1520/1520/1400
f 1518/1518/1398 1496/1496/1378 1508/1508/1390
f 1518/1518/1398 1508/1508/1390 1519/1519/1399
f 1519/1519/1399 1508/1508/1390 1510/1510/1392
f 1519/1519/1399 1510/1510/1392 1521/1521/1401
f 1520/1520/1400 1519/1519/1399 1521/1521/1401
f 1520/1520/1400 1521/1521/1401 1522/1522/1402
f 1516/1516/1286 1515/1515/1396 1523/1523/1403
f 1516/1516/1286 1523/1523/1403 1524/1524/1282
f 1515/1515/1396 1514/1514/1395 1520/1520/1400
f 1515/1515/1396 1520/1520/1400 1523/1523/1403
f 1523/1523/1403 1520/1520/1400 1522/1522/1402
f 1523/1523/1403 1522/1522/1402 1525/1525/1404
f 1524/1524/1282 1523/1523/1403 1525/1525/1404
f 1524/1524/1282 1525/1525/1404 1526/1526/1163
f 1479/1479/501 1527/1527/500 1528/1528/1405
f 1479/1479/501 1528/1528/1405 1480/1480/1362
f 1527/1527/500 1529/1529/497 1530/1530/1406
f 1527/1527/500 1530/1530/1406 1528/1528/1405
f 1528/1528/1405 1530/1530/1406 1531/1531/1407
f 1528/1528/1405 1531/1531/1407 1532/1532/1408
f 1480/1480/1362 1528/1528/1405 1532/1532/1408
f 1480/1480/1362 1532/1532/1408 1481/1481/1363
f 1529/1529/497 1533/1533/496 1534/1534/1409
f 1529/1529/497 1534/1534/1409 1530/1530/1406
f 1533/1533/496 1535/1535/485 1536/1536/1410
f 1533/1533/496 1536/1536/1410 1534/1534/1409
f 1534/1534/1409 1536/1536/1410 1537/1537/1411
f 1534/1534/1409 1537/1537/1411 1538/1538/1412
f 1530/1530/1406 1534/1534/1409 1538/1538/1412
f 1530/1530/1406 1538/1538/1412 1531/1531/1407
f 1531/1531/1407 1538/1538/1412 1539/1539/1413
f 1531/1531/1407 1539/1539/1413 1540/1540/1414
f 1538/1538/1412 1537/1537/1411 1541/1541/1415
f 1538/1538/1412 1541/1541/1415 1539/1539/1413
f 1539/1539/1413 1541/1541/1415 1542/1542/1416
f 1539/1539/1413 1542/1542/1416 1543/1543/1417
f 1540/1540/1414 1539/1539/1413 1543/1543/1417
f 1540/1540/1414 1543/1543/1417 1544/1544/1418
f 1481/1481/1363 1532/1532/1408 1545/1545/1419
f 1481/1481/1363 1545/1545/1419 1485/1485/1367
f 1532/1532/1408 1531/1531/1407 1540/1540/1414
f 1532/1532/1408 1540/1540/1414 1545/1545/1419
f 1545/1545/1419 1540/1540/1414 1544/1544/1418
f 1545/1545/1419 1544/1544/1418 1546/1546/1420
f 1485/1485/1367 1545/1545/1419 1546/1546/1420
f 1485/1485/1367 1546/1546/1420 1486/1486/1368
f 1535/1535/485 1547/1547/1421 1548/1548/1422
f 1535/1535/485 1548/1548/1422 1536/1536/1410
f 1547/1547/1421 1549/1549/481 1550/1550/1423
f 1547/1547/1421 1550/1550/1423 1548/1548/1422
f 1548/1548/1422 1550/1550/1423 1551/1551/1424
f 1548/1548/1422 1551/1551/1424 1552/1552/1425
f 1536/1536/1410 1548/1548/1422 1552/1552/1425
f 1536/1536/1410 1552/1552/1425 1537/1537/1411
f 1549/1549/481 1553/1553/480 1554/1554/1426
f 1549/1549/481 1554/1554/1426 1550/1550/1423
f 1553/1553/480 1555/1555/1427 1556/1556/1022
f 1553/1553/480 1556/1556/1022 1554/1554/1426
f 1554/1554/1426 1556/1556/1022 1557/1557/1018
f 1554/1554/1426 1557/1557/1018 1558/1558/1428
f 1550/1550/1423 1554/1554/1426 1558/1558/1428
f 1550/1550/1423 1558/1558/1428 1551/1551/1424
f 1551/1551/1424 1558/1558/1428 1559/1559/1429
f 1551/1551/1424 1559/1559/1429 1560/1560/1430
f 1558/1558/1428 1557/1557/1018 1561/1561/1431
f 1558/1558/1428 1561/1561/1431 1559/1559/1429
f 1559/1559/1429 1561/1561/1431 1562/1562/1005
f 1559/1559/1429 1562/1562/1005 1563/1563/1432
f 1560/1560/1430 1559/1559/1429 1563/1563/1432
f 1560/1560/1430 1563/1563/1432 1564/1564/1433
f 1537/1537/1411 1552/1552/1425 1565/1565/1434
f 1537/1537/1411 1565/1565/1434 1541/1541/1415
f 1552/1552/1425 1551/1551/1424 1560/1560/1430
f 1552/1552/1425 1560/1560/1430 1565/1565/1434
f 1565/1565/1434 1560/1560/1430 1564/1564/1433
f 1565/1565/1434 1564/1564/1433 1566/1566/1435
f 1541/1541/1415 1565/1565/1434 1566/1566/1435
f 1541/1541/1415 1566/1566/1435 1542/1542/1416
f 1542/1542/1416 1566/1566/1435 1567/1567/1436
f 1542/1542/1416 1567/1567/1436 1568/1568/1437
f 1566/1566/1435 1564/1564/1433 1569/1569/1438
f 1566/1566/1435 1569/1569/1438 1567/1567/1436
f 1567/1567/1436 1569/1569/1438 1570/1570/1439
f 1567/1567/1436 1570/1570/1439 1571/1571/1440
f 1568/1568/1437 1567/1567/1436 1571/1571/1440
f 1568/1568/1437 1571/1571/1440 1572/1572/1441
f 1564/1564/1433 1563/1563/1432 1573/1573/1442
f 1564/1564/1433 1573/1573/1442 1569/1569/1438
f 1563/1563/1432 1562/1562/1005 1574/1574/1004
f 1563/1563/1432 1574/1574/1004 1573/1573/1442
f 1573/1573/1442 1574/1574/1004 1575/1575/1000
f 1573/1573/1442 1575/1575/1000 1576/1576/1443
f 1569/1569/1438 1573/1573/1442 1576/1576/1443
f 1569/1569/1438 1576/1576/1443 1570/1570/1439
f 1570/1570/1439 1576/1576/1443 1577/1577/1444
f 1570/1570/1439 1577/1577/1444 1578/1578/1445
f 1576/1576/1443 1575/1575/1000 1579/1579/999
f 1576/1576/1443 1579/1579/999 1577/1577/1444
f 1577/1577/1444 1579/1579/999 1580/1580/955
f 1577/1577/1444 1580/1580/955 1581/1581/1446
f 1578/1578/1445 1577/1577/1444 1581/1581/1446
f 1578/1578/1445 1581/1581/1446 1582/1582/1447
f 1572/1572/1441 1571/1571/1440 1583/1583/1448
f 1572/1572/1441 1583/1583/1448 1584/1584/1449
f 1571/1571/1440 1570/1570/1439 1578/1578/1445
f 1571/1571/1440 1578/1578/1445 1583/1583/1448
f 1583/1583/1448 1578/1578/1445 1582/1582/1447
f 1583/1583/1448 1582/1582/1447 1585/1585/1450
f 1584/1584/1449 1583/1583/1448 1585/1585/1450
f 1584/1584/1449 1585/1585/1450 1586/1586/1451
f 1486/1486/1368 1546/1546/1420 1587/1587/1452
f 1486/1486/1368 1587/1587/1452 1498/1498/1380
f 1546/1546/1420 1544/1544/1418 1588/1588/1453
f 1546/1546/1420 1588/1588/1453 1587/1587/1452
f 1587/1587/1452 1588/1588/1453 1589/1589/1454
f 1587/1587/1452 1589/1589/1454 1590/1590/1455
f 1498/1498/1380 1587/1587/1452 1590/1590/1455
f 1498/1498/1380 1590/1590/1455 1499/1499/1381
f 1544/1544/1418 1543/1543/1417 1591/1591/1456
f 1544/1544/1418 1591/1591/1456 1588/1588/1453
f 1543/1543/1417 1542/1542/1416 1568/1568/1437
f 1543/1543/1417 1568/1568/1437 1591/1591/1456
f 1591/1591/1456 1568/1568/1437 1572/1572/1441
f 1591/1591/1456 1572/1572/1441 1592/1592/1457
f 1588/1588/1453 1591/1591/1456 1592/1592/1457
f 1588/1588/1453 1592/1592/1457 1589/1589/1454
f 1589/1589/1454 1592/1592/1457 1593/1593/1458
f 1589/1589/1454 1593/1593/1458 1594/1594/1459
f 1592/1592/1457 1572/1572/1441 1584/1584/1449
f 1592/1592/1457 1584/1584/1449 1593/1593/1458
f 1593/1593/1458 1584/1584/1449 1586/1586/1451
f 1593/1593/1458 1586/1586/1451 1595/1595/1460
f 1594/1594/1459 1593/1593/1458 1595/1595/1460
f 1594/1594/1459 1595/1595/1460 1596/1596/1461
f 1499/1499/1381 1590/1590/1455 1597/1597/1462
f 1499/1499/1381 1597/1597/1462 1503/1503/1385
f 1590/1590/1455 1589/1589/1454 1594/1594/1459
f 1590/1590/1455 1594/1594/1459 1597/1597/1462
f 1597/1597/1462 1594/1594/1459 1596/1596/1461
f 1597/1597/1462 1596/1596/1461 1598/1598/1463
f 1503/1503/1385 1597/1597/1462 1598/1598/1463
f 1503/1503/1385 1598/1598/1463 1504/1504/1386
f 1504/1504/1386 1598/1598/1463 1599/1599/1464
f 1504/1504/1386 1599/1599/1464 1600/1600/1465
f 1598/1598/1463 1596/1596/1461 1601/1601/1466
f 1598/1598/1463 1601/1601/1466 1599/1599/1464
f 1599/1599/1464 1601/1601/1466 1602/1602/1467
f 1599/1599/1464 1602/1602/1467 1603/1603/1468
f 1600/1600/1465 1599/1599/1464 1603/1603/1468
f 1600/1600/1465 1603/1603/1468 1604/1604/1469
f 1596/1596/1461 1595/1595/1460 1605/1605/1470
f 1596/1596/1461 1605/1605/1470 1601/1601/1466
f 1595/1595/1460 1586/1586/1451 1606/1606/1471
f 1595/1595/1460 1606/1606/1471 1605/1605/1470
f 1605/1605/1470 1606/1606/1471 1607/1607/1472
f 1605/1605/1470 1607/1607/1472 1608/1608/1473
f 1601/1601/1466 1605/1605/1470 1608/1608/1473
f 1601/1601/1466 1608/1608/1473 1602/1602/1467
f 1602/1602/1467 1608/1608/1473 1609/1609/1474
f 1602/1602/1467 1609/1609/1474 1610/1610/1475
f 1608/1608/1473 1607/1607/1472 1611/1611/1476
f 1608/1608/1473 1611/1611/1476 1609/1609/1474
f 1609/1609/1474 1611/1611/1476 1612/1612/1477
f 1609/1609/1474 1612/1612/1477 1613/1613/1478
f 1610/1610/1475 1609/1609/1474 1613/1613/1478
f 1610/1610/1475 1613/1613/1478 1614/1614/1479
f 1604/1604/1469 1603/1603/1468 1615/1615/1480
f 1604/1604/1469 1615/1615/1480 1616/1616/1481
f 1603/1603/1468 1602/1602/1467 1610/1610/1475
f 1603/1603/1468 1610/1610/1475 1615/1615/1480
f 1615/1615/1480 1610/1610/1475 1614/1614/1479
f 1615/1615/1480 1614/1614/1479 1617/1617/1482
f 1616/1616/1481 1615/1615/1480 1617/1617/1482
f 1616/1616/1481 1617/1617/1482 1618/1618/1483
f 1586/1586/1451 1585/1585/1450 1619/1619/1484
f 1586/1586/1451 1619/1619/1484 1606/1606/1471
f 1585/1585/1450 1582/1582/1447 1620/1620/1485
f 1585/1585/1450 1620/1620/1485 1619/1619/1484
f 1619/1619/1484 1620/1620/1485 1621/1621/1486
f 1619/1619/1484 1621/1621/1486 1622/1622/1487
f 1606/1606/1471 1619/1619/1484 1622/1622/1487
f 1606/1606/1471 1622/1622/1487 1607/1607/1472
f 1582/1582/1447 1581/1581/1446 1623/1623/1488
f 1582/1582/1447 1623/1623/1488 1620/1620/1485
f 1581/1581/1446 1580/1580/955 1624/1624/954
f 1581/1581/1446 1624/1624/954 1623/1623/1488
f 1623/1623/1488 1624/1624/954 1625/1625/950
f 1623/1623/1488 1625/1625/950 1626/1626/1489
f 1620/1620/1485 1623/1623/1488 1626/1626/1489
f 1620/1620/1485 1626/1626/1489 1621/1621/1486
f 1621/1621/1486 1626/1626/1489 1627/1627/1490
f 1621/1621/1486 1627/1627/1490 1628/1628/1491
f 1626/1626/1489 1625/1625/950 1629/1629/949
f 1626/1626/1489 1629/1629/949 1627/1627/1490
f 1627/1627/1490 1629/1629/949 1630/1630/937
f 1627/1627/1490 1630/1630/937 1631/1631/1492
f 1628/1628/1491 1627/1627/1490 1631/1631/1492
f 1628/1628/1491 1631/1631/1492 1632/1632/1493
f 1607/1607/1472 1622/1622/1487 1633/1633/1494
f 1607/1607/1472 1633/1633/1494 1611/1611/1476
f 1622/1622/1487 1621/1621/1486 1628/1628/1491
f 1622/1622/1487 1628/1628/1491 1633/1633/1494
f 1633/1633/1494 1628/1628/1491 1632/1632/1493
f 1633/1633/1494 1632/1632/1493 1634/1634/1495
f 1611/1611/1476 1633/1633/1494 1634/1634/1495
f 1611/1611/1476 1634/1634/1495 1612/1612/1477
f 1612/1612/1477 1634/1634/1495 1635/1635/1496
f 1612/1612/1477 1635/1635/1496 1636/1636/1497
f 1634/1634/1495 1632/1632/1493 1637/1637/1498
f 1634/1634/1495 1637/1637/1498 1635/1635/1496
f 1635/1635/1496 1637/1637/1498 1638/1638/1499
f 1635/1635/1496 1638/1638/1499 1639/1639/1500
f 1636/1636/1497 1635/1635/1496 1639/1639/1500
f 1636/1636/1497 1639/1639/1500 1640/1640/1501
f 1632/1632/1493 1631/1631/1492 1641/1641/1502
f 1632/1632/1493 1641/1641/1502 1637/1637/1498
f 1631/1631/1492 1630/1630/937 1642/1642/1503
f 1631/1631/1492 1642/1642/1503 1641/1641/1502
f 1641/1641/1502 1642/1642/1503 1643/1643/932
f 1641/1641/1502 1643/1643/932 1644/1644/1504
f 1637/1637/1498 1641/1641/1502 1644/1644/1504
f 1637/1637/1498 1644/1644/1504 1638/1638/1499
f 1638/1638/1499 1644/1644/1504 1645/1645/1505
f 1638/1638/1499 1645/1645/1505 1646/1646/1506
f 1644/1644/1504 1643/1643/932 1647/1647/931
f 1644/1644/1504 1647/1647/931 1645/1645/1505
f 1645/1645/1505 1647/1647/931 1648/1648/1507
f 1645/1645/1505 1648/1648/1507 1649/1649/673
f 1646/1646/1506 1645/1645/1505 1649/1649/673
f 1646/1646/1506 1649/1649/673 1650/1650/669
f 1640/1640/1501 1639/1639/1500 1651/1651/1508
f 1640/1640/1501 1651/1651/1508 1652/1652/1509
f 1639/1639/1500 1638/1638/1499 1646/1646/1506
f 1639/1639/1500 1646/1646/1506 1651/1651/1508
f 1651/1651/1508 1646/1646/1506 1650/1650/669
f 1651/1651/1508 1650/1650/669 1653/1653/1510
f 1652/1652/1509 1651/1651/1508 1653/1653/1510
f 1652/1652/1509 1653/1653/1510 1654/1654/655
f 1618/1618/1483 1617/1617/1482 1655/1655/1511
f 1618/1618/1483 1655/1655/1511 1656/1656/1512
f 1617/1617/1482 1614/1614/1479 1657/1657/1513
f 1617/1617/1482 1657/1657/1513 1655/1655/1511
f 1655/1655/1511 1657/1657/1513 1658/1658/1514
f 1655/1655/1511 1658/1658/1514 1659/1659/1515
f 1656/1656/1512 1655/1655/1511 1659/1659/1515
f 1656/1656/1512 1659/1659/1515 1660/1660/1516
f 1614/1614/1479 1613/1613/1478 1661/1661/1517
f 1614/1614/1479 1661/1661/1517 1657/1657/1513
f 1613/1613/1478 1612/1612/1477 1636/1636/1497
f 1613/1613/1478 1636/1636/1497 1661/1661/1517
f 1661/1661/1517 1636/1636/1497 1640/1640/1501
f 1661/1661/1517 1640/1640/1501 1662/1662/1518
f 1657/1657/1513 1661/1661/1517 1662/1662/1518
f 1657/1657/1513 1662/1662/1518 1658/1658/1514
f 1658/1658/1514 1662/1662/1518 1663/1663/1519
f 1658/1658/1514 1663/1663/1519 1664/1664/1520
f 1662/1662/1518 1640/1640/1501 1652/1652/1509
f 1662/1662/1518 1652/1652/1509 1663/1663/1519
f 1663/1663/1519 1652/1652/1509 1654/1654/655
f 1663/1663/1519 1654/1654/655 1665/1665/653
f 1664/1664/1520 1663/1663/1519 1665/1665/653
f 1664/1664/1520 1665/1665/653 1666/1666/649
f 1660/1660/1516 1659/1659/1515 1667/1667/1521
f 1660/1660/1516 1667/1667/1521 1668/1668/1522
f 1659/1659/1515 1658/1658/1514 1664/1664/1520
f 1659/1659/1515 1664/1664/1520 1667/1667/1521
f 1667/1667/1521 1664/1664/1520 1666/1666/649
f 1667/1667/1521 1666/1666/649 1669/1669/647
f 1668/1668/1522 1667/1667/1521 1669/1669/647
f 1668/1668/1522 1669/1669/647 1670/1670/599
f 1526/1526/1163 1525/1525/1404 1671/1671/1523
f 1526/1526/1163 1671/1671/1523 1672/1672/1161
f 1525/1525/1404 1522/1522/1402 1673/1673/1524
f 1525/1525/1404 1673/1673/1524 1671/1671/1523
f 1671/1671/1523 1673/1673/1524 1674/1674/1525
f 1671/1671/1523 1674/1674/1525 1675/1675/1526
f 1672/1672/1161 1671/1671/1523 1675/1675/1526
f 1672/1672/1161 1675/1675/1526 1676/1676/1153
f 1522/1522/1402 1521/1521/1401 1677/1677/1527
f 1522/1522/1402 1677/1677/1527 1673/1673/1524
f 1521/1521/1401 1510/1510/1392 1678/1678/1528
f 1521/1521/1401 1678/1678/1528 1677/1677/1527
f 1677/1677/1527 1678/1678/1528 1679/1679/1529
f 1677/1677/1527 1679/1679/1529 1680/1680/1530
f 1673/1673/1524 1677/1677/1527 1680/1680/1530
f 1673/1673/1524 1680/1680/1530 1674/1674/1525
f 1674/1674/1525 1680/1680/1530 1681/1681/1531
f 1674/1674/1525 1681/1681/1531 1682/1682/1532
f 1680/1680/1530 1679/1679/1529 1683/1683/1533
f 1680/1680/1530 1683/1683/1533 1681/1681/1531
f 1681/1681/1531 1683/1683/1533 1684/1684/1534
f 1681/1681/1531 1684/1684/1534 1685/1685/1535
f 1682/1682/1532 1681/1681/1531 1685/1685/1535
f 1682/1682/1532 1685/1685/1535 1686/1686/1536
f 1676/1676/1153 1675/1675/1526 1687/1687/1537
f 1676/1676/1153 1687/1687/1537 1688/1688/1149
f 1675/1675/1526 1674/1674/1525 1682/1682/1532
f 1675/1675/1526 1682/1682/1532 1687/1687/1537
f 1687/1687/1537 1682/1682/1532 1686/1686/1536
f 1687/1687/1537 1686/1686/1536 1689/1689/1538
f 1688/1688/1149 1687/1687/1537 1689/1689/1538
f 1688/1688/1149 1689/1689/1538 1690/1690/1111
f 1510/1510/1392 1509/1509/1391 1691/1691/1539
f 1510/1510/1392 1691/1691/1539 1678/1678/1528
f 1509/1509/1391 1506/1506/1388 1692/1692/1540
f 1509/1509/1391 1692/1692/1540 1691/1691/1539
f 1691/1691/1539 1692/1692/1540 1693/1693/1541
f 1691/1691/1539 1693/1693/1541 1694/1694/1542
f 1678/1678/1528 1691/1691/1539 1694/1694/1542
f 1678/1678/1528 1694/1694/1542 1679/1679/1529
f 1506/1506/1388 1505/1505/1387 1695/1695/1543
f 1506/1506/1388 1695/1695/1543 1692/1692/1540
f 1505/1505/1387 1504/1504/1386 1600/1600/1465
f 1505/1505/1387 1600/1600/1465 1695/1695/1543
f 1695/1695/1543 1600/1600/1465 1604/1604/1469
f 1695/1695/1543 1604/1604/1469 1696/1696/1544
f 1692/1692/1540 1695/1695/1543 1696/1696/1544
f 1692/1692/1540 1696/1696/1544 1693/1693/1541
f 1693/1693/1541 1696/1696/1544 1697/1697/1545
f 1693/1693/1541 1697/1697/1545 1698/1698/1546
f 1696/1696/1544 1604/1604/1469 1616/1616/1481
f 1696/1696/1544 1616/1616/1481 1697/1697/1545
f 1697/1697/1545 1616/1616/1481 1618/1618/1483
f 1697/1697/1545 1618/1618/1483 1699/1699/1547
f 1698/1698/1546 1697/1697/1545 1699/1699/1547
f 1698/1698/1546 1699/1699/1547 1700/1700/1548
f 1679/1679/1529 1694/1694/1542 1701/1701/1549
f 1679/1679/1529 1701/1701/1549 1683/1683/1533
f 1694/1694/1542 1693/1693/1541 1698/1698/1546
f 1694/1694/1542 1698/1698/1546 1701/1701/1549
f 1701/1701/1549 1698/1698/1546 1700/1700/1548
f 1701/1701/1549 1700/1700/1548 1702/1702/1550
f 1683/1683/1533 1701/1701/1549 1702/1702/1550
f 1683/1683/1533 1702/1702/1550 1684/1684/1534
f 1684/1684/1534 1702/1702/1550 1703/1703/1551
f 1684/1684/1534 1703/1703/1551 1704/1704/1552
f 1702/1702/1550 1700/1700/1548 1705/1705/1553
f 1702/1702/1550 1705/1705/1553 1703/1703/1551
f 1703/1703/1551 1705/1705/1553 1706/1706/1554
f 1703/1703/1551 1706/1706/1554 1707/1707/1555
f 1704/1704/1552 1703/1703/1551 1707/1707/1555
f 1704/1704/1552 1707/1707/1555 1708/1708/1556
f 1700/1700/1548 1699/1699/1547 1709/1709/1557
f 1700/1700/1548 1709/1709/1557 1705/1705/1553
f 1699/1699/1547 1618/1618/1483 1656/1656/1512
f 1699/1699/1547 1656/1656/1512 1709/1709/1557
f 1709/1709/1557 1656/1656/1512 1660/1660/1516
f 1709/1709/1557 1660/1660/1516 1710/1710/1558
f 1705/1705/1553 1709/1709/1557 1710/1710/1558
f 1705/1705/1553 1710/1710/1558 1706/1706/1554
f 1706/1706/1554 1710/1710/1558 1711/1711/1559
f 1706/1706/1554 1711/1711/1559 1712/1712/1560
f 1710/1710/1558 1660/1660/1516 1668/1668/1522
f 1710/1710/1558 1668/1668/1522 1711/1711/1559
f 1711/1711/1559 1668/1668/1522 1670/1670/599
f 1711/1711/1559 1670/1670/599 1713/1713/597
f 1712/1712/1560 1711/1711/1559 1713/1713/597
f 1712/1712/1560 1713/1713/597 1714/1714/593
f 1708/1708/1556 1707/1707/1555 1715/1715/1561
f 1708/1708/1556 1715/1715/1561 1716/1716/1562
f 1707/1707/1555 1706/1706/1554 1712/1712/1560
f 1707/1707/1555 1712/1712/1560 1715/1715/1561
f 1715/1715/1561 1712/1712/1560 1714/1714/593
f 1715/1715/1561 1714/1714/593 1717/1717/591
f 1716/1716/1562 1715/1715/1561 1717/1717/591
f 1716/1716/1562 1717/1717/591 1718/1718/577
f 1690/1690/1111 1689/1689/1538 1719/1719/1563
f 1690/1690/1111 1719/1719/1563 1720/1720/1564
f 1689/1689/1538 1686/1686/1536 1721/1721/1565
f 1689/1689/1538 1721/1721/1565 1719/1719/1563
f 1719/1719/1563 1721/1721/1565 1722/1722/1566
f 1719/1719/1563 1722/1722/1566 1723/1723/1567
f 1720/1720/1564 1719/1719/1563 1723/1723/1567
f 1720/1720/1564 1723/1723/1567 1724/1724/1096
f 1686/1686/1536 1685/1685/1535 1725/1725/1568
f 1686/1686/1536 1725/1725/1568 1721/1721/1565
f 1685/1685/1535 1684/1684/1534 1704/1704/1552
f 1685/1685/1535 1704/1704/1552 1725/1725/1568
f 1725/1725/1568 1704/1704/1552 1708/1708/1556
f 1725/1725/1568 1708/1708/1556 1726/1726/1569
f 1721/1721/1565 1725/1725/1568 1726/1726/1569
f 1721/1721/1565 1726/1726/1569 1722/1722/1566
f 1722/1722/1566 1726/1726/1569 1727/1727/1570
f 1722/1722/1566 1727/1727/1570 1728/1728/1571
f 1726/1726/1569 1708/1708/1556 1716/1716/1562
f 1726/1726/1569 1716/1716/1562 1727/1727/1570
f 1727/1727/1570 1716/1716/1562 1718/1718/577
f 1727/1727/1570 1718/1718/577 1729/1729/1572
f 1728/1728/1571 1727/1727/1570 1729/1729/1572
f 1728/1728/1571 1729/1729/1572 1730/1730/570
f 1724/1724/1096 1723/1723/1567 1731/1731/1573
f 1724/1724/1096 1731/1731/1573 1732/1732/1092
f 1723/1723/1567 1722/1722/1566 1728/1728/1571
f 1723/1723/1567 1728/1728/1571 1731/1731/1573
f 1731/1731/1573 1728/1728/1571 1730/1730/570
f 1731/1731/1573 1730/1730/570 1733/1733/567
f 1732/1732/1092 1731/1731/1573 1733/1733/567
f 1732/1732/1092 1733/1733/567 1734/1734/1574
