# Blender 5.0.1
# www.blender.org
o defaultMaterial.001
v 0.249692 -0.112081 0.469808
v 0.252003 -0.119191 0.468013
v 0.249866 -0.120280 0.468013
v 0.245471 -0.114232 0.469808
v 0.248170 -0.121976 0.468013
v 0.242122 -0.117582 0.469808
v 0.247081 -0.124113 0.468013
v 0.239971 -0.121803 0.469808
v 0.246706 -0.126482 0.468013
v 0.239230 -0.126482 0.469808
v 0.247081 -0.128850 0.468013
v 0.239971 -0.131160 0.469808
v 0.248170 -0.130987 0.468013
v 0.242122 -0.135382 0.469808
v 0.249866 -0.132683 0.468013
v 0.245471 -0.138731 0.469808
v 0.252003 -0.133771 0.468013
v 0.249692 -0.140881 0.469808
v 0.254371 -0.134146 0.468013
v 0.254371 -0.141623 0.469808
v 0.256739 -0.133771 0.468013
v 0.259050 -0.140881 0.469808
v 0.258877 -0.132683 0.468013
v 0.263270 -0.138731 0.469808
v 0.260572 -0.130987 0.468013
v 0.266620 -0.135382 0.469808
v 0.261661 -0.128850 0.468013
v 0.268771 -0.131160 0.469808
v 0.262036 -0.126482 0.468013
v 0.269512 -0.126482 0.469808
v 0.261661 -0.124113 0.468013
v 0.268771 -0.121803 0.469808
v 0.260572 -0.121976 0.468013
v 0.266620 -0.117582 0.469808
v 0.258877 -0.120280 0.468013
v 0.263270 -0.114232 0.469808
v 0.256739 -0.119191 0.468013
v 0.259050 -0.112081 0.469808
v 0.254371 -0.118817 0.468013
v 0.254371 -0.111340 0.469808
v 0.252003 -0.119191 0.468013
v 0.249692 -0.112081 0.469808
v 0.247497 -0.105325 0.472750
v 0.241296 -0.108485 0.472750
v 0.236374 -0.113407 0.472750
v 0.233215 -0.119608 0.472750
v 0.232126 -0.126482 0.472750
v 0.233215 -0.133355 0.472750
v 0.236374 -0.139556 0.472750
v 0.241296 -0.144478 0.472750
v 0.247497 -0.147638 0.472750
v 0.254371 -0.148726 0.472750
v 0.261245 -0.147638 0.472750
v 0.267446 -0.144478 0.472750
v 0.272368 -0.139556 0.472750
v 0.275527 -0.133355 0.472750
v 0.276616 -0.126482 0.472750
v 0.275527 -0.119608 0.472750
v 0.272368 -0.113407 0.472750
v 0.267446 -0.108485 0.472750
v 0.261245 -0.105325 0.472750
v 0.254371 -0.104237 0.472750
v 0.247497 -0.105325 0.472750
v 0.245471 -0.099091 0.476767
v 0.237442 -0.103182 0.476767
v 0.231071 -0.109553 0.476767
v 0.226980 -0.117582 0.476767
v 0.225570 -0.126482 0.476767
v 0.226980 -0.135382 0.476767
v 0.231071 -0.143410 0.476767
v 0.237442 -0.149781 0.476767
v 0.245471 -0.153873 0.476767
v 0.254371 -0.155282 0.476767
v 0.263270 -0.153873 0.476767
v 0.271300 -0.149781 0.476767
v 0.277671 -0.143410 0.476767
v 0.281761 -0.135382 0.476767
v 0.283172 -0.126482 0.476767
v 0.281761 -0.117582 0.476767
v 0.277671 -0.109553 0.476767
v 0.271300 -0.103182 0.476767
v 0.263270 -0.099091 0.476767
v 0.254371 -0.097681 0.476767
v 0.245471 -0.099091 0.476767
v 0.243665 -0.093530 0.481761
v 0.234006 -0.098452 0.481761
v 0.226341 -0.106117 0.481761
v 0.221419 -0.115775 0.481761
v 0.219724 -0.126482 0.481761
v 0.221419 -0.137188 0.481761
v 0.226341 -0.146847 0.481761
v 0.234006 -0.154511 0.481761
v 0.243665 -0.159433 0.481761
v 0.254371 -0.161129 0.481761
v 0.265078 -0.159433 0.481761
v 0.274736 -0.154511 0.481761
v 0.282401 -0.146847 0.481761
v 0.287322 -0.137188 0.481761
v 0.289018 -0.126482 0.481761
v 0.287322 -0.115775 0.481761
v 0.282401 -0.106117 0.481761
v 0.274736 -0.098452 0.481761
v 0.265078 -0.093530 0.481761
v 0.254371 -0.091835 0.481761
v 0.243665 -0.093530 0.481761
v 0.242122 -0.088781 0.487607
v 0.231071 -0.094412 0.487607
v 0.222301 -0.103182 0.487607
v 0.216670 -0.114232 0.487607
v 0.214731 -0.126482 0.487607
v 0.216670 -0.138731 0.487607
v 0.222301 -0.149781 0.487607
v 0.231071 -0.158551 0.487607
v 0.242122 -0.164182 0.487607
v 0.254371 -0.166122 0.487607
v 0.266620 -0.164182 0.487607
v 0.277671 -0.158551 0.487607
v 0.286440 -0.149781 0.487607
v 0.292071 -0.138731 0.487607
v 0.294012 -0.126482 0.487607
v 0.292071 -0.114232 0.487607
v 0.286440 -0.103182 0.487607
v 0.277671 -0.094412 0.487607
v 0.266620 -0.088781 0.487607
v 0.254371 -0.086841 0.487607
v 0.242122 -0.088781 0.487607
v 0.240880 -0.084960 0.494163
v 0.228710 -0.091161 0.494163
v 0.219051 -0.100820 0.494163
v 0.212850 -0.112990 0.494163
v 0.210714 -0.126482 0.494163
v 0.212850 -0.139972 0.494163
v 0.219051 -0.152143 0.494163
v 0.228710 -0.161802 0.494163
v 0.240880 -0.168003 0.494163
v 0.254371 -0.170139 0.494163
v 0.267862 -0.168003 0.494163
v 0.280032 -0.161802 0.494163
v 0.289690 -0.152143 0.494163
v 0.295892 -0.139972 0.494163
v 0.298028 -0.126482 0.494163
v 0.295892 -0.112990 0.494163
v 0.289690 -0.100820 0.494163
v 0.280032 -0.091161 0.494163
v 0.267862 -0.084960 0.494163
v 0.254371 -0.082824 0.494163
v 0.240880 -0.084960 0.494163
v 0.239971 -0.082162 0.501267
v 0.226980 -0.088781 0.501267
v 0.216670 -0.099091 0.501267
v 0.210052 -0.112081 0.501267
v 0.207771 -0.126482 0.501267
v 0.210052 -0.140881 0.501267
v 0.216670 -0.153873 0.501267
v 0.226980 -0.164182 0.501267
v 0.239971 -0.170801 0.501267
v 0.254371 -0.173082 0.501267
v 0.268771 -0.170801 0.501267
v 0.281761 -0.164182 0.501267
v 0.292071 -0.153873 0.501267
v 0.298690 -0.140881 0.501267
v 0.300971 -0.126482 0.501267
v 0.298690 -0.112081 0.501267
v 0.292071 -0.099091 0.501267
v 0.281761 -0.088781 0.501267
v 0.268771 -0.082162 0.501267
v 0.254371 -0.079881 0.501267
v 0.239971 -0.082162 0.501267
v 0.239416 -0.080455 0.508743
v 0.225925 -0.087329 0.508743
v 0.215218 -0.098035 0.508743
v 0.208345 -0.111526 0.508743
v 0.205976 -0.126482 0.508743
v 0.208345 -0.141437 0.508743
v 0.215218 -0.154928 0.508743
v 0.225925 -0.165634 0.508743
v 0.239416 -0.172508 0.508743
v 0.254371 -0.174876 0.508743
v 0.269326 -0.172508 0.508743
v 0.282817 -0.165634 0.508743
v 0.293523 -0.154928 0.508743
v 0.300397 -0.141437 0.508743
v 0.302766 -0.126482 0.508743
v 0.300397 -0.111526 0.508743
v 0.293523 -0.098035 0.508743
v 0.282817 -0.087329 0.508743
v 0.269326 -0.080455 0.508743
v 0.254371 -0.078087 0.508743
v 0.239416 -0.080455 0.508743
v 0.239230 -0.079881 0.516408
v 0.225570 -0.086841 0.516408
v 0.214731 -0.097681 0.516408
v 0.207771 -0.111340 0.516408
v 0.205373 -0.126482 0.516408
v 0.207771 -0.141623 0.516408
v 0.214731 -0.155282 0.516408
v 0.225570 -0.166122 0.516408
v 0.239230 -0.173082 0.516408
v 0.254371 -0.175480 0.516408
v 0.269512 -0.173082 0.516408
v 0.283172 -0.166122 0.516408
v 0.294012 -0.155282 0.516408
v 0.300971 -0.141623 0.516408
v 0.303369 -0.126482 0.516408
v 0.300971 -0.111340 0.516408
v 0.294012 -0.097681 0.516408
v 0.283172 -0.086841 0.516408
v 0.269512 -0.079881 0.516408
v 0.254371 -0.077483 0.516408
v 0.239230 -0.079881 0.516408
v 0.239416 -0.080455 0.524073
v 0.225925 -0.087329 0.524073
v 0.215218 -0.098035 0.524073
v 0.208345 -0.111526 0.524073
v 0.205976 -0.126482 0.524073
v 0.208345 -0.141437 0.524073
v 0.215218 -0.154928 0.524073
v 0.225925 -0.165634 0.524073
v 0.239416 -0.172508 0.524073
v 0.254371 -0.174876 0.524073
v 0.269326 -0.172508 0.524073
v 0.282817 -0.165634 0.524073
v 0.293523 -0.154928 0.524073
v 0.300397 -0.141437 0.524073
v 0.302766 -0.126482 0.524073
v 0.300397 -0.111526 0.524073
v 0.293523 -0.098035 0.524073
v 0.282817 -0.087329 0.524073
v 0.269326 -0.080455 0.524073
v 0.254371 -0.078087 0.524073
v 0.239416 -0.080455 0.524073
v 0.239971 -0.082162 0.531549
v 0.226980 -0.088781 0.531549
v 0.216670 -0.099091 0.531549
v 0.210052 -0.112081 0.531549
v 0.207771 -0.126482 0.531549
v 0.210052 -0.140881 0.531549
v 0.216670 -0.153873 0.531549
v 0.226980 -0.164182 0.531549
v 0.239971 -0.170801 0.531549
v 0.254371 -0.173082 0.531549
v 0.268771 -0.170801 0.531549
v 0.281761 -0.164182 0.531549
v 0.292071 -0.153873 0.531549
v 0.298690 -0.140881 0.531549
v 0.300971 -0.126482 0.531549
v 0.298690 -0.112081 0.531549
v 0.292071 -0.099091 0.531549
v 0.281761 -0.088781 0.531549
v 0.268771 -0.082162 0.531549
v 0.254371 -0.079881 0.531549
v 0.239971 -0.082162 0.531549
v 0.240880 -0.084960 0.538652
v 0.228710 -0.091161 0.538652
v 0.219051 -0.100820 0.538652
v 0.212850 -0.112990 0.538652
v 0.210714 -0.126482 0.538652
v 0.212850 -0.139972 0.538652
v 0.219051 -0.152143 0.538652
v 0.228710 -0.161802 0.538652
v 0.240880 -0.168003 0.538652
v 0.254371 -0.170139 0.538652
v 0.267862 -0.168003 0.538652
v 0.280032 -0.161802 0.538652
v 0.289690 -0.152143 0.538652
v 0.295892 -0.139972 0.538652
v 0.298028 -0.126482 0.538652
v 0.295892 -0.112990 0.538652
v 0.289690 -0.100820 0.538652
v 0.280032 -0.091161 0.538652
v 0.267862 -0.084960 0.538652
v 0.254371 -0.082824 0.538652
v 0.240880 -0.084960 0.538652
v 0.242122 -0.088781 0.545208
v 0.231071 -0.094412 0.545208
v 0.222301 -0.103182 0.545208
v 0.216670 -0.114232 0.545208
v 0.214731 -0.126482 0.545208
v 0.216670 -0.138731 0.545208
v 0.222301 -0.149781 0.545208
v 0.231071 -0.158551 0.545208
v 0.242122 -0.164182 0.545208
v 0.254371 -0.166122 0.545208
v 0.266620 -0.164182 0.545208
v 0.277671 -0.158551 0.545208
v 0.286440 -0.149781 0.545208
v 0.292071 -0.138731 0.545208
v 0.294012 -0.126482 0.545208
v 0.292071 -0.114232 0.545208
v 0.286440 -0.103182 0.545208
v 0.277671 -0.094412 0.545208
v 0.266620 -0.088781 0.545208
v 0.254371 -0.086841 0.545208
v 0.242122 -0.088781 0.545208
v 0.243665 -0.093530 0.551055
v 0.234006 -0.098452 0.551055
v 0.226341 -0.106117 0.551055
v 0.221419 -0.115775 0.551055
v 0.219724 -0.126482 0.551055
v 0.221419 -0.137188 0.551055
v 0.226341 -0.146847 0.551055
v 0.234006 -0.154511 0.551055
v 0.243665 -0.159433 0.551055
v 0.254371 -0.161129 0.551055
v 0.265078 -0.159433 0.551055
v 0.274736 -0.154511 0.551055
v 0.282401 -0.146847 0.551055
v 0.287322 -0.137188 0.551055
v 0.289018 -0.126482 0.551055
v 0.287322 -0.115775 0.551055
v 0.282401 -0.106117 0.551055
v 0.274736 -0.098452 0.551055
v 0.265078 -0.093530 0.551055
v 0.254371 -0.091835 0.551055
v 0.243665 -0.093530 0.551055
v 0.245471 -0.099091 0.556048
v 0.237442 -0.103182 0.556048
v 0.231071 -0.109553 0.556048
v 0.226980 -0.117582 0.556048
v 0.225570 -0.126482 0.556048
v 0.226980 -0.135382 0.556048
v 0.231071 -0.143410 0.556048
v 0.237442 -0.149781 0.556048
v 0.245471 -0.153873 0.556048
v 0.254371 -0.155282 0.556048
v 0.263270 -0.153873 0.556048
v 0.271300 -0.149781 0.556048
v 0.277671 -0.143410 0.556048
v 0.281761 -0.135382 0.556048
v 0.283172 -0.126482 0.556048
v 0.281761 -0.117582 0.556048
v 0.277671 -0.109553 0.556048
v 0.271300 -0.103182 0.556048
v 0.263270 -0.099091 0.556048
v 0.254371 -0.097681 0.556048
v 0.245471 -0.099091 0.556048
v 0.247497 -0.105325 0.560065
v 0.241296 -0.108485 0.560065
v 0.236374 -0.113407 0.560065
v 0.233215 -0.119608 0.560065
v 0.232126 -0.126482 0.560065
v 0.233215 -0.133355 0.560065
v 0.236374 -0.139556 0.560065
v 0.241296 -0.144478 0.560065
v 0.247497 -0.147638 0.560065
v 0.254371 -0.148726 0.560065
v 0.261245 -0.147638 0.560065
v 0.267446 -0.144478 0.560065
v 0.272368 -0.139556 0.560065
v 0.275527 -0.133355 0.560065
v 0.276616 -0.126482 0.560065
v 0.275527 -0.119608 0.560065
v 0.272368 -0.113407 0.560065
v 0.267446 -0.108485 0.560065
v 0.261245 -0.105325 0.560065
v 0.254371 -0.104237 0.560065
v 0.247497 -0.105325 0.560065
v 0.249692 -0.112081 0.563008
v 0.245471 -0.114232 0.563008
v 0.242122 -0.117582 0.563008
v 0.239971 -0.121803 0.563008
v 0.239230 -0.126482 0.563008
v 0.239971 -0.131160 0.563008
v 0.242122 -0.135382 0.563008
v 0.245471 -0.138731 0.563008
v 0.249692 -0.140881 0.563008
v 0.254371 -0.141623 0.563008
v 0.259050 -0.140881 0.563008
v 0.263270 -0.138731 0.563008
v 0.266620 -0.135382 0.563008
v 0.268771 -0.131160 0.563008
v 0.269512 -0.126482 0.563008
v 0.268771 -0.121803 0.563008
v 0.266620 -0.117582 0.563008
v 0.263270 -0.114232 0.563008
v 0.259050 -0.112081 0.563008
v 0.254371 -0.111340 0.563008
v 0.249692 -0.112081 0.563008
v 0.252003 -0.119191 0.564803
v 0.249866 -0.120280 0.564803
v 0.248170 -0.121976 0.564803
v 0.247081 -0.124113 0.564803
v 0.246706 -0.126482 0.564803
v 0.247081 -0.128850 0.564803
v 0.248170 -0.130987 0.564803
v 0.249866 -0.132683 0.564803
v 0.252003 -0.133771 0.564803
v 0.254371 -0.134146 0.564803
v 0.256739 -0.133771 0.564803
v 0.258877 -0.132683 0.564803
v 0.260572 -0.130987 0.564803
v 0.261661 -0.128850 0.564803
v 0.262036 -0.126482 0.564803
v 0.261661 -0.124113 0.564803
v 0.260572 -0.121976 0.564803
v 0.258877 -0.120280 0.564803
v 0.256739 -0.119191 0.564803
v 0.254371 -0.118817 0.564803
v 0.252003 -0.119191 0.564803
v 0.254371 -0.126482 0.467410
v 0.254371 -0.126482 0.467410
v 0.254371 -0.126482 0.467410
v 0.254371 -0.126482 0.467410
v 0.254371 -0.126482 0.467410
v 0.254371 -0.126482 0.467410
v 0.254371 -0.126482 0.467410
v 0.254371 -0.126482 0.467410
v 0.254371 -0.126482 0.467410
v 0.254371 -0.126482 0.467410
v 0.254371 -0.126482 0.467410
v 0.254371 -0.126482 0.467410
v 0.254371 -0.126482 0.467410
v 0.254371 -0.126482 0.467410
v 0.254371 -0.126482 0.467410
v 0.254371 -0.126482 0.467410
v 0.254371 -0.126482 0.467410
v 0.254371 -0.126482 0.467410
v 0.254371 -0.126482 0.467410
v 0.254371 -0.126482 0.467410
v 0.254371 -0.126482 0.565406
v 0.254371 -0.126482 0.565406
v 0.254371 -0.126482 0.565406
v 0.254371 -0.126482 0.565406
v 0.254371 -0.126482 0.565406
v 0.254371 -0.126482 0.565406
v 0.254371 -0.126482 0.565406
v 0.254371 -0.126482 0.565406
v 0.254371 -0.126482 0.565406
v 0.254371 -0.126482 0.565406
v 0.254371 -0.126482 0.565406
v 0.254371 -0.126482 0.565406
v 0.254371 -0.126482 0.565406
v 0.254371 -0.126482 0.565406
v 0.254371 -0.126482 0.565406
v 0.254371 -0.126482 0.565406
v 0.254371 -0.126482 0.565406
v 0.254371 -0.126482 0.565406
v 0.254371 -0.126482 0.565406
v 0.254371 -0.126482 0.565406
v -0.021257 0.097937 0.006160
v -0.000928 0.049579 -0.000392
v -0.019730 0.042174 -0.000392
v -0.058398 0.083310 0.006160
v -0.034651 0.030641 -0.000392
v -0.087873 0.060528 0.006160
v -0.044231 0.016109 -0.000392
v -0.106797 0.031822 0.006160
v -0.047532 0.000000 -0.000392
v -0.113318 0.000000 0.006160
v -0.044231 -0.016109 -0.000392
v -0.106797 -0.031822 0.006160
v -0.034651 -0.030641 -0.000392
v -0.087873 -0.060528 0.006160
v -0.019730 -0.042174 -0.000392
v -0.058398 -0.083310 0.006160
v -0.000928 -0.049579 -0.000392
v -0.021257 -0.097937 0.006160
v 0.019914 -0.052131 -0.000392
v 0.019914 -0.102977 0.006160
v 0.040756 -0.049579 -0.000392
v 0.061085 -0.097937 0.006160
v 0.059558 -0.042174 -0.000392
v 0.098226 -0.083310 0.006160
v 0.074479 -0.030641 -0.000392
v 0.127701 -0.060528 0.006160
v 0.084059 -0.016109 -0.000392
v 0.146625 -0.031822 0.006160
v 0.087361 0.000000 -0.000392
v 0.153146 0.000000 0.006160
v 0.084059 0.016109 -0.000392
v 0.146625 0.031822 0.006160
v 0.074479 0.030641 -0.000392
v 0.127701 0.060528 0.006160
v 0.059558 0.042174 -0.000392
v 0.098225 0.083310 0.006160
v 0.040756 0.049579 -0.000392
v 0.061085 0.097937 0.006160
v 0.019914 0.052131 -0.000392
v 0.019914 0.102977 0.006160
v -0.000928 0.049579 -0.000392
v -0.021257 0.097937 0.006160
v -0.040572 0.143883 0.016899
v -0.095137 0.122395 0.016899
v -0.138441 0.088925 0.016899
v -0.166243 0.046751 0.016899
v -0.175823 0.000000 0.016899
v -0.166243 -0.046751 0.016899
v -0.138441 -0.088925 0.016899
v -0.095137 -0.122395 0.016899
v -0.040572 -0.143883 0.016899
v 0.019914 -0.151288 0.016899
v 0.080400 -0.143883 0.016899
v 0.134965 -0.122395 0.016899
v 0.178269 -0.088925 0.016899
v 0.206071 -0.046751 0.016899
v 0.215651 0.000000 0.016899
v 0.206071 0.046751 0.016899
v 0.178269 0.088925 0.016899
v 0.134965 0.122395 0.016899
v 0.080400 0.143883 0.016899
v 0.019914 0.151288 0.016899
v -0.040572 0.143883 0.016899
v -0.058398 0.186288 0.031563
v -0.129044 0.158466 0.031563
v -0.185109 0.115132 0.031563
v -0.221105 0.060528 0.031563
v -0.233508 0.000000 0.031563
v -0.221105 -0.060528 0.031563
v -0.185109 -0.115132 0.031563
v -0.129044 -0.158466 0.031563
v -0.058398 -0.186287 0.031563
v 0.019914 -0.195874 0.031563
v 0.098225 -0.186287 0.031563
v 0.168872 -0.158466 0.031563
v 0.224937 -0.115132 0.031563
v 0.260933 -0.060528 0.031563
v 0.273336 0.000000 0.031563
v 0.260933 0.060528 0.031563
v 0.224937 0.115132 0.031563
v 0.168872 0.158466 0.031563
v 0.098225 0.186288 0.031563
v 0.019914 0.195874 0.031563
v -0.058398 0.186288 0.031563
v -0.074295 0.224104 0.049789
v -0.159283 0.190635 0.049789
v -0.226729 0.138504 0.049789
v -0.270032 0.072816 0.049789
v -0.284954 0.000000 0.049789
v -0.270032 -0.072816 0.049789
v -0.226729 -0.138504 0.049789
v -0.159283 -0.190634 0.049789
v -0.074295 -0.224104 0.049789
v 0.019914 -0.235637 0.049789
v 0.114123 -0.224104 0.049789
v 0.199110 -0.190634 0.049789
v 0.266557 -0.138504 0.049789
v 0.309860 -0.072816 0.049789
v 0.324782 0.000000 0.049789
v 0.309860 0.072816 0.049789
v 0.266557 0.138504 0.049789
v 0.199110 0.190634 0.049789
v 0.114123 0.224104 0.049789
v 0.019914 0.235637 0.049789
v -0.074295 0.224104 0.049789
v -0.087873 0.256402 0.071130
v -0.185109 0.218109 0.071130
v -0.262276 0.158466 0.071130
v -0.311820 0.083310 0.071130
v -0.328892 0.000000 0.071130
v -0.311820 -0.083310 0.071130
v -0.262276 -0.158466 0.071130
v -0.185109 -0.218109 0.071130
v -0.087873 -0.256402 0.071130
v 0.019914 -0.269598 0.071130
v 0.127701 -0.256402 0.071130
v 0.224937 -0.218109 0.071130
v 0.302103 -0.158466 0.071130
v 0.351648 -0.083310 0.071130
v 0.368719 0.000000 0.071130
v 0.351648 0.083310 0.071130
v 0.302103 0.158466 0.071130
v 0.224937 0.218109 0.071130
v 0.127701 0.256402 0.071130
v 0.019914 0.269598 0.071130
v -0.087873 0.256402 0.071130
v -0.098797 0.282387 0.095059
v -0.205887 0.240213 0.095059
v -0.290875 0.174525 0.095059
v -0.345439 0.091753 0.095059
v -0.368391 0.000000 0.098998
v -0.345439 -0.091753 0.095059
v -0.290874 -0.174525 0.095059
v -0.205887 -0.240213 0.095059
v -0.098797 -0.282387 0.095059
v 0.019914 -0.296919 0.095059
v 0.138625 -0.282387 0.095059
v 0.245715 -0.240213 0.095059
v 0.330702 -0.174525 0.095059
v 0.385267 -0.091753 0.095059
v 0.404070 0.000000 0.095059
v 0.385267 0.091753 0.095059
v 0.330702 0.174525 0.095059
v 0.245715 0.240213 0.095059
v 0.138625 0.282387 0.095059
v 0.019914 0.296919 0.095059
v -0.098797 0.282387 0.095059
v -0.106797 0.301419 0.120987
v -0.221105 0.256402 0.120987
v -0.311820 0.186288 0.120987
v -0.370063 0.097937 0.120987
v -0.418844 0.000000 0.148242
v -0.370063 -0.097937 0.120987
v -0.311820 -0.186287 0.120987
v -0.221105 -0.256402 0.120987
v -0.106797 -0.301419 0.120987
v 0.019914 -0.316931 0.120987
v 0.146625 -0.301419 0.120987
v 0.260933 -0.256402 0.120987
v 0.351648 -0.186287 0.120987
v 0.409891 -0.097937 0.120987
v 0.429960 0.000000 0.120987
v 0.409891 0.097937 0.120987
v 0.351648 0.186288 0.120987
v 0.260933 0.256402 0.120987
v 0.146625 0.301419 0.120987
v 0.019914 0.316931 0.120987
v -0.106797 0.301419 0.120987
v -0.111677 0.313029 0.148276
v -0.230389 0.266279 0.148276
v -0.324598 0.193463 0.148276
v -0.388761 0.101709 0.151766
v -0.465470 0.000000 0.204799
v -0.388761 -0.101709 0.151766
v -0.324598 -0.193463 0.148276
v -0.230388 -0.266278 0.148276
v -0.111677 -0.313029 0.148276
v 0.019914 -0.329138 0.148276
v 0.151506 -0.313029 0.148276
v 0.270216 -0.266278 0.148276
v 0.364426 -0.193463 0.148276
v 0.424911 -0.101709 0.148276
v 0.445754 0.000000 0.148276
v 0.424911 0.101709 0.148276
v 0.364426 0.193463 0.148276
v 0.270216 0.266278 0.148276
v 0.151506 0.313029 0.148276
v 0.019914 0.329138 0.148276
v -0.111677 0.313029 0.148276
v -0.113318 0.316931 0.176253
v -0.233508 0.269598 0.176253
v -0.328892 0.195874 0.176253
v -0.399224 0.102977 0.184884
v -0.495360 0.000000 0.256111
v -0.399224 -0.102977 0.184884
v -0.328892 -0.195874 0.176253
v -0.233508 -0.269598 0.176253
v -0.113318 -0.316931 0.176253
v 0.019914 -0.333241 0.176253
v 0.153146 -0.316931 0.176253
v 0.273336 -0.269598 0.176253
v 0.368719 -0.195874 0.176253
v 0.429960 -0.102977 0.176253
v 0.451061 0.000000 0.176253
v 0.429960 0.102977 0.176253
v 0.368719 0.195874 0.176253
v 0.273336 0.269598 0.176253
v 0.153146 0.316931 0.176253
v 0.019914 0.333241 0.176253
v -0.113318 0.316931 0.176253
v -0.111677 0.313029 0.204231
v -0.230389 0.266279 0.204231
v -0.324598 0.193463 0.204231
v -0.396959 0.101709 0.215504
v -0.500000 0.000000 0.293532
v -0.396959 -0.101709 0.215504
v -0.324598 -0.193463 0.204231
v -0.230388 -0.266278 0.204231
v -0.111677 -0.313029 0.204231
v 0.019914 -0.329138 0.204231
v 0.151506 -0.313029 0.204231
v 0.270216 -0.266278 0.204231
v 0.364426 -0.193463 0.204231
v 0.424911 -0.101709 0.204231
v 0.445754 0.000000 0.204231
v 0.424911 0.101709 0.204231
v 0.364426 0.193463 0.204231
v 0.270216 0.266278 0.204231
v 0.151506 0.313029 0.204231
v 0.019914 0.329138 0.204231
v -0.111677 0.313029 0.204231
v -0.106797 0.301419 0.231520
v -0.221105 0.256402 0.231520
v -0.311820 0.186288 0.231520
v -0.384874 0.097937 0.245579
v -0.484206 0.000000 0.320821
v -0.384874 -0.097937 0.245579
v -0.311820 -0.186287 0.231520
v -0.221105 -0.256402 0.231520
v -0.106797 -0.301419 0.231520
v 0.019914 -0.316931 0.231520
v 0.146625 -0.301419 0.231520
v 0.260933 -0.256402 0.231520
v 0.351648 -0.186287 0.231520
v 0.409891 -0.097937 0.231520
v 0.429960 0.000000 0.231520
v 0.409891 0.097937 0.231520
v 0.351648 0.186288 0.231520
v 0.260933 0.256402 0.231520
v 0.146625 0.301419 0.231520
v 0.019914 0.316931 0.231520
v -0.106797 0.301419 0.231520
v -0.098797 0.282387 0.257448
v -0.205887 0.240213 0.257448
v -0.290875 0.174525 0.257448
v -0.356261 0.091753 0.267720
v -0.442239 0.000000 0.331488
v -0.356261 -0.091753 0.267720
v -0.290874 -0.174525 0.257448
v -0.205887 -0.240213 0.257448
v -0.098797 -0.282387 0.257448
v 0.019914 -0.296919 0.257448
v 0.138625 -0.282387 0.257448
v 0.245715 -0.240213 0.257448
v 0.330702 -0.174525 0.257448
v 0.385267 -0.091753 0.257448
v 0.404070 0.000000 0.257448
v 0.385267 0.091753 0.257448
v 0.330702 0.174525 0.257448
v 0.245715 0.240213 0.257448
v 0.138625 0.282387 0.257448
v 0.019914 0.296919 0.257448
v -0.098797 0.282387 0.257448
v -0.087873 0.256402 0.281377
v -0.185109 0.218109 0.281377
v -0.262276 0.158466 0.281377
v -0.313168 0.083310 0.282656
v -0.363556 0.000000 0.314282
v -0.313168 -0.083310 0.282656
v -0.262276 -0.158466 0.281377
v -0.185109 -0.218109 0.281377
v -0.087873 -0.256402 0.281377
v 0.019914 -0.269598 0.281377
v 0.127701 -0.256402 0.281377
v 0.224937 -0.218109 0.281377
v 0.302103 -0.158466 0.281377
v 0.351648 -0.083310 0.281377
v 0.368719 0.000000 0.281377
v 0.351648 0.083310 0.281377
v 0.302103 0.158466 0.281377
v 0.224937 0.218109 0.281377
v 0.127701 0.256402 0.281377
v 0.019914 0.269598 0.281377
v -0.087873 0.256402 0.281377
v -0.074295 0.224104 0.300031
v -0.159283 0.190635 0.300031
v -0.226729 0.138504 0.300031
v -0.270032 0.072816 0.300031
v -0.286104 0.000000 0.301123
v -0.270032 -0.072816 0.300031
v -0.226729 -0.138504 0.300031
v -0.159283 -0.190634 0.300031
v -0.074295 -0.224104 0.300031
v 0.019914 -0.235637 0.300031
v 0.115067 -0.224104 0.301036
v 0.203716 -0.190634 0.304933
v 0.274723 -0.138504 0.308723
v 0.319133 -0.072816 0.309902
v 0.334139 0.000000 0.309992
v 0.319133 0.072816 0.309902
v 0.274723 0.138504 0.308723
v 0.203716 0.190634 0.304933
v 0.115067 0.224104 0.301036
v 0.019914 0.235637 0.300031
v -0.074295 0.224104 0.300031
v -0.041673 0.186288 0.285243
v -0.119978 0.158466 0.281683
v -0.180077 0.115132 0.281683
v -0.218391 0.060528 0.281683
v -0.231476 0.000000 0.281683
v -0.218391 -0.060528 0.281683
v -0.180077 -0.115132 0.281683
v -0.119978 -0.158466 0.281683
v -0.041672 -0.186287 0.285243
v 0.048357 -0.195874 0.295674
v 0.134220 -0.186287 0.305753
v 0.209559 -0.158466 0.315339
v 0.272534 -0.115132 0.326988
v 0.313437 -0.060528 0.334678
v 0.327555 0.000000 0.337228
v 0.313437 0.060528 0.334678
v 0.272534 0.115132 0.326988
v 0.209559 0.158466 0.315339
v 0.134220 0.186288 0.305753
v 0.048357 0.195874 0.295674
v -0.041673 0.186288 0.285243
v 0.051668 0.143883 0.314918
v -0.013654 0.122395 0.306471
v -0.071647 0.088925 0.294384
v -0.109012 0.046751 0.286948
v -0.121643 0.000000 0.284718
v -0.109012 -0.046751 0.286948
v -0.071647 -0.088925 0.294384
v -0.013654 -0.122395 0.306471
v 0.051668 -0.143883 0.314918
v 0.120425 -0.151288 0.322544
v 0.185132 -0.143883 0.328214
v 0.240726 -0.122395 0.332311
v 0.283922 -0.088925 0.335745
v 0.311561 -0.046751 0.338314
v 0.321105 0.000000 0.339293
v 0.311561 0.046751 0.338314
v 0.283922 0.088925 0.335745
v 0.240726 0.122395 0.332311
v 0.185132 0.143883 0.328214
v 0.120425 0.151288 0.322544
v 0.051668 0.143883 0.314918
v 0.096133 0.120911 0.345835
v 0.103786 0.090623 0.357337
v 0.126516 0.097937 0.361763
v 0.045327 0.102853 0.342064
v 0.071007 0.071920 0.357899
v 0.089376 0.083310 0.361763
v 0.003423 0.074726 0.337968
v 0.047338 0.046175 0.358464
v 0.059900 0.060528 0.361763
v -0.024206 0.039286 0.334799
v 0.034945 0.015911 0.358814
v 0.040976 0.031822 0.361763
v -0.033850 0.000000 0.333612
v 0.034945 -0.015911 0.358814
v 0.034455 0.000000 0.361763
v -0.024206 -0.039286 0.334799
v 0.047338 -0.046175 0.358464
v 0.040976 -0.031822 0.361763
v 0.003423 -0.074726 0.337968
v 0.071007 -0.071919 0.357899
v 0.059900 -0.060528 0.361763
v 0.045327 -0.102853 0.342064
v 0.103786 -0.090623 0.357337
v 0.089376 -0.083310 0.361763
v 0.096133 -0.120910 0.345835
v 0.142617 -0.100457 0.356991
v 0.126516 -0.097937 0.361763
v 0.150052 -0.127133 0.348535
v 0.183788 -0.100457 0.356991
v 0.167687 -0.102977 0.361763
v 0.201927 -0.120910 0.350238
v 0.223270 -0.090623 0.357337
v 0.208858 -0.097937 0.361763
v 0.247479 -0.102853 0.351420
v 0.257105 -0.071919 0.357899
v 0.245999 -0.083310 0.361763
v 0.283105 -0.074726 0.352381
v 0.281836 -0.046175 0.358464
v 0.275474 -0.060528 0.361763
v 0.305842 -0.039286 0.353085
v 0.294888 -0.015911 0.358814
v 0.294398 -0.031822 0.361763
v 0.313663 0.000000 0.353350
v 0.294888 0.015911 0.358814
v 0.300919 0.000000 0.361763
v 0.305842 0.039286 0.353085
v 0.281836 0.046175 0.358464
v 0.294398 0.031822 0.361763
v 0.283105 0.074726 0.352381
v 0.257105 0.071920 0.357899
v 0.275474 0.060528 0.361763
v 0.247479 0.102853 0.351420
v 0.223270 0.090623 0.357337
v 0.245999 0.083310 0.361763
v 0.201927 0.120911 0.350238
v 0.183788 0.100457 0.356991
v 0.208858 0.097937 0.361763
v 0.142617 0.100457 0.356991
v 0.096133 0.120911 0.345835
v 0.126516 0.097937 0.361763
v 0.129485 0.073758 0.357380
v 0.100433 0.062743 0.356230
v 0.076913 0.045585 0.354824
v 0.061605 0.023965 0.353700
v 0.056293 0.000000 0.353273
v 0.061605 -0.023965 0.353700
v 0.076913 -0.045585 0.354824
v 0.100433 -0.062742 0.356230
v 0.129485 -0.073758 0.357380
v 0.160906 -0.077554 0.357822
v 0.191498 -0.073758 0.357380
v 0.218388 -0.062742 0.356230
v 0.239266 -0.045585 0.354824
v 0.252461 -0.023965 0.353700
v 0.256972 0.000000 0.353273
v 0.252461 0.023965 0.353700
v 0.239266 0.045585 0.354824
v 0.218388 0.062743 0.356230
v 0.191498 0.073758 0.357380
v 0.129485 0.073758 0.357380
v 0.019914 0.000000 -0.002594
v 0.019914 0.000000 -0.002594
v 0.019914 0.000000 -0.002594
v 0.019914 0.000000 -0.002594
v 0.019914 0.000000 -0.002594
v 0.019914 0.000000 -0.002594
v 0.019914 0.000000 -0.002594
v 0.019914 0.000000 -0.002594
v 0.019914 0.000000 -0.002594
v 0.019914 0.000000 -0.002594
v 0.019914 0.000000 -0.002594
v 0.019914 0.000000 -0.002594
v 0.019914 0.000000 -0.002594
v 0.019914 0.000000 -0.002594
v 0.019914 0.000000 -0.002594
v 0.019914 0.000000 -0.002594
v 0.019914 0.000000 -0.002594
v 0.019914 0.000000 -0.002594
v 0.019914 0.000000 -0.002594
v 0.019914 0.000000 -0.002594
v 0.146845 0.049579 0.368315
v 0.136364 0.045877 0.367165
v 0.149815 0.024789 0.361484
v 0.128043 0.042174 0.368315
v 0.119641 0.036408 0.367313
v 0.139525 0.021087 0.360538
v 0.113122 0.030641 0.368315
v 0.107529 0.023375 0.367461
v 0.131462 0.015321 0.359899
v 0.103542 0.016109 0.368315
v 0.101175 0.008055 0.367552
v 0.125287 0.008055 0.358424
v 0.100240 0.000000 0.368315
v 0.101175 -0.008055 0.367552
v 0.122470 0.000000 0.357182
v 0.103542 -0.016109 0.368315
v 0.107529 -0.023375 0.367461
v 0.125287 -0.008055 0.358424
v 0.113122 -0.030641 0.368315
v 0.119641 -0.036408 0.367313
v 0.131462 -0.015321 0.359899
v 0.128043 -0.042174 0.368315
v 0.136364 -0.045877 0.367165
v 0.139525 -0.021087 0.360538
v 0.146845 -0.049579 0.368315
v 0.156100 -0.050855 0.367074
v 0.149815 -0.024789 0.361484
v 0.167687 -0.052131 0.368315
v 0.176942 -0.050855 0.367074
v 0.160671 -0.026065 0.361948
v 0.188529 -0.049579 0.368315
v 0.196850 -0.045877 0.367165
v 0.170657 -0.024789 0.361484
v 0.207331 -0.042174 0.368315
v 0.213850 -0.036408 0.367313
v 0.179168 -0.021087 0.360538
v 0.222253 -0.030641 0.368315
v 0.226240 -0.023375 0.367461
v 0.186028 -0.015321 0.359899
v 0.231833 -0.016109 0.368315
v 0.232766 -0.008055 0.367552
v 0.189433 -0.008055 0.358424
v 0.235133 0.000000 0.368315
v 0.232766 0.008055 0.367552
v 0.189917 0.000000 0.357182
v 0.231833 0.016109 0.368315
v 0.226240 0.023375 0.367461
v 0.189433 0.008055 0.358424
v 0.222253 0.030641 0.368315
v 0.213850 0.036408 0.367313
v 0.186028 0.015321 0.359899
v 0.207331 0.042174 0.368315
v 0.196850 0.045877 0.367165
v 0.179168 0.021087 0.360538
v 0.188529 0.049579 0.368315
v 0.176942 0.050855 0.367074
v 0.170657 0.024789 0.361484
v 0.149815 0.024789 0.361484
v 0.156100 0.050855 0.367074
v 0.146845 0.049579 0.368315
v 0.103786 0.090623 0.357337
v 0.167687 0.102977 0.361763
v 0.142617 0.100457 0.356991
v 0.160906 0.077554 0.357822
v 0.150052 0.127133 0.348535
v 0.071007 0.071920 0.357899
v 0.129485 0.073758 0.357380
v 0.047338 0.046175 0.358464
v 0.100433 0.062743 0.356230
v 0.034945 0.015911 0.358814
v 0.076913 0.045585 0.354824
v 0.034945 -0.015911 0.358814
v 0.061605 0.023965 0.353700
v 0.047338 -0.046175 0.358464
v 0.056293 0.000000 0.353273
v 0.071007 -0.071919 0.357899
v 0.061605 -0.023965 0.353700
v 0.103786 -0.090623 0.357337
v 0.076913 -0.045585 0.354824
v 0.142617 -0.100457 0.356991
v 0.100433 -0.062742 0.356230
v 0.183788 -0.100457 0.356991
v 0.129485 -0.073758 0.357380
v 0.223270 -0.090623 0.357337
v 0.160906 -0.077554 0.357822
v 0.257105 -0.071919 0.357899
v 0.191498 -0.073758 0.357380
v 0.281836 -0.046175 0.358464
v 0.218388 -0.062742 0.356230
v 0.294888 -0.015911 0.358814
v 0.239266 -0.045585 0.354824
v 0.294888 0.015911 0.358814
v 0.252461 -0.023965 0.353700
v 0.281836 0.046175 0.358464
v 0.256972 0.000000 0.353273
v 0.257105 0.071920 0.357899
v 0.252461 0.023965 0.353700
v 0.223270 0.090623 0.357337
v 0.239266 0.045585 0.354824
v 0.183788 0.100457 0.356991
v 0.218388 0.062743 0.356230
v 0.129485 0.073758 0.357380
v 0.191498 0.073758 0.357380
v 0.136364 0.045877 0.367165
v 0.139525 0.021087 0.360538
v 0.167687 0.052131 0.368315
v 0.156100 0.050855 0.367074
v 0.160671 0.026065 0.361948
v 0.160906 0.077554 0.357822
v 0.119641 0.036408 0.367313
v 0.131462 0.015321 0.359899
v 0.149815 0.024789 0.361484
v 0.139525 0.021087 0.360538
v 0.167687 0.000000 0.370517
v 0.107529 0.023375 0.367461
v 0.125287 0.008055 0.358424
v 0.139525 0.021087 0.360538
v 0.131462 0.015321 0.359899
v 0.167687 0.000000 0.370517
v 0.101175 0.008055 0.367552
v 0.122470 0.000000 0.357182
v 0.131462 0.015321 0.359899
v 0.125287 0.008055 0.358424
v 0.167687 0.000000 0.370517
v 0.101175 -0.008055 0.367552
v 0.125287 -0.008055 0.358424
v 0.125287 0.008055 0.358424
v 0.122470 0.000000 0.357182
v 0.167687 0.000000 0.370517
v 0.107529 -0.023375 0.367461
v 0.131462 -0.015321 0.359899
v 0.122470 0.000000 0.357182
v 0.125287 -0.008055 0.358424
v 0.167687 0.000000 0.370517
v 0.119641 -0.036408 0.367313
v 0.139525 -0.021087 0.360538
v 0.125287 -0.008055 0.358424
v 0.131462 -0.015321 0.359899
v 0.167687 0.000000 0.370517
v 0.136364 -0.045877 0.367165
v 0.149815 -0.024789 0.361484
v 0.131462 -0.015321 0.359899
v 0.139525 -0.021087 0.360538
v 0.167687 0.000000 0.370517
v 0.156100 -0.050855 0.367074
v 0.160671 -0.026065 0.361948
v 0.139525 -0.021087 0.360538
v 0.149815 -0.024789 0.361484
v 0.167687 0.000000 0.370517
v 0.176942 -0.050855 0.367074
v 0.170657 -0.024789 0.361484
v 0.149815 -0.024789 0.361484
v 0.160671 -0.026065 0.361948
v 0.167687 0.000000 0.370517
v 0.196850 -0.045877 0.367165
v 0.179168 -0.021087 0.360538
v 0.160671 -0.026065 0.361948
v 0.170657 -0.024789 0.361484
v 0.167687 0.000000 0.370517
v 0.213850 -0.036408 0.367313
v 0.186028 -0.015321 0.359899
v 0.170657 -0.024789 0.361484
v 0.179168 -0.021087 0.360538
v 0.167687 0.000000 0.370517
v 0.226240 -0.023375 0.367461
v 0.189433 -0.008055 0.358424
v 0.179168 -0.021087 0.360538
v 0.186028 -0.015321 0.359899
v 0.167687 0.000000 0.370517
v 0.232766 -0.008055 0.367552
v 0.189917 0.000000 0.357182
v 0.186028 -0.015321 0.359899
v 0.189433 -0.008055 0.358424
v 0.167687 0.000000 0.370517
v 0.232766 0.008055 0.367552
v 0.189433 0.008055 0.358424
v 0.189433 -0.008055 0.358424
v 0.189917 0.000000 0.357182
v 0.167687 0.000000 0.370517
v 0.226240 0.023375 0.367461
v 0.186028 0.015321 0.359899
v 0.189917 0.000000 0.357182
v 0.189433 0.008055 0.358424
v 0.167687 0.000000 0.370517
v 0.213850 0.036408 0.367313
v 0.179168 0.021087 0.360538
v 0.189433 0.008055 0.358424
v 0.186028 0.015321 0.359899
v 0.167687 0.000000 0.370517
v 0.196850 0.045877 0.367165
v 0.170657 0.024789 0.361484
v 0.186028 0.015321 0.359899
v 0.179168 0.021087 0.360538
v 0.167687 0.000000 0.370517
v 0.176942 0.050855 0.367074
v 0.160671 0.026065 0.361948
v 0.179168 0.021087 0.360538
v 0.170657 0.024789 0.361484
v 0.167687 0.000000 0.370517
v 0.160671 0.026065 0.361948
v 0.149815 0.024789 0.361484
v 0.167687 0.000000 0.370517
v 0.170657 0.024789 0.361484
v 0.160671 0.026065 0.361948
v 0.167687 0.000000 0.370517
v -0.017151 0.054727 0.472679
v -0.023554 0.027705 0.463589
v -0.023935 0.023567 0.471701
v -0.017903 0.046554 0.488703
v -0.024236 0.017122 0.478138
v -0.018499 0.033823 0.501419
v -0.024430 0.009002 0.482271
v -0.018882 0.017782 0.509584
v -0.024497 0.000000 0.483695
v -0.019014 0.000000 0.512397
v -0.024430 -0.009002 0.482271
v -0.018882 -0.017782 0.509584
v -0.024236 -0.017122 0.478138
v -0.018499 -0.033823 0.501419
v -0.023935 -0.023567 0.471701
v -0.017903 -0.046554 0.488703
v -0.023554 -0.027705 0.463589
v -0.017151 -0.054727 0.472679
v -0.023133 -0.029130 0.454597
v -0.016319 -0.057544 0.454916
v -0.022711 -0.027705 0.445605
v -0.015486 -0.054727 0.437154
v -0.022331 -0.023567 0.437493
v -0.014735 -0.046554 0.421130
v -0.022029 -0.017122 0.431056
v -0.014139 -0.033823 0.408413
v -0.021835 -0.009002 0.426922
v -0.013756 -0.017782 0.400249
v -0.021768 0.000000 0.425498
v -0.013624 0.000000 0.397436
v -0.021835 0.009002 0.426922
v -0.013756 0.017782 0.400249
v -0.022029 0.017122 0.431056
v -0.014139 0.033823 0.408413
v -0.022331 0.023567 0.437493
v -0.014735 0.046554 0.421130
v -0.022711 0.027705 0.445605
v -0.015486 0.054727 0.437154
v -0.023133 0.029130 0.454597
v -0.016319 0.057544 0.454916
v -0.023554 0.027705 0.463589
v -0.017151 0.054727 0.472679
v -0.006372 0.080403 0.481536
v -0.007476 0.068394 0.505077
v -0.008352 0.049691 0.523759
v -0.008914 0.026124 0.535754
v -0.009108 0.000000 0.539887
v -0.008914 -0.026124 0.535754
v -0.008352 -0.049691 0.523759
v -0.007476 -0.068394 0.505077
v -0.006372 -0.080402 0.481536
v -0.005149 -0.084540 0.455440
v -0.003925 -0.080402 0.429344
v -0.002822 -0.068394 0.405803
v -0.001946 -0.049691 0.387121
v -0.001384 -0.026124 0.375126
v -0.001190 0.000000 0.370993
v -0.001384 0.026124 0.375126
v -0.001946 0.049691 0.387121
v -0.002822 0.068394 0.405803
v -0.003925 0.080403 0.429344
v -0.005149 0.084540 0.455440
v -0.006372 0.080403 0.481536
v 0.008518 0.104098 0.489941
v 0.007089 0.088551 0.520420
v 0.005955 0.064336 0.544608
v 0.005227 0.033823 0.560138
v 0.004976 0.000000 0.565489
v 0.005227 -0.033823 0.560138
v 0.005955 -0.064336 0.544608
v 0.007089 -0.088551 0.520420
v 0.008518 -0.104098 0.489941
v 0.010102 -0.109454 0.456155
v 0.011686 -0.104098 0.422369
v 0.013115 -0.088551 0.391890
v 0.014249 -0.064336 0.367701
v 0.014977 -0.033823 0.352172
v 0.015228 0.000000 0.346821
v 0.014977 0.033823 0.352172
v 0.014249 0.064336 0.367701
v 0.013115 0.088551 0.391890
v 0.011686 0.104098 0.422369
v 0.010102 0.109454 0.456155
v 0.008518 0.104098 0.489941
v 0.027153 0.125229 0.497689
v 0.025434 0.106527 0.534355
v 0.024070 0.077396 0.563453
v 0.023194 0.040690 0.582136
v 0.022892 0.000000 0.588573
v 0.023194 -0.040689 0.582136
v 0.024070 -0.077396 0.563453
v 0.025434 -0.106527 0.534355
v 0.027153 -0.125229 0.497689
v 0.029058 -0.131674 0.457044
v 0.030964 -0.125229 0.416399
v 0.032683 -0.106527 0.379732
v 0.034047 -0.077396 0.350634
v 0.034923 -0.040689 0.331952
v 0.035225 0.000000 0.325514
v 0.034923 0.040690 0.331952
v 0.034047 0.077396 0.350634
v 0.032683 0.106527 0.379732
v 0.030964 0.125229 0.416399
v 0.029058 0.131674 0.457044
v 0.027153 0.125229 0.497689
v 0.050561 0.143278 0.504657
v 0.048594 0.121880 0.546607
v 0.047033 0.088551 0.579900
v 0.046031 0.046554 0.601275
v 0.045686 0.000000 0.608640
v 0.046031 -0.046554 0.601275
v 0.047033 -0.088551 0.579900
v 0.048594 -0.121880 0.546607
v 0.050561 -0.143278 0.504657
v 0.052740 -0.150651 0.458154
v 0.054920 -0.143278 0.411651
v 0.056887 -0.121880 0.369700
v 0.058449 -0.088551 0.336408
v 0.059450 -0.046554 0.315033
v 0.059795 0.000000 0.307668
v 0.059450 0.046554 0.315033
v 0.058449 0.088551 0.336408
v 0.056887 0.121880 0.369700
v 0.054920 0.143278 0.411651
v 0.052740 0.150651 0.458154
v 0.050561 0.143278 0.504657
v 0.081652 0.157798 0.510837
v 0.079485 0.134231 0.557040
v 0.077767 0.097525 0.593706
v 0.076663 0.051272 0.617247
v 0.076283 0.000000 0.625359
v 0.076663 -0.051271 0.617247
v 0.077767 -0.097525 0.593706
v 0.079485 -0.134231 0.557040
v 0.081652 -0.157798 0.510837
v 0.084053 -0.165919 0.459622
v 0.086453 -0.157798 0.408406
v 0.088620 -0.134231 0.362204
v 0.090338 -0.097525 0.325538
v 0.091443 -0.051271 0.301997
v 0.091822 0.000000 0.293885
v 0.091443 0.051272 0.301997
v 0.090338 0.097525 0.325538
v 0.088620 0.134231 0.362204
v 0.086453 0.157798 0.408406
v 0.084053 0.165919 0.459622
v 0.081652 0.157798 0.510837
v 0.117587 0.168434 0.515981
v 0.115274 0.143278 0.565297
v 0.113440 0.104098 0.604435
v 0.112261 0.054727 0.629563
v 0.111855 0.000000 0.638221
v 0.112261 -0.054727 0.629563
v 0.113440 -0.104098 0.604435
v 0.115274 -0.143278 0.565297
v 0.117587 -0.168433 0.515981
v 0.120150 -0.177101 0.461314
v 0.122712 -0.168433 0.406647
v 0.125024 -0.143278 0.357331
v 0.126859 -0.104098 0.318194
v 0.128037 -0.054727 0.293066
v 0.128443 0.000000 0.284407
v 0.128037 0.054727 0.293066
v 0.126859 0.104098 0.318194
v 0.125024 0.143278 0.357331
v 0.122712 0.168433 0.406647
v 0.120150 0.177101 0.461314
v 0.117587 0.168434 0.515981
v 0.153786 0.174921 0.519789
v 0.151386 0.148796 0.571004
v 0.149479 0.108107 0.611649
v 0.148256 0.056835 0.637745
v 0.147835 0.000000 0.646737
v 0.148256 -0.056835 0.637745
v 0.149479 -0.108107 0.611649
v 0.151386 -0.148796 0.571004
v 0.153786 -0.174920 0.519789
v 0.156448 -0.183922 0.463016
v 0.159110 -0.174920 0.406243
v 0.161510 -0.148796 0.355028
v 0.163416 -0.108107 0.314383
v 0.164640 -0.056835 0.288287
v 0.165061 0.000000 0.279295
v 0.164640 0.056835 0.288287
v 0.163416 0.108107 0.314383
v 0.161510 0.148796 0.355028
v 0.159110 0.174921 0.406243
v 0.156448 0.183922 0.463016
v 0.153786 0.174921 0.519789
v 0.185972 0.177101 0.522007
v 0.183541 0.150651 0.573861
v 0.181612 0.109454 0.615012
v 0.180373 0.057544 0.641433
v 0.179946 0.000000 0.650537
v 0.180373 -0.057544 0.641433
v 0.181612 -0.109454 0.615012
v 0.183541 -0.150651 0.573861
v 0.185972 -0.177101 0.522007
v 0.188667 -0.186215 0.464526
v 0.191362 -0.177101 0.407046
v 0.193793 -0.150651 0.355192
v 0.195722 -0.109454 0.314040
v 0.196960 -0.057544 0.287620
v 0.197388 0.000000 0.278516
v 0.196960 0.057544 0.287620
v 0.195722 0.109454 0.314041
v 0.193793 0.150651 0.355192
v 0.191362 0.177101 0.407046
v 0.188667 0.186215 0.464526
v 0.185972 0.177101 0.522007
v 0.215104 0.174921 0.522663
v 0.212702 0.148796 0.573879
v 0.210797 0.108107 0.614524
v 0.209574 0.056835 0.640620
v 0.209152 0.000000 0.649611
v 0.209574 -0.056835 0.640620
v 0.210797 -0.108107 0.614524
v 0.212702 -0.148796 0.573879
v 0.215104 -0.174920 0.522663
v 0.217765 -0.183922 0.465891
v 0.220427 -0.174920 0.409118
v 0.222828 -0.148796 0.357902
v 0.224734 -0.108107 0.317257
v 0.225957 -0.056835 0.291162
v 0.226379 0.000000 0.282170
v 0.225957 0.056835 0.291162
v 0.224734 0.108107 0.317257
v 0.222828 0.148796 0.357902
v 0.220427 0.174921 0.409118
v 0.217765 0.183922 0.465891
v 0.215104 0.174921 0.522663
v 0.243584 0.168434 0.521888
v 0.241272 0.143278 0.571204
v 0.239438 0.104098 0.610342
v 0.238259 0.054727 0.635470
v 0.237853 0.000000 0.644128
v 0.238259 -0.054727 0.635470
v 0.239438 -0.104098 0.610342
v 0.241272 -0.143278 0.571204
v 0.243584 -0.168433 0.521888
v 0.246147 -0.177101 0.467221
v 0.248710 -0.168433 0.412554
v 0.251022 -0.143278 0.363238
v 0.252857 -0.104098 0.324101
v 0.254035 -0.054727 0.298973
v 0.254441 0.000000 0.290314
v 0.254035 0.054727 0.298973
v 0.252857 0.104098 0.324101
v 0.251022 0.143278 0.363238
v 0.248710 0.168433 0.412554
v 0.246147 0.177101 0.467221
v 0.243584 0.168434 0.521888
v 0.270713 0.157798 0.519701
v 0.268547 0.134231 0.565903
v 0.266828 0.097525 0.602570
v 0.265724 0.051272 0.626111
v 0.265344 0.000000 0.634222
v 0.265724 -0.051271 0.626111
v 0.266828 -0.097525 0.602569
v 0.268547 -0.134231 0.565903
v 0.270713 -0.157798 0.519701
v 0.273114 -0.165919 0.468486
v 0.275515 -0.157798 0.417270
v 0.277681 -0.134231 0.371068
v 0.279400 -0.097525 0.334402
v 0.280504 -0.051271 0.310860
v 0.280884 0.000000 0.302749
v 0.280504 0.051272 0.310860
v 0.279400 0.097525 0.334402
v 0.277681 0.134231 0.371068
v 0.275515 0.157798 0.417270
v 0.273114 0.165919 0.468486
v 0.270713 0.157798 0.519701
v 0.295821 0.143278 0.516155
v 0.293855 0.121880 0.558106
v 0.292293 0.088551 0.591398
v 0.291292 0.046554 0.612773
v 0.290946 0.000000 0.620138
v 0.291292 -0.046554 0.612773
v 0.292293 -0.088551 0.591398
v 0.293855 -0.121880 0.558106
v 0.295821 -0.143278 0.516155
v 0.298001 -0.150651 0.469652
v 0.300182 -0.143278 0.423149
v 0.302148 -0.121880 0.381199
v 0.303709 -0.088551 0.347907
v 0.304711 -0.046554 0.326532
v 0.305057 0.000000 0.319166
v 0.304711 0.046554 0.326532
v 0.303709 0.088551 0.347907
v 0.302148 0.121880 0.381199
v 0.300182 0.143278 0.423149
v 0.298001 0.150651 0.469652
v 0.295821 0.143278 0.516155
v 0.318291 0.125229 0.511338
v 0.316572 0.106527 0.548004
v 0.315208 0.077396 0.577102
v 0.314332 0.040690 0.595785
v 0.314030 0.000000 0.602222
v 0.314332 -0.040689 0.595785
v 0.315208 -0.077396 0.577102
v 0.316572 -0.106527 0.548004
v 0.318291 -0.125229 0.511338
v 0.320197 -0.131674 0.470693
v 0.322102 -0.125229 0.430048
v 0.323821 -0.106527 0.393382
v 0.325185 -0.077396 0.364283
v 0.326061 -0.040689 0.345601
v 0.326362 0.000000 0.339163
v 0.326061 0.040690 0.345601
v 0.325185 0.077396 0.364283
v 0.323821 0.106527 0.393382
v 0.322102 0.125229 0.430048
v 0.320197 0.131674 0.470693
v 0.318291 0.125229 0.511338
v 0.338704 0.104098 0.505421
v 0.337276 0.088551 0.535900
v 0.336141 0.064336 0.560088
v 0.335413 0.033823 0.575618
v 0.335162 0.000000 0.580969
v 0.335413 -0.033823 0.575618
v 0.336141 -0.064336 0.560088
v 0.337276 -0.088551 0.535900
v 0.338704 -0.104098 0.505421
v 0.340288 -0.109454 0.471635
v 0.341873 -0.104098 0.437848
v 0.343302 -0.088551 0.407369
v 0.344436 -0.064336 0.383181
v 0.345163 -0.033823 0.367651
v 0.345414 0.000000 0.362300
v 0.345163 0.033823 0.367651
v 0.344436 0.064336 0.383181
v 0.343302 0.088551 0.407369
v 0.341873 0.104098 0.437848
v 0.340288 0.109454 0.471635
v 0.338704 0.104098 0.505421
v 0.359223 0.080403 0.498675
v 0.358119 0.068394 0.522217
v 0.357244 0.049691 0.540899
v 0.356681 0.026124 0.552894
v 0.356488 0.000000 0.557027
v 0.356681 -0.026124 0.552894
v 0.357244 -0.049691 0.540899
v 0.358119 -0.068394 0.522217
v 0.359223 -0.080402 0.498675
v 0.360447 -0.084540 0.472580
v 0.361670 -0.080402 0.446484
v 0.362774 -0.068394 0.422943
v 0.363649 -0.049691 0.404260
v 0.364212 -0.026124 0.392266
v 0.364406 0.000000 0.388132
v 0.364212 0.026124 0.392266
v 0.363649 0.049691 0.404260
v 0.362774 0.068394 0.422943
v 0.361670 0.080403 0.446484
v 0.360447 0.084540 0.472580
v 0.359223 0.080403 0.498675
v 0.377757 0.054727 0.491193
v 0.377006 0.046554 0.507217
v 0.376410 0.033823 0.519933
v 0.376027 0.017782 0.528098
v 0.375896 0.000000 0.530911
v 0.376027 -0.017782 0.528098
v 0.376410 -0.033823 0.519933
v 0.377006 -0.046554 0.507217
v 0.377757 -0.054727 0.491193
v 0.378590 -0.057544 0.473430
v 0.379423 -0.054727 0.455668
v 0.380174 -0.046554 0.439644
v 0.380770 -0.033823 0.426927
v 0.381153 -0.017782 0.418763
v 0.381285 0.000000 0.415950
v 0.381153 0.017782 0.418763
v 0.380770 0.033823 0.426927
v 0.380174 0.046554 0.439644
v 0.379423 0.054727 0.455668
v 0.378590 0.057544 0.473430
v 0.377757 0.054727 0.491193
v 0.391029 0.027705 0.483025
v 0.390649 0.023567 0.491137
v 0.390347 0.017122 0.497575
v 0.390153 0.009002 0.501708
v 0.390087 0.000000 0.503132
v 0.390153 -0.009002 0.501708
v 0.390347 -0.017122 0.497575
v 0.390649 -0.023567 0.491137
v 0.391029 -0.027705 0.483025
v 0.391450 -0.029130 0.474033
v 0.391872 -0.027705 0.465041
v 0.392253 -0.023567 0.456930
v 0.392554 -0.017122 0.450492
v 0.392748 -0.009002 0.446359
v 0.392815 0.000000 0.444935
v 0.392748 0.009002 0.446359
v 0.392554 0.017122 0.450492
v 0.392253 0.023567 0.456930
v 0.391872 0.027705 0.465041
v 0.391450 0.029130 0.474033
v 0.391029 0.027705 0.483025
v -0.025423 0.000000 0.454489
v -0.025423 0.000000 0.454489
v -0.025423 0.000000 0.454489
v -0.025423 0.000000 0.454489
v -0.025423 0.000000 0.454489
v -0.025423 0.000000 0.454489
v -0.025423 0.000000 0.454489
v -0.025423 0.000000 0.454489
v -0.025423 0.000000 0.454489
v -0.025423 0.000000 0.454489
v -0.025423 0.000000 0.454489
v -0.025423 0.000000 0.454489
v -0.025423 0.000000 0.454489
v -0.025423 0.000000 0.454489
v -0.025423 0.000000 0.454489
v -0.025423 0.000000 0.454489
v -0.025423 0.000000 0.454489
v -0.025423 0.000000 0.454489
v -0.025423 0.000000 0.454489
v -0.025423 0.000000 0.454489
v 0.396124 0.000000 0.474252
v 0.396124 0.000000 0.474252
v 0.396124 0.000000 0.474252
v 0.396124 0.000000 0.474252
v 0.396124 0.000000 0.474252
v 0.396124 0.000000 0.474252
v 0.396124 0.000000 0.474252
v 0.396124 0.000000 0.474252
v 0.396124 0.000000 0.474252
v 0.396124 0.000000 0.474252
v 0.396124 0.000000 0.474252
v 0.396124 0.000000 0.474252
v 0.396124 0.000000 0.474252
v 0.396124 0.000000 0.474252
v 0.396124 0.000000 0.474252
v 0.396124 0.000000 0.474252
v 0.396124 0.000000 0.474252
v 0.396124 0.000000 0.474252
v 0.396124 0.000000 0.474252
v 0.396124 0.000000 0.474252
v 0.331154 0.021368 0.439872
v 0.337187 0.010838 0.446301
v 0.332080 0.009406 0.446055
v 0.320507 0.019134 0.439005
v 0.328006 0.007032 0.445751
v 0.311913 0.014867 0.437947
v 0.325377 0.003816 0.445507
v 0.306305 0.008350 0.437103
v 0.324479 0.000000 0.445507
v 0.304354 0.000000 0.436782
v 0.325377 -0.003816 0.445507
v 0.306305 -0.008350 0.437103
v 0.328006 -0.007032 0.445751
v 0.311913 -0.014867 0.437947
v 0.332080 -0.009406 0.446055
v 0.320507 -0.019134 0.439005
v 0.337187 -0.010838 0.446301
v 0.331154 -0.021368 0.439872
v 0.342830 -0.011324 0.446301
v 0.342830 -0.022036 0.440206
v 0.348473 -0.010838 0.446301
v 0.354506 -0.021368 0.439872
v 0.353581 -0.009406 0.446055
v 0.365153 -0.019134 0.439005
v 0.357654 -0.007032 0.445751
v 0.373747 -0.014867 0.437947
v 0.360283 -0.003816 0.445507
v 0.379355 -0.008350 0.437103
v 0.361181 0.000000 0.445507
v 0.381305 0.000000 0.436782
v 0.360283 0.003816 0.445507
v 0.379355 0.008350 0.437103
v 0.357654 0.007032 0.445751
v 0.373747 0.014867 0.437947
v 0.353581 0.009406 0.446055
v 0.365153 0.019134 0.439005
v 0.348473 0.010838 0.446301
v 0.354506 0.021368 0.439872
v 0.342830 0.011324 0.446301
v 0.342830 0.022036 0.440206
v 0.337187 0.010838 0.446301
v 0.331154 0.021368 0.439872
v 0.324611 0.033216 0.431610
v 0.307867 0.030777 0.430034
v 0.294199 0.024758 0.428143
v 0.285190 0.014217 0.426659
v 0.282039 0.000000 0.426103
v 0.285190 -0.014217 0.426659
v 0.294199 -0.024758 0.428143
v 0.307867 -0.030777 0.430034
v 0.324611 -0.033216 0.431610
v 0.342830 -0.033760 0.432223
v 0.361050 -0.033216 0.431610
v 0.377793 -0.030777 0.430034
v 0.391462 -0.024758 0.428143
v 0.400470 -0.014217 0.426659
v 0.403621 0.000000 0.426103
v 0.400470 0.014217 0.426659
v 0.391462 0.024758 0.428143
v 0.377793 0.030777 0.430034
v 0.361050 0.033216 0.431610
v 0.342830 0.033760 0.432223
v 0.324611 0.033216 0.431610
v 0.317804 0.047295 0.424040
v 0.294689 0.044946 0.421954
v 0.275706 0.036797 0.419517
v 0.263146 0.021160 0.417659
v 0.258746 0.000000 0.416975
v 0.263146 -0.021160 0.417659
v 0.275706 -0.036797 0.419517
v 0.294689 -0.044946 0.421954
v 0.317804 -0.047295 0.424040
v 0.342830 -0.047469 0.424864
v 0.367857 -0.047295 0.424040
v 0.390972 -0.044946 0.421954
v 0.409954 -0.036797 0.419517
v 0.422514 -0.021160 0.417659
v 0.426914 0.000000 0.416975
v 0.422514 0.021160 0.417659
v 0.409954 0.036797 0.419517
v 0.390972 0.044946 0.421954
v 0.367857 0.047295 0.424040
v 0.342830 0.047469 0.424864
v 0.317804 0.047295 0.424040
v 0.311228 0.062980 0.419086
v 0.282008 0.060529 0.416842
v 0.258020 0.049502 0.414328
v 0.242192 0.028041 0.412497
v 0.236661 0.000000 0.411844
v 0.242192 -0.028041 0.412497
v 0.258020 -0.049502 0.414328
v 0.282008 -0.060529 0.416842
v 0.311228 -0.062980 0.419086
v 0.342830 -0.062730 0.419994
v 0.374433 -0.062980 0.419086
v 0.403652 -0.060529 0.416842
v 0.427640 -0.049502 0.414328
v 0.443468 -0.028041 0.412497
v 0.448999 0.000000 0.411844
v 0.443468 0.028041 0.412497
v 0.427640 0.049502 0.414328
v 0.403652 0.060529 0.416842
v 0.374433 0.062980 0.419086
v 0.342830 0.062730 0.419994
v 0.311228 0.062980 0.419086
v 0.305414 0.078237 0.417588
v 0.270887 0.075258 0.415514
v 0.242693 0.060858 0.413335
v 0.224229 0.033758 0.411869
v 0.217815 0.000000 0.411376
v 0.224229 -0.033758 0.411869
v 0.242693 -0.060858 0.413335
v 0.270887 -0.075258 0.415514
v 0.305414 -0.078237 0.417588
v 0.342830 -0.077675 0.418457
v 0.380247 -0.078237 0.417588
v 0.414773 -0.075258 0.415514
v 0.442967 -0.060858 0.413335
v 0.461430 -0.033758 0.411869
v 0.467846 0.000000 0.411376
v 0.461430 0.033758 0.411869
v 0.442967 0.060858 0.413335
v 0.414773 0.075258 0.415514
v 0.380247 0.078237 0.417588
v 0.342830 0.077675 0.418457
v 0.305414 0.078237 0.417588
v 0.300744 0.090847 0.419377
v 0.262049 0.087161 0.417650
v 0.230690 0.069620 0.416009
v 0.210352 0.037923 0.415059
v 0.203334 0.000000 0.414781
v 0.210352 -0.037922 0.415059
v 0.230690 -0.069620 0.416009
v 0.262049 -0.087161 0.417650
v 0.300744 -0.090847 0.419377
v 0.342830 -0.090076 0.420136
v 0.384916 -0.090847 0.419377
v 0.423612 -0.087161 0.417650
v 0.454971 -0.069620 0.416009
v 0.475308 -0.037922 0.415059
v 0.482326 0.000000 0.414781
v 0.475308 0.037923 0.415059
v 0.454970 0.069620 0.416009
v 0.423612 0.087161 0.417650
v 0.384916 0.090847 0.419377
v 0.342830 0.090076 0.420136
v 0.300744 0.090847 0.419377
v 0.297415 0.099331 0.423719
v 0.255791 0.095271 0.422315
v 0.222300 0.075524 0.421175
v 0.200769 0.040666 0.420686
v 0.193353 0.000000 0.420553
v 0.200769 -0.040666 0.420686
v 0.222300 -0.075524 0.421175
v 0.255791 -0.095271 0.422315
v 0.297415 -0.099331 0.423719
v 0.342830 -0.098347 0.424346
v 0.388245 -0.099331 0.423719
v 0.429869 -0.095271 0.422315
v 0.463360 -0.075524 0.421175
v 0.484892 -0.040666 0.420686
v 0.492308 0.000000 0.420553
v 0.484892 0.040666 0.420686
v 0.463360 0.075524 0.421175
v 0.429869 0.095271 0.422315
v 0.388245 0.099331 0.423719
v 0.342830 0.098347 0.424346
v 0.297415 0.099331 0.423719
v 0.295469 0.103083 0.429726
v 0.252140 0.099330 0.428527
v 0.217407 0.078744 0.427663
v 0.195193 0.042262 0.427425
v 0.187595 0.000000 0.427425
v 0.195193 -0.042262 0.427425
v 0.217407 -0.078744 0.427663
v 0.252140 -0.099330 0.428527
v 0.295469 -0.103083 0.429726
v 0.342830 -0.101668 0.430310
v 0.390192 -0.103083 0.429726
v 0.433520 -0.099330 0.428527
v 0.468253 -0.078744 0.427663
v 0.490467 -0.042262 0.427425
v 0.498065 0.000000 0.427425
v 0.490467 0.042262 0.427425
v 0.468253 0.078744 0.427663
v 0.433520 0.099330 0.428527
v 0.390192 0.103083 0.429726
v 0.342830 0.101668 0.430310
v 0.295469 0.103083 0.429726
v 0.294937 0.101670 0.436893
v 0.251072 0.099204 0.435648
v 0.215844 0.079414 0.434698
v 0.193353 0.042789 0.434469
v 0.185660 0.000000 0.434469
v 0.193353 -0.042789 0.434469
v 0.215844 -0.079414 0.434698
v 0.251072 -0.099203 0.435648
v 0.294937 -0.101670 0.436893
v 0.342830 -0.099608 0.437497
v 0.390723 -0.101670 0.436893
v 0.434588 -0.099203 0.435648
v 0.469816 -0.079414 0.434698
v 0.492308 -0.042789 0.434469
v 0.500000 0.000000 0.434469
v 0.492308 0.042789 0.434469
v 0.469816 0.079414 0.434698
v 0.434588 0.099203 0.435648
v 0.390723 0.101670 0.436893
v 0.342830 0.099609 0.437497
v 0.294937 0.101670 0.436893
v 0.295883 0.094777 0.445084
v 0.252701 0.094520 0.443560
v 0.217821 0.077208 0.442285
v 0.195387 0.042206 0.441734
v 0.187595 0.000000 0.441514
v 0.195387 -0.042206 0.441734
v 0.217821 -0.077208 0.442285
v 0.252701 -0.094520 0.443560
v 0.295883 -0.094776 0.445084
v 0.342830 -0.091891 0.445790
v 0.389777 -0.094776 0.445084
v 0.432960 -0.094520 0.443560
v 0.467840 -0.077208 0.442285
v 0.490274 -0.042206 0.441734
v 0.498065 0.000000 0.441514
v 0.490274 0.042206 0.441734
v 0.467840 0.077208 0.442285
v 0.432960 0.094520 0.443560
v 0.389777 0.094777 0.445084
v 0.342830 0.091891 0.445790
v 0.295883 0.094777 0.445084
v 0.298429 0.082360 0.454603
v 0.257303 0.084750 0.452648
v 0.223691 0.071566 0.450762
v 0.201802 0.040181 0.449665
v 0.194260 0.000000 0.449360
v 0.201802 -0.040181 0.449665
v 0.223691 -0.071566 0.450762
v 0.257303 -0.084750 0.452648
v 0.298429 -0.082360 0.454603
v 0.342830 -0.078735 0.455466
v 0.387232 -0.082360 0.454603
v 0.428357 -0.084750 0.452648
v 0.461969 -0.071566 0.450762
v 0.483858 -0.040181 0.449665
v 0.491399 0.000000 0.449360
v 0.483858 0.040181 0.449665
v 0.461969 0.071566 0.450762
v 0.428357 0.084750 0.452648
v 0.387232 0.082360 0.454603
v 0.342830 0.078735 0.455466
v 0.298429 0.082360 0.454603
v 0.302675 0.065669 0.466012
v 0.265187 0.070015 0.463650
v 0.234035 0.061804 0.461029
v 0.213462 0.036089 0.459327
v 0.206286 0.000000 0.458757
v 0.213462 -0.036089 0.459327
v 0.234035 -0.061804 0.461029
v 0.265187 -0.070015 0.463650
v 0.302675 -0.065669 0.466012
v 0.342830 -0.061854 0.467037
v 0.382986 -0.065669 0.466012
v 0.420473 -0.070015 0.463650
v 0.451625 -0.061804 0.461029
v 0.472198 -0.036089 0.459327
v 0.479374 0.000000 0.458757
v 0.472198 0.036089 0.459327
v 0.451625 0.061804 0.461029
v 0.420473 0.070015 0.463650
v 0.382986 0.065669 0.466012
v 0.342830 0.061854 0.467037
v 0.302675 0.065669 0.466012
v 0.308537 0.048280 0.479763
v 0.276237 0.052694 0.477063
v 0.249038 0.048396 0.473993
v 0.230764 0.029570 0.471783
v 0.224325 0.000000 0.471001
v 0.230764 -0.029570 0.471783
v 0.249038 -0.048395 0.473993
v 0.276237 -0.052693 0.477063
v 0.308537 -0.048280 0.479763
v 0.342830 -0.045175 0.480962
v 0.377123 -0.048280 0.479763
v 0.409424 -0.052693 0.477063
v 0.436623 -0.048395 0.473993
v 0.454896 -0.029570 0.471783
v 0.461335 0.000000 0.471001
v 0.454896 0.029570 0.471783
v 0.436623 0.048395 0.473993
v 0.409424 0.052693 0.477063
v 0.377123 0.048280 0.479763
v 0.342830 0.045175 0.480962
v 0.308537 0.048280 0.479763
v 0.315675 0.034612 0.496149
v 0.289900 0.036905 0.493362
v 0.267940 0.034101 0.490130
v 0.252987 0.021474 0.487697
v 0.247671 0.000000 0.486809
v 0.252987 -0.021474 0.487697
v 0.267940 -0.034101 0.490130
v 0.289900 -0.036905 0.493362
v 0.315675 -0.034612 0.496149
v 0.342830 -0.033056 0.497280
v 0.369986 -0.034612 0.496149
v 0.395760 -0.036905 0.493362
v 0.417720 -0.034101 0.490130
v 0.432673 -0.021474 0.487697
v 0.437988 0.000000 0.486809
v 0.432673 0.021474 0.487697
v 0.417720 0.034101 0.490130
v 0.395760 0.036905 0.493362
v 0.369986 0.034612 0.496149
v 0.342830 0.033057 0.497280
v 0.315675 0.034612 0.496149
v 0.323265 0.026213 0.514315
v 0.304651 0.025838 0.511868
v 0.288709 0.022565 0.508965
v 0.277774 0.013978 0.506714
v 0.273879 0.000000 0.505897
v 0.277774 -0.013978 0.506714
v 0.288709 -0.022565 0.508965
v 0.304651 -0.025838 0.511868
v 0.323265 -0.026213 0.514315
v 0.342830 -0.026053 0.515274
v 0.362395 -0.026213 0.514315
v 0.381009 -0.025838 0.511868
v 0.396951 -0.022565 0.508965
v 0.407886 -0.013978 0.506714
v 0.411781 0.000000 0.505897
v 0.407886 0.013978 0.506714
v 0.396951 0.022565 0.508965
v 0.381009 0.025838 0.511868
v 0.362395 0.026213 0.514315
v 0.342830 0.026053 0.515274
v 0.323265 0.026213 0.514315
v 0.330309 0.019899 0.532624
v 0.318465 0.018200 0.530868
v 0.308382 0.014637 0.528744
v 0.301485 0.008544 0.527064
v 0.299021 0.000000 0.526432
v 0.301485 -0.008544 0.527064
v 0.308382 -0.014637 0.528744
v 0.318465 -0.018200 0.530868
v 0.330309 -0.019899 0.532624
v 0.342830 -0.020386 0.533305
v 0.355351 -0.019899 0.532624
v 0.367195 -0.018200 0.530868
v 0.377279 -0.014637 0.528744
v 0.384176 -0.008544 0.527064
v 0.386639 0.000000 0.526432
v 0.384176 0.008544 0.527064
v 0.377279 0.014637 0.528744
v 0.367195 0.018200 0.530868
v 0.355351 0.019899 0.532624
v 0.342830 0.020386 0.533305
v 0.330309 0.019899 0.532624
v 0.335959 0.012974 0.548633
v 0.329558 0.011400 0.547703
v 0.324222 0.008665 0.546564
v 0.320635 0.004786 0.545652
v 0.319364 0.000000 0.545305
v 0.320635 -0.004786 0.545652
v 0.324222 -0.008665 0.546564
v 0.329558 -0.011399 0.547703
v 0.335959 -0.012974 0.548633
v 0.342830 -0.013487 0.548991
v 0.349702 -0.012974 0.548633
v 0.356103 -0.011399 0.547703
v 0.361439 -0.008665 0.546564
v 0.365026 -0.004786 0.545652
v 0.366296 0.000000 0.545305
v 0.365026 0.004786 0.545652
v 0.361439 0.008665 0.546564
v 0.356103 0.011400 0.547703
v 0.349702 0.012974 0.548633
v 0.342830 0.013487 0.548991
v 0.335959 0.012974 0.548633
v 0.339952 0.006081 0.559657
v 0.337326 0.005227 0.559399
v 0.335207 0.003856 0.559080
v 0.333822 0.002061 0.558823
v 0.333340 0.000000 0.558725
v 0.333822 -0.002061 0.558823
v 0.335207 -0.003856 0.559080
v 0.337326 -0.005227 0.559399
v 0.339952 -0.006081 0.559657
v 0.342830 -0.006369 0.559756
v 0.345708 -0.006081 0.559657
v 0.348334 -0.005227 0.559399
v 0.350454 -0.003856 0.559080
v 0.351838 -0.002061 0.558823
v 0.352320 0.000000 0.558725
v 0.351838 0.002061 0.558823
v 0.350454 0.003856 0.559080
v 0.348334 0.005227 0.559399
v 0.345708 0.006081 0.559657
v 0.342830 0.006369 0.559756
v 0.339952 0.006081 0.559657
v 0.342830 0.000000 0.448730
v 0.342830 0.000000 0.448730
v 0.342830 0.000000 0.448730
v 0.342830 0.000000 0.448730
v 0.342830 0.000000 0.448730
v 0.342830 0.000000 0.448730
v 0.342830 0.000000 0.448730
v 0.342830 0.000000 0.448730
v 0.342830 0.000000 0.448730
v 0.342830 0.000000 0.448730
v 0.342830 0.000000 0.448730
v 0.342830 0.000000 0.448730
v 0.342830 0.000000 0.448730
v 0.342830 0.000000 0.448730
v 0.342830 0.000000 0.448730
v 0.342830 0.000000 0.448730
v 0.342830 0.000000 0.448730
v 0.342830 0.000000 0.448730
v 0.342830 0.000000 0.448730
v 0.342830 0.000000 0.448730
v 0.342830 0.000000 0.563597
v 0.342830 0.000000 0.563597
v 0.342830 0.000000 0.563597
v 0.342830 0.000000 0.563597
v 0.342830 0.000000 0.563597
v 0.342830 0.000000 0.563597
v 0.342830 0.000000 0.563597
v 0.342830 0.000000 0.563597
v 0.342830 0.000000 0.563597
v 0.342830 0.000000 0.563597
v 0.342830 0.000000 0.563597
v 0.342830 0.000000 0.563597
v 0.342830 0.000000 0.563597
v 0.342830 0.000000 0.563597
v 0.342830 0.000000 0.563597
v 0.342830 0.000000 0.563597
v 0.342830 0.000000 0.563597
v 0.342830 0.000000 0.563597
v 0.342830 0.000000 0.563597
v 0.342830 0.000000 0.563597
v 0.249692 0.138957 0.469808
v 0.252003 0.131847 0.468013
v 0.249866 0.130758 0.468013
v 0.245471 0.136807 0.469808
v 0.248170 0.129063 0.468013
v 0.242122 0.133457 0.469808
v 0.247081 0.126925 0.468013
v 0.239971 0.129236 0.469808
v 0.246706 0.124557 0.468013
v 0.239230 0.124557 0.469808
v 0.247081 0.122189 0.468013
v 0.239971 0.119878 0.469808
v 0.248170 0.120052 0.468013
v 0.242122 0.115657 0.469808
v 0.249866 0.118356 0.468013
v 0.245471 0.112307 0.469808
v 0.252003 0.117267 0.468013
v 0.249692 0.110156 0.469808
v 0.254371 0.116892 0.468013
v 0.254371 0.109416 0.469808
v 0.256739 0.117267 0.468013
v 0.259050 0.110156 0.469808
v 0.258877 0.118356 0.468013
v 0.263270 0.112307 0.469808
v 0.260572 0.120052 0.468013
v 0.266620 0.115657 0.469808
v 0.261661 0.122189 0.468013
v 0.268771 0.119878 0.469808
v 0.262036 0.124557 0.468013
v 0.269512 0.124557 0.469808
v 0.261661 0.126925 0.468013
v 0.268771 0.129236 0.469808
v 0.260572 0.129063 0.468013
v 0.266620 0.133456 0.469808
v 0.258877 0.130758 0.468013
v 0.263270 0.136807 0.469808
v 0.256739 0.131847 0.468013
v 0.259050 0.138957 0.469808
v 0.254371 0.132222 0.468013
v 0.254371 0.139698 0.469808
v 0.252003 0.131847 0.468013
v 0.249692 0.138957 0.469808
v 0.247497 0.145713 0.472750
v 0.241296 0.142553 0.472750
v 0.236374 0.137632 0.472750
v 0.233215 0.131431 0.472750
v 0.232126 0.124557 0.472750
v 0.233215 0.117683 0.472750
v 0.236374 0.111482 0.472750
v 0.241296 0.106560 0.472750
v 0.247497 0.103401 0.472750
v 0.254371 0.102312 0.472750
v 0.261245 0.103401 0.472750
v 0.267446 0.106560 0.472750
v 0.272368 0.111482 0.472750
v 0.275527 0.117683 0.472750
v 0.276616 0.124557 0.472750
v 0.275527 0.131431 0.472750
v 0.272368 0.137632 0.472750
v 0.267446 0.142553 0.472750
v 0.261245 0.145713 0.472750
v 0.254371 0.146802 0.472750
v 0.247497 0.145713 0.472750
v 0.245471 0.151948 0.476767
v 0.237442 0.147857 0.476767
v 0.231071 0.141485 0.476767
v 0.226980 0.133457 0.476767
v 0.225570 0.124557 0.476767
v 0.226980 0.115657 0.476767
v 0.231071 0.107629 0.476767
v 0.237442 0.101257 0.476767
v 0.245471 0.097166 0.476767
v 0.254371 0.095757 0.476767
v 0.263270 0.097166 0.476767
v 0.271300 0.101257 0.476767
v 0.277671 0.107629 0.476767
v 0.281761 0.115657 0.476767
v 0.283172 0.124557 0.476767
v 0.281761 0.133456 0.476767
v 0.277671 0.141485 0.476767
v 0.271300 0.147857 0.476767
v 0.263270 0.151947 0.476767
v 0.254371 0.153358 0.476767
v 0.245471 0.151948 0.476767
v 0.243665 0.157508 0.481761
v 0.234006 0.152587 0.481761
v 0.226341 0.144922 0.481761
v 0.221419 0.135264 0.481761
v 0.219724 0.124557 0.481761
v 0.221419 0.113850 0.481761
v 0.226341 0.104192 0.481761
v 0.234006 0.096527 0.481761
v 0.243665 0.091605 0.481761
v 0.254371 0.089910 0.481761
v 0.265078 0.091605 0.481761
v 0.274736 0.096527 0.481761
v 0.282401 0.104192 0.481761
v 0.287322 0.113850 0.481761
v 0.289018 0.124557 0.481761
v 0.287322 0.135264 0.481761
v 0.282401 0.144922 0.481761
v 0.274736 0.152587 0.481761
v 0.265078 0.157508 0.481761
v 0.254371 0.159204 0.481761
v 0.243665 0.157508 0.481761
v 0.242122 0.162257 0.487607
v 0.231071 0.156626 0.487607
v 0.222301 0.147857 0.487607
v 0.216670 0.136807 0.487607
v 0.214731 0.124557 0.487607
v 0.216670 0.112307 0.487607
v 0.222301 0.101257 0.487607
v 0.231071 0.092487 0.487607
v 0.242122 0.086856 0.487607
v 0.254371 0.084917 0.487607
v 0.266620 0.086856 0.487607
v 0.277671 0.092487 0.487607
v 0.286440 0.101257 0.487607
v 0.292071 0.112307 0.487607
v 0.294012 0.124557 0.487607
v 0.292071 0.136807 0.487607
v 0.286440 0.147857 0.487607
v 0.277671 0.156626 0.487607
v 0.266620 0.162257 0.487607
v 0.254371 0.164198 0.487607
v 0.242122 0.162257 0.487607
v 0.240880 0.166078 0.494163
v 0.228710 0.159876 0.494163
v 0.219051 0.150219 0.494163
v 0.212850 0.138048 0.494163
v 0.210714 0.124557 0.494163
v 0.212850 0.111066 0.494163
v 0.219051 0.098895 0.494163
v 0.228710 0.089237 0.494163
v 0.240880 0.083036 0.494163
v 0.254371 0.080899 0.494163
v 0.267862 0.083036 0.494163
v 0.280032 0.089237 0.494163
v 0.289690 0.098895 0.494163
v 0.295892 0.111066 0.494163
v 0.298028 0.124557 0.494163
v 0.295892 0.138048 0.494163
v 0.289690 0.150219 0.494163
v 0.280032 0.159876 0.494163
v 0.267862 0.166078 0.494163
v 0.254371 0.168214 0.494163
v 0.240880 0.166078 0.494163
v 0.239971 0.168876 0.501267
v 0.226980 0.162257 0.501267
v 0.216670 0.151948 0.501267
v 0.210052 0.138957 0.501267
v 0.207771 0.124557 0.501267
v 0.210052 0.110156 0.501267
v 0.216670 0.097166 0.501267
v 0.226980 0.086856 0.501267
v 0.239971 0.080238 0.501267
v 0.254371 0.077957 0.501267
v 0.268771 0.080238 0.501267
v 0.281761 0.086856 0.501267
v 0.292071 0.097166 0.501267
v 0.298690 0.110156 0.501267
v 0.300971 0.124557 0.501267
v 0.298690 0.138957 0.501267
v 0.292071 0.151947 0.501267
v 0.281761 0.162257 0.501267
v 0.268771 0.168876 0.501267
v 0.254371 0.171157 0.501267
v 0.239971 0.168876 0.501267
v 0.239416 0.170583 0.508743
v 0.225925 0.163710 0.508743
v 0.215218 0.153003 0.508743
v 0.208345 0.139512 0.508743
v 0.205976 0.124557 0.508743
v 0.208345 0.109602 0.508743
v 0.215218 0.096111 0.508743
v 0.225925 0.085405 0.508743
v 0.239416 0.078530 0.508743
v 0.254371 0.076162 0.508743
v 0.269326 0.078530 0.508743
v 0.282817 0.085405 0.508743
v 0.293523 0.096111 0.508743
v 0.300397 0.109602 0.508743
v 0.302766 0.124557 0.508743
v 0.300397 0.139512 0.508743
v 0.293523 0.153003 0.508743
v 0.282817 0.163709 0.508743
v 0.269326 0.170583 0.508743
v 0.254371 0.172952 0.508743
v 0.239416 0.170583 0.508743
v 0.239230 0.171157 0.516408
v 0.225570 0.164198 0.516408
v 0.214731 0.153358 0.516408
v 0.207771 0.139698 0.516408
v 0.205373 0.124557 0.516408
v 0.207771 0.109416 0.516408
v 0.214731 0.095757 0.516408
v 0.225570 0.084917 0.516408
v 0.239230 0.077957 0.516408
v 0.254371 0.075559 0.516408
v 0.269512 0.077957 0.516408
v 0.283172 0.084917 0.516408
v 0.294012 0.095757 0.516408
v 0.300971 0.109416 0.516408
v 0.303369 0.124557 0.516408
v 0.300971 0.139698 0.516408
v 0.294012 0.153358 0.516408
v 0.283172 0.164198 0.516408
v 0.269512 0.171157 0.516408
v 0.254371 0.173555 0.516408
v 0.239230 0.171157 0.516408
v 0.239416 0.170583 0.524073
v 0.225925 0.163710 0.524073
v 0.215218 0.153003 0.524073
v 0.208345 0.139512 0.524073
v 0.205976 0.124557 0.524073
v 0.208345 0.109602 0.524073
v 0.215218 0.096111 0.524073
v 0.225925 0.085405 0.524073
v 0.239416 0.078530 0.524073
v 0.254371 0.076162 0.524073
v 0.269326 0.078530 0.524073
v 0.282817 0.085405 0.524073
v 0.293523 0.096111 0.524073
v 0.300397 0.109602 0.524073
v 0.302766 0.124557 0.524073
v 0.300397 0.139512 0.524073
v 0.293523 0.153003 0.524073
v 0.282817 0.163709 0.524073
v 0.269326 0.170583 0.524073
v 0.254371 0.172952 0.524073
v 0.239416 0.170583 0.524073
v 0.239971 0.168876 0.531549
v 0.226980 0.162257 0.531549
v 0.216670 0.151948 0.531549
v 0.210052 0.138957 0.531549
v 0.207771 0.124557 0.531549
v 0.210052 0.110156 0.531549
v 0.216670 0.097166 0.531549
v 0.226980 0.086856 0.531549
v 0.239971 0.080238 0.531549
v 0.254371 0.077957 0.531549
v 0.268771 0.080238 0.531549
v 0.281761 0.086856 0.531549
v 0.292071 0.097166 0.531549
v 0.298690 0.110156 0.531549
v 0.300971 0.124557 0.531549
v 0.298690 0.138957 0.531549
v 0.292071 0.151947 0.531549
v 0.281761 0.162257 0.531549
v 0.268771 0.168876 0.531549
v 0.254371 0.171157 0.531549
v 0.239971 0.168876 0.531549
v 0.240880 0.166078 0.538652
v 0.228710 0.159876 0.538652
v 0.219051 0.150219 0.538652
v 0.212850 0.138048 0.538652
v 0.210714 0.124557 0.538652
v 0.212850 0.111066 0.538652
v 0.219051 0.098895 0.538652
v 0.228710 0.089237 0.538652
v 0.240880 0.083036 0.538652
v 0.254371 0.080899 0.538652
v 0.267862 0.083036 0.538652
v 0.280032 0.089237 0.538652
v 0.289690 0.098895 0.538652
v 0.295892 0.111066 0.538652
v 0.298028 0.124557 0.538652
v 0.295892 0.138048 0.538652
v 0.289690 0.150219 0.538652
v 0.280032 0.159876 0.538652
v 0.267862 0.166078 0.538652
v 0.254371 0.168214 0.538652
v 0.240880 0.166078 0.538652
v 0.242122 0.162257 0.545208
v 0.231071 0.156626 0.545208
v 0.222301 0.147857 0.545208
v 0.216670 0.136807 0.545208
v 0.214731 0.124557 0.545208
v 0.216670 0.112307 0.545208
v 0.222301 0.101257 0.545208
v 0.231071 0.092487 0.545208
v 0.242122 0.086856 0.545208
v 0.254371 0.084917 0.545208
v 0.266620 0.086856 0.545208
v 0.277671 0.092487 0.545208
v 0.286440 0.101257 0.545208
v 0.292071 0.112307 0.545208
v 0.294012 0.124557 0.545208
v 0.292071 0.136807 0.545208
v 0.286440 0.147857 0.545208
v 0.277671 0.156626 0.545208
v 0.266620 0.162257 0.545208
v 0.254371 0.164198 0.545208
v 0.242122 0.162257 0.545208
v 0.243665 0.157508 0.551055
v 0.234006 0.152587 0.551055
v 0.226341 0.144922 0.551055
v 0.221419 0.135264 0.551055
v 0.219724 0.124557 0.551055
v 0.221419 0.113850 0.551055
v 0.226341 0.104192 0.551055
v 0.234006 0.096527 0.551055
v 0.243665 0.091605 0.551055
v 0.254371 0.089910 0.551055
v 0.265078 0.091605 0.551055
v 0.274736 0.096527 0.551055
v 0.282401 0.104192 0.551055
v 0.287322 0.113850 0.551055
v 0.289018 0.124557 0.551055
v 0.287322 0.135264 0.551055
v 0.282401 0.144922 0.551055
v 0.274736 0.152587 0.551055
v 0.265078 0.157508 0.551055
v 0.254371 0.159204 0.551055
v 0.243665 0.157508 0.551055
v 0.245471 0.151948 0.556048
v 0.237442 0.147857 0.556048
v 0.231071 0.141485 0.556048
v 0.226980 0.133457 0.556048
v 0.225570 0.124557 0.556048
v 0.226980 0.115657 0.556048
v 0.231071 0.107629 0.556048
v 0.237442 0.101257 0.556048
v 0.245471 0.097166 0.556048
v 0.254371 0.095757 0.556048
v 0.263270 0.097166 0.556048
v 0.271300 0.101257 0.556048
v 0.277671 0.107629 0.556048
v 0.281761 0.115657 0.556048
v 0.283172 0.124557 0.556048
v 0.281761 0.133456 0.556048
v 0.277671 0.141485 0.556048
v 0.271300 0.147857 0.556048
v 0.263270 0.151947 0.556048
v 0.254371 0.153358 0.556048
v 0.245471 0.151948 0.556048
v 0.247497 0.145713 0.560065
v 0.241296 0.142553 0.560065
v 0.236374 0.137632 0.560065
v 0.233215 0.131431 0.560065
v 0.232126 0.124557 0.560065
v 0.233215 0.117683 0.560065
v 0.236374 0.111482 0.560065
v 0.241296 0.106560 0.560065
v 0.247497 0.103401 0.560065
v 0.254371 0.102312 0.560065
v 0.261245 0.103401 0.560065
v 0.267446 0.106560 0.560065
v 0.272368 0.111482 0.560065
v 0.275527 0.117683 0.560065
v 0.276616 0.124557 0.560065
v 0.275527 0.131431 0.560065
v 0.272368 0.137632 0.560065
v 0.267446 0.142553 0.560065
v 0.261245 0.145713 0.560065
v 0.254371 0.146802 0.560065
v 0.247497 0.145713 0.560065
v 0.249692 0.138957 0.563008
v 0.245471 0.136807 0.563008
v 0.242122 0.133457 0.563008
v 0.239971 0.129236 0.563008
v 0.239230 0.124557 0.563008
v 0.239971 0.119878 0.563008
v 0.242122 0.115657 0.563008
v 0.245471 0.112307 0.563008
v 0.249692 0.110156 0.563008
v 0.254371 0.109416 0.563008
v 0.259050 0.110156 0.563008
v 0.263270 0.112307 0.563008
v 0.266620 0.115657 0.563008
v 0.268771 0.119878 0.563008
v 0.269512 0.124557 0.563008
v 0.268771 0.129236 0.563008
v 0.266620 0.133456 0.563008
v 0.263270 0.136807 0.563008
v 0.259050 0.138957 0.563008
v 0.254371 0.139698 0.563008
v 0.249692 0.138957 0.563008
v 0.252003 0.131847 0.564803
v 0.249866 0.130758 0.564803
v 0.248170 0.129063 0.564803
v 0.247081 0.126925 0.564803
v 0.246706 0.124557 0.564803
v 0.247081 0.122189 0.564803
v 0.248170 0.120052 0.564803
v 0.249866 0.118356 0.564803
v 0.252003 0.117267 0.564803
v 0.254371 0.116892 0.564803
v 0.256739 0.117267 0.564803
v 0.258877 0.118356 0.564803
v 0.260572 0.120052 0.564803
v 0.261661 0.122189 0.564803
v 0.262036 0.124557 0.564803
v 0.261661 0.126925 0.564803
v 0.260572 0.129063 0.564803
v 0.258877 0.130758 0.564803
v 0.256739 0.131847 0.564803
v 0.254371 0.132222 0.564803
v 0.252003 0.131847 0.564803
v 0.254371 0.124557 0.467410
v 0.254371 0.124557 0.467410
v 0.254371 0.124557 0.467410
v 0.254371 0.124557 0.467410
v 0.254371 0.124557 0.467410
v 0.254371 0.124557 0.467410
v 0.254371 0.124557 0.467410
v 0.254371 0.124557 0.467410
v 0.254371 0.124557 0.467410
v 0.254371 0.124557 0.467410
v 0.254371 0.124557 0.467410
v 0.254371 0.124557 0.467410
v 0.254371 0.124557 0.467410
v 0.254371 0.124557 0.467410
v 0.254371 0.124557 0.467410
v 0.254371 0.124557 0.467410
v 0.254371 0.124557 0.467410
v 0.254371 0.124557 0.467410
v 0.254371 0.124557 0.467410
v 0.254371 0.124557 0.467410
v 0.254371 0.124557 0.565406
v 0.254371 0.124557 0.565406
v 0.254371 0.124557 0.565406
v 0.254371 0.124557 0.565406
v 0.254371 0.124557 0.565406
v 0.254371 0.124557 0.565406
v 0.254371 0.124557 0.565406
v 0.254371 0.124557 0.565406
v 0.254371 0.124557 0.565406
v 0.254371 0.124557 0.565406
v 0.254371 0.124557 0.565406
v 0.254371 0.124557 0.565406
v 0.254371 0.124557 0.565406
v 0.254371 0.124557 0.565406
v 0.254371 0.124557 0.565406
v 0.254371 0.124557 0.565406
v 0.254371 0.124557 0.565406
v 0.254371 0.124557 0.565406
v 0.254371 0.124557 0.565406
v 0.254371 0.124557 0.565406
v 0.136330 0.064650 0.603533
v 0.146732 0.032728 0.603596
v 0.137174 0.027840 0.602971
v 0.117448 0.054995 0.602298
v 0.129588 0.020227 0.602475
v 0.102463 0.039956 0.601318
v 0.124718 0.010634 0.602156
v 0.092842 0.021006 0.600689
v 0.123039 0.000000 0.602046
v 0.089527 0.000000 0.600473
v 0.124718 -0.010634 0.602156
v 0.092842 -0.021006 0.600689
v 0.129588 -0.020227 0.602475
v 0.102463 -0.039956 0.601318
v 0.137174 -0.027840 0.602971
v 0.117448 -0.054995 0.602298
v 0.146732 -0.032728 0.603596
v 0.136330 -0.064650 0.603533
v 0.157329 -0.034412 0.604288
v 0.157261 -0.067978 0.604901
v 0.167924 -0.032728 0.604981
v 0.178192 -0.064650 0.606270
v 0.177483 -0.027840 0.605606
v 0.197074 -0.054995 0.607504
v 0.185069 -0.020227 0.606102
v 0.212059 -0.039956 0.608484
v 0.189939 -0.010634 0.606421
v 0.221679 -0.021006 0.609113
v 0.191618 0.000000 0.606530
v 0.224995 0.000000 0.609330
v 0.189939 0.010634 0.606421
v 0.221679 0.021006 0.609113
v 0.185069 0.020227 0.606102
v 0.212059 0.039956 0.608484
v 0.177483 0.027840 0.605606
v 0.197074 0.054995 0.607504
v 0.167924 0.032728 0.604981
v 0.178192 0.064650 0.606270
v 0.157329 0.034413 0.604288
v 0.157261 0.067978 0.604901
v 0.146732 0.032728 0.603596
v 0.136330 0.064650 0.603533
v 0.126400 0.094981 0.603895
v 0.098789 0.080795 0.600902
v 0.076775 0.058702 0.599463
v 0.062640 0.030861 0.598539
v 0.057769 0.000000 0.598220
v 0.062640 -0.030861 0.598539
v 0.076775 -0.058701 0.599463
v 0.098789 -0.080795 0.600902
v 0.126530 -0.094981 0.602716
v 0.157281 -0.099868 0.604727
v 0.188031 -0.094981 0.606737
v 0.215771 -0.080795 0.608551
v 0.237786 -0.058701 0.609990
v 0.251920 -0.030861 0.610915
v 0.256791 0.000000 0.611233
v 0.251920 0.030861 0.610915
v 0.237786 0.058702 0.609990
v 0.215771 0.080795 0.608551
v 0.188031 0.094981 0.606737
v 0.157151 0.099869 0.605906
v 0.126400 0.094981 0.603895
v 0.117316 0.122973 0.603495
v 0.081554 0.104607 0.599751
v 0.053268 0.076002 0.595918
v 0.034968 0.039956 0.594722
v 0.028663 0.000000 0.594309
v 0.034968 -0.039956 0.594722
v 0.053268 -0.076001 0.595918
v 0.081772 -0.104607 0.597782
v 0.117687 -0.122972 0.600130
v 0.157500 -0.129301 0.602733
v 0.197313 -0.122972 0.605336
v 0.233229 -0.104607 0.607685
v 0.261732 -0.076001 0.609548
v 0.280032 -0.039956 0.610745
v 0.286337 0.000000 0.611157
v 0.280032 0.039956 0.610745
v 0.261732 0.076002 0.609548
v 0.233229 0.104607 0.607685
v 0.197096 0.122973 0.607306
v 0.157129 0.129301 0.606098
v 0.117316 0.122973 0.603495
v 0.109330 0.147936 0.602093
v 0.066325 0.125842 0.597440
v 0.032440 0.091430 0.591535
v 0.010425 0.048068 0.590096
v 0.002839 0.000000 0.589600
v 0.010425 -0.048067 0.590096
v 0.032440 -0.091430 0.591535
v 0.066729 -0.125841 0.593777
v 0.109935 -0.147936 0.596602
v 0.157831 -0.155549 0.599734
v 0.205726 -0.147936 0.602866
v 0.248932 -0.125841 0.605691
v 0.283222 -0.091430 0.607933
v 0.305236 -0.048067 0.609372
v 0.312822 0.000000 0.609868
v 0.305236 0.048068 0.609372
v 0.283222 0.091430 0.607933
v 0.248932 0.125842 0.605691
v 0.205322 0.147936 0.606529
v 0.157226 0.155549 0.605224
v 0.109330 0.147936 0.602093
v 0.102608 0.169258 0.600005
v 0.053404 0.143979 0.594693
v 0.014733 0.104607 0.587039
v -0.010454 0.054995 0.585393
v -0.019134 0.000000 0.584825
v -0.010454 -0.054995 0.585393
v 0.014733 -0.104607 0.587039
v 0.053964 -0.143979 0.589605
v 0.103398 -0.169257 0.592837
v 0.158196 -0.177967 0.596420
v 0.212994 -0.169257 0.600003
v 0.262428 -0.143979 0.603235
v 0.301659 -0.104607 0.605800
v 0.326847 -0.054995 0.607447
v 0.335526 0.000000 0.608014
v 0.326847 0.054995 0.607447
v 0.301659 0.104607 0.605800
v 0.262428 0.143979 0.603235
v 0.212433 0.169257 0.605091
v 0.157406 0.177968 0.603588
v 0.102608 0.169258 0.600005
v 0.097227 0.186411 0.598072
v 0.043035 0.158570 0.592234
v 0.000514 0.115208 0.583191
v -0.027227 0.060569 0.581377
v -0.036785 0.000000 0.580752
v -0.027227 -0.060568 0.581377
v 0.000514 -0.115208 0.583191
v 0.043720 -0.158570 0.586016
v 0.098164 -0.186410 0.589576
v 0.158515 -0.196003 0.593522
v 0.218866 -0.186410 0.597468
v 0.273311 -0.158570 0.601028
v 0.316517 -0.115208 0.603853
v 0.344258 -0.060568 0.605667
v 0.353816 0.000000 0.606292
v 0.344258 0.060569 0.605667
v 0.316517 0.115208 0.603853
v 0.273311 0.158570 0.601028
v 0.218182 0.186411 0.603686
v 0.157579 0.196003 0.602018
v 0.097227 0.186411 0.598072
v 0.093263 0.198974 0.596871
v 0.035411 0.169258 0.590702
v -0.009938 0.122973 0.580706
v -0.039548 0.064650 0.578770
v -0.049751 0.000000 0.578103
v -0.039548 -0.064650 0.578770
v -0.009938 -0.122972 0.580706
v 0.036181 -0.169257 0.583722
v 0.094294 -0.198974 0.587521
v 0.158713 -0.209213 0.591733
v 0.223131 -0.198974 0.595945
v 0.281244 -0.169257 0.599745
v 0.327363 -0.122972 0.602761
v 0.356973 -0.064650 0.604697
v 0.367176 0.000000 0.605364
v 0.356973 0.064650 0.604697
v 0.327363 0.122973 0.602761
v 0.281244 0.169257 0.599745
v 0.222362 0.198974 0.602926
v 0.157682 0.209213 0.601083
v 0.093263 0.198974 0.596871
v 0.090746 0.206638 0.597037
v 0.030671 0.175776 0.590585
v -0.016428 0.127709 0.580229
v -0.047178 0.067141 0.578218
v -0.057774 0.000000 0.577526
v -0.047178 -0.067140 0.578218
v -0.016428 -0.127709 0.580229
v 0.031467 -0.175776 0.583361
v 0.091818 -0.206637 0.587307
v 0.158718 -0.217271 0.591681
v 0.225618 -0.206637 0.596055
v 0.285969 -0.175776 0.600001
v 0.333865 -0.127708 0.603133
v 0.364615 -0.067140 0.605143
v 0.375211 0.000000 0.605836
v 0.364615 0.067141 0.605143
v 0.333865 0.127709 0.603133
v 0.285969 0.175776 0.600001
v 0.224822 0.206638 0.603279
v 0.157645 0.217272 0.601411
v 0.090746 0.206638 0.597037
v 0.089723 0.209213 0.598697
v 0.028899 0.177968 0.592168
v -0.018788 0.129301 0.581692
v -0.049879 0.067978 0.579263
v -0.060606 0.000000 0.578561
v -0.049879 -0.067978 0.579263
v -0.018745 -0.129301 0.581298
v 0.029747 -0.177967 0.584469
v 0.090851 -0.209213 0.588464
v 0.158585 -0.219979 0.592893
v 0.226318 -0.209213 0.597321
v 0.287422 -0.177967 0.601317
v 0.335914 -0.129301 0.604487
v 0.367048 -0.067978 0.606523
v 0.377776 0.000000 0.607224
v 0.367048 0.067978 0.606523
v 0.335914 0.129301 0.604487
v 0.287378 0.177968 0.601711
v 0.225470 0.209213 0.605021
v 0.157457 0.219980 0.603126
v 0.089723 0.209213 0.598697
v 0.090185 0.206638 0.602127
v 0.030138 0.175776 0.595414
v -0.017005 0.127709 0.585463
v -0.047755 0.067141 0.583453
v -0.058352 0.000000 0.582760
v -0.047755 -0.067140 0.583453
v -0.017005 -0.127709 0.585463
v 0.030890 -0.175776 0.588595
v 0.091242 -0.206637 0.592541
v 0.158141 -0.217271 0.596915
v 0.225041 -0.206637 0.601289
v 0.285392 -0.175776 0.605235
v 0.333288 -0.127708 0.608367
v 0.364038 -0.067140 0.610378
v 0.374634 0.000000 0.611070
v 0.364038 0.067141 0.610378
v 0.333288 0.127709 0.608367
v 0.285392 0.175776 0.605235
v 0.224290 0.206638 0.608108
v 0.157085 0.217272 0.606501
v 0.090185 0.206638 0.602127
v 0.092186 0.198974 0.606642
v 0.034355 0.169258 0.600284
v -0.011078 0.122973 0.591046
v -0.040688 0.064650 0.589110
v -0.050891 0.000000 0.588443
v -0.040688 -0.064650 0.589110
v -0.011078 -0.122972 0.591046
v 0.035041 -0.169257 0.594061
v 0.093154 -0.198974 0.597861
v 0.157573 -0.209213 0.602073
v 0.221991 -0.198974 0.606285
v 0.280104 -0.169257 0.610085
v 0.326223 -0.122972 0.613100
v 0.355833 -0.064650 0.615036
v 0.366036 0.000000 0.615703
v 0.355833 0.064650 0.615036
v 0.326223 0.122973 0.613100
v 0.280104 0.169257 0.610085
v 0.221306 0.198974 0.612508
v 0.156605 0.209213 0.610854
v 0.092186 0.198974 0.606642
v 0.095654 0.186411 0.612347
v 0.041480 0.158570 0.606343
v -0.001161 0.115208 0.598381
v -0.028901 0.060569 0.596568
v -0.038460 0.000000 0.595943
v -0.028901 -0.060568 0.596568
v -0.001161 -0.115208 0.598381
v 0.042046 -0.158570 0.601207
v 0.096489 -0.186410 0.604766
v 0.156841 -0.196003 0.608712
v 0.217192 -0.186410 0.612658
v 0.271636 -0.158570 0.616218
v 0.314842 -0.115208 0.619043
v 0.342583 -0.060568 0.620857
v 0.352142 0.000000 0.621482
v 0.342583 0.060569 0.620857
v 0.314842 0.115208 0.619043
v 0.271636 0.158570 0.616218
v 0.216626 0.186411 0.617794
v 0.156006 0.196003 0.616293
v 0.095654 0.186411 0.612347
v 0.100571 0.169258 0.618481
v 0.051367 0.143979 0.613173
v 0.012566 0.104607 0.606706
v -0.012622 0.054995 0.605060
v -0.021301 0.000000 0.604492
v -0.012622 -0.054995 0.605060
v 0.012566 -0.104607 0.606706
v 0.051796 -0.143979 0.609272
v 0.101231 -0.169257 0.612504
v 0.156028 -0.177967 0.616087
v 0.210826 -0.169257 0.619670
v 0.260260 -0.143979 0.622902
v 0.299491 -0.104607 0.625467
v 0.324679 -0.054995 0.627114
v 0.333358 0.000000 0.627681
v 0.324679 0.054995 0.627114
v 0.299491 0.104607 0.625467
v 0.260260 0.143979 0.622902
v 0.210396 0.169257 0.623571
v 0.155369 0.177968 0.622064
v 0.100571 0.169258 0.618481
v 0.106881 0.147936 0.624313
v 0.063875 0.125842 0.619664
v 0.029832 0.091430 0.615195
v 0.007817 0.048068 0.613755
v 0.000231 0.000000 0.613260
v 0.007817 -0.048067 0.613755
v 0.029832 -0.091430 0.615195
v 0.064121 -0.125841 0.617437
v 0.107327 -0.147936 0.620262
v 0.155223 -0.155549 0.623394
v 0.203118 -0.147936 0.626525
v 0.246324 -0.125841 0.629350
v 0.280614 -0.091430 0.631592
v 0.302628 -0.048067 0.633032
v 0.310214 0.000000 0.633528
v 0.302628 0.048068 0.633032
v 0.280614 0.091430 0.631592
v 0.246324 0.125842 0.629350
v 0.202872 0.147936 0.628752
v 0.154776 0.155549 0.627444
v 0.106881 0.147936 0.624313
v 0.114486 0.122973 0.629169
v 0.078752 0.104607 0.625171
v 0.050285 0.076002 0.622987
v 0.031985 0.039956 0.621791
v 0.025679 0.000000 0.621379
v 0.031985 -0.039956 0.621791
v 0.050285 -0.076001 0.622987
v 0.078787 -0.104607 0.624851
v 0.114703 -0.122972 0.627200
v 0.154516 -0.129301 0.629803
v 0.194329 -0.122972 0.632406
v 0.230245 -0.104607 0.634754
v 0.258748 -0.076001 0.636618
v 0.277048 -0.039956 0.637814
v 0.283354 0.000000 0.638227
v 0.277048 0.039956 0.637814
v 0.258748 0.076002 0.636618
v 0.230245 0.104607 0.634754
v 0.194294 0.122973 0.632726
v 0.154299 0.129301 0.631772
v 0.114486 0.122973 0.629169
v 0.123244 0.094981 0.632529
v 0.095503 0.080795 0.630715
v 0.073488 0.058702 0.629275
v 0.059354 0.030861 0.628351
v 0.054483 0.000000 0.628033
v 0.059354 -0.030861 0.628351
v 0.073488 -0.058701 0.629275
v 0.095503 -0.080795 0.630715
v 0.123244 -0.094981 0.632529
v 0.153994 -0.099868 0.634539
v 0.184745 -0.094981 0.636550
v 0.212485 -0.080795 0.638364
v 0.234500 -0.058701 0.639803
v 0.248635 -0.030861 0.640727
v 0.253505 0.000000 0.641046
v 0.248635 0.030861 0.640727
v 0.234500 0.058702 0.639803
v 0.212485 0.080795 0.638364
v 0.184745 0.094981 0.636550
v 0.153994 0.099869 0.634539
v 0.123244 0.094981 0.632529
v 0.132822 0.064650 0.635355
v 0.113940 0.054995 0.634120
v 0.098955 0.039956 0.633140
v 0.089335 0.021006 0.632511
v 0.086020 0.000000 0.632294
v 0.089335 -0.021006 0.632511
v 0.098955 -0.039956 0.633140
v 0.113940 -0.054995 0.634120
v 0.132822 -0.064650 0.635355
v 0.153754 -0.067978 0.636723
v 0.174684 -0.064650 0.638092
v 0.193567 -0.054995 0.639326
v 0.208551 -0.039956 0.640306
v 0.218172 -0.021006 0.640935
v 0.221487 0.000000 0.641152
v 0.218172 0.021006 0.640935
v 0.208551 0.039956 0.640306
v 0.193567 0.054995 0.639326
v 0.174684 0.064650 0.638092
v 0.153754 0.067978 0.636723
v 0.132822 0.064650 0.635355
v 0.143090 0.032728 0.636643
v 0.133531 0.027840 0.636018
v 0.125945 0.020227 0.635522
v 0.121075 0.010634 0.635204
v 0.119397 0.000000 0.635094
v 0.121075 -0.010634 0.635204
v 0.125945 -0.020227 0.635522
v 0.133531 -0.027840 0.636018
v 0.143090 -0.032728 0.636643
v 0.153686 -0.034412 0.637336
v 0.164282 -0.032728 0.638029
v 0.173840 -0.027840 0.638654
v 0.181426 -0.020227 0.639150
v 0.186296 -0.010634 0.639468
v 0.187975 0.000000 0.639578
v 0.186296 0.010634 0.639468
v 0.181426 0.020227 0.639150
v 0.173840 0.027840 0.638654
v 0.164282 0.032728 0.638029
v 0.153686 0.034413 0.637336
v 0.143090 0.032728 0.636643
v 0.157351 0.000000 0.604082
v 0.157351 0.000000 0.604082
v 0.157351 0.000000 0.604082
v 0.157351 0.000000 0.604082
v 0.157351 0.000000 0.604082
v 0.157351 0.000000 0.604082
v 0.157351 0.000000 0.604082
v 0.157351 0.000000 0.604082
v 0.157351 0.000000 0.604082
v 0.157351 0.000000 0.604082
v 0.157351 0.000000 0.604082
v 0.157351 0.000000 0.604082
v 0.157351 0.000000 0.604082
v 0.157351 0.000000 0.604082
v 0.157351 0.000000 0.604082
v 0.157351 0.000000 0.604082
v 0.157351 0.000000 0.604082
v 0.157351 0.000000 0.604082
v 0.157351 0.000000 0.604082
v 0.157351 0.000000 0.604082
v 0.153663 0.000000 0.637542
v 0.153663 0.000000 0.637542
v 0.153663 0.000000 0.637542
v 0.153663 0.000000 0.637542
v 0.153663 0.000000 0.637542
v 0.153663 0.000000 0.637542
v 0.153663 0.000000 0.637542
v 0.153663 0.000000 0.637542
v 0.153663 0.000000 0.637542
v 0.153663 0.000000 0.637542
v 0.153663 0.000000 0.637542
v 0.153663 0.000000 0.637542
v 0.153663 0.000000 0.637542
v 0.153663 0.000000 0.637542
v 0.153663 0.000000 0.637542
v 0.153663 0.000000 0.637542
v 0.153663 0.000000 0.637542
v 0.153663 0.000000 0.637542
v 0.153663 0.000000 0.637542
v 0.153663 0.000000 0.637542
v 0.120008 0.132441 0.641138
v 0.121878 0.132441 0.617101
v 0.083175 0.112661 0.614089
v 0.081304 0.112661 0.638127
v 0.052460 0.081853 0.611699
v 0.050590 0.081853 0.635737
v 0.032739 0.043033 0.610165
v 0.030869 0.043033 0.634202
v 0.025944 0.000000 0.609636
v 0.024074 0.000000 0.633674
v 0.032739 -0.043032 0.610165
v 0.030869 -0.043032 0.634202
v 0.052460 -0.081853 0.611699
v 0.050590 -0.081853 0.635737
v 0.083175 -0.112660 0.614089
v 0.081304 -0.112660 0.638127
v 0.121878 -0.132441 0.617101
v 0.120008 -0.132441 0.641138
v 0.164781 -0.139256 0.620439
v 0.162911 -0.139256 0.644477
v 0.207684 -0.132441 0.623778
v 0.205813 -0.132441 0.647815
v 0.246387 -0.112660 0.626789
v 0.244517 -0.112660 0.650826
v 0.277102 -0.081853 0.629179
v 0.275232 -0.081853 0.653216
v 0.296822 -0.043032 0.630714
v 0.294952 -0.043032 0.654751
v 0.303618 0.000000 0.631242
v 0.301747 0.000000 0.655280
v 0.296822 0.043033 0.630714
v 0.294952 0.043033 0.654751
v 0.277102 0.081853 0.629179
v 0.275232 0.081853 0.653216
v 0.246387 0.112661 0.626789
v 0.244517 0.112661 0.650826
v 0.207684 0.132441 0.623778
v 0.205813 0.132441 0.647815
v 0.164781 0.139257 0.620439
v 0.162911 0.139257 0.644477
v 0.121878 0.132441 0.617101
v 0.120008 0.132441 0.641138
v 0.114396 0.132441 0.713250
v 0.116267 0.132441 0.689213
v 0.077564 0.112661 0.686201
v 0.075694 0.112661 0.710238
v 0.046849 0.081853 0.683811
v 0.044978 0.081853 0.707849
v 0.027128 0.043033 0.682277
v 0.025258 0.043033 0.706314
v 0.020333 0.000000 0.681748
v 0.018463 0.000000 0.705785
v 0.027128 -0.043032 0.682277
v 0.025258 -0.043032 0.706314
v 0.046849 -0.081853 0.683811
v 0.044978 -0.081853 0.707849
v 0.077564 -0.112660 0.686201
v 0.075694 -0.112660 0.710238
v 0.116267 -0.132441 0.689213
v 0.114396 -0.132441 0.713250
v 0.159170 -0.139256 0.692551
v 0.157300 -0.139256 0.716588
v 0.202073 -0.132441 0.695889
v 0.200202 -0.132441 0.719927
v 0.240776 -0.112660 0.698901
v 0.238906 -0.112660 0.722938
v 0.271491 -0.081853 0.701291
v 0.269621 -0.081853 0.725328
v 0.291211 -0.043032 0.702825
v 0.289341 -0.043032 0.726863
v 0.298007 0.000000 0.703354
v 0.296136 0.000000 0.727391
v 0.291211 0.043033 0.702825
v 0.289341 0.043033 0.726863
v 0.271491 0.081853 0.701291
v 0.269621 0.081853 0.725328
v 0.240776 0.112661 0.698901
v 0.238906 0.112661 0.722938
v 0.202073 0.132441 0.695889
v 0.200202 0.132441 0.719927
v 0.159170 0.139257 0.692551
v 0.157300 0.139257 0.716588
v 0.116267 0.132441 0.689213
v 0.114396 0.132441 0.713250
v 0.112526 0.132441 0.737287
v 0.073823 0.112661 0.734276
v 0.043108 0.081853 0.731886
v 0.023388 0.043033 0.730351
v 0.016593 0.000000 0.729823
v 0.023388 -0.043032 0.730351
v 0.043108 -0.081853 0.731886
v 0.073823 -0.112660 0.734276
v 0.112526 -0.132441 0.737287
v 0.155429 -0.139256 0.740626
v 0.198332 -0.132441 0.743964
v 0.237035 -0.112660 0.746975
v 0.267751 -0.081853 0.749365
v 0.287470 -0.043032 0.750900
v 0.294266 0.000000 0.751429
v 0.287470 0.043033 0.750900
v 0.267751 0.081853 0.749365
v 0.237035 0.112661 0.746975
v 0.198332 0.132441 0.743964
v 0.155429 0.139257 0.740626
v 0.112526 0.132441 0.737287
v 0.110656 0.132441 0.761325
v 0.071952 0.112661 0.758313
v 0.041238 0.081853 0.755923
v 0.021517 0.043033 0.754389
v 0.014722 0.000000 0.753860
v 0.021517 -0.043032 0.754389
v 0.041238 -0.081853 0.755923
v 0.071952 -0.112660 0.758313
v 0.110656 -0.132441 0.761325
v 0.153559 -0.139256 0.764663
v 0.196461 -0.132441 0.768001
v 0.235165 -0.112660 0.771013
v 0.265880 -0.081853 0.773403
v 0.285600 -0.043032 0.774937
v 0.292396 0.000000 0.775466
v 0.285600 0.043033 0.774937
v 0.265880 0.081853 0.773403
v 0.235165 0.112661 0.771013
v 0.196461 0.132441 0.768001
v 0.153559 0.139257 0.764663
v 0.110656 0.132441 0.761325
v 0.108786 0.132441 0.785362
v 0.070083 0.112661 0.782350
v 0.039367 0.081853 0.779960
v 0.019647 0.043033 0.778426
v 0.012852 0.000000 0.777897
v 0.019647 -0.043032 0.778426
v 0.039367 -0.081853 0.779960
v 0.070083 -0.112660 0.782350
v 0.108786 -0.132441 0.785362
v 0.151689 -0.139256 0.788700
v 0.194592 -0.132441 0.792038
v 0.233295 -0.112660 0.795050
v 0.264010 -0.081853 0.797440
v 0.283730 -0.043032 0.798974
v 0.290525 0.000000 0.799503
v 0.283730 0.043033 0.798974
v 0.264010 0.081853 0.797440
v 0.233295 0.112661 0.795050
v 0.194592 0.132441 0.792038
v 0.151689 0.139257 0.788700
v 0.108786 0.132441 0.785362
v 0.107850 0.132441 0.797382
v 0.069147 0.112661 0.794370
v 0.038432 0.081853 0.791980
v 0.018712 0.043033 0.790446
v 0.011917 0.000000 0.789917
v 0.018712 -0.043032 0.790446
v 0.038432 -0.081853 0.791980
v 0.069147 -0.112660 0.794370
v 0.107850 -0.132441 0.797382
v 0.150753 -0.139256 0.800720
v 0.193656 -0.132441 0.804058
v 0.232359 -0.112660 0.807070
v 0.263074 -0.081853 0.809460
v 0.282795 -0.043032 0.810994
v 0.289589 0.000000 0.811523
v 0.282795 0.043033 0.810994
v 0.263074 0.081853 0.809460
v 0.232359 0.112661 0.807070
v 0.193656 0.132441 0.804058
v 0.150753 0.139257 0.800720
v 0.107850 0.132441 0.797382
v 0.110675 0.120834 0.809692
v 0.075364 0.102788 0.806944
v 0.149818 0.000000 0.812737
v 0.047340 0.074680 0.804763
v 0.029348 0.039262 0.803363
v 0.023149 0.000000 0.802881
v 0.029348 -0.039261 0.803363
v 0.047340 -0.074680 0.804763
v 0.075364 -0.102788 0.806944
v 0.110675 -0.120834 0.809692
v 0.149818 -0.127052 0.812737
v 0.188961 -0.120834 0.815783
v 0.224273 -0.102788 0.818531
v 0.252296 -0.074680 0.820711
v 0.270288 -0.039261 0.822111
v 0.276487 0.000000 0.822594
v 0.270288 0.039262 0.822111
v 0.252296 0.074680 0.820711
v 0.224273 0.102788 0.818531
v 0.188961 0.120834 0.815783
v 0.149818 0.127053 0.812737
v 0.149889 0.131722 0.811823
v 0.109307 0.125276 0.808665
v 0.150092 0.135682 0.809218
v 0.108291 0.129041 0.805965
v 0.107778 0.131557 0.802003
v 0.150395 0.138327 0.805319
v 0.108291 0.129041 0.805965
v 0.150092 0.135682 0.809218
v 0.072698 0.106566 0.805816
v 0.070580 0.109769 0.803031
v 0.070580 0.109769 0.803031
v 0.108291 0.129041 0.805965
v 0.107778 0.131557 0.802003
v 0.069334 0.111910 0.799011
v 0.043645 0.077425 0.803556
v 0.040654 0.079752 0.800702
v 0.040654 0.079752 0.800702
v 0.038823 0.081307 0.796637
v 0.024991 0.040705 0.802104
v 0.021440 0.041928 0.799207
v 0.021440 0.041928 0.799207
v 0.019235 0.042746 0.795113
v 0.018564 0.000000 0.801604
v 0.014819 0.000000 0.798692
v 0.014819 0.000000 0.798692
v 0.012485 0.000000 0.794588
v 0.024991 -0.040704 0.802104
v 0.021440 -0.041928 0.799207
v 0.021440 -0.041928 0.799207
v 0.019235 -0.042745 0.795113
v 0.043645 -0.077424 0.803556
v 0.040654 -0.079751 0.800702
v 0.040654 -0.079751 0.800702
v 0.038823 -0.081307 0.796637
v 0.072698 -0.106565 0.805816
v 0.070580 -0.109769 0.803031
v 0.070580 -0.109769 0.803031
v 0.069334 -0.111909 0.799011
v 0.109307 -0.125275 0.808665
v 0.108291 -0.129041 0.805965
v 0.108291 -0.129041 0.805965
v 0.107778 -0.131557 0.802003
v 0.149889 -0.131722 0.811823
v 0.150092 -0.135681 0.809218
v 0.150092 -0.135681 0.809218
v 0.150395 -0.138327 0.805319
v 0.190471 -0.125275 0.814980
v 0.191894 -0.129041 0.812470
v 0.191894 -0.129041 0.812470
v 0.193012 -0.131557 0.808635
v 0.227080 -0.106565 0.817829
v 0.229603 -0.109769 0.815404
v 0.229603 -0.109769 0.815404
v 0.231457 -0.111909 0.811626
v 0.256134 -0.077424 0.820089
v 0.259530 -0.079751 0.817733
v 0.259530 -0.079751 0.817733
v 0.261967 -0.081307 0.814000
v 0.274787 -0.040704 0.821541
v 0.278744 -0.041928 0.819228
v 0.278744 -0.041928 0.819228
v 0.281556 -0.042745 0.815524
v 0.281215 0.000000 0.822041
v 0.285365 0.000000 0.819743
v 0.285365 0.000000 0.819743
v 0.288305 0.000000 0.816050
v 0.274787 0.040705 0.821541
v 0.278744 0.041928 0.819228
v 0.278744 0.041928 0.819228
v 0.281556 0.042746 0.815524
v 0.256134 0.077425 0.820089
v 0.259530 0.079752 0.817733
v 0.259530 0.079752 0.817733
v 0.261967 0.081307 0.814000
v 0.227080 0.106566 0.817829
v 0.229603 0.109769 0.815404
v 0.229603 0.109769 0.815404
v 0.231457 0.111910 0.811626
v 0.190471 0.125276 0.814980
v 0.191894 0.129041 0.812470
v 0.191894 0.129041 0.812470
v 0.193012 0.131557 0.808635
v 0.112814 0.144061 0.684922
v 0.070715 0.122546 0.681646
v 0.070689 0.122501 0.682392
v 0.112773 0.144009 0.685667
v 0.070729 0.122368 0.683127
v 0.112767 0.143853 0.686398
v 0.070832 0.122151 0.683836
v 0.112796 0.143597 0.687101
v 0.070997 0.121853 0.684503
v 0.112858 0.143247 0.687761
v 0.071221 0.121481 0.685116
v 0.112954 0.142809 0.688363
v 0.071498 0.121042 0.685660
v 0.113081 0.142294 0.688895
v 0.071823 0.120546 0.686124
v 0.113236 0.141711 0.689346
v 0.072189 0.120004 0.686499
v 0.113415 0.141073 0.689707
v 0.072589 0.119426 0.686776
v 0.113616 0.140394 0.689969
v 0.073013 0.118826 0.686951
v 0.113834 0.139687 0.690127
v 0.073454 0.118213 0.687018
v 0.114064 0.138968 0.690178
v 0.073901 0.117604 0.686977
v 0.114303 0.138251 0.690121
v 0.114373 0.144061 0.664883
v 0.072274 0.122546 0.661607
v 0.038864 0.089034 0.659007
v 0.037305 0.089034 0.679047
v 0.017414 0.046808 0.657338
v 0.015855 0.046808 0.677378
v 0.010023 0.000000 0.656763
v 0.008463 0.000000 0.676803
v 0.017414 -0.046808 0.657338
v 0.015855 -0.046808 0.677378
v 0.038864 -0.089034 0.659007
v 0.037305 -0.089034 0.679047
v 0.072274 -0.122545 0.661607
v 0.070715 -0.122545 0.681646
v 0.114373 -0.144060 0.664883
v 0.112814 -0.144060 0.684922
v 0.161040 -0.151474 0.668514
v 0.159481 -0.151474 0.688553
v 0.207707 -0.144060 0.672145
v 0.206148 -0.144060 0.692185
v 0.249806 -0.122545 0.675421
v 0.248247 -0.122545 0.695460
v 0.283216 -0.089034 0.678020
v 0.281657 -0.089034 0.698060
v 0.304666 -0.046808 0.679689
v 0.303107 -0.046808 0.699729
v 0.312058 0.000000 0.680265
v 0.310499 0.000000 0.700304
v 0.304666 0.046808 0.679689
v 0.303107 0.046808 0.699729
v 0.283216 0.089034 0.678020
v 0.281657 0.089034 0.698060
v 0.249806 0.122546 0.675421
v 0.248247 0.122546 0.695460
v 0.207707 0.144061 0.672145
v 0.206148 0.144061 0.692185
v 0.161040 0.151475 0.668514
v 0.159481 0.151475 0.688553
v 0.114373 0.144061 0.664883
v 0.112814 0.144061 0.684922
v 0.077564 0.112661 0.686201
v 0.116267 0.132441 0.689213
v 0.041839 0.085444 0.684482
v 0.046849 0.081853 0.683811
v 0.021253 0.044921 0.682881
v 0.027128 0.043033 0.682277
v 0.014160 0.000000 0.682329
v 0.020333 0.000000 0.681748
v 0.021253 -0.044920 0.682881
v 0.027128 -0.043032 0.682277
v 0.041839 -0.085443 0.684482
v 0.046849 -0.081853 0.683811
v 0.073901 -0.117603 0.686977
v 0.077564 -0.112660 0.686201
v 0.114303 -0.138251 0.690121
v 0.116267 -0.132441 0.689213
v 0.159088 -0.145366 0.693606
v 0.159170 -0.139256 0.692551
v 0.203873 -0.138251 0.697090
v 0.202073 -0.132441 0.695889
v 0.244274 -0.117603 0.700234
v 0.240776 -0.112660 0.698901
v 0.276337 -0.085443 0.702729
v 0.271491 -0.081853 0.701291
v 0.296923 -0.044920 0.704331
v 0.291211 -0.043032 0.702825
v 0.304015 0.000000 0.704883
v 0.298007 0.000000 0.703354
v 0.296922 0.044921 0.704331
v 0.291211 0.043033 0.702825
v 0.276337 0.085444 0.702729
v 0.271491 0.081853 0.701291
v 0.244274 0.117604 0.700234
v 0.240776 0.112661 0.698901
v 0.203873 0.138251 0.697090
v 0.202073 0.132441 0.695889
v 0.159088 0.145366 0.693606
v 0.159170 0.139257 0.692551
v 0.114303 0.138251 0.690121
v 0.116267 0.132441 0.689213
v 0.037292 0.089002 0.679793
v 0.037367 0.088906 0.680531
v 0.037529 0.088748 0.681245
v 0.037776 0.088532 0.681918
v 0.038101 0.088261 0.682539
v 0.038498 0.087943 0.683092
v 0.038958 0.087582 0.683567
v 0.039472 0.087188 0.683953
v 0.040029 0.086769 0.684243
v 0.040618 0.086332 0.684430
v 0.041225 0.085887 0.684510
v 0.015849 0.046791 0.678125
v 0.015947 0.046741 0.678864
v 0.016148 0.046658 0.679581
v 0.016447 0.046544 0.680259
v 0.016837 0.046402 0.680884
v 0.017310 0.046234 0.681443
v 0.017857 0.046045 0.681925
v 0.018467 0.045838 0.682319
v 0.019125 0.045617 0.682616
v 0.019818 0.045387 0.682812
v 0.020533 0.045154 0.682900
v 0.008460 0.000000 0.677550
v 0.008567 0.000000 0.678290
v 0.008780 0.000000 0.679008
v 0.009097 0.000000 0.679687
v 0.009510 0.000000 0.680314
v 0.010010 0.000000 0.680875
v 0.010587 0.000000 0.681359
v 0.011228 0.000000 0.681756
v 0.011921 0.000000 0.682056
v 0.012651 0.000000 0.682254
v 0.013403 0.000000 0.682345
v 0.015849 -0.046791 0.678125
v 0.015947 -0.046740 0.678864
v 0.016148 -0.046657 0.679581
v 0.016447 -0.046543 0.680259
v 0.016837 -0.046401 0.680884
v 0.017310 -0.046234 0.681443
v 0.017857 -0.046044 0.681925
v 0.018467 -0.045837 0.682319
v 0.019125 -0.045617 0.682616
v 0.019818 -0.045387 0.682812
v 0.020533 -0.045153 0.682900
v 0.037292 -0.089002 0.679793
v 0.037367 -0.088905 0.680531
v 0.037530 -0.088748 0.681245
v 0.037776 -0.088531 0.681918
v 0.038101 -0.088261 0.682539
v 0.038498 -0.087942 0.683092
v 0.038958 -0.087582 0.683567
v 0.039472 -0.087188 0.683953
v 0.040029 -0.086768 0.684243
v 0.040618 -0.086331 0.684430
v 0.041225 -0.085887 0.684510
v 0.070689 -0.122501 0.682392
v 0.070729 -0.122368 0.683127
v 0.070832 -0.122151 0.683836
v 0.070997 -0.121853 0.684503
v 0.071221 -0.121481 0.685116
v 0.071498 -0.121042 0.685660
v 0.071823 -0.120546 0.686124
v 0.072190 -0.120004 0.686499
v 0.072589 -0.119426 0.686776
v 0.073013 -0.118825 0.686951
v 0.073454 -0.118213 0.687018
v 0.112773 -0.144008 0.685667
v 0.112767 -0.143853 0.686398
v 0.112796 -0.143597 0.687101
v 0.112858 -0.143247 0.687761
v 0.112954 -0.142809 0.688363
v 0.113081 -0.142293 0.688895
v 0.113236 -0.141711 0.689346
v 0.113415 -0.141073 0.689707
v 0.113616 -0.140393 0.689969
v 0.113834 -0.139687 0.690127
v 0.114064 -0.138967 0.690178
v 0.159423 -0.151419 0.689296
v 0.159367 -0.151256 0.690024
v 0.159313 -0.150986 0.690721
v 0.159261 -0.150618 0.691371
v 0.159215 -0.150158 0.691963
v 0.159175 -0.149616 0.692482
v 0.159141 -0.149004 0.692918
v 0.159114 -0.148333 0.693263
v 0.159095 -0.147619 0.693508
v 0.159084 -0.146876 0.693648
v 0.159082 -0.146120 0.693681
v 0.206073 -0.144008 0.692926
v 0.205966 -0.143853 0.693650
v 0.205829 -0.143597 0.694340
v 0.205665 -0.143247 0.694982
v 0.205478 -0.142809 0.695562
v 0.205270 -0.142293 0.696069
v 0.205047 -0.141711 0.696490
v 0.204814 -0.141073 0.696819
v 0.204574 -0.140393 0.697046
v 0.204335 -0.139687 0.697169
v 0.204100 -0.138967 0.697184
v 0.248157 -0.122501 0.696201
v 0.248004 -0.122368 0.696921
v 0.247792 -0.122151 0.697605
v 0.247526 -0.121853 0.698239
v 0.247211 -0.121481 0.698810
v 0.246853 -0.121042 0.699304
v 0.246459 -0.120546 0.699713
v 0.246039 -0.120003 0.700026
v 0.245602 -0.119426 0.700239
v 0.245156 -0.118825 0.700345
v 0.244710 -0.118213 0.700344
v 0.281554 -0.089001 0.698800
v 0.281366 -0.088905 0.699517
v 0.281095 -0.088748 0.700197
v 0.280748 -0.088531 0.700824
v 0.280330 -0.088261 0.701387
v 0.279853 -0.087942 0.701872
v 0.279325 -0.087582 0.702270
v 0.278757 -0.087188 0.702572
v 0.278161 -0.086768 0.702772
v 0.277552 -0.086331 0.702866
v 0.276939 -0.085887 0.702851
v 0.302997 -0.046791 0.700468
v 0.302785 -0.046740 0.701183
v 0.302476 -0.046657 0.701860
v 0.302076 -0.046543 0.702484
v 0.301594 -0.046401 0.703041
v 0.301040 -0.046234 0.703521
v 0.300425 -0.046044 0.703912
v 0.299762 -0.045837 0.704207
v 0.299066 -0.045617 0.704399
v 0.298351 -0.045387 0.704484
v 0.297631 -0.045153 0.704461
v 0.310386 0.000000 0.701043
v 0.310166 0.000000 0.701758
v 0.309844 0.000000 0.702434
v 0.309426 0.000000 0.703056
v 0.308921 0.000000 0.703611
v 0.308340 0.000000 0.704089
v 0.307696 0.000000 0.704478
v 0.307000 0.000000 0.704770
v 0.306269 0.000000 0.704959
v 0.305517 0.000000 0.705042
v 0.304761 0.000000 0.705016
v 0.302997 0.046791 0.700468
v 0.302785 0.046741 0.701183
v 0.302476 0.046658 0.701860
v 0.302076 0.046544 0.702484
v 0.301594 0.046402 0.703041
v 0.301040 0.046234 0.703521
v 0.300425 0.046045 0.703912
v 0.299762 0.045838 0.704207
v 0.299066 0.045617 0.704399
v 0.298351 0.045387 0.704484
v 0.297631 0.045154 0.704461
v 0.281554 0.089002 0.698800
v 0.281366 0.088906 0.699517
v 0.281095 0.088748 0.700197
v 0.280748 0.088532 0.700824
v 0.280330 0.088261 0.701387
v 0.279853 0.087943 0.701872
v 0.279325 0.087582 0.702270
v 0.278757 0.087188 0.702572
v 0.278161 0.086769 0.702772
v 0.277552 0.086332 0.702866
v 0.276939 0.085887 0.702851
v 0.248157 0.122501 0.696201
v 0.248004 0.122368 0.696921
v 0.247792 0.122151 0.697605
v 0.247526 0.121853 0.698239
v 0.247211 0.121481 0.698810
v 0.246853 0.121042 0.699304
v 0.246459 0.120546 0.699713
v 0.246039 0.120004 0.700026
v 0.245602 0.119426 0.700239
v 0.245155 0.118825 0.700345
v 0.244710 0.118213 0.700344
v 0.206073 0.144009 0.692926
v 0.205966 0.143853 0.693650
v 0.205829 0.143597 0.694340
v 0.205665 0.143247 0.694982
v 0.205478 0.142809 0.695562
v 0.205270 0.142293 0.696069
v 0.205047 0.141711 0.696490
v 0.204814 0.141073 0.696819
v 0.204574 0.140394 0.697046
v 0.204335 0.139687 0.697169
v 0.204100 0.138968 0.697184
v 0.159423 0.151420 0.689296
v 0.159367 0.151256 0.690024
v 0.159313 0.150987 0.690721
v 0.159261 0.150618 0.691371
v 0.159215 0.150158 0.691963
v 0.159175 0.149616 0.692482
v 0.159141 0.149004 0.692918
v 0.159114 0.148333 0.693263
v 0.159095 0.147619 0.693508
v 0.159084 0.146876 0.693648
v 0.159082 0.146120 0.693681
v 0.112773 0.144009 0.685667
v 0.112767 0.143853 0.686398
v 0.112796 0.143597 0.687101
v 0.112858 0.143247 0.687761
v 0.112954 0.142809 0.688363
v 0.113081 0.142294 0.688895
v 0.113236 0.141711 0.689346
v 0.113415 0.141073 0.689707
v 0.113616 0.140394 0.689969
v 0.113834 0.139687 0.690127
v 0.114064 0.138968 0.690178
v 0.073834 0.122546 0.641567
v 0.115933 0.144061 0.644843
v 0.116007 0.144009 0.644101
v 0.073923 0.122501 0.640827
v 0.116114 0.143853 0.643378
v 0.074076 0.122368 0.640107
v 0.116251 0.143597 0.642688
v 0.074288 0.122151 0.639422
v 0.116416 0.143247 0.642046
v 0.074554 0.121853 0.638788
v 0.116603 0.142809 0.641465
v 0.074870 0.121481 0.638218
v 0.116811 0.142294 0.640959
v 0.075228 0.121042 0.637723
v 0.117033 0.141711 0.640537
v 0.075621 0.120546 0.637315
v 0.117266 0.141073 0.640209
v 0.076040 0.120004 0.637001
v 0.117505 0.140394 0.639981
v 0.076479 0.119426 0.636789
v 0.117745 0.139687 0.639859
v 0.076925 0.118826 0.636682
v 0.117981 0.138968 0.639844
v 0.077371 0.118213 0.636684
v 0.118207 0.138251 0.639937
v 0.077806 0.117604 0.636794
v 0.040424 0.089034 0.638968
v 0.018973 0.046808 0.637299
v 0.011582 0.000000 0.636723
v 0.018973 -0.046808 0.637299
v 0.040424 -0.089034 0.638968
v 0.073834 -0.122545 0.641567
v 0.115933 -0.144060 0.644843
v 0.162600 -0.151474 0.648474
v 0.209266 -0.144060 0.652105
v 0.251366 -0.122545 0.655381
v 0.284775 -0.089034 0.657981
v 0.306226 -0.046808 0.659650
v 0.313617 0.000000 0.660225
v 0.306226 0.046808 0.659650
v 0.284775 0.089034 0.657981
v 0.251366 0.122546 0.655381
v 0.209266 0.144061 0.652105
v 0.162600 0.151475 0.648474
v 0.115933 0.144061 0.644843
v 0.120008 0.132441 0.641138
v 0.081304 0.112661 0.638127
v 0.050590 0.081853 0.635737
v 0.045744 0.085444 0.634299
v 0.030869 0.043033 0.634202
v 0.025158 0.044921 0.632697
v 0.024074 0.000000 0.633674
v 0.018065 0.000000 0.632145
v 0.030869 -0.043032 0.634202
v 0.025158 -0.044920 0.632697
v 0.050590 -0.081853 0.635737
v 0.045744 -0.085443 0.634299
v 0.081304 -0.112660 0.638127
v 0.077806 -0.117603 0.636794
v 0.120008 -0.132441 0.641138
v 0.118207 -0.138251 0.639937
v 0.162911 -0.139256 0.644477
v 0.162993 -0.145366 0.643422
v 0.205813 -0.132441 0.647815
v 0.207778 -0.138251 0.646907
v 0.244517 -0.112660 0.650826
v 0.248179 -0.117603 0.650050
v 0.275232 -0.081853 0.653216
v 0.280241 -0.085443 0.652545
v 0.294952 -0.043032 0.654751
v 0.300827 -0.044920 0.654147
v 0.301747 0.000000 0.655280
v 0.307920 0.000000 0.654699
v 0.294952 0.043033 0.654751
v 0.300827 0.044921 0.654147
v 0.275232 0.081853 0.653216
v 0.280241 0.085444 0.652545
v 0.244517 0.112661 0.650826
v 0.248179 0.117604 0.650050
v 0.205813 0.132441 0.647815
v 0.207778 0.138251 0.646907
v 0.162911 0.139257 0.644477
v 0.162993 0.145366 0.643422
v 0.120008 0.132441 0.641138
v 0.118207 0.138251 0.639937
v 0.045142 0.085887 0.634176
v 0.044529 0.086332 0.634162
v 0.043919 0.086769 0.634255
v 0.043324 0.087188 0.634456
v 0.042756 0.087582 0.634758
v 0.042228 0.087943 0.635156
v 0.041750 0.088261 0.635641
v 0.041333 0.088532 0.636203
v 0.040985 0.088748 0.636831
v 0.040714 0.088906 0.637511
v 0.040526 0.089002 0.638228
v 0.024449 0.045154 0.632566
v 0.023730 0.045387 0.632543
v 0.023014 0.045617 0.632629
v 0.022318 0.045838 0.632821
v 0.021655 0.046045 0.633116
v 0.021040 0.046234 0.633507
v 0.020486 0.046402 0.633986
v 0.020004 0.046544 0.634544
v 0.019604 0.046658 0.635167
v 0.019295 0.046741 0.635844
v 0.019083 0.046791 0.636560
v 0.017319 0.000000 0.632011
v 0.016563 0.000000 0.631986
v 0.015811 0.000000 0.632068
v 0.015080 0.000000 0.632258
v 0.014385 0.000000 0.632550
v 0.013740 0.000000 0.632939
v 0.013159 0.000000 0.633416
v 0.012654 0.000000 0.633972
v 0.012236 0.000000 0.634594
v 0.011914 0.000000 0.635270
v 0.011694 0.000000 0.635985
v 0.024449 -0.045153 0.632566
v 0.023730 -0.045387 0.632543
v 0.023014 -0.045617 0.632629
v 0.022318 -0.045837 0.632821
v 0.021655 -0.046044 0.633116
v 0.021040 -0.046234 0.633507
v 0.020486 -0.046401 0.633986
v 0.020004 -0.046543 0.634544
v 0.019604 -0.046657 0.635167
v 0.019295 -0.046740 0.635844
v 0.019083 -0.046791 0.636560
v 0.045142 -0.085887 0.634176
v 0.044529 -0.086331 0.634162
v 0.043919 -0.086768 0.634255
v 0.043324 -0.087188 0.634456
v 0.042756 -0.087582 0.634758
v 0.042228 -0.087942 0.635156
v 0.041750 -0.088261 0.635641
v 0.041333 -0.088531 0.636203
v 0.040985 -0.088748 0.636831
v 0.040714 -0.088905 0.637511
v 0.040526 -0.089002 0.638228
v 0.077371 -0.118213 0.636684
v 0.076925 -0.118825 0.636682
v 0.076479 -0.119426 0.636789
v 0.076040 -0.120004 0.637001
v 0.075621 -0.120546 0.637315
v 0.075228 -0.121042 0.637723
v 0.074870 -0.121481 0.638218
v 0.074555 -0.121853 0.638788
v 0.074288 -0.122151 0.639422
v 0.074076 -0.122368 0.640107
v 0.073923 -0.122501 0.640827
v 0.117981 -0.138967 0.639844
v 0.117745 -0.139687 0.639859
v 0.117506 -0.140393 0.639981
v 0.117266 -0.141073 0.640209
v 0.117033 -0.141711 0.640537
v 0.116811 -0.142293 0.640959
v 0.116603 -0.142809 0.641465
v 0.116416 -0.143247 0.642046
v 0.116251 -0.143597 0.642688
v 0.116114 -0.143853 0.643378
v 0.116007 -0.144008 0.644101
v 0.162998 -0.146120 0.643347
v 0.162996 -0.146876 0.643380
v 0.162985 -0.147619 0.643520
v 0.162966 -0.148333 0.643765
v 0.162939 -0.149004 0.644109
v 0.162905 -0.149616 0.644546
v 0.162865 -0.150158 0.645065
v 0.162819 -0.150618 0.645656
v 0.162768 -0.150986 0.646307
v 0.162714 -0.151256 0.647004
v 0.162657 -0.151419 0.647731
v 0.208016 -0.138967 0.646850
v 0.208246 -0.139687 0.646901
v 0.208464 -0.140393 0.647059
v 0.208666 -0.141073 0.647321
v 0.208845 -0.141711 0.647681
v 0.209000 -0.142293 0.648132
v 0.209127 -0.142809 0.648665
v 0.209222 -0.143247 0.649267
v 0.209285 -0.143597 0.649927
v 0.209313 -0.143853 0.650630
v 0.209308 -0.144008 0.651361
v 0.248627 -0.118213 0.650010
v 0.249067 -0.118825 0.650077
v 0.249491 -0.119426 0.650251
v 0.249891 -0.120003 0.650529
v 0.250257 -0.120546 0.650903
v 0.250582 -0.121042 0.651368
v 0.250859 -0.121481 0.651912
v 0.251083 -0.121853 0.652524
v 0.251249 -0.122151 0.653192
v 0.251352 -0.122368 0.653901
v 0.251391 -0.122501 0.654636
v 0.280856 -0.085887 0.652517
v 0.281463 -0.086331 0.652598
v 0.282051 -0.086768 0.652785
v 0.282609 -0.087188 0.653074
v 0.283123 -0.087582 0.653461
v 0.283583 -0.087942 0.653936
v 0.283980 -0.088261 0.654489
v 0.284304 -0.088531 0.655109
v 0.284551 -0.088748 0.655783
v 0.284714 -0.088905 0.656497
v 0.284789 -0.089001 0.657234
v 0.301547 -0.045153 0.654127
v 0.302262 -0.045387 0.654216
v 0.302956 -0.045617 0.654411
v 0.303614 -0.045837 0.654709
v 0.304223 -0.046044 0.655103
v 0.304770 -0.046234 0.655584
v 0.305243 -0.046401 0.656144
v 0.305633 -0.046543 0.656769
v 0.305932 -0.046657 0.657447
v 0.306133 -0.046740 0.658163
v 0.306231 -0.046791 0.658903
v 0.308677 0.000000 0.654682
v 0.309429 0.000000 0.654774
v 0.310159 0.000000 0.654972
v 0.310852 0.000000 0.655272
v 0.311493 0.000000 0.655668
v 0.312070 0.000000 0.656152
v 0.312571 0.000000 0.656714
v 0.312984 0.000000 0.657341
v 0.313300 0.000000 0.658020
v 0.313513 0.000000 0.658738
v 0.313620 0.000000 0.659478
v 0.301547 0.045154 0.654127
v 0.302262 0.045387 0.654216
v 0.302956 0.045617 0.654411
v 0.303614 0.045838 0.654709
v 0.304223 0.046045 0.655103
v 0.304770 0.046234 0.655584
v 0.305243 0.046402 0.656144
v 0.305633 0.046544 0.656769
v 0.305932 0.046658 0.657447
v 0.306133 0.046741 0.658163
v 0.306231 0.046791 0.658903
v 0.280856 0.085887 0.652517
v 0.281463 0.086332 0.652598
v 0.282051 0.086769 0.652785
v 0.282608 0.087188 0.653074
v 0.283123 0.087582 0.653461
v 0.283583 0.087943 0.653936
v 0.283980 0.088261 0.654489
v 0.284304 0.088532 0.655109
v 0.284551 0.088748 0.655783
v 0.284714 0.088906 0.656496
v 0.284789 0.089002 0.657234
v 0.248627 0.118213 0.650010
v 0.249067 0.118825 0.650077
v 0.249491 0.119426 0.650251
v 0.249891 0.120004 0.650529
v 0.250257 0.120546 0.650903
v 0.250582 0.121042 0.651368
v 0.250859 0.121481 0.651912
v 0.251083 0.121853 0.652524
v 0.251249 0.122151 0.653192
v 0.251352 0.122368 0.653901
v 0.251391 0.122501 0.654636
v 0.208016 0.138968 0.646850
v 0.208246 0.139687 0.646901
v 0.208464 0.140394 0.647059
v 0.208665 0.141073 0.647321
v 0.208845 0.141711 0.647681
v 0.209000 0.142293 0.648132
v 0.209127 0.142809 0.648665
v 0.209222 0.143247 0.649267
v 0.209285 0.143597 0.649927
v 0.209313 0.143853 0.650630
v 0.209308 0.144009 0.651361
v 0.162998 0.146120 0.643347
v 0.162996 0.146876 0.643380
v 0.162985 0.147619 0.643520
v 0.162966 0.148333 0.643765
v 0.162939 0.149004 0.644109
v 0.162905 0.149616 0.644546
v 0.162865 0.150158 0.645065
v 0.162819 0.150618 0.645656
v 0.162768 0.150987 0.646307
v 0.162714 0.151256 0.647004
v 0.162657 0.151420 0.647731
v 0.117981 0.138968 0.639844
v 0.117745 0.139687 0.639859
v 0.117505 0.140394 0.639981
v 0.117266 0.141073 0.640209
v 0.117033 0.141711 0.640537
v 0.116811 0.142294 0.640959
v 0.116603 0.142809 0.641465
v 0.116416 0.143247 0.642046
v 0.116251 0.143597 0.642688
v 0.116114 0.143853 0.643378
v 0.116007 0.144009 0.644101
vn -0.1031 0.3172 -0.9427
vn -0.0619 0.1905 -0.9797
vn -0.1178 0.1621 -0.9797
vn -0.1961 0.2699 -0.9427
vn -0.1621 0.1178 -0.9797
vn -0.2699 0.1961 -0.9427
vn -0.1906 0.0619 -0.9797
vn -0.3172 0.1031 -0.9427
vn -0.2004 -0.0000 -0.9797
vn -0.3336 -0.0000 -0.9427
vn -0.1906 -0.0619 -0.9797
vn -0.3172 -0.1031 -0.9427
vn -0.1621 -0.1178 -0.9797
vn -0.2699 -0.1961 -0.9427
vn -0.1178 -0.1621 -0.9797
vn -0.1961 -0.2699 -0.9427
vn -0.0619 -0.1906 -0.9797
vn -0.1031 -0.3172 -0.9427
vn -0.0000 -0.2004 -0.9797
vn -0.0000 -0.3336 -0.9427
vn 0.0619 -0.1905 -0.9797
vn 0.1031 -0.3172 -0.9427
vn 0.1178 -0.1621 -0.9797
vn 0.1961 -0.2699 -0.9427
vn 0.1621 -0.1178 -0.9797
vn 0.2699 -0.1961 -0.9427
vn 0.1905 -0.0619 -0.9797
vn 0.3172 -0.1031 -0.9427
vn 0.2003 -0.0000 -0.9797
vn 0.3336 -0.0000 -0.9427
vn 0.1905 0.0619 -0.9797
vn 0.3172 0.1031 -0.9427
vn 0.1621 0.1177 -0.9797
vn 0.2699 0.1961 -0.9427
vn 0.1178 0.1621 -0.9797
vn 0.1961 0.2699 -0.9427
vn 0.0619 0.1905 -0.9797
vn 0.1031 0.3172 -0.9427
vn -0.0000 0.2004 -0.9797
vn -0.0000 0.3336 -0.9427
vn -0.1031 0.3173 -0.9427
vn -0.1455 0.4477 -0.8823
vn -0.2767 0.3809 -0.8823
vn -0.3809 0.2767 -0.8823
vn -0.4477 0.1455 -0.8823
vn -0.4708 -0.0000 -0.8823
vn -0.4477 -0.1455 -0.8823
vn -0.3808 -0.2767 -0.8823
vn -0.2767 -0.3808 -0.8823
vn -0.1455 -0.4477 -0.8823
vn -0.0000 -0.4708 -0.8823
vn 0.1455 -0.4477 -0.8823
vn 0.2767 -0.3809 -0.8823
vn 0.3808 -0.2767 -0.8823
vn 0.4477 -0.1455 -0.8823
vn 0.4708 -0.0000 -0.8823
vn 0.4477 0.1455 -0.8823
vn 0.3809 0.2767 -0.8823
vn 0.2767 0.3809 -0.8823
vn 0.1455 0.4477 -0.8823
vn -0.0000 0.4708 -0.8823
vn -0.1853 0.5703 -0.8003
vn -0.3525 0.4852 -0.8002
vn -0.4852 0.3525 -0.8002
vn -0.5703 0.1853 -0.8003
vn -0.5996 -0.0000 -0.8003
vn -0.5703 -0.1853 -0.8003
vn -0.4851 -0.3525 -0.8003
vn -0.3525 -0.4851 -0.8003
vn -0.1853 -0.5703 -0.8003
vn -0.0000 -0.5997 -0.8002
vn 0.1853 -0.5703 -0.8003
vn 0.3525 -0.4851 -0.8003
vn 0.4851 -0.3525 -0.8003
vn 0.5703 -0.1853 -0.8003
vn 0.5996 -0.0000 -0.8003
vn 0.5703 0.1853 -0.8003
vn 0.4851 0.3525 -0.8003
vn 0.3525 0.4851 -0.8003
vn 0.1853 0.5703 -0.8003
vn -0.0000 0.5996 -0.8003
vn -0.2211 0.6803 -0.6988
vn -0.4204 0.5787 -0.6988
vn -0.5787 0.4205 -0.6988
vn -0.6803 0.2210 -0.6988
vn -0.7153 -0.0000 -0.6988
vn -0.6803 -0.2210 -0.6988
vn -0.5787 -0.4205 -0.6988
vn -0.4204 -0.5787 -0.6988
vn -0.2210 -0.6803 -0.6988
vn -0.0000 -0.7153 -0.6988
vn 0.2210 -0.6803 -0.6988
vn 0.4205 -0.5787 -0.6988
vn 0.5787 -0.4204 -0.6988
vn 0.6803 -0.2210 -0.6988
vn 0.7153 -0.0000 -0.6988
vn 0.6803 0.2210 -0.6988
vn 0.5787 0.4204 -0.6988
vn 0.4204 0.5787 -0.6988
vn 0.2211 0.6803 -0.6988
vn -0.0000 0.7153 -0.6988
vn -0.2210 0.6803 -0.6988
vn -0.2517 0.7745 -0.5804
vn -0.4786 0.6588 -0.5804
vn -0.6588 0.4786 -0.5804
vn -0.7745 0.2516 -0.5804
vn -0.8143 -0.0000 -0.5804
vn -0.7745 -0.2516 -0.5804
vn -0.6588 -0.4787 -0.5804
vn -0.4786 -0.6588 -0.5804
vn -0.2516 -0.7745 -0.5804
vn -0.0000 -0.8143 -0.5804
vn 0.2516 -0.7745 -0.5804
vn 0.4786 -0.6588 -0.5804
vn 0.6588 -0.4787 -0.5804
vn 0.7745 -0.2516 -0.5804
vn 0.8143 -0.0000 -0.5804
vn 0.7745 0.2516 -0.5804
vn 0.6588 0.4787 -0.5804
vn 0.4786 0.6588 -0.5804
vn 0.2516 0.7745 -0.5804
vn -0.0000 0.8143 -0.5804
vn -0.2516 0.7745 -0.5804
vn -0.2763 0.8503 -0.4480
vn -0.5255 0.7233 -0.4480
vn -0.7233 0.5255 -0.4480
vn -0.8503 0.2763 -0.4480
vn -0.8940 -0.0000 -0.4480
vn -0.8503 -0.2763 -0.4480
vn -0.7233 -0.5255 -0.4480
vn -0.5255 -0.7233 -0.4480
vn -0.2763 -0.8503 -0.4480
vn -0.0000 -0.8940 -0.4480
vn 0.2763 -0.8503 -0.4480
vn 0.5255 -0.7233 -0.4480
vn 0.7233 -0.5255 -0.4480
vn 0.8503 -0.2763 -0.4480
vn 0.8940 -0.0000 -0.4480
vn 0.8503 0.2763 -0.4480
vn 0.7233 0.5255 -0.4480
vn 0.5255 0.7233 -0.4480
vn 0.2763 0.8503 -0.4480
vn -0.0000 0.8940 -0.4480
vn -0.2943 0.9058 -0.3048
vn -0.5598 0.7705 -0.3048
vn -0.7705 0.5598 -0.3049
vn -0.9058 0.2943 -0.3048
vn -0.9524 -0.0000 -0.3048
vn -0.9058 -0.2943 -0.3048
vn -0.7705 -0.5598 -0.3049
vn -0.5598 -0.7705 -0.3048
vn -0.2943 -0.9058 -0.3048
vn -0.0000 -0.9524 -0.3048
vn 0.2943 -0.9058 -0.3048
vn 0.5598 -0.7705 -0.3048
vn 0.7705 -0.5598 -0.3048
vn 0.9058 -0.2943 -0.3048
vn 0.9524 -0.0000 -0.3048
vn 0.9058 0.2943 -0.3048
vn 0.7705 0.5598 -0.3048
vn 0.5598 0.7705 -0.3048
vn 0.2943 0.9058 -0.3048
vn -0.0000 0.9524 -0.3048
vn -0.3053 0.9397 -0.1543
vn -0.5808 0.7993 -0.1542
vn -0.7993 0.5807 -0.1545
vn -0.9397 0.3053 -0.1543
vn -0.9880 -0.0000 -0.1542
vn -0.9397 -0.3053 -0.1543
vn -0.7993 -0.5807 -0.1545
vn -0.5808 -0.7993 -0.1542
vn -0.3053 -0.9397 -0.1543
vn -0.0000 -0.9880 -0.1542
vn 0.3053 -0.9397 -0.1544
vn 0.5807 -0.7993 -0.1543
vn 0.7993 -0.5808 -0.1542
vn 0.9397 -0.3053 -0.1543
vn 0.9880 -0.0000 -0.1542
vn 0.9397 0.3053 -0.1543
vn 0.7993 0.5807 -0.1543
vn 0.5808 0.7993 -0.1542
vn 0.3053 0.9397 -0.1543
vn -0.0000 0.9880 -0.1542
vn -0.3053 0.9397 -0.1542
vn -0.3090 0.9510 -0.0000
vn -0.5878 0.8090 -0.0000
vn -0.8090 0.5878 -0.0000
vn -0.9511 0.3090 -0.0000
vn -1.0000 -0.0000 -0.0000
vn -0.9511 -0.3090 -0.0000
vn -0.8090 -0.5878 -0.0000
vn -0.5878 -0.8090 -0.0000
vn -0.3090 -0.9511 -0.0000
vn -0.0000 -1.0000 -0.0000
vn 0.3090 -0.9511 -0.0000
vn 0.5878 -0.8090 -0.0000
vn 0.8090 -0.5878 -0.0000
vn 0.9511 -0.3090 -0.0000
vn 1.0000 -0.0000 -0.0000
vn 0.9511 0.3090 -0.0000
vn 0.8090 0.5878 -0.0000
vn 0.5878 0.8090 -0.0000
vn 0.3090 0.9511 -0.0000
vn -0.0000 1.0000 -0.0000
vn -0.3090 0.9511 -0.0000
vn -0.3054 0.9397 0.1542
vn -0.5808 0.7993 0.1542
vn -0.7993 0.5808 0.1542
vn -0.9397 0.3053 0.1543
vn -0.9880 -0.0000 0.1542
vn -0.9397 -0.3053 0.1544
vn -0.7993 -0.5807 0.1544
vn -0.5807 -0.7993 0.1543
vn -0.3053 -0.9397 0.1543
vn -0.0000 -0.9880 0.1542
vn 0.3053 -0.9397 0.1542
vn 0.5808 -0.7993 0.1542
vn 0.7993 -0.5807 0.1543
vn 0.9397 -0.3053 0.1543
vn 0.9880 -0.0000 0.1543
vn 0.9397 0.3053 0.1543
vn 0.7993 0.5808 0.1542
vn 0.5808 0.7993 0.1542
vn 0.3053 0.9397 0.1543
vn -0.0000 0.9880 0.1543
vn -0.3053 0.9397 0.1543
vn -0.2943 0.9058 0.3048
vn -0.5598 0.7705 0.3048
vn -0.7705 0.5598 0.3048
vn -0.9058 0.2943 0.3048
vn -0.9524 -0.0000 0.3048
vn -0.9058 -0.2943 0.3048
vn -0.7705 -0.5598 0.3048
vn -0.5598 -0.7705 0.3048
vn -0.2943 -0.9058 0.3048
vn -0.0000 -0.9524 0.3048
vn 0.2943 -0.9058 0.3048
vn 0.5598 -0.7705 0.3048
vn 0.7705 -0.5598 0.3048
vn 0.9058 -0.2943 0.3048
vn 0.9524 -0.0000 0.3048
vn 0.9058 0.2943 0.3048
vn 0.7705 0.5598 0.3048
vn 0.5598 0.7705 0.3048
vn 0.2943 0.9058 0.3048
vn -0.0000 0.9524 0.3048
vn -0.2763 0.8503 0.4480
vn -0.5255 0.7233 0.4480
vn -0.7233 0.5255 0.4480
vn -0.8503 0.2763 0.4480
vn -0.8940 -0.0000 0.4480
vn -0.8503 -0.2763 0.4480
vn -0.7233 -0.5255 0.4480
vn -0.5255 -0.7233 0.4480
vn -0.2763 -0.8503 0.4480
vn -0.0000 -0.8940 0.4480
vn 0.2763 -0.8503 0.4480
vn 0.5255 -0.7233 0.4480
vn 0.7233 -0.5255 0.4480
vn 0.8503 -0.2763 0.4480
vn 0.8940 -0.0000 0.4480
vn 0.8503 0.2763 0.4480
vn 0.7233 0.5255 0.4480
vn 0.5255 0.7233 0.4480
vn 0.2763 0.8503 0.4480
vn -0.0000 0.8940 0.4480
vn -0.2762 0.8503 0.4480
vn -0.2516 0.7745 0.5804
vn -0.4786 0.6588 0.5804
vn -0.6588 0.4786 0.5804
vn -0.7745 0.2516 0.5804
vn -0.8143 -0.0000 0.5804
vn -0.7745 -0.2516 0.5804
vn -0.6588 -0.4786 0.5804
vn -0.4786 -0.6588 0.5804
vn -0.2516 -0.7745 0.5804
vn -0.0000 -0.8143 0.5804
vn 0.2516 -0.7745 0.5804
vn 0.4786 -0.6588 0.5804
vn 0.6588 -0.4786 0.5804
vn 0.7745 -0.2516 0.5804
vn 0.8143 -0.0000 0.5804
vn 0.7745 0.2516 0.5804
vn 0.6588 0.4786 0.5804
vn 0.4786 0.6588 0.5804
vn 0.2516 0.7745 0.5804
vn -0.0000 0.8143 0.5804
vn -0.2211 0.6803 0.6988
vn -0.4205 0.5787 0.6988
vn -0.5787 0.4205 0.6988
vn -0.6803 0.2210 0.6988
vn -0.7153 -0.0000 0.6988
vn -0.6803 -0.2210 0.6988
vn -0.5787 -0.4205 0.6988
vn -0.4205 -0.5787 0.6988
vn -0.2210 -0.6803 0.6988
vn -0.0000 -0.7153 0.6988
vn 0.2210 -0.6803 0.6988
vn 0.4204 -0.5787 0.6988
vn 0.5787 -0.4204 0.6988
vn 0.6803 -0.2210 0.6988
vn 0.7153 -0.0000 0.6988
vn 0.6803 0.2210 0.6988
vn 0.5787 0.4204 0.6988
vn 0.4205 0.5787 0.6988
vn 0.2211 0.6803 0.6988
vn -0.0000 0.7153 0.6988
vn -0.2210 0.6803 0.6988
vn -0.1853 0.5703 0.8003
vn -0.3525 0.4851 0.8003
vn -0.4851 0.3525 0.8003
vn -0.5703 0.1853 0.8002
vn -0.5996 -0.0000 0.8003
vn -0.5703 -0.1853 0.8003
vn -0.4851 -0.3525 0.8003
vn -0.3525 -0.4851 0.8003
vn -0.1853 -0.5703 0.8003
vn -0.0000 -0.5997 0.8002
vn 0.1853 -0.5703 0.8003
vn 0.3525 -0.4851 0.8003
vn 0.4851 -0.3525 0.8003
vn 0.5703 -0.1853 0.8003
vn 0.5996 -0.0000 0.8003
vn 0.5703 0.1853 0.8002
vn 0.4852 0.3525 0.8002
vn 0.3525 0.4851 0.8003
vn 0.1853 0.5703 0.8003
vn -0.0000 0.5997 0.8002
vn -0.1455 0.4477 0.8823
vn -0.2767 0.3808 0.8823
vn -0.3809 0.2767 0.8823
vn -0.4477 0.1455 0.8823
vn -0.4707 -0.0000 0.8823
vn -0.4477 -0.1455 0.8823
vn -0.3808 -0.2767 0.8823
vn -0.2767 -0.3808 0.8823
vn -0.1455 -0.4477 0.8823
vn -0.0000 -0.4708 0.8823
vn 0.1455 -0.4477 0.8823
vn 0.2767 -0.3809 0.8823
vn 0.3809 -0.2767 0.8823
vn 0.4477 -0.1455 0.8823
vn 0.4708 -0.0000 0.8823
vn 0.4477 0.1455 0.8823
vn 0.3809 0.2767 0.8823
vn 0.2767 0.3809 0.8823
vn 0.1455 0.4477 0.8823
vn -0.0000 0.4708 0.8823
vn -0.1031 0.3172 0.9427
vn -0.1961 0.2699 0.9427
vn -0.2699 0.1961 0.9427
vn -0.3172 0.1031 0.9427
vn -0.3336 -0.0000 0.9427
vn -0.3172 -0.1031 0.9427
vn -0.2699 -0.1961 0.9427
vn -0.1961 -0.2699 0.9427
vn -0.1031 -0.3172 0.9427
vn -0.0000 -0.3336 0.9427
vn 0.1031 -0.3172 0.9427
vn 0.1961 -0.2699 0.9427
vn 0.2699 -0.1961 0.9427
vn 0.3172 -0.1031 0.9427
vn 0.3336 -0.0000 0.9427
vn 0.3172 0.1031 0.9427
vn 0.2699 0.1961 0.9427
vn 0.1961 0.2698 0.9427
vn 0.1031 0.3172 0.9427
vn -0.0000 0.3336 0.9427
vn -0.1030 0.3173 0.9427
vn -0.0619 0.1905 0.9797
vn -0.1178 0.1621 0.9797
vn -0.1621 0.1178 0.9797
vn -0.1906 0.0619 0.9797
vn -0.2004 -0.0000 0.9797
vn -0.1906 -0.0619 0.9797
vn -0.1621 -0.1178 0.9797
vn -0.1178 -0.1621 0.9797
vn -0.0619 -0.1906 0.9797
vn -0.0000 -0.2004 0.9797
vn 0.0619 -0.1906 0.9797
vn 0.1178 -0.1621 0.9797
vn 0.1621 -0.1178 0.9797
vn 0.1905 -0.0619 0.9797
vn 0.2004 -0.0000 0.9797
vn 0.1906 0.0619 0.9797
vn 0.1621 0.1178 0.9797
vn 0.1178 0.1621 0.9797
vn 0.0619 0.1906 0.9797
vn -0.0000 0.2004 0.9797
vn -0.0000 -0.0000 -1.0000
vn -0.0000 -0.0000 1.0000
vn -0.0436 0.1773 -0.9832
vn -0.0250 0.1036 -0.9943
vn -0.0483 0.0892 -0.9948
vn -0.0836 0.1522 -0.9848
vn -0.0676 0.0659 -0.9955
vn -0.1165 0.1119 -0.9869
vn -0.0806 0.0351 -0.9961
vn -0.1385 0.0595 -0.9886
vn -0.0852 -0.0000 -0.9964
vn -0.1462 -0.0000 -0.9892
vn -0.0806 -0.0351 -0.9961
vn -0.1385 -0.0595 -0.9886
vn -0.0676 -0.0659 -0.9955
vn -0.1166 -0.1119 -0.9869
vn -0.0483 -0.0893 -0.9948
vn -0.0837 -0.1522 -0.9848
vn -0.0250 -0.1036 -0.9943
vn -0.0436 -0.1773 -0.9832
vn -0.0000 -0.1084 -0.9941
vn -0.0000 -0.1858 -0.9826
vn 0.0250 -0.1036 -0.9943
vn 0.0436 -0.1773 -0.9832
vn 0.0483 -0.0892 -0.9948
vn 0.0836 -0.1522 -0.9848
vn 0.0676 -0.0659 -0.9955
vn 0.1165 -0.1119 -0.9869
vn 0.0806 -0.0351 -0.9961
vn 0.1385 -0.0595 -0.9886
vn 0.0852 -0.0000 -0.9964
vn 0.1462 -0.0000 -0.9892
vn 0.0806 0.0351 -0.9961
vn 0.1385 0.0595 -0.9886
vn 0.0676 0.0659 -0.9955
vn 0.1166 0.1119 -0.9869
vn 0.0483 0.0893 -0.9948
vn 0.0837 0.1522 -0.9848
vn 0.0250 0.1036 -0.9943
vn 0.0436 0.1773 -0.9832
vn -0.0000 0.1084 -0.9941
vn -0.0000 0.1858 -0.9826
vn -0.0435 0.1773 -0.9832
vn -0.0649 0.2620 -0.9629
vn -0.1245 0.2248 -0.9664
vn -0.1734 0.1653 -0.9709
vn -0.2060 0.0878 -0.9746
vn -0.2174 -0.0000 -0.9761
vn -0.2059 -0.0878 -0.9746
vn -0.1734 -0.1653 -0.9709
vn -0.1245 -0.2249 -0.9664
vn -0.0649 -0.2620 -0.9629
vn -0.0000 -0.2746 -0.9615
vn 0.0649 -0.2620 -0.9629
vn 0.1245 -0.2248 -0.9664
vn 0.1734 -0.1653 -0.9709
vn 0.2060 -0.0878 -0.9746
vn 0.2174 -0.0000 -0.9761
vn 0.2059 0.0878 -0.9746
vn 0.1734 0.1653 -0.9709
vn 0.1245 0.2249 -0.9664
vn 0.0649 0.2620 -0.9629
vn -0.0000 0.2746 -0.9616
vn -0.0886 0.3558 -0.9303
vn -0.1702 0.3059 -0.9367
vn -0.2375 0.2253 -0.9449
vn -0.2826 0.1199 -0.9517
vn -0.2986 -0.0000 -0.9544
vn -0.2826 -0.1199 -0.9517
vn -0.2375 -0.2253 -0.9449
vn -0.1702 -0.3059 -0.9367
vn -0.0885 -0.3558 -0.9304
vn -0.0000 -0.3727 -0.9280
vn 0.0885 -0.3558 -0.9303
vn 0.1702 -0.3059 -0.9367
vn 0.2375 -0.2254 -0.9449
vn 0.2826 -0.1199 -0.9517
vn 0.2986 -0.0000 -0.9544
vn 0.2826 0.1199 -0.9517
vn 0.2375 0.2253 -0.9449
vn 0.1702 0.3059 -0.9367
vn 0.0885 0.3558 -0.9304
vn -0.0000 0.3727 -0.9280
vn -0.1150 0.4602 -0.8803
vn -0.2218 0.3972 -0.8905
vn -0.3110 0.2941 -0.9038
vn -0.3716 0.1571 -0.9150
vn -0.3933 -0.0000 -0.9194
vn -0.3716 -0.1571 -0.9150
vn -0.3110 -0.2940 -0.9038
vn -0.2218 -0.3971 -0.8906
vn -0.1150 -0.4602 -0.8803
vn -0.0000 -0.4813 -0.8765
vn 0.1150 -0.4602 -0.8803
vn 0.2218 -0.3971 -0.8906
vn 0.3110 -0.2940 -0.9038
vn 0.3716 -0.1571 -0.9150
vn 0.3933 -0.0000 -0.9194
vn 0.3716 0.1571 -0.9150
vn 0.3110 0.2940 -0.9038
vn 0.2218 0.3971 -0.8906
vn 0.1150 0.4602 -0.8803
vn -0.0000 0.4813 -0.8766
vn -0.1149 0.4603 -0.8803
vn -0.1445 0.5766 -0.8041
vn -0.2805 0.5005 -0.8190
vn -0.3964 0.3736 -0.8386
vn -0.4810 0.1989 -0.8539
vn -0.5135 -0.0000 -0.8581
vn -0.4810 -0.1989 -0.8539
vn -0.3964 -0.3737 -0.8386
vn -0.2804 -0.5006 -0.8190
vn -0.1446 -0.5764 -0.8043
vn -0.0000 -0.6018 -0.7987
vn 0.1445 -0.5765 -0.8042
vn 0.2804 -0.5006 -0.8190
vn 0.3964 -0.3736 -0.8386
vn 0.4770 -0.2011 -0.8556
vn 0.5064 -0.0000 -0.8623
vn 0.4771 0.2010 -0.8556
vn 0.3965 0.3736 -0.8386
vn 0.2805 0.5005 -0.8190
vn 0.1445 0.5765 -0.8042
vn -0.0000 0.6016 -0.7988
vn -0.1444 0.5766 -0.8041
vn -0.1767 0.7030 -0.6889
vn -0.3460 0.6156 -0.7080
vn -0.4948 0.4650 -0.7341
vn -0.6108 0.2397 -0.7547
vn -0.6548 -0.0000 -0.7558
vn -0.6108 -0.2397 -0.7547
vn -0.4949 -0.4650 -0.7341
vn -0.3460 -0.6156 -0.7080
vn -0.1769 -0.7031 -0.6887
vn -0.0000 -0.7315 -0.6818
vn 0.1767 -0.7030 -0.6888
vn 0.3460 -0.6156 -0.7080
vn 0.4948 -0.4650 -0.7341
vn 0.6019 -0.2530 -0.7575
vn 0.6416 -0.0000 -0.7670
vn 0.6019 0.2530 -0.7574
vn 0.4948 0.4650 -0.7341
vn 0.3460 0.6156 -0.7080
vn 0.1768 0.7031 -0.6888
vn -0.0000 0.7315 -0.6818
vn -0.1767 0.7031 -0.6888
vn -0.2091 0.8291 -0.5185
vn -0.4136 0.7338 -0.5389
vn -0.6011 0.5610 -0.5692
vn -0.7172 0.2974 -0.6303
vn -0.7665 -0.0000 -0.6422
vn -0.7172 -0.2974 -0.6303
vn -0.6010 -0.5610 -0.5692
vn -0.4136 -0.7338 -0.5390
vn -0.2091 -0.8292 -0.5185
vn -0.0000 -0.8595 -0.5112
vn 0.2091 -0.8292 -0.5185
vn 0.4137 -0.7338 -0.5389
vn 0.6009 -0.5627 -0.5677
vn 0.7416 -0.3106 -0.5946
vn 0.7956 -0.0000 -0.6059
vn 0.7416 0.3106 -0.5946
vn 0.6009 0.5627 -0.5677
vn 0.4137 0.7338 -0.5389
vn 0.2091 0.8292 -0.5185
vn -0.0000 0.8595 -0.5112
vn -0.2090 0.8292 -0.5185
vn -0.2351 0.9297 -0.2835
vn -0.4698 0.8310 -0.2978
vn -0.6870 0.6444 -0.3359
vn -0.7903 0.4006 -0.4635
vn -0.8710 -0.0000 -0.4913
vn -0.7903 -0.4007 -0.4635
vn -0.6870 -0.6444 -0.3359
vn -0.4698 -0.8310 -0.2978
vn -0.2350 -0.9297 -0.2835
vn -0.0000 -0.9604 -0.2785
vn 0.2350 -0.9297 -0.2835
vn 0.4698 -0.8310 -0.2978
vn 0.6930 -0.6468 -0.3186
vn 0.8683 -0.3623 -0.3388
vn 0.9377 -0.0000 -0.3476
vn 0.8683 0.3623 -0.3388
vn 0.6930 0.6468 -0.3186
vn 0.4698 0.8310 -0.2978
vn 0.2351 0.9297 -0.2834
vn -0.0000 0.9604 -0.2785
vn -0.2350 0.9297 -0.2835
vn -0.2453 0.9694 -0.0000
vn -0.4926 0.8702 -0.0000
vn -0.7167 0.6967 -0.0326
vn -0.8045 0.5629 -0.1897
vn -0.9860 -0.0000 -0.1666
vn -0.8045 -0.5629 -0.1897
vn -0.7166 -0.6967 -0.0326
vn -0.4927 -0.8702 -0.0000
vn -0.2454 -0.9694 -0.0000
vn 0.2453 -0.9694 -0.0000
vn 0.4926 -0.8702 -0.0000
vn 0.7316 -0.6817 -0.0000
vn 0.9231 -0.3845 -0.0000
vn 0.9231 0.3845 -0.0000
vn 0.7316 0.6817 -0.0000
vn 0.4927 0.8702 -0.0000
vn 0.2454 0.9694 -0.0000
vn -0.2351 0.9297 0.2835
vn -0.4698 0.8310 0.2978
vn -0.6675 0.6877 0.2855
vn -0.6933 0.6967 0.1844
vn -0.9510 -0.0000 0.3092
vn -0.6933 -0.6967 0.1844
vn -0.6675 -0.6877 0.2855
vn -0.4699 -0.8310 0.2977
vn -0.2350 -0.9297 0.2835
vn -0.0000 -0.9604 0.2785
vn 0.2350 -0.9297 0.2835
vn 0.4698 -0.8310 0.2978
vn 0.6930 -0.6468 0.3186
vn 0.8683 -0.3623 0.3388
vn 0.9377 -0.0000 0.3476
vn 0.8683 0.3623 0.3388
vn 0.6930 0.6468 0.3186
vn 0.4698 0.8310 0.2978
vn 0.2351 0.9297 0.2834
vn -0.0000 0.9604 0.2785
vn -0.2350 0.9297 0.2835
vn -0.2091 0.8291 0.5185
vn -0.4136 0.7338 0.5390
vn -0.5592 0.6148 0.5562
vn -0.4826 0.7030 0.5224
vn -0.6599 -0.0000 0.7513
vn -0.4826 -0.7030 0.5224
vn -0.5591 -0.6148 0.5562
vn -0.4137 -0.7338 0.5389
vn -0.2090 -0.8291 0.5185
vn -0.0000 -0.8595 0.5112
vn 0.2091 -0.8292 0.5185
vn 0.4137 -0.7338 0.5389
vn 0.6009 -0.5627 0.5677
vn 0.7416 -0.3106 0.5946
vn 0.7956 -0.0000 0.6059
vn 0.7416 0.3106 0.5946
vn 0.6009 0.5627 0.5677
vn 0.4136 0.7338 0.5389
vn 0.2090 0.8291 0.5185
vn -0.0000 0.8595 0.5112
vn -0.2090 0.8291 0.5185
vn -0.1767 0.7030 0.6889
vn -0.3460 0.6156 0.7080
vn -0.4329 0.4873 0.7584
vn -0.2193 0.5330 0.8172
vn -0.2058 -0.0000 0.9786
vn -0.2193 -0.5329 0.8172
vn -0.4329 -0.4873 0.7584
vn -0.3460 -0.6156 0.7080
vn -0.1767 -0.7031 0.6888
vn -0.0000 -0.7315 0.6818
vn 0.1767 -0.7031 0.6888
vn 0.3460 -0.6156 0.7080
vn 0.4948 -0.4650 0.7341
vn 0.6019 -0.2530 0.7574
vn 0.6416 -0.0000 0.7670
vn 0.6019 0.2530 0.7575
vn 0.4948 0.4650 0.7341
vn 0.3460 0.6156 0.7080
vn 0.1768 0.7031 0.6888
vn -0.0000 0.7315 0.6818
vn -0.1767 0.7031 0.6888
vn -0.1393 0.5570 0.8188
vn -0.2702 0.4834 0.8327
vn -0.3445 0.3601 0.8670
vn -0.1421 0.3209 0.9364
vn 0.0334 -0.0000 0.9994
vn -0.1421 -0.3209 0.9364
vn -0.3445 -0.3601 0.8670
vn -0.2702 -0.4834 0.8327
vn -0.1393 -0.5569 0.8188
vn -0.0006 -0.5835 0.8121
vn 0.1395 -0.5748 0.8063
vn 0.2878 -0.5316 0.7966
vn 0.4386 -0.4239 0.7924
vn 0.5529 -0.2363 0.7990
vn 0.5941 -0.0000 0.8044
vn 0.5529 0.2363 0.7990
vn 0.4387 0.4239 0.7924
vn 0.2878 0.5316 0.7966
vn 0.1395 0.5748 0.8063
vn -0.0006 0.5835 0.8121
vn -0.1392 0.5570 0.8188
vn -0.0310 0.1005 0.9945
vn -0.0339 0.0704 0.9969
vn -0.0465 0.0585 0.9972
vn 0.0338 0.0819 0.9961
vn 0.1148 -0.0000 0.9934
vn 0.0338 -0.0819 0.9961
vn -0.0465 -0.0585 0.9972
vn -0.0339 -0.0704 0.9969
vn -0.0309 -0.1006 0.9944
vn -0.0178 -0.1843 0.9827
vn 0.0494 -0.3184 0.9467
vn 0.1915 -0.4300 0.8823
vn 0.4147 -0.4518 0.7899
vn 0.6593 -0.3055 0.6870
vn 0.7667 -0.0000 0.6420
vn 0.6593 0.3055 0.6871
vn 0.4147 0.4518 0.7899
vn 0.1915 0.4300 0.8823
vn 0.0494 0.3184 0.9467
vn -0.0178 0.1844 0.9827
vn -0.0310 0.1006 0.9944
vn -0.0770 0.0026 0.9970
vn -0.0172 -0.0852 0.9962
vn 0.0523 -0.1053 0.9931
vn 0.1083 -0.0683 0.9918
vn 0.1312 -0.0000 0.9914
vn 0.1083 0.0683 0.9918
vn 0.0524 0.1053 0.9931
vn -0.0172 0.0853 0.9962
vn -0.0770 -0.0026 0.9970
vn -0.0946 -0.1264 0.9875
vn -0.0269 -0.2883 0.9572
vn 0.1402 -0.4459 0.8840
vn 0.4511 -0.5134 0.7300
vn 0.7944 -0.3472 0.4984
vn 0.9245 -0.0000 0.3812
vn 0.7944 0.3471 0.4984
vn 0.4511 0.5134 0.7300
vn 0.1401 0.4460 0.8840
vn -0.0270 0.2883 0.9572
vn -0.0946 0.1264 0.9875
vn -0.0770 0.0025 0.9970
vn -0.1818 0.4010 0.8979
vn -0.2360 0.2864 0.9286
vn -0.2484 0.1430 0.9581
vn -0.2254 0.0504 0.9730
vn -0.2120 -0.0000 0.9773
vn -0.2254 -0.0504 0.9730
vn -0.2484 -0.1430 0.9580
vn -0.2360 -0.2864 0.9286
vn -0.1818 -0.4010 0.8979
vn -0.0805 -0.5017 0.8613
vn 0.0742 -0.5793 0.8118
vn 0.2468 -0.5817 0.7751
vn 0.4332 -0.4911 0.7558
vn 0.6023 -0.2920 0.7430
vn 0.6733 -0.0000 0.7394
vn 0.6023 0.2920 0.7430
vn 0.4332 0.4911 0.7558
vn 0.2468 0.5817 0.7751
vn 0.0742 0.5793 0.8118
vn -0.0806 0.5017 0.8613
vn -0.1911 0.5474 0.8147
vn -0.2341 0.1458 0.9612
vn 0.0115 0.2606 0.9654
vn -0.3091 0.4363 0.8450
vn -0.2653 0.1026 0.9587
vn -0.0666 0.2601 0.9633
vn -0.3928 0.3046 0.8677
vn -0.2859 0.0301 0.9578
vn -0.1429 0.2099 0.9672
vn -0.4397 0.1604 0.8837
vn -0.2832 -0.0699 0.9565
vn -0.1978 0.1170 0.9732
vn -0.4549 -0.0000 0.8905
vn -0.2465 -0.1840 0.9515
vn -0.2178 -0.0000 0.9760
vn -0.4397 -0.1604 0.8837
vn -0.1703 -0.2918 0.9412
vn -0.1978 -0.1170 0.9732
vn -0.3928 -0.3045 0.8677
vn -0.0550 -0.3685 0.9280
vn -0.1429 -0.2099 0.9672
vn -0.3091 -0.4363 0.8450
vn 0.0876 -0.3838 0.9193
vn -0.0666 -0.2600 0.9633
vn -0.1911 -0.5474 0.8147
vn 0.2243 -0.3141 0.9225
vn 0.0116 -0.2606 0.9654
vn -0.0462 -0.6148 0.7873
vn 0.3041 -0.1663 0.9380
vn 0.0729 -0.2211 0.9725
vn 0.1261 -0.6355 0.7617
vn 0.2890 0.0099 0.9573
vn 0.1060 -0.1597 0.9815
vn 0.3175 -0.6028 0.7320
vn 0.1889 0.1453 0.9712
vn 0.1093 -0.0955 0.9894
vn 0.5155 -0.4958 0.6989
vn 0.0595 0.1985 0.9783
vn 0.0923 -0.0454 0.9947
vn 0.6832 -0.2895 0.6705
vn -0.0440 0.1834 0.9821
vn 0.0725 -0.0160 0.9972
vn 0.7523 -0.0000 0.6588
vn -0.1008 0.1427 0.9846
vn 0.0644 -0.0000 0.9979
vn 0.6832 0.2895 0.6704
vn -0.1226 0.1192 0.9853
vn 0.0725 0.0160 0.9972
vn 0.5155 0.4957 0.6989
vn -0.1301 0.1239 0.9837
vn 0.0923 0.0454 0.9947
vn 0.3175 0.6028 0.7320
vn -0.1432 0.1475 0.9787
vn 0.1093 0.0955 0.9894
vn 0.1261 0.6355 0.7617
vn -0.1682 0.1665 0.9716
vn 0.1060 0.1597 0.9815
vn 0.2243 0.3141 0.9225
vn -0.1911 0.5475 0.8147
vn 0.0116 0.2606 0.9654
vn 0.0141 -0.1767 0.9842
vn 0.1082 -0.2036 0.9731
vn 0.2200 -0.1935 0.9561
vn 0.3203 -0.1230 0.9393
vn 0.3624 -0.0000 0.9320
vn 0.3203 0.1230 0.9393
vn 0.2200 0.1935 0.9561
vn 0.1082 0.2036 0.9730
vn 0.0141 0.1767 0.9842
vn -0.0531 0.1391 0.9888
vn -0.0956 0.1107 0.9892
vn -0.1246 0.0984 0.9873
vn -0.1532 0.0860 0.9844
vn -0.1790 0.0527 0.9824
vn -0.1897 -0.0000 0.9818
vn -0.1790 -0.0527 0.9824
vn -0.1532 -0.0860 0.9844
vn -0.1246 -0.0984 0.9873
vn -0.0956 -0.1107 0.9892
vn 0.0142 -0.1767 0.9842
vn 0.0012 0.1048 0.9945
vn -0.1252 0.0467 0.9910
vn 0.0600 -0.2585 0.9642
vn -0.0255 0.1038 0.9943
vn -0.1346 0.0239 0.9906
vn 0.1545 -0.2667 0.9513
vn -0.0627 0.0930 0.9937
vn -0.1390 -0.0094 0.9903
vn 0.2482 -0.2210 0.9432
vn -0.0847 0.0522 0.9950
vn -0.1096 -0.0617 0.9921
vn 0.3644 -0.1456 0.9198
vn -0.0854 -0.0000 0.9963
vn -0.0495 -0.0998 0.9938
vn 0.4478 -0.0000 0.8941
vn -0.0847 -0.0522 0.9950
vn -0.0031 -0.1184 0.9930
vn 0.3644 0.1456 0.9198
vn -0.0627 -0.0930 0.9937
vn 0.0439 -0.1227 0.9915
vn 0.2482 0.2210 0.9432
vn -0.0255 -0.1038 0.9943
vn 0.0918 -0.1013 0.9906
vn 0.1546 0.2666 0.9513
vn 0.0012 -0.1048 0.9945
vn 0.1220 -0.0776 0.9895
vn 0.0600 0.2585 0.9642
vn 0.0208 -0.1029 0.9945
vn 0.1392 -0.0475 0.9891
vn -0.0135 0.2338 0.9722
vn 0.0379 -0.1001 0.9943
vn 0.1407 -0.0087 0.9900
vn -0.0720 0.2164 0.9737
vn 0.0602 -0.1004 0.9931
vn 0.1265 0.0293 0.9915
vn -0.1253 0.1917 0.9734
vn 0.0977 -0.0960 0.9906
vn 0.1022 0.0606 0.9929
vn -0.1669 0.1413 0.9758
vn 0.1242 -0.0570 0.9906
vn 0.0444 0.0891 0.9950
vn -0.2115 0.0827 0.9739
vn 0.1262 -0.0000 0.9920
vn -0.0220 0.0878 0.9959
vn -0.2391 -0.0000 0.9710
vn 0.1242 0.0570 0.9906
vn -0.0449 0.0825 0.9956
vn -0.2115 -0.0827 0.9739
vn 0.0977 0.0960 0.9906
vn -0.0619 0.0826 0.9947
vn -0.1670 -0.1413 0.9758
vn 0.0602 0.1004 0.9931
vn -0.0849 0.0683 0.9940
vn -0.1253 -0.1916 0.9734
vn 0.0379 0.1001 0.9943
vn -0.0992 0.0648 0.9930
vn -0.0721 -0.2163 0.9737
vn 0.1220 0.0776 0.9895
vn 0.0876 0.3838 0.9193
vn 0.0728 0.2216 0.9724
vn -0.2005 0.1661 0.9655
vn -0.0531 -0.1391 0.9888
vn -0.0462 0.6148 0.7873
vn -0.0550 0.3685 0.9280
vn -0.1113 0.3421 0.9331
vn -0.1703 0.2918 0.9412
vn -0.1867 0.2992 0.9358
vn -0.2465 0.1840 0.9515
vn -0.2556 0.2287 0.9393
vn -0.2833 0.0699 0.9565
vn -0.3055 0.1250 0.9439
vn -0.2859 -0.0301 0.9578
vn -0.3238 -0.0000 0.9461
vn -0.2653 -0.1026 0.9587
vn -0.3056 -0.1250 0.9439
vn -0.2341 -0.1458 0.9612
vn -0.2556 -0.2287 0.9393
vn -0.2005 -0.1661 0.9655
vn -0.1867 -0.2992 0.9358
vn -0.1682 -0.1665 0.9716
vn -0.1113 -0.3421 0.9331
vn -0.1431 -0.1475 0.9787
vn -0.0296 -0.3746 0.9267
vn -0.1301 -0.1239 0.9837
vn 0.0696 -0.4040 0.9121
vn -0.1226 -0.1192 0.9853
vn 0.1983 -0.4151 0.8879
vn -0.1013 -0.1440 0.9844
vn 0.3546 -0.3711 0.8582
vn -0.0439 -0.1834 0.9821
vn 0.5024 -0.2308 0.8332
vn 0.0595 -0.1985 0.9783
vn 0.5672 -0.0000 0.8235
vn 0.1889 -0.1453 0.9712
vn 0.5024 0.2308 0.8332
vn 0.2890 -0.0099 0.9573
vn 0.3546 0.3711 0.8582
vn 0.3041 0.1664 0.9380
vn 0.1983 0.4151 0.8879
vn 0.0696 0.4040 0.9121
vn 0.0918 0.1013 0.9906
vn 0.1546 -0.2667 0.9513
vn 0.0207 0.1029 0.9945
vn -0.1129 0.0608 0.9917
vn -0.0135 -0.2338 0.9722
vn -0.0296 0.3746 0.9267
vn 0.0439 0.1227 0.9915
vn -0.1374 0.2502 0.9584
vn -0.1936 0.1963 0.9612
vn 0.0483 -0.0000 0.9988
vn -0.1113 0.3420 0.9331
vn -0.0031 0.1184 0.9930
vn 0.3645 -0.1456 0.9198
vn -0.2481 0.0823 0.9652
vn -0.1867 0.2991 0.9358
vn -0.2653 0.1025 0.9587
vn 0.0438 0.1227 0.9915
vn -0.0495 0.0998 0.9938
vn -0.2482 0.0822 0.9652
vn -0.2776 -0.0190 0.9605
vn -0.2556 0.2286 0.9394
vn -0.2859 0.0300 0.9578
vn -0.1096 0.0617 0.9921
vn -0.2829 -0.0000 0.9592
vn -0.3055 0.1250 0.9440
vn -0.2833 -0.0699 0.9565
vn 0.3623 -0.0000 0.9321
vn -0.0496 0.0998 0.9938
vn -0.1390 0.0094 0.9903
vn -0.2776 0.0190 0.9605
vn -0.1097 0.0617 0.9921
vn -0.1346 -0.0239 0.9906
vn 0.1545 0.2667 0.9513
vn -0.2482 -0.0822 0.9652
vn -0.3055 -0.1250 0.9440
vn -0.1252 -0.0467 0.9910
vn -0.2481 -0.0823 0.9652
vn -0.1936 -0.1963 0.9612
vn -0.2556 -0.2287 0.9394
vn 0.1082 0.2036 0.9731
vn -0.1346 -0.0240 0.9906
vn -0.1129 -0.0608 0.9917
vn -0.1374 -0.2502 0.9584
vn -0.1867 -0.2991 0.9358
vn 0.0875 -0.3838 0.9193
vn -0.0992 -0.0648 0.9930
vn -0.0721 0.2163 0.9737
vn -0.0137 -0.3089 0.9510
vn -0.1113 -0.3420 0.9331
vn -0.0532 0.1391 0.9889
vn -0.1129 -0.0609 0.9917
vn -0.0849 -0.0683 0.9940
vn -0.1253 0.1916 0.9734
vn 0.1517 -0.3223 0.9344
vn 0.0483 -0.0001 0.9988
vn -0.0296 -0.3745 0.9267
vn -0.0619 -0.0826 0.9947
vn -0.1670 0.1413 0.9758
vn 0.1518 -0.3223 0.9344
vn 0.2710 -0.2872 0.9187
vn 0.0696 -0.4039 0.9121
vn -0.1246 0.0983 0.9873
vn -0.0449 -0.0825 0.9956
vn 0.3916 -0.1593 0.9062
vn -0.1531 0.0860 0.9845
vn -0.0620 -0.0826 0.9947
vn -0.0220 -0.0878 0.9959
vn 0.3916 -0.1592 0.9062
vn 0.4937 0.0280 0.8692
vn 0.3546 -0.3711 0.8583
vn 0.0594 0.1985 0.9783
vn 0.0444 -0.0891 0.9950
vn 0.5144 -0.0000 0.8575
vn 0.5024 -0.2308 0.8333
vn 0.1022 -0.0606 0.9929
vn -0.1669 -0.1413 0.9758
vn 0.4937 -0.0280 0.8692
vn 0.5672 -0.0000 0.8236
vn -0.1014 0.1440 0.9844
vn 0.1265 -0.0293 0.9915
vn -0.1253 -0.1917 0.9734
vn 0.3916 0.1592 0.9062
vn 0.5024 0.2308 0.8333
vn -0.1226 0.1191 0.9853
vn -0.1531 -0.0860 0.9845
vn 0.1407 0.0087 0.9900
vn -0.0720 -0.2164 0.9737
vn 0.3916 0.1593 0.9062
vn 0.2710 0.2872 0.9187
vn 0.3546 0.3711 0.8583
vn -0.1246 -0.0983 0.9873
vn 0.1266 -0.0293 0.9915
vn 0.1392 0.0475 0.9891
vn 0.1518 0.3223 0.9344
vn -0.1431 0.1474 0.9787
vn -0.0297 0.3745 0.9267
vn -0.0137 0.3089 0.9510
vn 0.1517 0.3223 0.9344
vn 0.0483 0.0001 0.9988
vn 0.0696 0.4039 0.9121
vn -0.0532 -0.1391 0.9889
vn 0.1392 0.0476 0.9891
vn -0.0138 0.3089 0.9510
vn -0.1345 0.0239 0.9906
vn -0.0495 -0.0999 0.9938
vn 0.3645 0.1456 0.9198
vn -0.2802 -0.0063 0.9599
vn -0.2776 0.0191 0.9605
vn 0.0439 -0.1226 0.9915
vn 0.0918 -0.1012 0.9906
vn -0.1935 -0.1963 0.9612
vn -0.1374 -0.2501 0.9584
vn -0.0720 0.2163 0.9737
vn -0.0138 -0.3089 0.9510
vn 0.2711 -0.2872 0.9187
vn 0.1021 0.0607 0.9929
vn -0.2114 0.0828 0.9739
vn 0.3917 -0.1593 0.9062
vn 0.0443 0.0891 0.9950
vn -0.2390 -0.0000 0.9710
vn 0.4938 0.0280 0.8692
vn 0.5128 0.0075 0.8585
vn -0.0449 0.0824 0.9956
vn -0.1669 -0.1414 0.9758
vn 0.4937 -0.0279 0.8692
vn 0.2711 0.2872 0.9187
vn -0.0992 0.0647 0.9930
vn -0.9465 0.3172 0.0588
vn -0.9815 0.1905 0.0160
vn -0.9842 0.1621 0.0717
vn -0.9509 0.2699 0.1517
vn -0.9862 0.1178 0.1160
vn -0.9543 0.1961 0.2254
vn -0.9876 0.0619 0.1444
vn -0.9566 0.1031 0.2727
vn -0.9573 -0.0000 0.2891
vn -0.9876 -0.0619 0.1444
vn -0.9565 -0.1031 0.2728
vn -0.9862 -0.1177 0.1160
vn -0.9543 -0.1961 0.2254
vn -0.9842 -0.1621 0.0717
vn -0.9509 -0.2698 0.1517
vn -0.9816 -0.1905 0.0160
vn -0.9465 -0.3173 0.0588
vn -0.9787 -0.2003 -0.0459
vn -0.9417 -0.3336 -0.0441
vn -0.9758 -0.1905 -0.1077
vn -0.9369 -0.3173 -0.1471
vn -0.9731 -0.1621 -0.1635
vn -0.9325 -0.2699 -0.2400
vn -0.9711 -0.1178 -0.2078
vn -0.9291 -0.1961 -0.3137
vn -0.9697 -0.0619 -0.2362
vn -0.9268 -0.1031 -0.3610
vn -0.9693 -0.0000 -0.2460
vn -0.9261 -0.0000 -0.3773
vn -0.9697 0.0619 -0.2362
vn -0.9268 0.1031 -0.3611
vn -0.9711 0.1177 -0.2078
vn -0.9291 0.1961 -0.3137
vn -0.9731 0.1621 -0.1635
vn -0.9325 0.2699 -0.2400
vn -0.9757 0.1906 -0.1077
vn -0.9369 0.3173 -0.1471
vn -0.9787 0.2003 -0.0459
vn -0.9417 0.3336 -0.0441
vn -0.9815 0.1905 0.0159
vn -0.9465 0.3173 0.0588
vn -0.8881 0.4477 0.1040
vn -0.8942 0.3809 0.2351
vn -0.8991 0.2767 0.3391
vn -0.9023 0.1455 0.4059
vn -0.9034 -0.0000 0.4289
vn -0.9023 -0.1455 0.4059
vn -0.8991 -0.2767 0.3391
vn -0.8943 -0.3808 0.2351
vn -0.8881 -0.4477 0.1040
vn -0.8813 -0.4707 -0.0413
vn -0.8745 -0.4477 -0.1866
vn -0.8684 -0.3808 -0.3177
vn -0.8634 -0.2767 -0.4218
vn -0.8603 -0.1455 -0.4885
vn -0.8593 -0.0000 -0.5115
vn -0.8603 0.1455 -0.4885
vn -0.8635 0.2767 -0.4217
vn -0.8684 0.3808 -0.3177
vn -0.8745 0.4477 -0.1866
vn -0.8813 0.4707 -0.0413
vn -0.8081 0.5703 0.1476
vn -0.8159 0.4851 0.3146
vn -0.8221 0.3525 0.4471
vn -0.8261 0.1853 0.5322
vn -0.8275 -0.0000 0.5615
vn -0.8261 -0.1853 0.5322
vn -0.8221 -0.3525 0.4471
vn -0.8159 -0.4851 0.3146
vn -0.8081 -0.5703 0.1476
vn -0.7994 -0.5997 -0.0375
vn -0.7907 -0.5703 -0.2226
vn -0.7829 -0.4851 -0.3896
vn -0.7767 -0.3525 -0.5221
vn -0.7727 -0.1853 -0.6072
vn -0.7713 -0.0000 -0.6365
vn -0.7727 0.1853 -0.6072
vn -0.7767 0.3525 -0.5221
vn -0.7829 0.4851 -0.3896
vn -0.7907 0.5703 -0.2226
vn -0.7994 0.5997 -0.0375
vn -0.6942 0.6934 0.1930
vn -0.7037 0.5899 0.3961
vn -0.7112 0.4286 0.5572
vn -0.7161 0.2253 0.6607
vn -0.7178 -0.0000 0.6963
vn -0.7161 -0.2253 0.6607
vn -0.7112 -0.4286 0.5572
vn -0.7037 -0.5899 0.3961
vn -0.6942 -0.6935 0.1930
vn -0.6836 -0.7292 -0.0320
vn -0.6731 -0.6935 -0.2571
vn -0.6635 -0.5899 -0.4602
vn -0.6560 -0.4286 -0.6213
vn -0.6511 -0.2253 -0.7247
vn -0.6495 -0.0000 -0.7604
vn -0.6512 0.2253 -0.7247
vn -0.6560 0.4286 -0.6213
vn -0.6635 0.5899 -0.4602
vn -0.6731 0.6935 -0.2571
vn -0.6836 0.7291 -0.0320
vn -0.6942 0.6935 0.1930
vn -0.5297 0.8136 0.2398
vn -0.5408 0.6921 0.4780
vn -0.5497 0.5028 0.6671
vn -0.5554 0.2644 0.7885
vn -0.5573 -0.0000 0.8303
vn -0.5554 -0.2644 0.7885
vn -0.5497 -0.5028 0.6671
vn -0.5408 -0.6921 0.4780
vn -0.5297 -0.8136 0.2398
vn -0.5173 -0.8555 -0.0243
vn -0.5049 -0.8136 -0.2883
vn -0.4937 -0.6921 -0.5265
vn -0.4849 -0.5028 -0.7156
vn -0.4792 -0.2644 -0.8370
vn -0.4772 -0.0000 -0.8788
vn -0.4792 0.2644 -0.8370
vn -0.4849 0.5028 -0.7156
vn -0.4937 0.6921 -0.5265
vn -0.5049 0.8136 -0.2883
vn -0.5173 0.8555 -0.0243
vn -0.3726 0.8875 0.2712
vn -0.3847 0.7549 0.5311
vn -0.3944 0.5485 0.7373
vn -0.4007 0.2884 0.8697
vn -0.4028 -0.0000 0.9153
vn -0.4007 -0.2884 0.8697
vn -0.3945 -0.5485 0.7373
vn -0.3848 -0.7549 0.5311
vn -0.3726 -0.8875 0.2712
vn -0.3591 -0.9332 -0.0168
vn -0.3456 -0.8875 -0.3049
vn -0.3334 -0.7549 -0.5647
vn -0.3237 -0.5485 -0.7710
vn -0.3175 -0.2884 -0.9033
vn -0.3154 -0.0000 -0.9490
vn -0.3175 0.2884 -0.9034
vn -0.3237 0.5485 -0.7710
vn -0.3334 0.7549 -0.5647
vn -0.3456 0.8875 -0.3049
vn -0.3590 0.9332 -0.0168
vn -0.2521 0.9236 0.2887
vn -0.2650 0.7857 0.5590
vn -0.2749 0.5708 0.7737
vn -0.2814 0.3001 0.9115
vn -0.2836 -0.0000 0.9589
vn -0.2815 -0.3001 0.9114
vn -0.2750 -0.5708 0.7736
vn -0.2649 -0.7857 0.5590
vn -0.2522 -0.9236 0.2886
vn -0.2381 -0.9712 -0.0112
vn -0.2242 -0.9236 -0.3109
vn -0.2113 -0.7857 -0.5814
vn -0.2013 -0.5708 -0.7960
vn -0.1947 -0.3001 -0.9338
vn -0.1926 -0.0000 -0.9813
vn -0.1947 0.3001 -0.9338
vn -0.2013 0.5708 -0.7960
vn -0.2113 0.7857 -0.5814
vn -0.2242 0.9236 -0.3109
vn -0.2381 0.9712 -0.0112
vn -0.2521 0.9237 0.2886
vn -0.1445 0.9429 0.3000
vn -0.1574 0.8021 0.5760
vn -0.1677 0.5828 0.7951
vn -0.1743 0.3064 0.9358
vn -0.1766 -0.0000 0.9843
vn -0.1743 -0.3064 0.9358
vn -0.1677 -0.5828 0.7951
vn -0.1574 -0.8021 0.5760
vn -0.1445 -0.9430 0.2999
vn -0.1301 -0.9915 -0.0061
vn -0.1157 -0.9430 -0.3121
vn -0.1028 -0.8021 -0.5882
vn -0.0926 -0.5828 -0.8073
vn -0.0860 -0.3064 -0.9480
vn -0.0837 -0.0000 -0.9965
vn -0.0860 0.3064 -0.9480
vn -0.0926 0.5828 -0.8073
vn -0.1028 0.8021 -0.5882
vn -0.1157 0.9430 -0.3121
vn -0.1301 0.9915 -0.0061
vn -0.1445 0.9430 0.2999
vn -0.0145 0.9510 0.3087
vn -0.0275 0.8090 0.5871
vn -0.0379 0.5878 0.8081
vn -0.0445 0.3090 0.9500
vn -0.0469 -0.0000 0.9989
vn -0.0445 -0.3090 0.9500
vn -0.0379 -0.5878 0.8081
vn -0.0275 -0.8090 0.5871
vn -0.0145 -0.9511 0.3087
vn 0.0145 -0.9511 -0.3087
vn 0.0275 -0.8090 -0.5871
vn 0.0378 -0.5878 -0.8081
vn 0.0445 -0.3090 -0.9500
vn 0.0468 -0.0000 -0.9989
vn 0.0445 0.3090 -0.9500
vn 0.0379 0.5878 -0.8081
vn 0.0275 0.8090 -0.5871
vn 0.0144 0.9511 -0.3087
vn -0.0145 0.9511 0.3086
vn 0.1398 0.9397 0.3122
vn 0.1270 0.7993 0.5873
vn 0.1168 0.5807 0.8057
vn 0.1101 0.3053 0.9459
vn 0.1078 -0.0000 0.9942
vn 0.1101 -0.3053 0.9459
vn 0.1167 -0.5807 0.8057
vn 0.1270 -0.7993 0.5873
vn 0.1397 -0.9397 0.3122
vn 0.1541 -0.9880 0.0072
vn 0.1684 -0.9397 -0.2978
vn 0.1813 -0.7993 -0.5729
vn 0.1916 -0.5807 -0.7912
vn 0.1981 -0.3053 -0.9314
vn 0.2005 -0.0000 -0.9797
vn 0.1981 0.3053 -0.9314
vn 0.1915 0.5807 -0.7912
vn 0.1814 0.7993 -0.5729
vn 0.1684 0.9397 -0.2978
vn 0.1541 0.9880 0.0072
vn 0.2907 0.9058 0.3083
vn 0.2783 0.7705 0.5735
vn 0.2684 0.5598 0.7839
vn 0.2621 0.2943 0.9191
vn 0.2599 -0.0000 0.9656
vn 0.2621 -0.2943 0.9191
vn 0.2684 -0.5598 0.7839
vn 0.2783 -0.7705 0.5735
vn 0.2906 -0.9058 0.3083
vn 0.3045 -0.9524 0.0143
vn 0.3183 -0.9058 -0.2797
vn 0.3307 -0.7705 -0.5449
vn 0.3405 -0.5598 -0.7554
vn 0.3469 -0.2943 -0.8905
vn 0.3490 -0.0000 -0.9371
vn 0.3469 0.2943 -0.8905
vn 0.3405 0.5598 -0.7554
vn 0.3307 0.7705 -0.5449
vn 0.3183 0.9058 -0.2797
vn 0.3045 0.9524 0.0143
vn 0.2907 0.9058 0.3082
vn 0.4346 0.8503 0.2970
vn 0.4229 0.7233 0.5459
vn 0.4136 0.5255 0.7435
vn 0.4077 0.2763 0.8703
vn 0.4057 -0.0000 0.9140
vn 0.4077 -0.2763 0.8703
vn 0.4136 -0.5255 0.7435
vn 0.4229 -0.7233 0.5459
vn 0.4346 -0.8503 0.2969
vn 0.4475 -0.8940 0.0210
vn 0.4604 -0.8503 -0.2550
vn 0.4722 -0.7233 -0.5039
vn 0.4814 -0.5255 -0.7015
vn 0.4874 -0.2763 -0.8283
vn 0.4894 -0.0000 -0.8721
vn 0.4874 0.2763 -0.8283
vn 0.4814 0.5255 -0.7015
vn 0.4721 0.7233 -0.5039
vn 0.4604 0.8503 -0.2550
vn 0.4475 0.8940 0.0210
vn 0.4346 0.8503 0.2969
vn 0.5680 0.7745 0.2786
vn 0.5574 0.6588 0.5053
vn 0.5489 0.4786 0.6853
vn 0.5435 0.2516 0.8008
vn 0.5416 -0.0000 0.8406
vn 0.5435 -0.2516 0.8008
vn 0.5489 -0.4786 0.6853
vn 0.5574 -0.6588 0.5053
vn 0.5680 -0.7745 0.2785
vn 0.5798 -0.8143 0.0272
vn 0.5915 -0.7745 -0.2242
vn 0.6022 -0.6588 -0.4509
vn 0.6106 -0.4787 -0.6309
vn 0.6160 -0.2516 -0.7464
vn 0.6179 -0.0000 -0.7863
vn 0.6160 0.2516 -0.7464
vn 0.6106 0.4787 -0.6309
vn 0.6022 0.6588 -0.4509
vn 0.5916 0.7745 -0.2242
vn 0.5798 0.8143 0.0272
vn 0.5680 0.7745 0.2785
vn 0.6794 0.6878 0.2556
vn 0.6699 0.5851 0.4570
vn 0.6624 0.4251 0.6168
vn 0.6576 0.2235 0.7194
vn 0.6560 -0.0000 0.7548
vn 0.6576 -0.2235 0.7194
vn 0.6624 -0.4251 0.6168
vn 0.6699 -0.5851 0.4570
vn 0.6794 -0.6878 0.2556
vn 0.6898 -0.7232 0.0323
vn 0.7003 -0.6878 -0.1909
vn 0.7097 -0.5851 -0.3923
vn 0.7172 -0.4251 -0.5521
vn 0.7220 -0.2235 -0.6547
vn 0.7237 -0.0000 -0.6901
vn 0.7220 0.2235 -0.6548
vn 0.7172 0.4251 -0.5521
vn 0.7097 0.5851 -0.3923
vn 0.7003 0.6878 -0.1909
vn 0.6898 0.7232 0.0323
vn 0.6794 0.6879 0.2555
vn 0.7465 0.6216 0.2372
vn 0.7380 0.5288 0.4192
vn 0.7312 0.3842 0.5636
vn 0.7269 0.2020 0.6564
vn 0.7254 -0.0000 0.6883
vn 0.7269 -0.2020 0.6563
vn 0.7312 -0.3842 0.5636
vn 0.7380 -0.5288 0.4192
vn 0.7466 -0.6216 0.2372
vn 0.7560 -0.6536 0.0354
vn 0.7654 -0.6216 -0.1663
vn 0.7740 -0.5287 -0.3483
vn 0.7808 -0.3842 -0.4927
vn 0.7851 -0.2020 -0.5855
vn 0.7866 -0.0000 -0.6174
vn 0.7851 0.2020 -0.5855
vn 0.7808 0.3842 -0.4927
vn 0.7740 0.5287 -0.3483
vn 0.7654 0.6216 -0.1663
vn 0.7560 0.6536 0.0354
vn 0.7886 0.5729 0.2234
vn 0.7807 0.4873 0.3911
vn 0.7745 0.3541 0.5242
vn 0.7705 0.1862 0.6097
vn 0.7691 -0.0000 0.6391
vn 0.7705 -0.1862 0.6097
vn 0.7745 -0.3541 0.5242
vn 0.7808 -0.4873 0.3910
vn 0.7886 -0.5729 0.2233
vn 0.7973 -0.6024 0.0374
vn 0.8060 -0.5729 -0.1486
vn 0.8139 -0.4873 -0.3163
vn 0.8201 -0.3541 -0.4494
vn 0.8242 -0.1861 -0.5349
vn 0.8255 -0.0000 -0.5644
vn 0.8242 0.1861 -0.5349
vn 0.8201 0.3541 -0.4494
vn 0.8139 0.4873 -0.3163
vn 0.8060 0.5729 -0.1486
vn 0.7973 0.6024 0.0374
vn 0.7886 0.5729 0.2233
vn 0.8507 0.4868 0.1983
vn 0.8440 0.4141 0.3408
vn 0.8387 0.3009 0.4539
vn 0.8353 0.1582 0.5265
vn 0.8341 -0.0000 0.5515
vn 0.8353 -0.1582 0.5265
vn 0.8387 -0.3009 0.4539
vn 0.8440 -0.4141 0.3408
vn 0.8507 -0.4868 0.1982
vn 0.8581 -0.5119 0.0402
vn 0.8655 -0.4868 -0.1178
vn 0.8722 -0.4141 -0.2603
vn 0.8775 -0.3009 -0.3734
vn 0.8809 -0.1582 -0.4461
vn 0.8821 -0.0000 -0.4711
vn 0.8809 0.1582 -0.4461
vn 0.8775 0.3009 -0.3734
vn 0.8722 0.4141 -0.2603
vn 0.8655 0.4868 -0.1178
vn 0.8581 0.5119 0.0402
vn 0.8507 0.4868 0.1982
vn 0.9259 0.3442 0.1554
vn 0.9212 0.2928 0.2562
vn 0.9175 0.2127 0.3362
vn 0.9151 0.1118 0.3875
vn 0.9142 -0.0000 0.4052
vn 0.9151 -0.1118 0.3875
vn 0.9175 -0.2127 0.3362
vn 0.9212 -0.2928 0.2562
vn 0.9259 -0.3442 0.1554
vn 0.9312 -0.3620 0.0437
vn 0.9364 -0.3442 -0.0681
vn 0.9411 -0.2928 -0.1689
vn 0.9449 -0.2127 -0.2489
vn 0.9473 -0.1118 -0.3002
vn 0.9481 -0.0000 -0.3179
vn 0.9473 0.1119 -0.3002
vn 0.9449 0.2128 -0.2488
vn 0.9411 0.2928 -0.1689
vn 0.9364 0.3442 -0.0681
vn 0.9312 0.3620 0.0437
vn -0.9989 -0.0000 -0.0468
vn -0.9989 -0.0000 -0.0469
vn 0.9989 -0.0000 0.0469
vn 0.9989 -0.0000 0.0468
vn 0.1024 -0.5119 -0.8529
vn 0.0907 -0.4174 -0.9042
vn 0.1910 -0.3515 -0.9165
vn 0.2177 -0.4254 -0.8784
vn 0.2795 -0.2435 -0.9287
vn 0.3285 -0.2852 -0.9004
vn 0.3390 -0.1226 -0.9328
vn 0.3996 -0.1333 -0.9069
vn 0.3582 -0.0000 -0.9337
vn 0.4209 -0.0000 -0.9071
vn 0.3390 0.1225 -0.9328
vn 0.3996 0.1333 -0.9070
vn 0.2795 0.2435 -0.9288
vn 0.3285 0.2852 -0.9004
vn 0.1910 0.3515 -0.9165
vn 0.2177 0.4254 -0.8784
vn 0.0907 0.4174 -0.9042
vn 0.1024 0.5120 -0.8529
vn -0.0000 0.4391 -0.8984
vn -0.0000 0.5387 -0.8425
vn -0.0908 0.4174 -0.9042
vn -0.1024 0.5120 -0.8529
vn -0.1910 0.3515 -0.9165
vn -0.2177 0.4254 -0.8784
vn -0.2795 0.2435 -0.9287
vn -0.3285 0.2852 -0.9004
vn -0.3390 0.1226 -0.9328
vn -0.3995 0.1333 -0.9070
vn -0.3582 -0.0000 -0.9337
vn -0.4209 -0.0000 -0.9071
vn -0.3390 -0.1225 -0.9328
vn -0.3996 -0.1333 -0.9070
vn -0.2795 -0.2435 -0.9288
vn -0.3285 -0.2852 -0.9004
vn -0.1910 -0.3515 -0.9165
vn -0.2177 -0.4254 -0.8785
vn -0.0907 -0.4174 -0.9042
vn -0.1024 -0.5120 -0.8529
vn -0.0000 -0.4391 -0.8984
vn -0.0000 -0.5387 -0.8425
vn 0.1023 -0.5120 -0.8529
vn 0.0911 -0.4729 -0.8764
vn 0.2019 -0.3808 -0.9024
vn 0.3081 -0.2420 -0.9200
vn 0.3694 -0.1078 -0.9230
vn 0.3866 -0.0000 -0.9223
vn 0.3694 0.1078 -0.9230
vn 0.3081 0.2420 -0.9200
vn 0.2019 0.3808 -0.9024
vn 0.0911 0.4729 -0.8764
vn -0.0000 0.5022 -0.8647
vn -0.0911 0.4729 -0.8764
vn -0.2019 0.3808 -0.9024
vn -0.3081 0.2420 -0.9200
vn -0.3694 0.1078 -0.9230
vn -0.3866 -0.0000 -0.9222
vn -0.3694 -0.1078 -0.9230
vn -0.3081 -0.2420 -0.9200
vn -0.2019 -0.3808 -0.9024
vn -0.0911 -0.4729 -0.8764
vn -0.0000 -0.5022 -0.8647
vn 0.0910 -0.4729 -0.8764
vn 0.0738 -0.3425 -0.9366
vn 0.1641 -0.2590 -0.9518
vn 0.2390 -0.1509 -0.9592
vn 0.2733 -0.0638 -0.9598
vn 0.2817 -0.0000 -0.9595
vn 0.2733 0.0638 -0.9598
vn 0.2390 0.1509 -0.9592
vn 0.1641 0.2590 -0.9518
vn 0.0738 0.3425 -0.9366
vn -0.0000 0.3710 -0.9286
vn -0.0738 0.3425 -0.9366
vn -0.1641 0.2590 -0.9518
vn -0.2390 0.1509 -0.9592
vn -0.2733 0.0638 -0.9598
vn -0.2817 -0.0000 -0.9595
vn -0.2733 -0.0638 -0.9598
vn -0.2390 -0.1509 -0.9592
vn -0.1641 -0.2590 -0.9518
vn -0.0738 -0.3426 -0.9366
vn -0.0000 -0.3710 -0.9286
vn 0.0573 -0.1651 -0.9846
vn 0.1114 -0.0982 -0.9889
vn 0.1300 -0.0355 -0.9909
vn 0.1225 -0.0073 -0.9924
vn 0.1168 -0.0000 -0.9932
vn 0.1224 0.0073 -0.9925
vn 0.1300 0.0355 -0.9909
vn 0.1115 0.0982 -0.9889
vn 0.0573 0.1651 -0.9846
vn -0.0000 0.1915 -0.9815
vn -0.0573 0.1651 -0.9846
vn -0.1114 0.0982 -0.9889
vn -0.1300 0.0355 -0.9909
vn -0.1224 0.0073 -0.9925
vn -0.1168 0.0001 -0.9932
vn -0.1224 -0.0073 -0.9925
vn -0.1300 -0.0355 -0.9909
vn -0.1115 -0.0982 -0.9889
vn -0.0573 -0.1651 -0.9846
vn -0.0000 -0.1915 -0.9815
vn 0.0403 0.0445 -0.9982
vn 0.0406 0.0919 -0.9949
vn -0.0194 0.1011 -0.9947
vn -0.0804 0.0617 -0.9949
vn -0.1037 -0.0000 -0.9946
vn -0.0804 -0.0617 -0.9948
vn -0.0194 -0.1011 -0.9947
vn 0.0406 -0.0919 -0.9949
vn 0.0403 -0.0445 -0.9982
vn -0.0000 -0.0196 -0.9998
vn -0.0404 -0.0445 -0.9982
vn -0.0406 -0.0919 -0.9949
vn 0.0194 -0.1011 -0.9947
vn 0.0804 -0.0617 -0.9948
vn 0.1037 -0.0000 -0.9946
vn 0.0804 0.0617 -0.9948
vn 0.0194 0.1011 -0.9947
vn -0.0406 0.0919 -0.9949
vn -0.0403 0.0445 -0.9982
vn -0.0000 0.0196 -0.9998
vn 0.0205 0.3087 -0.9509
vn -0.0529 0.3254 -0.9441
vn -0.2080 0.2627 -0.9422
vn -0.3241 0.1421 -0.9353
vn -0.3635 -0.0000 -0.9316
vn -0.3241 -0.1421 -0.9353
vn -0.2080 -0.2626 -0.9422
vn -0.0529 -0.3253 -0.9441
vn 0.0205 -0.3087 -0.9509
vn -0.0000 -0.2870 -0.9579
vn -0.0205 -0.3087 -0.9509
vn 0.0529 -0.3254 -0.9441
vn 0.2080 -0.2627 -0.9422
vn 0.3241 -0.1421 -0.9353
vn 0.3635 -0.0000 -0.9316
vn 0.3241 0.1421 -0.9353
vn 0.2080 0.2626 -0.9422
vn 0.0529 0.3254 -0.9441
vn -0.0205 0.3087 -0.9509
vn -0.0000 0.2870 -0.9579
vn -0.0024 0.6646 -0.7472
vn -0.1685 0.6186 -0.7674
vn -0.4244 0.4490 -0.7863
vn -0.5843 0.2287 -0.7787
vn -0.6346 -0.0000 -0.7728
vn -0.5843 -0.2287 -0.7786
vn -0.4244 -0.4491 -0.7863
vn -0.1685 -0.6186 -0.7674
vn -0.0024 -0.6646 -0.7472
vn -0.0000 -0.6614 -0.7501
vn 0.0024 -0.6646 -0.7472
vn 0.1685 -0.6186 -0.7674
vn 0.4244 -0.4491 -0.7863
vn 0.5843 -0.2287 -0.7787
vn 0.6346 -0.0000 -0.7728
vn 0.5843 0.2287 -0.7786
vn 0.4244 0.4491 -0.7863
vn 0.1685 0.6186 -0.7674
vn 0.0024 0.6646 -0.7472
vn -0.0000 0.6614 -0.7501
vn -0.0024 0.6647 -0.7471
vn -0.0199 0.9832 -0.1814
vn -0.2751 0.9052 -0.3240
vn -0.6299 0.6373 -0.4439
vn -0.8230 0.3121 -0.4746
vn -0.8797 -0.0000 -0.4755
vn -0.8230 -0.3121 -0.4746
vn -0.6299 -0.6374 -0.4439
vn -0.2751 -0.9052 -0.3239
vn -0.0199 -0.9832 -0.1814
vn -0.0000 -0.9921 -0.1254
vn 0.0199 -0.9832 -0.1814
vn 0.2751 -0.9051 -0.3241
vn 0.6299 -0.6374 -0.4439
vn 0.8230 -0.3121 -0.4746
vn 0.8797 -0.0000 -0.4755
vn 0.8230 0.3121 -0.4746
vn 0.6299 0.6374 -0.4439
vn 0.2751 0.9052 -0.3239
vn 0.0199 0.9832 -0.1815
vn -0.0000 0.9921 -0.1254
vn -0.0120 0.8927 0.4506
vn -0.2708 0.9160 0.2961
vn -0.6948 0.7098 0.1161
vn -0.9343 0.3556 0.0253
vn -1.0000 -0.0000 0.0071
vn -0.9343 -0.3556 0.0253
vn -0.6948 -0.7098 0.1161
vn -0.2708 -0.9160 0.2961
vn -0.0119 -0.8927 0.4506
vn -0.0000 -0.8608 0.5089
vn 0.0119 -0.8927 0.4506
vn 0.2708 -0.9160 0.2961
vn 0.6948 -0.7098 0.1161
vn 0.9343 -0.3556 0.0253
vn 1.0000 -0.0000 0.0071
vn 0.9343 0.3556 0.0252
vn 0.6948 0.7098 0.1161
vn 0.2708 0.9160 0.2961
vn 0.0119 0.8927 0.4506
vn -0.0000 0.8608 0.5089
vn -0.0119 0.8927 0.4506
vn 0.0032 0.6910 0.7229
vn -0.1878 0.7264 0.6611
vn -0.5612 0.6006 0.5695
vn -0.8050 0.3126 0.5042
vn -0.8718 -0.0000 0.4899
vn -0.8050 -0.3126 0.5042
vn -0.5611 -0.6006 0.5695
vn -0.1878 -0.7264 0.6611
vn 0.0032 -0.6910 0.7229
vn -0.0000 -0.6643 0.7475
vn -0.0032 -0.6910 0.7229
vn 0.1878 -0.7264 0.6611
vn 0.5612 -0.6006 0.5695
vn 0.8050 -0.3126 0.5042
vn 0.8718 -0.0000 0.4899
vn 0.8050 0.3126 0.5042
vn 0.5611 0.6006 0.5695
vn 0.1878 0.7264 0.6611
vn -0.0032 0.6910 0.7228
vn -0.0000 0.6643 0.7475
vn 0.0147 0.5947 0.8038
vn -0.1276 0.5994 0.7902
vn -0.4254 0.4852 0.7640
vn -0.6315 0.2491 0.7343
vn -0.6863 -0.0000 0.7273
vn -0.6314 -0.2491 0.7343
vn -0.4254 -0.4852 0.7639
vn -0.1277 -0.5994 0.7902
vn 0.0148 -0.5947 0.8038
vn -0.0000 -0.5827 0.8127
vn -0.0148 -0.5947 0.8038
vn 0.1277 -0.5994 0.7902
vn 0.4254 -0.4852 0.7639
vn 0.6314 -0.2491 0.7343
vn 0.6863 -0.0000 0.7273
vn 0.6315 0.2491 0.7343
vn 0.4254 0.4852 0.7639
vn 0.1277 0.5994 0.7902
vn -0.0148 0.5947 0.8038
vn -0.0000 0.5827 0.8127
vn 0.0148 0.5947 0.8038
vn 0.0246 0.5998 0.7998
vn -0.0946 0.5709 0.8156
vn -0.3556 0.4375 0.8259
vn -0.5395 0.2160 0.8138
vn -0.5884 -0.0000 0.8086
vn -0.5395 -0.2161 0.8138
vn -0.3556 -0.4375 0.8259
vn -0.0946 -0.5709 0.8156
vn 0.0246 -0.5998 0.7998
vn -0.0000 -0.6025 0.7981
vn -0.0246 -0.5998 0.7998
vn 0.0946 -0.5709 0.8156
vn 0.3556 -0.4375 0.8259
vn 0.5395 -0.2160 0.8138
vn 0.5884 -0.0000 0.8086
vn 0.5395 0.2161 0.8138
vn 0.3556 0.4375 0.8259
vn 0.0946 0.5709 0.8156
vn -0.0246 0.5998 0.7998
vn -0.0000 0.6025 0.7981
vn 0.0301 0.6937 0.7196
vn -0.0796 0.6277 0.7744
vn -0.3317 0.4516 0.8282
vn -0.5121 0.2111 0.8326
vn -0.5599 -0.0000 0.8286
vn -0.5121 -0.2111 0.8326
vn -0.3317 -0.4516 0.8282
vn -0.0796 -0.6276 0.7744
vn 0.0301 -0.6937 0.7196
vn -0.0000 -0.7108 0.7033
vn -0.0301 -0.6937 0.7196
vn 0.0796 -0.6277 0.7744
vn 0.3317 -0.4517 0.8282
vn 0.5121 -0.2111 0.8326
vn 0.5599 -0.0000 0.8286
vn 0.5121 0.2111 0.8326
vn 0.3318 0.4516 0.8282
vn 0.0796 0.6276 0.7744
vn -0.0301 0.6937 0.7196
vn -0.0000 0.7108 0.7033
vn 0.0301 0.6937 0.7197
vn 0.0163 0.8317 0.5550
vn -0.0904 0.7429 0.6633
vn -0.3396 0.5170 0.7857
vn -0.5224 0.2281 0.8216
vn -0.5699 -0.0000 0.8217
vn -0.5226 -0.2281 0.8215
vn -0.3396 -0.5170 0.7857
vn -0.0903 -0.7429 0.6633
vn 0.0163 -0.8317 0.5550
vn -0.0000 -0.8542 0.5199
vn -0.0163 -0.8317 0.5550
vn 0.0904 -0.7429 0.6633
vn 0.3396 -0.5170 0.7857
vn 0.5224 -0.2280 0.8216
vn 0.5699 -0.0000 0.8217
vn 0.5226 0.2281 0.8215
vn 0.3396 0.5170 0.7857
vn 0.0903 0.7429 0.6633
vn -0.0163 0.8317 0.5550
vn -0.0000 0.8542 0.5199
vn -0.0313 0.9155 0.4011
vn -0.1476 0.8332 0.5329
vn -0.3792 0.5955 0.7082
vn -0.5565 0.2605 0.7889
vn -0.6024 -0.0000 0.7982
vn -0.5565 -0.2605 0.7889
vn -0.3792 -0.5955 0.7082
vn -0.1476 -0.8332 0.5329
vn -0.0313 -0.9155 0.4012
vn -0.0000 -0.9331 0.3595
vn 0.0313 -0.9155 0.4012
vn 0.1476 -0.8332 0.5329
vn 0.3792 -0.5955 0.7082
vn 0.5565 -0.2605 0.7889
vn 0.6023 -0.0000 0.7982
vn 0.5565 0.2605 0.7889
vn 0.3792 0.5955 0.7082
vn 0.1476 0.8332 0.5329
vn 0.0313 0.9155 0.4011
vn -0.0000 0.9331 0.3595
vn -0.0313 0.9155 0.4012
vn -0.0965 0.9175 0.3859
vn -0.2396 0.8365 0.4929
vn -0.4439 0.6206 0.6464
vn -0.6027 0.2890 0.7438
vn -0.6463 -0.0000 0.7631
vn -0.6027 -0.2890 0.7438
vn -0.4438 -0.6206 0.6464
vn -0.2396 -0.8365 0.4929
vn -0.0964 -0.9175 0.3859
vn -0.0000 -0.9361 0.3518
vn 0.0965 -0.9175 0.3859
vn 0.2396 -0.8365 0.4929
vn 0.4439 -0.6206 0.6464
vn 0.6027 -0.2890 0.7438
vn 0.6463 -0.0000 0.7631
vn 0.6027 0.2890 0.7438
vn 0.4439 0.6206 0.6464
vn 0.2396 0.8365 0.4929
vn 0.0965 0.9175 0.3859
vn -0.0000 0.9361 0.3518
vn -0.0964 0.9175 0.3859
vn -0.1504 0.8675 0.4741
vn -0.3196 0.7766 0.5429
vn -0.5030 0.5820 0.6390
vn -0.6407 0.2915 0.7103
vn -0.6837 -0.0000 0.7297
vn -0.6407 -0.2915 0.7103
vn -0.5030 -0.5820 0.6390
vn -0.3197 -0.7765 0.5430
vn -0.1504 -0.8675 0.4741
vn -0.0000 -0.8925 0.4510
vn 0.1504 -0.8675 0.4741
vn 0.3196 -0.7766 0.5429
vn 0.5030 -0.5820 0.6390
vn 0.6407 -0.2915 0.7103
vn 0.6837 -0.0000 0.7297
vn 0.6407 0.2915 0.7103
vn 0.5030 0.5820 0.6390
vn 0.3197 0.7765 0.5430
vn 0.1504 0.8675 0.4741
vn -0.0000 0.8925 0.4510
vn -0.1755 0.7691 0.6146
vn -0.3513 0.6732 0.6507
vn -0.5136 0.5002 0.6971
vn -0.6294 0.2601 0.7322
vn -0.6691 -0.0000 0.7432
vn -0.6294 -0.2601 0.7322
vn -0.5136 -0.5002 0.6971
vn -0.3513 -0.6732 0.6507
vn -0.1755 -0.7691 0.6146
vn -0.0000 -0.7988 0.6017
vn 0.1755 -0.7691 0.6146
vn 0.3513 -0.6732 0.6507
vn 0.5136 -0.5002 0.6971
vn 0.6295 -0.2601 0.7322
vn 0.6691 -0.0000 0.7432
vn 0.6294 0.2601 0.7322
vn 0.5136 0.5002 0.6971
vn 0.3513 0.6732 0.6507
vn 0.1755 0.7691 0.6146
vn -0.0000 0.7988 0.6016
vn 0.0001 -0.0000 -1.0000
vn -0.0000 0.0001 -1.0000
vn -0.0001 -0.0000 -1.0000
vn -0.0000 -0.0001 -1.0000
vn 0.0619 -0.1906 -0.9797
vn 0.1621 -0.1177 -0.9797
vn 0.1621 0.1178 -0.9797
vn -0.3808 0.2767 -0.8823
vn -0.3809 -0.2767 -0.8823
vn 0.3809 -0.2767 -0.8823
vn -0.4851 0.3525 -0.8003
vn -0.4852 -0.3525 -0.8002
vn -0.0000 -0.5996 -0.8003
vn 0.5997 -0.0000 -0.8002
vn -0.0000 0.5997 -0.8002
vn -0.4205 -0.5787 -0.6988
vn 0.2210 0.6803 -0.6988
vn -0.6588 0.4787 -0.5804
vn -0.4787 -0.6588 -0.5804
vn 0.6588 0.4786 -0.5804
vn 0.4787 0.6588 -0.5804
vn 0.7233 0.5255 -0.4481
vn -0.2762 0.8503 -0.4480
vn -0.7705 0.5598 -0.3048
vn -0.7705 -0.5598 -0.3048
vn -0.0000 -0.9524 -0.3049
vn -0.9397 0.3053 -0.1544
vn -0.7993 -0.5807 -0.1543
vn -0.5807 -0.7993 -0.1543
vn -0.3053 -0.9397 -0.1542
vn 0.3053 -0.9397 -0.1543
vn 0.5808 -0.7993 -0.1542
vn 0.7993 -0.5807 -0.1543
vn 0.9880 -0.0000 -0.1543
vn 0.5807 0.7993 -0.1543
vn -0.3091 0.9510 -0.0000
vn -0.3053 0.9397 0.1542
vn -0.5807 0.7993 0.1543
vn -0.7993 0.5807 0.1545
vn -0.9397 0.3053 0.1542
vn -0.9880 -0.0000 0.1541
vn -0.9396 -0.3053 0.1545
vn -0.5807 -0.7993 0.1542
vn -0.3053 -0.9397 0.1542
vn 0.3053 -0.9397 0.1543
vn 0.5807 -0.7993 0.1543
vn 0.9396 -0.3053 0.1544
vn 0.5807 0.7993 0.1543
vn -0.0000 0.9880 0.1542
vn -0.8503 -0.2763 0.4479
vn -0.2517 0.7745 0.5804
vn -0.4787 0.6588 0.5804
vn -0.6588 0.4787 0.5804
vn -0.6588 -0.4787 0.5804
vn -0.4787 -0.6588 0.5804
vn 0.4787 0.6588 0.5804
vn -0.4204 0.5787 0.6988
vn 0.4205 -0.5787 0.6988
vn 0.4204 0.5787 0.6988
vn 0.2210 0.6803 0.6988
vn -0.4852 0.3525 0.8002
vn -0.5703 0.1853 0.8003
vn -0.1853 -0.5703 0.8002
vn -0.0000 -0.5996 0.8003
vn 0.1853 -0.5703 0.8002
vn -0.0000 0.5996 0.8003
vn -0.2767 0.3809 0.8823
vn -0.3808 0.2767 0.8823
vn -0.4708 -0.0000 0.8823
vn -0.2767 -0.3809 0.8823
vn -0.0000 -0.4707 0.8823
vn 0.3808 -0.2767 0.8823
vn 0.1961 -0.2698 0.9427
vn 0.1961 0.2699 0.9427
vn -0.1031 0.3173 0.9427
vn 0.1905 0.0619 0.9797
vn 0.0619 0.1905 0.9797
vn 0.0662 0.0236 -0.9975
vn 0.0604 0.0149 -0.9981
vn 0.0561 0.0126 -0.9983
vn 0.0674 0.0110 -0.9977
vn 0.0526 0.0092 -0.9986
vn 0.0631 0.0016 -0.9980
vn 0.0504 0.0048 -0.9987
vn 0.0626 0.0008 -0.9980
vn 0.0497 -0.0000 -0.9988
vn 0.0625 -0.0000 -0.9980
vn 0.0504 -0.0048 -0.9987
vn 0.0626 -0.0008 -0.9980
vn 0.0526 -0.0092 -0.9986
vn 0.0630 -0.0016 -0.9980
vn 0.0561 -0.0126 -0.9983
vn 0.0637 -0.0022 -0.9980
vn 0.0604 -0.0149 -0.9981
vn 0.0644 -0.0026 -0.9979
vn 0.0652 -0.0156 -0.9977
vn 0.0652 -0.0028 -0.9979
vn 0.0701 -0.0149 -0.9974
vn 0.0661 -0.0026 -0.9978
vn 0.0744 -0.0127 -0.9971
vn 0.0669 -0.0022 -0.9978
vn 0.0779 -0.0092 -0.9969
vn 0.0675 -0.0016 -0.9977
vn 0.0801 -0.0048 -0.9968
vn 0.0678 -0.0008 -0.9977
vn 0.0808 -0.0000 -0.9967
vn 0.0680 -0.0000 -0.9977
vn 0.0801 0.0048 -0.9968
vn 0.0678 0.0008 -0.9977
vn 0.0779 0.0092 -0.9969
vn 0.0675 0.0016 -0.9977
vn 0.0744 0.0127 -0.9971
vn 0.0669 0.0023 -0.9978
vn 0.0701 0.0149 -0.9974
vn 0.0598 0.0098 -0.9982
vn 0.0652 0.0156 -0.9977
vn 0.0570 0.0221 -0.9981
vn 0.0760 0.0183 -0.9969
vn 0.0915 0.0078 -0.9958
vn 0.0990 -0.0123 -0.9950
vn 0.1065 -0.0134 -0.9942
vn 0.1086 -0.0000 -0.9941
vn 0.1065 0.0134 -0.9942
vn 0.1003 0.0255 -0.9946
vn 0.0907 0.0351 -0.9953
vn 0.0786 0.0412 -0.9961
vn 0.0652 0.0434 -0.9969
vn 0.0518 0.0412 -0.9978
vn 0.0397 0.0350 -0.9986
vn 0.0301 0.0255 -0.9992
vn 0.0240 0.0134 -0.9996
vn 0.0219 -0.0000 -0.9998
vn 0.0240 -0.0134 -0.9996
vn 0.0302 -0.0254 -0.9992
vn 0.0370 -0.0221 -0.9991
vn 0.0379 -0.0007 -0.9993
vn 0.0493 0.0141 -0.9987
vn 0.0761 0.0183 -0.9969
vn 0.0879 -0.0103 -0.9961
vn 0.1258 -0.0072 -0.9920
vn 0.1471 -0.0270 -0.9888
vn 0.1550 -0.0293 -0.9875
vn 0.1597 -0.0000 -0.9872
vn 0.1551 0.0293 -0.9875
vn 0.1416 0.0557 -0.9883
vn 0.1206 0.0766 -0.9897
vn 0.0942 0.0899 -0.9915
vn 0.0650 0.0944 -0.9934
vn 0.0359 0.0897 -0.9953
vn 0.0096 0.0763 -0.9970
vn -0.0113 0.0554 -0.9984
vn -0.0245 0.0291 -0.9993
vn -0.0291 -0.0000 -0.9996
vn -0.0246 -0.0291 -0.9993
vn -0.0112 -0.0554 -0.9984
vn -0.0043 -0.0507 -0.9987
vn 0.0100 -0.0255 -0.9996
vn 0.0469 -0.0168 -0.9988
vn 0.1003 -0.0473 -0.9938
vn 0.1583 -0.0294 -0.9869
vn 0.1872 -0.0403 -0.9815
vn 0.1910 -0.0411 -0.9807
vn 0.1975 -0.0000 -0.9803
vn 0.1910 0.0411 -0.9807
vn 0.1721 0.0781 -0.9820
vn 0.1426 0.1073 -0.9839
vn 0.1056 0.1259 -0.9864
vn 0.0647 0.1322 -0.9891
vn 0.0240 0.1255 -0.9918
vn -0.0127 0.1066 -0.9942
vn -0.0417 0.0773 -0.9961
vn -0.0602 0.0406 -0.9974
vn -0.0666 -0.0000 -0.9978
vn -0.0602 -0.0406 -0.9974
vn -0.0417 -0.0773 -0.9961
vn -0.0384 -0.0755 -0.9964
vn -0.0142 -0.0564 -0.9983
vn 0.0463 -0.0556 -0.9974
vn 0.1079 -0.0707 -0.9916
vn 0.1775 -0.0424 -0.9832
vn 0.2101 -0.0475 -0.9765
vn 0.2116 -0.0478 -0.9762
vn 0.2189 -0.0000 -0.9758
vn 0.2116 0.0478 -0.9762
vn 0.1895 0.0909 -0.9777
vn 0.1552 0.1249 -0.9800
vn 0.1121 0.1466 -0.9828
vn 0.0645 0.1538 -0.9860
vn 0.0171 0.1460 -0.9891
vn -0.0255 0.1240 -0.9920
vn -0.0589 0.0897 -0.9942
vn -0.0808 0.0472 -0.9956
vn -0.0879 -0.0000 -0.9961
vn -0.0808 -0.0472 -0.9956
vn -0.0592 -0.0899 -0.9942
vn -0.0579 -0.0892 -0.9943
vn -0.0284 -0.0745 -0.9968
vn 0.0462 -0.0804 -0.9957
vn 0.1071 -0.0691 -0.9918
vn 0.1785 -0.0362 -0.9833
vn 0.2090 -0.0409 -0.9771
vn 0.2054 -0.0458 -0.9776
vn 0.2127 -0.0000 -0.9771
vn 0.2054 0.0458 -0.9776
vn 0.1842 0.0871 -0.9790
vn 0.1514 0.1197 -0.9812
vn 0.1101 0.1404 -0.9840
vn 0.0645 0.1472 -0.9870
vn 0.0191 0.1398 -0.9900
vn -0.0217 0.1188 -0.9927
vn -0.0539 0.0861 -0.9948
vn -0.0745 0.0452 -0.9962
vn -0.0818 -0.0000 -0.9966
vn -0.0746 -0.0452 -0.9962
vn -0.0540 -0.0861 -0.9948
vn -0.0588 -0.0826 -0.9948
vn -0.0313 -0.0690 -0.9971
vn 0.0465 -0.0780 -0.9959
vn 0.1071 -0.0691 -0.9919
vn 0.0897 -0.0150 -0.9959
vn 0.1452 0.0132 -0.9893
vn 0.1580 -0.0009 -0.9874
vn 0.1403 -0.0245 -0.9898
vn 0.1442 -0.0000 -0.9896
vn 0.1403 0.0245 -0.9898
vn 0.1290 0.0465 -0.9906
vn 0.1114 0.0640 -0.9917
vn 0.0894 0.0751 -0.9932
vn 0.0650 0.0789 -0.9948
vn 0.0407 0.0749 -0.9964
vn 0.0188 0.0637 -0.9978
vn 0.0014 0.0462 -0.9989
vn -0.0097 0.0243 -0.9997
vn -0.0136 -0.0000 -0.9999
vn -0.0097 -0.0243 -0.9997
vn 0.0014 -0.0462 -0.9989
vn -0.0224 -0.0294 -0.9993
vn -0.0149 -0.0122 -0.9998
vn 0.0466 -0.0218 -0.9987
vn 0.0896 -0.0150 -0.9959
vn 0.0164 0.2057 -0.9785
vn 0.0042 0.2023 -0.9793
vn -0.0280 0.1348 -0.9905
vn -0.0645 0.0443 -0.9969
vn -0.0613 -0.0000 -0.9981
vn -0.0552 -0.0391 -0.9977
vn -0.0373 -0.0743 -0.9965
vn -0.0095 -0.1024 -0.9947
vn 0.0258 -0.1206 -0.9924
vn 0.0649 -0.1269 -0.9898
vn 0.1042 -0.1208 -0.9872
vn 0.1397 -0.1029 -0.9848
vn 0.1678 -0.0748 -0.9830
vn 0.1859 -0.0393 -0.9818
vn 0.1922 -0.0000 -0.9814
vn 0.1859 0.0393 -0.9818
vn 0.1749 0.0826 -0.9811
vn 0.1115 0.1574 -0.9812
vn 0.0582 0.2109 -0.9758
vn 0.0459 0.2105 -0.9765
vn -0.3071 0.9516 -0.0116
vn -0.5910 0.8059 -0.0361
vn -0.8053 0.5848 -0.0970
vn -0.9473 0.3090 -0.0845
vn -0.9961 -0.0000 -0.0886
vn -0.9473 -0.3094 -0.0833
vn -0.8057 -0.5885 -0.0679
vn -0.5849 -0.8099 -0.0439
vn -0.3068 -0.9517 -0.0136
vn 0.0013 -0.9998 0.0198
vn 0.3087 -0.9497 0.0532
vn 0.5851 -0.8067 0.0832
vn 0.8038 -0.5852 0.1070
vn 0.9437 -0.3074 0.1222
vn 0.9918 -0.0000 0.1274
vn 0.9437 0.3074 0.1222
vn 0.8040 0.5851 0.1058
vn 0.5888 0.8064 0.0550
vn 0.3140 0.9474 0.0618
vn 0.0003 0.9998 0.0217
vn -0.2520 0.5643 0.7861
vn -0.4586 0.4611 0.7596
vn -0.6041 0.3502 0.7159
vn -0.6871 0.2060 0.6967
vn -0.7243 -0.0000 0.6895
vn -0.6906 -0.2089 0.6924
vn -0.5932 -0.3962 0.7008
vn -0.4426 -0.5428 0.7138
vn -0.2548 -0.6344 0.7298
vn -0.0491 -0.6627 0.7473
vn 0.1539 -0.6260 0.7645
vn 0.3347 -0.5293 0.7796
vn 0.4766 -0.3826 0.7915
vn 0.5669 -0.2005 0.7990
vn 0.5979 -0.0000 0.8016
vn 0.5669 0.2005 0.7990
vn 0.4737 0.3788 0.7950
vn 0.3557 0.4889 0.7966
vn 0.1874 0.5519 0.8125
vn -0.0370 0.5942 0.8035
vn -0.2088 0.4016 0.8917
vn -0.3733 0.3269 0.8682
vn -0.4800 0.2536 0.8398
vn -0.5324 0.1548 0.8322
vn -0.5324 -0.1548 0.8322
vn -0.4603 -0.2936 0.8378
vn -0.3488 -0.4024 0.8464
vn -0.2095 -0.4706 0.8571
vn -0.0568 -0.4919 0.8688
vn 0.0941 -0.4651 0.8803
vn 0.2287 -0.3935 0.8904
vn 0.3345 -0.2847 0.8984
vn 0.4019 -0.1493 0.9034
vn 0.4251 -0.0000 0.9052
vn 0.4019 0.1493 0.9034
vn 0.3345 0.2847 0.8984
vn 0.2579 0.3616 0.8959
vn 0.1364 0.4001 0.9063
vn -0.0407 0.4254 0.9041
vn -0.2087 0.4016 0.8917
vn -0.1861 0.3236 0.9277
vn -0.3260 0.2631 0.9080
vn -0.4166 0.2090 0.8847
vn -0.4604 0.1305 0.8781
vn -0.4814 -0.0000 0.8765
vn -0.4604 -0.1305 0.8781
vn -0.3998 -0.2476 0.8826
vn -0.3058 -0.3395 0.8895
vn -0.1883 -0.3973 0.8982
vn -0.0594 -0.4156 0.9076
vn 0.0682 -0.3932 0.9169
vn 0.1822 -0.3330 0.9252
vn 0.2719 -0.2410 0.9317
vn 0.3291 -0.1264 0.9358
vn 0.3488 -0.0000 0.9372
vn 0.3291 0.1264 0.9358
vn 0.2719 0.2410 0.9317
vn 0.2086 0.3015 0.9303
vn 0.1074 0.3265 0.9391
vn -0.0426 0.3444 0.9379
vn -0.1655 0.2552 0.9526
vn -0.2816 0.2101 0.9363
vn -0.3581 0.1725 0.9176
vn -0.3962 0.1090 0.9117
vn -0.4138 -0.0000 0.9104
vn -0.3964 -0.1090 0.9116
vn -0.3457 -0.2069 0.9153
vn -0.2673 -0.2839 0.9208
vn -0.1691 -0.3324 0.9279
vn -0.0613 -0.3480 0.9355
vn 0.0457 -0.3294 0.9431
vn 0.1413 -0.2791 0.9498
vn 0.2167 -0.2022 0.9551
vn 0.2648 -0.1061 0.9584
vn 0.2813 -0.0000 0.9596
vn 0.2648 0.1060 0.9585
vn 0.2167 0.2022 0.9551
vn 0.1626 0.2503 0.9544
vn 0.0791 0.2637 0.9614
vn -0.0442 0.2731 0.9610
vn -0.1654 0.2552 0.9526
vn -0.1446 0.1870 0.9717
vn -0.2324 0.1583 0.9596
vn -0.2942 0.1377 0.9458
vn -0.3307 0.0871 0.9397
vn -0.3443 -0.0000 0.9389
vn -0.3307 -0.0871 0.9397
vn -0.2904 -0.1655 0.9425
vn -0.2276 -0.2271 0.9469
vn -0.1492 -0.2663 0.9523
vn -0.0628 -0.2785 0.9584
vn 0.0230 -0.2642 0.9642
vn 0.1000 -0.2241 0.9694
vn 0.1602 -0.1622 0.9737
vn 0.1994 -0.0852 0.9762
vn 0.2122 -0.0000 0.9772
vn 0.1993 0.0852 0.9762
vn 0.1602 0.1622 0.9737
vn 0.1115 0.1990 0.9736
vn 0.0467 0.2004 0.9786
vn -0.0451 0.2019 0.9784
vn -0.1445 0.1870 0.9717
vn -0.1236 0.1268 0.9842
vn -0.1851 0.1191 0.9755
vn -0.2297 0.1071 0.9673
vn -0.2606 0.0640 0.9633
vn -0.2709 -0.0000 0.9626
vn -0.2606 -0.0640 0.9633
vn -0.2311 -0.1215 0.9653
vn -0.1851 -0.1669 0.9684
vn -0.1275 -0.1958 0.9723
vn -0.0639 -0.2053 0.9766
vn -0.0007 -0.1947 0.9809
vn 0.0560 -0.1653 0.9847
vn 0.1009 -0.1198 0.9877
vn 0.1296 -0.0629 0.9896
vn 0.1394 -0.0000 0.9902
vn 0.1296 0.0629 0.9896
vn 0.1009 0.1199 0.9876
vn 0.0590 0.1512 0.9867
vn 0.0131 0.1494 0.9887
vn -0.0478 0.1383 0.9892
vn -0.1012 0.0846 0.9913
vn -0.1387 0.0850 0.9867
vn -0.1654 0.0712 0.9837
vn -0.1834 0.0386 0.9823
vn -0.1895 -0.0000 0.9819
vn -0.1833 -0.0385 0.9823
vn -0.1656 -0.0733 0.9835
vn -0.1380 -0.1008 0.9853
vn -0.1032 -0.1183 0.9876
vn -0.0648 -0.1242 0.9901
vn -0.0265 -0.1178 0.9927
vn 0.0079 -0.1001 0.9949
vn 0.0352 -0.0727 0.9967
vn 0.0526 -0.0382 0.9979
vn 0.0587 -0.0000 0.9983
vn 0.0526 0.0382 0.9979
vn 0.0352 0.0727 0.9967
vn 0.0084 0.0980 0.9951
vn -0.0211 0.1031 0.9944
vn -0.0568 0.0914 0.9942
vn -0.1011 0.0846 0.9913
vn -0.0810 0.0489 0.9955
vn -0.0954 0.0416 0.9946
vn -0.1068 0.0302 0.9938
vn -0.1141 0.0159 0.9933
vn -0.1166 -0.0000 0.9932
vn -0.1141 -0.0159 0.9933
vn -0.1068 -0.0302 0.9938
vn -0.0954 -0.0416 0.9946
vn -0.0810 -0.0489 0.9955
vn -0.0652 -0.0514 0.9966
vn -0.0493 -0.0488 0.9976
vn -0.0350 -0.0415 0.9985
vn -0.0237 -0.0301 0.9993
vn -0.0164 -0.0158 0.9997
vn -0.0140 -0.0000 0.9999
vn -0.0165 0.0158 0.9997
vn -0.0237 0.0301 0.9993
vn -0.0350 0.0415 0.9985
vn -0.0493 0.0488 0.9976
vn -0.0652 0.0514 0.9966
vn -0.0701 0.0149 0.9974
vn -0.0745 0.0127 0.9971
vn -0.0779 0.0092 0.9969
vn -0.0801 0.0048 0.9968
vn -0.0808 -0.0000 0.9967
vn -0.0801 -0.0048 0.9968
vn -0.0779 -0.0092 0.9969
vn -0.0744 -0.0127 0.9971
vn -0.0701 -0.0148 0.9974
vn -0.0652 -0.0156 0.9977
vn -0.0604 -0.0149 0.9981
vn -0.0560 -0.0127 0.9983
vn -0.0526 -0.0092 0.9986
vn -0.0504 -0.0048 0.9987
vn -0.0496 -0.0000 0.9988
vn -0.0504 0.0048 0.9987
vn -0.0526 0.0092 0.9986
vn -0.0561 0.0126 0.9983
vn -0.0604 0.0148 0.9981
vn -0.0652 0.0156 0.9977
vn 0.0652 -0.0000 -0.9979
vn 0.0653 -0.0000 -0.9979
vn -0.0652 -0.0000 0.9979
vn -0.0653 -0.0000 0.9979
vn -0.3081 0.9510 -0.0240
vn -0.5860 0.8090 -0.0456
vn -0.8066 0.5878 -0.0628
vn -0.9482 0.3090 -0.0738
vn -0.9970 -0.0000 -0.0776
vn -0.9482 -0.3090 -0.0738
vn -0.8066 -0.5878 -0.0628
vn -0.5860 -0.8090 -0.0456
vn -0.3081 -0.9511 -0.0240
vn 0.3081 -0.9511 0.0240
vn 0.5860 -0.8090 0.0456
vn 0.8066 -0.5878 0.0628
vn 0.9482 -0.3090 0.0738
vn 0.9970 -0.0000 0.0776
vn 0.9482 0.3090 0.0738
vn 0.8066 0.5878 0.0628
vn 0.5860 0.8090 0.0456
vn 0.3081 0.9511 0.0240
vn -0.3081 0.9511 -0.0240
vn -0.3080 0.9511 -0.0240
vn -0.3119 0.9496 0.0306
vn -0.5894 0.8078 0.0090
vn -0.8096 0.5869 -0.0081
vn -0.9510 0.3086 -0.0191
vn -0.9997 -0.0000 -0.0229
vn -0.9510 -0.3086 -0.0191
vn -0.8096 -0.5869 -0.0081
vn -0.5894 -0.8078 0.0090
vn -0.3119 -0.9496 0.0306
vn -0.0042 -0.9985 0.0546
vn 0.3034 -0.9496 0.0785
vn 0.5809 -0.8078 0.1001
vn 0.8011 -0.5869 0.1172
vn 0.9425 -0.3086 0.1282
vn 0.9912 -0.0000 0.1320
vn 0.9425 0.3086 0.1282
vn 0.8011 0.5869 0.1172
vn 0.5809 0.8078 0.1001
vn 0.3034 0.9496 0.0785
vn -0.0042 0.9985 0.0546
vn -0.3118 0.9496 0.0306
vn -0.0826 0.0157 0.9965
vn -0.0872 0.0133 0.9961
vn -0.0776 -0.0000 0.9970
vn -0.0908 0.0097 0.9958
vn -0.0932 0.0051 0.9956
vn -0.0940 -0.0000 0.9956
vn -0.0932 -0.0051 0.9956
vn -0.0908 -0.0097 0.9958
vn -0.0872 -0.0133 0.9961
vn -0.0826 -0.0157 0.9965
vn -0.0776 -0.0165 0.9969
vn -0.0725 -0.0157 0.9972
vn -0.0679 -0.0133 0.9976
vn -0.0643 -0.0097 0.9979
vn -0.0619 -0.0051 0.9981
vn -0.0612 -0.0000 0.9981
vn -0.0619 0.0051 0.9981
vn -0.0643 0.0097 0.9979
vn -0.0679 0.0133 0.9976
vn -0.0725 0.0157 0.9972
vn -0.0776 0.0165 0.9969
vn -0.0712 0.3982 0.9146
vn -0.1938 0.3787 0.9050
vn -0.0543 0.7143 0.6977
vn -0.2744 0.6793 0.6806
vn -0.3145 0.8803 0.3551
vn -0.0293 0.9256 0.3773
vn -0.2743 0.6794 0.6805
vn -0.0543 0.7144 0.6977
vn -0.3045 0.3221 0.8964
vn -0.4729 0.5779 0.6652
vn -0.4729 0.5779 0.6651
vn -0.2744 0.6794 0.6806
vn -0.3146 0.8803 0.3551
vn -0.5718 0.7488 0.3351
vn -0.3923 0.2341 0.8895
vn -0.6304 0.4198 0.6529
vn -0.6305 0.4199 0.6528
vn -0.7759 0.5441 0.3192
vn -0.4487 0.1230 0.8852
vn -0.7316 0.2207 0.6450
vn -0.9070 0.2860 0.3090
vn -0.4682 -0.0000 0.8836
vn -0.7664 -0.0000 0.6423
vn -0.7665 -0.0000 0.6423
vn -0.9522 -0.0000 0.3055
vn -0.4487 -0.1230 0.8852
vn -0.7316 -0.2207 0.6450
vn -0.7316 -0.2208 0.6450
vn -0.9070 -0.2860 0.3091
vn -0.3923 -0.2340 0.8896
vn -0.6304 -0.4199 0.6529
vn -0.6305 -0.4199 0.6528
vn -0.7759 -0.5441 0.3192
vn -0.3045 -0.3221 0.8964
vn -0.4729 -0.5779 0.6652
vn -0.4729 -0.5779 0.6651
vn -0.5718 -0.7488 0.3351
vn -0.1938 -0.3787 0.9050
vn -0.2743 -0.6793 0.6806
vn -0.2744 -0.6794 0.6806
vn -0.3145 -0.8803 0.3551
vn -0.0712 -0.3982 0.9145
vn -0.0543 -0.7143 0.6977
vn -0.0294 -0.9256 0.3773
vn 0.0515 -0.3787 0.9241
vn 0.1658 -0.6793 0.7148
vn 0.1658 -0.6794 0.7148
vn 0.2558 -0.8803 0.3995
vn 0.1622 -0.3222 0.9327
vn 0.3643 -0.5779 0.7303
vn 0.5131 -0.7488 0.4196
vn 0.2500 -0.2341 0.9395
vn 0.5219 -0.4198 0.7426
vn 0.5219 -0.4199 0.7425
vn 0.7173 -0.5441 0.4353
vn 0.3064 -0.1230 0.9439
vn 0.6230 -0.2207 0.7504
vn 0.6231 -0.2207 0.7504
vn 0.8483 -0.2860 0.4456
vn 0.3258 -0.0000 0.9454
vn 0.6579 -0.0000 0.7531
vn 0.8934 -0.0000 0.4492
vn 0.3064 0.1231 0.9439
vn 0.6230 0.2207 0.7504
vn 0.6231 0.2208 0.7504
vn 0.8483 0.2860 0.4456
vn 0.2500 0.2341 0.9395
vn 0.5218 0.4199 0.7426
vn 0.5219 0.4199 0.7425
vn 0.7172 0.5441 0.4354
vn 0.1622 0.3222 0.9327
vn 0.3643 0.5779 0.7303
vn 0.5131 0.7488 0.4195
vn 0.0515 0.3787 0.9241
vn 0.1658 0.6794 0.7148
vn 0.2558 0.8803 0.3995
vn -0.3083 0.9510 -0.0214
vn -0.5862 0.8090 -0.0430
vn -0.5910 0.8004 0.1000
vn -0.3161 0.9409 0.1213
vn -0.5836 0.7748 0.2429
vn -0.3174 0.9108 0.2638
vn -0.5637 0.7328 0.3811
vn -0.3120 0.8615 0.4005
vn -0.5320 0.6756 0.5104
vn -0.3000 0.7942 0.5285
vn -0.4892 0.6042 0.6290
vn -0.2817 0.7102 0.6451
vn -0.4362 0.5202 0.7343
vn -0.2576 0.6116 0.7480
vn -0.3744 0.4257 0.8238
vn -0.2281 0.5005 0.8351
vn -0.3047 0.3224 0.8962
vn -0.1940 0.3792 0.9047
vn -0.2289 0.2127 0.9499
vn -0.1559 0.2503 0.9555
vn -0.1488 0.0991 0.9839
vn -0.1147 0.1164 0.9866
vn -0.0655 -0.0167 0.9977
vn -0.0711 -0.0197 0.9973
vn 0.0179 -0.1305 0.9913
vn -0.0269 -0.1533 0.9878
vn -0.8068 0.5878 -0.0601
vn -0.9484 0.3090 -0.0712
vn -0.9972 -0.0000 -0.0750
vn -0.9484 -0.3090 -0.0712
vn -0.8068 -0.5878 -0.0601
vn -0.5862 -0.8090 -0.0430
vn -0.3083 -0.9511 -0.0213
vn -0.0002 -1.0000 0.0026
vn 0.3079 -0.9511 0.0266
vn 0.5858 -0.8090 0.0482
vn 0.8064 -0.5878 0.0654
vn 0.9480 -0.3090 0.0764
vn 0.9968 -0.0000 0.0802
vn 0.9480 0.3090 0.0764
vn 0.8064 0.5878 0.0654
vn 0.5858 0.8090 0.0482
vn 0.3079 0.9511 0.0266
vn -0.0002 1.0000 0.0026
vn -0.3083 0.9511 -0.0214
vn 0.0235 -0.1380 0.9901
vn -0.0239 -0.1622 0.9865
vn 0.0535 -0.0948 0.9941
vn 0.0611 -0.1003 0.9931
vn 0.0763 -0.0498 0.9958
vn 0.0853 -0.0527 0.9950
vn 0.0842 -0.0000 0.9964
vn 0.0936 -0.0000 0.9956
vn 0.0763 0.0498 0.9958
vn 0.0853 0.0527 0.9950
vn 0.0535 0.0948 0.9941
vn 0.0611 0.1003 0.9931
vn 0.0179 0.1305 0.9913
vn 0.0235 0.1380 0.9901
vn -0.0269 0.1534 0.9878
vn -0.0239 0.1622 0.9865
vn -0.0766 0.1613 0.9839
vn -0.0764 0.1706 0.9824
vn -0.1262 0.1533 0.9801
vn -0.1290 0.1622 0.9783
vn -0.1710 0.1304 0.9766
vn -0.1764 0.1381 0.9746
vn -0.2066 0.0948 0.9738
vn -0.2140 0.1003 0.9717
vn -0.2295 0.0498 0.9720
vn -0.2382 0.0527 0.9698
vn -0.2373 -0.0000 0.9714
vn -0.2465 -0.0000 0.9691
vn -0.2295 -0.0498 0.9720
vn -0.2382 -0.0527 0.9698
vn -0.2066 -0.0948 0.9738
vn -0.2140 -0.1003 0.9717
vn -0.1711 -0.1305 0.9766
vn -0.1764 -0.1381 0.9746
vn -0.1262 -0.1533 0.9801
vn -0.1290 -0.1622 0.9783
vn -0.0766 -0.1612 0.9839
vn -0.0764 -0.1706 0.9824
vn -0.0269 -0.1534 0.9878
vn -0.0239 -0.1623 0.9865
vn -0.8093 0.5815 0.0830
vn -0.7948 0.5629 0.2266
vn -0.7635 0.5324 0.3656
vn -0.7161 0.4908 0.4963
vn -0.6540 0.4390 0.6161
vn -0.5780 0.3780 0.7232
vn -0.4902 0.3092 0.8149
vn -0.3928 0.2344 0.8892
vn -0.2869 0.1546 0.9454
vn -0.1757 0.0719 0.9818
vn -0.0607 -0.0123 0.9981
vn -0.9494 0.3057 0.0721
vn -0.9304 0.2960 0.2162
vn -0.8918 0.2799 0.3555
vn -0.8344 0.2580 0.4869
vn -0.7598 0.2308 0.6078
vn -0.6691 0.1987 0.7161
vn -0.5649 0.1626 0.8090
vn -0.4489 0.1231 0.8850
vn -0.3244 0.0813 0.9424
vn -0.1930 0.0378 0.9805
vn -0.0577 -0.0065 0.9983
vn -0.9977 -0.0000 0.0683
vn -0.9772 -0.0000 0.2125
vn -0.9360 -0.0000 0.3521
vn -0.8751 -0.0000 0.4840
vn -0.7961 -0.0000 0.6052
vn -0.7005 -0.0000 0.7136
vn -0.5906 -0.0000 0.8069
vn -0.4685 -0.0000 0.8835
vn -0.3374 -0.0000 0.9414
vn -0.1988 -0.0000 0.9800
vn -0.0568 -0.0000 0.9984
vn -0.9494 -0.3057 0.0721
vn -0.9304 -0.2959 0.2162
vn -0.8918 -0.2799 0.3555
vn -0.8344 -0.2580 0.4869
vn -0.7596 -0.2307 0.6081
vn -0.6691 -0.1987 0.7161
vn -0.5649 -0.1626 0.8090
vn -0.4492 -0.1232 0.8849
vn -0.3244 -0.0813 0.9424
vn -0.1930 -0.0378 0.9805
vn -0.0576 0.0065 0.9983
vn -0.8093 -0.5816 0.0829
vn -0.7948 -0.5629 0.2268
vn -0.7635 -0.5324 0.3655
vn -0.7161 -0.4908 0.4963
vn -0.6540 -0.4390 0.6162
vn -0.5780 -0.3779 0.7232
vn -0.4903 -0.3092 0.8149
vn -0.3926 -0.2343 0.8894
vn -0.2869 -0.1545 0.9454
vn -0.1757 -0.0719 0.9818
vn -0.0607 0.0123 0.9981
vn -0.5910 -0.8004 0.1000
vn -0.5836 -0.7748 0.2433
vn -0.5637 -0.7328 0.3811
vn -0.5321 -0.6756 0.5104
vn -0.4892 -0.6041 0.6290
vn -0.4362 -0.5202 0.7343
vn -0.3744 -0.4258 0.8237
vn -0.3046 -0.3224 0.8962
vn -0.2289 -0.2127 0.9499
vn -0.1488 -0.0991 0.9839
vn -0.0653 0.0169 0.9977
vn -0.3161 -0.9410 0.1212
vn -0.3173 -0.9108 0.2641
vn -0.3120 -0.8615 0.4006
vn -0.2999 -0.7943 0.5283
vn -0.2817 -0.7102 0.6452
vn -0.2575 -0.6116 0.7481
vn -0.2281 -0.5004 0.8352
vn -0.1940 -0.3792 0.9047
vn -0.1558 -0.2500 0.9556
vn -0.1147 -0.1164 0.9866
vn -0.0711 0.0198 0.9973
vn -0.0113 -0.9894 0.1450
vn -0.0223 -0.9577 0.2868
vn -0.0328 -0.9058 0.4225
vn -0.0427 -0.8349 0.5487
vn -0.0516 -0.7468 0.6630
vn -0.0594 -0.6434 0.7632
vn -0.0659 -0.5261 0.8478
vn -0.0711 -0.3988 0.9143
vn -0.0748 -0.2629 0.9619
vn -0.0770 -0.1221 0.9895
vn -0.0776 0.0207 0.9968
vn 0.2935 -0.9410 0.1686
vn 0.2727 -0.9108 0.3098
vn 0.2462 -0.8615 0.4440
vn 0.2146 -0.7942 0.5685
vn 0.1785 -0.7102 0.6810
vn 0.1387 -0.6117 0.7788
vn 0.0961 -0.5004 0.8604
vn 0.0517 -0.3791 0.9239
vn 0.0063 -0.2503 0.9681
vn -0.0393 -0.1163 0.9924
vn -0.0840 0.0199 0.9963
vn 0.5685 -0.8004 0.1903
vn 0.5389 -0.7748 0.3306
vn 0.4979 -0.7328 0.4637
vn 0.4467 -0.6756 0.5866
vn 0.3860 -0.6042 0.6971
vn 0.3176 -0.5205 0.7926
vn 0.2424 -0.4258 0.8718
vn 0.1626 -0.3227 0.9324
vn 0.0794 -0.2130 0.9738
vn -0.0053 -0.0990 0.9951
vn -0.0897 0.0168 0.9958
vn 0.7867 -0.5815 0.2071
vn 0.7502 -0.5630 0.3468
vn 0.6978 -0.5325 0.4791
vn 0.6307 -0.4907 0.6012
vn 0.5506 -0.4389 0.7100
vn 0.4592 -0.3780 0.8039
vn 0.3584 -0.3093 0.8808
vn 0.2505 -0.2344 0.9393
vn 0.1375 -0.1547 0.9783
vn 0.0218 -0.0720 0.9972
vn -0.0944 0.0123 0.9955
vn 0.9268 -0.3057 0.2179
vn 0.8858 -0.2960 0.3575
vn 0.8261 -0.2799 0.4891
vn 0.7490 -0.2580 0.6102
vn 0.6566 -0.2308 0.7181
vn 0.5502 -0.1987 0.8110
vn 0.4329 -0.1626 0.8867
vn 0.3072 -0.1233 0.9436
vn 0.1747 -0.0813 0.9813
vn 0.0392 -0.0379 0.9985
vn -0.0973 0.0064 0.9952
vn 0.9751 -0.0000 0.2220
vn 0.9325 -0.0000 0.3612
vn 0.8703 -0.0000 0.4926
vn 0.7897 -0.0000 0.6136
vn 0.6929 -0.0000 0.7210
vn 0.5819 -0.0000 0.8133
vn 0.4586 -0.0000 0.8886
vn 0.3264 -0.0000 0.9452
vn 0.1876 -0.0000 0.9822
vn 0.0449 -0.0000 0.9990
vn -0.0985 -0.0000 0.9951
vn 0.9268 0.3057 0.2179
vn 0.8858 0.2960 0.3575
vn 0.8261 0.2799 0.4891
vn 0.7490 0.2580 0.6102
vn 0.6566 0.2308 0.7181
vn 0.5502 0.1987 0.8110
vn 0.4329 0.1626 0.8867
vn 0.3068 0.1232 0.9438
vn 0.1744 0.0812 0.9813
vn 0.0392 0.0379 0.9985
vn -0.0973 -0.0064 0.9952
vn 0.7867 0.5815 0.2071
vn 0.7502 0.5630 0.3468
vn 0.6978 0.5325 0.4791
vn 0.6307 0.4907 0.6012
vn 0.5507 0.4389 0.7100
vn 0.4592 0.3780 0.8039
vn 0.3584 0.3092 0.8809
vn 0.2505 0.2343 0.9393
vn 0.1375 0.1547 0.9784
vn 0.0215 0.0718 0.9972
vn -0.0944 -0.0123 0.9955
vn 0.5685 0.8004 0.1903
vn 0.5389 0.7748 0.3306
vn 0.4979 0.7328 0.4637
vn 0.4467 0.6756 0.5866
vn 0.3860 0.6042 0.6971
vn 0.3174 0.5202 0.7929
vn 0.2423 0.4255 0.8719
vn 0.1624 0.3225 0.9325
vn 0.0794 0.2130 0.9738
vn -0.0053 0.0989 0.9951
vn -0.0897 -0.0168 0.9958
vn 0.2935 0.9410 0.1686
vn 0.2727 0.9108 0.3099
vn 0.2462 0.8615 0.4440
vn 0.2146 0.7942 0.5685
vn 0.1784 0.7100 0.6812
vn 0.1387 0.6114 0.7791
vn 0.0962 0.5006 0.8603
vn 0.0517 0.3792 0.9239
vn 0.0062 0.2503 0.9682
vn -0.0393 0.1164 0.9924
vn -0.0840 -0.0199 0.9963
vn -0.0113 0.9894 0.1450
vn -0.0223 0.9577 0.2868
vn -0.0328 0.9059 0.4222
vn -0.0427 0.8349 0.5487
vn -0.0516 0.7468 0.6630
vn -0.0594 0.6429 0.7637
vn -0.0660 0.5265 0.8476
vn -0.0711 0.3988 0.9143
vn -0.0748 0.2633 0.9618
vn -0.0770 0.1224 0.9895
vn -0.0776 -0.0207 0.9968
vn -0.3173 0.9109 0.2638
vn -0.3119 0.8616 0.4005
vn -0.2999 0.7942 0.5285
vn -0.2816 0.7103 0.6452
vn -0.2575 0.6117 0.7480
vn -0.1939 0.3792 0.9047
vn -0.0712 -0.0198 0.9973
vn -0.5858 0.8090 -0.0482
vn -0.3079 0.9510 -0.0266
vn -0.2935 0.9409 -0.1687
vn -0.5685 0.8004 -0.1903
vn -0.2728 0.9108 -0.3097
vn -0.5389 0.7748 -0.3306
vn -0.2462 0.8616 -0.4440
vn -0.4980 0.7329 -0.4636
vn -0.2146 0.7942 -0.5686
vn -0.4466 0.6755 -0.5867
vn -0.1785 0.7102 -0.6810
vn -0.3860 0.6041 -0.6972
vn -0.1388 0.6117 -0.7789
vn -0.3175 0.5203 -0.7928
vn -0.0962 0.5005 -0.8604
vn -0.2423 0.4256 -0.8719
vn -0.0517 0.3792 -0.9239
vn -0.1625 0.3225 -0.9325
vn -0.0063 0.2503 -0.9681
vn -0.0794 0.2129 -0.9738
vn 0.0393 0.1164 -0.9924
vn 0.0053 0.0990 -0.9951
vn 0.0840 -0.0197 -0.9963
vn 0.0899 -0.0171 -0.9958
vn 0.1262 -0.1533 -0.9801
vn 0.1711 -0.1305 -0.9766
vn -0.8064 0.5878 -0.0654
vn -0.9480 0.3090 -0.0764
vn -0.9968 -0.0000 -0.0802
vn -0.9480 -0.3090 -0.0764
vn -0.8064 -0.5878 -0.0654
vn -0.5858 -0.8090 -0.0482
vn -0.3079 -0.9511 -0.0266
vn 0.0002 -1.0000 -0.0026
vn 0.3083 -0.9511 0.0213
vn 0.5862 -0.8090 0.0430
vn 0.8068 -0.5878 0.0602
vn 0.9484 -0.3090 0.0711
vn 0.9972 -0.0000 0.0749
vn 0.9484 0.3090 0.0711
vn 0.8068 0.5878 0.0601
vn 0.5862 0.8090 0.0430
vn 0.3083 0.9511 0.0213
vn 0.0002 1.0000 -0.0026
vn -0.3079 0.9511 -0.0266
vn 0.1290 -0.1622 -0.9783
vn 0.1764 -0.1380 -0.9746
vn 0.2140 -0.1003 -0.9717
vn 0.2066 -0.0948 -0.9738
vn 0.2382 -0.0527 -0.9698
vn 0.2295 -0.0498 -0.9720
vn 0.2465 -0.0000 -0.9691
vn 0.2373 -0.0000 -0.9714
vn 0.2382 0.0527 -0.9698
vn 0.2295 0.0498 -0.9720
vn 0.2140 0.1003 -0.9717
vn 0.2066 0.0948 -0.9738
vn 0.1764 0.1380 -0.9746
vn 0.1711 0.1305 -0.9766
vn 0.1290 0.1622 -0.9783
vn 0.1262 0.1533 -0.9801
vn 0.0764 0.1707 -0.9824
vn 0.0766 0.1612 -0.9839
vn 0.0239 0.1622 -0.9865
vn 0.0269 0.1533 -0.9878
vn -0.0235 0.1380 -0.9902
vn -0.0179 0.1305 -0.9913
vn -0.0611 0.1003 -0.9931
vn -0.0535 0.0948 -0.9941
vn -0.0853 0.0527 -0.9950
vn -0.0763 0.0498 -0.9958
vn -0.0937 -0.0000 -0.9956
vn -0.0842 -0.0000 -0.9964
vn -0.0853 -0.0527 -0.9950
vn -0.0763 -0.0498 -0.9958
vn -0.0611 -0.1003 -0.9931
vn -0.0535 -0.0948 -0.9941
vn -0.0235 -0.1380 -0.9901
vn -0.0179 -0.1304 -0.9913
vn 0.0239 -0.1622 -0.9865
vn 0.0269 -0.1533 -0.9878
vn 0.0764 -0.1707 -0.9824
vn 0.0766 -0.1612 -0.9839
vn 0.1290 -0.1623 -0.9783
vn 0.0944 -0.0122 -0.9955
vn -0.0218 0.0720 -0.9972
vn -0.1375 0.1547 -0.9783
vn -0.2504 0.2343 -0.9393
vn -0.3583 0.3092 -0.8809
vn -0.4592 0.3779 -0.8040
vn -0.5506 0.4389 -0.7101
vn -0.6308 0.4908 -0.6010
vn -0.6978 0.5324 -0.4791
vn -0.7502 0.5629 -0.3469
vn -0.7867 0.5815 -0.2071
vn 0.0973 -0.0064 -0.9952
vn -0.0392 0.0379 -0.9985
vn -0.1744 0.0812 -0.9813
vn -0.3068 0.1232 -0.9438
vn -0.4329 0.1626 -0.8867
vn -0.5503 0.1987 -0.8110
vn -0.6565 0.2308 -0.7181
vn -0.7490 0.2580 -0.6102
vn -0.8261 0.2799 -0.4891
vn -0.8858 0.2960 -0.3574
vn -0.9268 0.3057 -0.2180
vn 0.0981 -0.0000 -0.9952
vn -0.0454 -0.0000 -0.9990
vn -0.1873 -0.0000 -0.9823
vn -0.3264 -0.0000 -0.9452
vn -0.4585 -0.0000 -0.8887
vn -0.5816 -0.0000 -0.8135
vn -0.6929 -0.0000 -0.7211
vn -0.7898 -0.0000 -0.6134
vn -0.8703 -0.0000 -0.4926
vn -0.9325 -0.0000 -0.3611
vn -0.9751 -0.0000 -0.2218
vn 0.0973 0.0064 -0.9952
vn -0.0392 -0.0379 -0.9985
vn -0.1749 -0.0814 -0.9812
vn -0.3068 -0.1232 -0.9438
vn -0.4329 -0.1626 -0.8867
vn -0.5503 -0.1987 -0.8110
vn -0.6565 -0.2308 -0.7181
vn -0.7490 -0.2580 -0.6102
vn -0.8261 -0.2799 -0.4891
vn -0.8858 -0.2960 -0.3574
vn -0.9268 -0.3057 -0.2180
vn 0.0944 0.0123 -0.9955
vn -0.0218 -0.0720 -0.9972
vn -0.1374 -0.1547 -0.9784
vn -0.2505 -0.2344 -0.9393
vn -0.3587 -0.3094 -0.8807
vn -0.4592 -0.3779 -0.8040
vn -0.5506 -0.4388 -0.7101
vn -0.6308 -0.4908 -0.6009
vn -0.6978 -0.5324 -0.4791
vn -0.7501 -0.5629 -0.3471
vn -0.7867 -0.5816 -0.2071
vn 0.0899 0.0171 -0.9958
vn 0.0053 -0.0990 -0.9951
vn -0.0793 -0.2129 -0.9739
vn -0.1625 -0.3225 -0.9325
vn -0.2423 -0.4256 -0.8718
vn -0.3175 -0.5203 -0.7928
vn -0.3861 -0.6042 -0.6971
vn -0.4466 -0.6755 -0.5868
vn -0.4979 -0.7328 -0.4637
vn -0.5389 -0.7748 -0.3306
vn -0.5686 -0.8004 -0.1899
vn 0.0840 0.0198 -0.9963
vn 0.0393 -0.1164 -0.9924
vn -0.0062 -0.2503 -0.9682
vn -0.0517 -0.3791 -0.9239
vn -0.0961 -0.5005 -0.8604
vn -0.1387 -0.6114 -0.7790
vn -0.1785 -0.7103 -0.6809
vn -0.2146 -0.7943 -0.5684
vn -0.2462 -0.8615 -0.4441
vn -0.2727 -0.9108 -0.3100
vn -0.2934 -0.9409 -0.1692
vn 0.0776 0.0207 -0.9968
vn 0.0770 -0.1224 -0.9895
vn 0.0748 -0.2628 -0.9619
vn 0.0711 -0.3988 -0.9143
vn 0.0660 -0.5264 -0.8477
vn 0.0594 -0.6430 -0.7635
vn 0.0516 -0.7467 -0.6632
vn 0.0427 -0.8350 -0.5486
vn 0.0329 -0.9059 -0.4222
vn 0.0223 -0.9577 -0.2869
vn 0.0113 -0.9894 -0.1450
vn 0.0711 0.0199 -0.9973
vn 0.1147 -0.1165 -0.9865
vn 0.1558 -0.2500 -0.9556
vn 0.1940 -0.3792 -0.9048
vn 0.2282 -0.5008 -0.8349
vn 0.2575 -0.6115 -0.7482
vn 0.2817 -0.7102 -0.6452
vn 0.2999 -0.7942 -0.5285
vn 0.3120 -0.8615 -0.4006
vn 0.3173 -0.9108 -0.2640
vn 0.3161 -0.9410 -0.1211
vn 0.0655 0.0167 -0.9977
vn 0.1486 -0.0989 -0.9839
vn 0.2291 -0.2130 -0.9498
vn 0.3046 -0.3223 -0.8963
vn 0.3744 -0.4259 -0.8237
vn 0.4363 -0.5203 -0.7342
vn 0.4892 -0.6041 -0.6291
vn 0.5320 -0.6755 -0.5105
vn 0.5637 -0.7329 -0.3810
vn 0.5836 -0.7748 -0.2432
vn 0.5910 -0.8004 -0.1000
vn 0.0607 0.0123 -0.9981
vn 0.1757 -0.0719 -0.9818
vn 0.2868 -0.1545 -0.9455
vn 0.3926 -0.2342 -0.8894
vn 0.4902 -0.3092 -0.8149
vn 0.5780 -0.3780 -0.7232
vn 0.6539 -0.4389 -0.6163
vn 0.7162 -0.4908 -0.4962
vn 0.7635 -0.5324 -0.3654
vn 0.7948 -0.5629 -0.2267
vn 0.8093 -0.5815 -0.0831
vn 0.0577 0.0065 -0.9983
vn 0.1930 -0.0378 -0.9805
vn 0.3241 -0.0812 -0.9425
vn 0.4491 -0.1232 -0.8849
vn 0.5649 -0.1626 -0.8090
vn 0.6692 -0.1987 -0.7160
vn 0.7597 -0.2308 -0.6079
vn 0.8343 -0.2580 -0.4872
vn 0.8919 -0.2800 -0.3552
vn 0.9304 -0.2960 -0.2160
vn 0.9494 -0.3057 -0.0718
vn 0.0568 -0.0000 -0.9984
vn 0.1991 -0.0000 -0.9800
vn 0.3369 -0.0000 -0.9415
vn 0.4686 -0.0000 -0.8834
vn 0.5907 -0.0000 -0.8069
vn 0.7005 -0.0000 -0.7136
vn 0.7962 -0.0000 -0.6051
vn 0.8751 -0.0000 -0.4840
vn 0.9361 -0.0000 -0.3518
vn 0.9772 -0.0000 -0.2123
vn 0.9977 -0.0000 -0.0683
vn 0.0577 -0.0065 -0.9983
vn 0.1930 0.0378 -0.9805
vn 0.3241 0.0812 -0.9425
vn 0.4491 0.1232 -0.8849
vn 0.5649 0.1626 -0.8090
vn 0.6692 0.1987 -0.7160
vn 0.7597 0.2308 -0.6079
vn 0.8343 0.2580 -0.4872
vn 0.8917 0.2799 -0.3556
vn 0.9304 0.2960 -0.2161
vn 0.9494 0.3057 -0.0722
vn 0.0607 -0.0123 -0.9981
vn 0.1757 0.0719 -0.9818
vn 0.2869 0.1546 -0.9454
vn 0.3928 0.2344 -0.8893
vn 0.4904 0.3093 -0.8148
vn 0.5780 0.3779 -0.7232
vn 0.6539 0.4389 -0.6163
vn 0.7162 0.4908 -0.4961
vn 0.7635 0.5324 -0.3655
vn 0.7948 0.5629 -0.2268
vn 0.8093 0.5815 -0.0830
vn 0.0653 -0.0170 -0.9977
vn 0.1488 0.0991 -0.9839
vn 0.2291 0.2130 -0.9498
vn 0.3046 0.3223 -0.8963
vn 0.3742 0.4255 -0.8240
vn 0.4363 0.5203 -0.7342
vn 0.4892 0.6042 -0.6290
vn 0.5320 0.6755 -0.5105
vn 0.5637 0.7328 -0.3810
vn 0.5836 0.7748 -0.2432
vn 0.5911 0.8004 -0.1000
vn 0.0711 -0.0198 -0.9973
vn 0.1146 0.1162 -0.9866
vn 0.1558 0.2500 -0.9556
vn 0.1940 0.3792 -0.9048
vn 0.2281 0.5005 -0.8351
vn 0.2575 0.6115 -0.7482
vn 0.2816 0.7100 -0.6454
vn 0.2999 0.7942 -0.5285
vn 0.3120 0.8615 -0.4006
vn 0.3173 0.9108 -0.2640
vn 0.3161 0.9410 -0.1211
vn 0.0776 -0.0208 -0.9968
vn 0.0770 0.1224 -0.9895
vn 0.0748 0.2629 -0.9619
vn 0.0712 0.3986 -0.9144
vn 0.0660 0.5262 -0.8478
vn 0.0594 0.6432 -0.7634
vn 0.0516 0.7467 -0.6632
vn 0.0427 0.8350 -0.5486
vn 0.0328 0.9059 -0.4222
vn 0.0223 0.9577 -0.2869
vn 0.0113 0.9893 -0.1453
vn 0.0839 -0.0198 -0.9963
vn -0.0062 0.2503 -0.9681
vn -0.1387 0.6117 -0.7789
vn -0.1784 0.7103 -0.6810
vn -0.2145 0.7942 -0.5686
vn -0.2727 0.9109 -0.3097
vn -0.2935 0.9410 -0.1687
vt 0.289091 0.688727
vt 0.289091 0.699818
vt 0.300182 0.699818
vt 0.300182 0.688727
vt 0.311273 0.699818
vt 0.311273 0.688727
vt 0.322363 0.699818
vt 0.322363 0.688727
vt 0.333454 0.699818
vt 0.333454 0.688727
vt 0.344545 0.699818
vt 0.344545 0.688727
vt 0.355636 0.699818
vt 0.355636 0.688727
vt 0.366727 0.699818
vt 0.366727 0.688727
vt 0.377818 0.699818
vt 0.377818 0.688727
vt 0.388909 0.699818
vt 0.388909 0.688727
vt 0.400000 0.699818
vt 0.400000 0.688727
vt 0.411091 0.699818
vt 0.411091 0.688727
vt 0.422182 0.699818
vt 0.422182 0.688727
vt 0.433273 0.699818
vt 0.433273 0.688727
vt 0.444364 0.699818
vt 0.444364 0.688727
vt 0.455455 0.699818
vt 0.455455 0.688727
vt 0.466546 0.699818
vt 0.466546 0.688727
vt 0.477637 0.699818
vt 0.477637 0.688727
vt 0.488728 0.699818
vt 0.488728 0.688727
vt 0.499819 0.699818
vt 0.499819 0.688727
vt 0.510909 0.699818
vt 0.510909 0.688727
vt 0.289091 0.677637
vt 0.300182 0.677637
vt 0.311273 0.677637
vt 0.322363 0.677637
vt 0.333454 0.677637
vt 0.344545 0.677637
vt 0.355636 0.677637
vt 0.366727 0.677637
vt 0.377818 0.677637
vt 0.388909 0.677637
vt 0.400000 0.677637
vt 0.411091 0.677637
vt 0.422182 0.677637
vt 0.433273 0.677637
vt 0.444364 0.677637
vt 0.455455 0.677637
vt 0.466546 0.677637
vt 0.477637 0.677637
vt 0.488728 0.677637
vt 0.499819 0.677637
vt 0.510909 0.677637
vt 0.289091 0.666546
vt 0.300182 0.666546
vt 0.311273 0.666546
vt 0.322363 0.666546
vt 0.333454 0.666546
vt 0.344545 0.666546
vt 0.355636 0.666546
vt 0.366727 0.666546
vt 0.377818 0.666546
vt 0.388909 0.666546
vt 0.400000 0.666546
vt 0.411091 0.666546
vt 0.422182 0.666546
vt 0.433273 0.666546
vt 0.444364 0.666546
vt 0.455455 0.666546
vt 0.466546 0.666546
vt 0.477637 0.666546
vt 0.488728 0.666546
vt 0.499819 0.666546
vt 0.510909 0.666546
vt 0.289091 0.655455
vt 0.300182 0.655455
vt 0.311273 0.655455
vt 0.322363 0.655455
vt 0.333454 0.655455
vt 0.344545 0.655455
vt 0.355636 0.655455
vt 0.366727 0.655455
vt 0.377818 0.655455
vt 0.388909 0.655455
vt 0.400000 0.655455
vt 0.411091 0.655455
vt 0.422182 0.655455
vt 0.433273 0.655455
vt 0.444364 0.655455
vt 0.455455 0.655455
vt 0.466546 0.655455
vt 0.477637 0.655455
vt 0.488728 0.655455
vt 0.499819 0.655455
vt 0.510909 0.655455
vt 0.289091 0.644364
vt 0.300182 0.644364
vt 0.311273 0.644364
vt 0.322363 0.644364
vt 0.333454 0.644364
vt 0.344545 0.644364
vt 0.355636 0.644364
vt 0.366727 0.644364
vt 0.377818 0.644364
vt 0.388909 0.644364
vt 0.400000 0.644364
vt 0.411091 0.644364
vt 0.422182 0.644364
vt 0.433273 0.644364
vt 0.444364 0.644364
vt 0.455455 0.644364
vt 0.466546 0.644364
vt 0.477637 0.644364
vt 0.488728 0.644364
vt 0.499819 0.644364
vt 0.510909 0.644364
vt 0.289091 0.633273
vt 0.300182 0.633273
vt 0.311273 0.633273
vt 0.322363 0.633273
vt 0.333454 0.633273
vt 0.344545 0.633273
vt 0.355636 0.633273
vt 0.366727 0.633273
vt 0.377818 0.633273
vt 0.388909 0.633273
vt 0.400000 0.633273
vt 0.411091 0.633273
vt 0.422182 0.633273
vt 0.433273 0.633273
vt 0.444364 0.633273
vt 0.455455 0.633273
vt 0.466546 0.633273
vt 0.477637 0.633273
vt 0.488728 0.633273
vt 0.499819 0.633273
vt 0.510909 0.633273
vt 0.289091 0.622182
vt 0.300182 0.622182
vt 0.311273 0.622182
vt 0.322363 0.622182
vt 0.333454 0.622182
vt 0.344545 0.622182
vt 0.355636 0.622182
vt 0.366727 0.622182
vt 0.377818 0.622182
vt 0.388909 0.622182
vt 0.400000 0.622182
vt 0.411091 0.622182
vt 0.422182 0.622182
vt 0.433273 0.622182
vt 0.444364 0.622182
vt 0.455455 0.622182
vt 0.466546 0.622182
vt 0.477637 0.622182
vt 0.488728 0.622182
vt 0.499819 0.622182
vt 0.510909 0.622182
vt 0.289091 0.611091
vt 0.300182 0.611091
vt 0.311273 0.611091
vt 0.322363 0.611091
vt 0.333454 0.611091
vt 0.344545 0.611091
vt 0.355636 0.611091
vt 0.366727 0.611091
vt 0.377818 0.611091
vt 0.388909 0.611091
vt 0.400000 0.611091
vt 0.411091 0.611091
vt 0.422182 0.611091
vt 0.433273 0.611091
vt 0.444364 0.611091
vt 0.455455 0.611091
vt 0.466546 0.611091
vt 0.477637 0.611091
vt 0.488728 0.611091
vt 0.499819 0.611091
vt 0.510909 0.611091
vt 0.289091 0.600000
vt 0.300182 0.600000
vt 0.311273 0.600000
vt 0.322363 0.600000
vt 0.333454 0.600000
vt 0.344545 0.600000
vt 0.355636 0.600000
vt 0.366727 0.600000
vt 0.377818 0.600000
vt 0.388909 0.600000
vt 0.400000 0.600000
vt 0.411091 0.600000
vt 0.422182 0.600000
vt 0.433273 0.600000
vt 0.444364 0.600000
vt 0.455455 0.600000
vt 0.466546 0.600000
vt 0.477637 0.600000
vt 0.488728 0.600000
vt 0.499819 0.600000
vt 0.510909 0.600000
vt 0.289091 0.588909
vt 0.300182 0.588909
vt 0.311273 0.588909
vt 0.322363 0.588909
vt 0.333454 0.588909
vt 0.344545 0.588909
vt 0.355636 0.588909
vt 0.366727 0.588909
vt 0.377818 0.588909
vt 0.388909 0.588909
vt 0.400000 0.588909
vt 0.411091 0.588909
vt 0.422182 0.588909
vt 0.433273 0.588909
vt 0.444364 0.588909
vt 0.455455 0.588909
vt 0.466546 0.588909
vt 0.477637 0.588909
vt 0.488728 0.588909
vt 0.499819 0.588909
vt 0.510909 0.588909
vt 0.289091 0.577818
vt 0.300182 0.577818
vt 0.311273 0.577818
vt 0.322363 0.577818
vt 0.333454 0.577818
vt 0.344545 0.577818
vt 0.355636 0.577818
vt 0.366727 0.577818
vt 0.377818 0.577818
vt 0.388909 0.577818
vt 0.400000 0.577818
vt 0.411091 0.577818
vt 0.422182 0.577818
vt 0.433273 0.577818
vt 0.444364 0.577818
vt 0.455455 0.577818
vt 0.466546 0.577818
vt 0.477637 0.577818
vt 0.488728 0.577818
vt 0.499819 0.577818
vt 0.510909 0.577818
vt 0.289091 0.566727
vt 0.300182 0.566727
vt 0.311273 0.566727
vt 0.322363 0.566727
vt 0.333454 0.566727
vt 0.344545 0.566727
vt 0.355636 0.566727
vt 0.366727 0.566727
vt 0.377818 0.566727
vt 0.388909 0.566727
vt 0.400000 0.566727
vt 0.411091 0.566727
vt 0.422182 0.566727
vt 0.433273 0.566727
vt 0.444364 0.566727
vt 0.455455 0.566727
vt 0.466546 0.566727
vt 0.477637 0.566727
vt 0.488728 0.566727
vt 0.499819 0.566727
vt 0.510909 0.566727
vt 0.289091 0.555636
vt 0.300182 0.555636
vt 0.311273 0.555636
vt 0.322363 0.555636
vt 0.333454 0.555636
vt 0.344545 0.555636
vt 0.355636 0.555636
vt 0.366727 0.555636
vt 0.377818 0.555636
vt 0.388909 0.555636
vt 0.400000 0.555636
vt 0.411091 0.555636
vt 0.422182 0.555636
vt 0.433273 0.555636
vt 0.444364 0.555636
vt 0.455455 0.555636
vt 0.466546 0.555636
vt 0.477637 0.555636
vt 0.488728 0.555636
vt 0.499819 0.555636
vt 0.510909 0.555636
vt 0.289091 0.544545
vt 0.300182 0.544545
vt 0.311273 0.544545
vt 0.322363 0.544545
vt 0.333454 0.544545
vt 0.344545 0.544545
vt 0.355636 0.544545
vt 0.366727 0.544545
vt 0.377818 0.544545
vt 0.388909 0.544545
vt 0.400000 0.544545
vt 0.411091 0.544545
vt 0.422182 0.544545
vt 0.433273 0.544545
vt 0.444364 0.544545
vt 0.455455 0.544545
vt 0.466546 0.544545
vt 0.477637 0.544545
vt 0.488728 0.544545
vt 0.499819 0.544545
vt 0.510909 0.544545
vt 0.289091 0.533454
vt 0.300182 0.533454
vt 0.311273 0.533454
vt 0.322363 0.533454
vt 0.333454 0.533454
vt 0.344545 0.533454
vt 0.355636 0.533454
vt 0.366727 0.533454
vt 0.377818 0.533454
vt 0.388909 0.533454
vt 0.400000 0.533454
vt 0.411091 0.533454
vt 0.422182 0.533454
vt 0.433273 0.533454
vt 0.444364 0.533454
vt 0.455455 0.533454
vt 0.466546 0.533454
vt 0.477637 0.533454
vt 0.488728 0.533454
vt 0.499819 0.533454
vt 0.510909 0.533454
vt 0.289091 0.522363
vt 0.300182 0.522363
vt 0.311273 0.522363
vt 0.322363 0.522363
vt 0.333454 0.522363
vt 0.344545 0.522363
vt 0.355636 0.522363
vt 0.366727 0.522363
vt 0.377818 0.522363
vt 0.388909 0.522363
vt 0.400000 0.522363
vt 0.411091 0.522363
vt 0.422182 0.522363
vt 0.433273 0.522363
vt 0.444364 0.522363
vt 0.455455 0.522363
vt 0.466546 0.522363
vt 0.477637 0.522363
vt 0.488728 0.522363
vt 0.499819 0.522363
vt 0.510909 0.522363
vt 0.289091 0.511272
vt 0.300182 0.511272
vt 0.311273 0.511272
vt 0.322363 0.511272
vt 0.333454 0.511272
vt 0.344545 0.511272
vt 0.355636 0.511272
vt 0.366727 0.511272
vt 0.377818 0.511272
vt 0.388909 0.511272
vt 0.400000 0.511272
vt 0.411091 0.511272
vt 0.422182 0.511272
vt 0.433273 0.511272
vt 0.444364 0.511272
vt 0.455455 0.511272
vt 0.466546 0.511272
vt 0.477637 0.511272
vt 0.488728 0.511272
vt 0.499819 0.511272
vt 0.510909 0.511272
vt 0.289091 0.500182
vt 0.300182 0.500182
vt 0.311273 0.500182
vt 0.322363 0.500182
vt 0.333454 0.500182
vt 0.344545 0.500182
vt 0.355636 0.500182
vt 0.366727 0.500182
vt 0.377818 0.500182
vt 0.388909 0.500182
vt 0.400000 0.500182
vt 0.411091 0.500182
vt 0.422182 0.500182
vt 0.433273 0.500182
vt 0.444364 0.500182
vt 0.455455 0.500182
vt 0.466546 0.500182
vt 0.477637 0.500182
vt 0.488728 0.500182
vt 0.499819 0.500182
vt 0.510909 0.500182
vt 0.294636 0.710909
vt 0.305727 0.710909
vt 0.316818 0.710909
vt 0.327909 0.710909
vt 0.339000 0.710909
vt 0.350091 0.710909
vt 0.361182 0.710909
vt 0.372273 0.710909
vt 0.383363 0.710909
vt 0.394454 0.710909
vt 0.405545 0.710909
vt 0.416636 0.710909
vt 0.427727 0.710909
vt 0.438818 0.710909
vt 0.449909 0.710909
vt 0.461000 0.710909
vt 0.472091 0.710909
vt 0.483182 0.710909
vt 0.494273 0.710909
vt 0.505364 0.710909
vt 0.294636 0.489091
vt 0.305727 0.489091
vt 0.316818 0.489091
vt 0.327909 0.489091
vt 0.339000 0.489091
vt 0.350091 0.489091
vt 0.361182 0.489091
vt 0.372273 0.489091
vt 0.383363 0.489091
vt 0.394454 0.489091
vt 0.405545 0.489091
vt 0.416636 0.489091
vt 0.427727 0.489091
vt 0.438818 0.489091
vt 0.449909 0.489091
vt 0.461000 0.489091
vt 0.472091 0.489091
vt 0.483182 0.489091
vt 0.494273 0.489091
vt 0.505364 0.489091
vt 0.527419 0.878065
vt 0.527419 0.900323
vt 0.549677 0.900323
vt 0.549677 0.878065
vt 0.571935 0.900323
vt 0.571935 0.878065
vt 0.594193 0.900323
vt 0.594193 0.878065
vt 0.616451 0.900323
vt 0.616451 0.878065
vt 0.638709 0.900323
vt 0.638709 0.878065
vt 0.660968 0.900323
vt 0.660968 0.878065
vt 0.683226 0.900323
vt 0.683226 0.878065
vt 0.705484 0.900323
vt 0.705484 0.878065
vt 0.727742 0.900323
vt 0.727742 0.878065
vt 0.750000 0.900323
vt 0.750000 0.878065
vt 0.772258 0.900323
vt 0.772258 0.878065
vt 0.794516 0.900323
vt 0.794516 0.878065
vt 0.816774 0.900323
vt 0.816774 0.878065
vt 0.839032 0.900323
vt 0.839032 0.878065
vt 0.861291 0.900323
vt 0.861291 0.878065
vt 0.883549 0.900323
vt 0.883549 0.878065
vt 0.905807 0.900323
vt 0.905807 0.878065
vt 0.928065 0.900323
vt 0.928065 0.878065
vt 0.950323 0.900323
vt 0.950323 0.878065
vt 0.972581 0.900323
vt 0.972581 0.878065
vt 0.527419 0.855807
vt 0.549677 0.855807
vt 0.571935 0.855807
vt 0.594193 0.855807
vt 0.616451 0.855807
vt 0.638709 0.855807
vt 0.660968 0.855807
vt 0.683226 0.855807
vt 0.705484 0.855807
vt 0.727742 0.855807
vt 0.750000 0.855807
vt 0.772258 0.855807
vt 0.794516 0.855807
vt 0.816774 0.855807
vt 0.839032 0.855807
vt 0.861291 0.855807
vt 0.883549 0.855807
vt 0.905807 0.855807
vt 0.928065 0.855807
vt 0.950323 0.855807
vt 0.972581 0.855807
vt 0.527419 0.833549
vt 0.549677 0.833549
vt 0.571935 0.833549
vt 0.594193 0.833549
vt 0.616451 0.833549
vt 0.638709 0.833549
vt 0.660968 0.833549
vt 0.683226 0.833549
vt 0.705484 0.833549
vt 0.727742 0.833549
vt 0.750000 0.833549
vt 0.772258 0.833549
vt 0.794516 0.833549
vt 0.816774 0.833549
vt 0.839032 0.833549
vt 0.861291 0.833549
vt 0.883549 0.833549
vt 0.905807 0.833549
vt 0.928065 0.833549
vt 0.950323 0.833549
vt 0.972581 0.833549
vt 0.527419 0.811291
vt 0.549677 0.811291
vt 0.571935 0.811291
vt 0.594193 0.811291
vt 0.616451 0.811291
vt 0.638709 0.811291
vt 0.660968 0.811291
vt 0.683226 0.811291
vt 0.705484 0.811291
vt 0.727742 0.811291
vt 0.750000 0.811291
vt 0.772258 0.811291
vt 0.794516 0.811291
vt 0.816774 0.811291
vt 0.839032 0.811291
vt 0.861291 0.811291
vt 0.883549 0.811291
vt 0.905807 0.811291
vt 0.928065 0.811291
vt 0.950323 0.811291
vt 0.972581 0.811291
vt 0.527419 0.789032
vt 0.549677 0.789032
vt 0.571935 0.789032
vt 0.594193 0.789032
vt 0.616451 0.789032
vt 0.638709 0.789032
vt 0.660968 0.789032
vt 0.683226 0.789032
vt 0.705484 0.789032
vt 0.727742 0.789032
vt 0.750000 0.789032
vt 0.772258 0.789032
vt 0.794516 0.789032
vt 0.816774 0.789032
vt 0.839032 0.789032
vt 0.861291 0.789032
vt 0.883549 0.789032
vt 0.905807 0.789032
vt 0.928065 0.789032
vt 0.950323 0.789032
vt 0.972581 0.789032
vt 0.527419 0.766774
vt 0.549677 0.766774
vt 0.571935 0.766774
vt 0.594193 0.766774
vt 0.616451 0.766774
vt 0.638709 0.766774
vt 0.660968 0.766774
vt 0.683226 0.766774
vt 0.705484 0.766774
vt 0.727742 0.766774
vt 0.750000 0.766774
vt 0.772258 0.766774
vt 0.794516 0.766774
vt 0.816774 0.766774
vt 0.839032 0.766774
vt 0.861291 0.766774
vt 0.883549 0.766774
vt 0.905807 0.766774
vt 0.928065 0.766774
vt 0.950323 0.766774
vt 0.972581 0.766774
vt 0.527419 0.744516
vt 0.549677 0.744516
vt 0.571935 0.744516
vt 0.594193 0.744516
vt 0.616451 0.744516
vt 0.638709 0.744516
vt 0.660968 0.744516
vt 0.683226 0.744516
vt 0.705484 0.744516
vt 0.727742 0.744516
vt 0.750000 0.744516
vt 0.772258 0.744516
vt 0.794516 0.744516
vt 0.816774 0.744516
vt 0.839032 0.744516
vt 0.861291 0.744516
vt 0.883549 0.744516
vt 0.905807 0.744516
vt 0.928065 0.744516
vt 0.950323 0.744516
vt 0.972581 0.744516
vt 0.527419 0.722258
vt 0.549677 0.722258
vt 0.571935 0.722258
vt 0.594193 0.722258
vt 0.616451 0.722258
vt 0.638709 0.722258
vt 0.660968 0.722258
vt 0.683226 0.722258
vt 0.705484 0.722258
vt 0.727742 0.722258
vt 0.750000 0.722258
vt 0.772258 0.722258
vt 0.794516 0.722258
vt 0.816774 0.722258
vt 0.839032 0.722258
vt 0.861291 0.722258
vt 0.883549 0.722258
vt 0.905807 0.722258
vt 0.928065 0.722258
vt 0.950323 0.722258
vt 0.972581 0.722258
vt 0.527419 0.700000
vt 0.549677 0.700000
vt 0.571935 0.700000
vt 0.594193 0.700000
vt 0.616451 0.700000
vt 0.638709 0.700000
vt 0.660968 0.700000
vt 0.683226 0.700000
vt 0.705484 0.700000
vt 0.727742 0.700000
vt 0.750000 0.700000
vt 0.772258 0.700000
vt 0.794516 0.700000
vt 0.816774 0.700000
vt 0.839032 0.700000
vt 0.861291 0.700000
vt 0.883549 0.700000
vt 0.905807 0.700000
vt 0.928065 0.700000
vt 0.950323 0.700000
vt 0.972581 0.700000
vt 0.527419 0.677742
vt 0.549677 0.677742
vt 0.571935 0.677742
vt 0.594193 0.677742
vt 0.616451 0.677742
vt 0.638709 0.677742
vt 0.660968 0.677742
vt 0.683226 0.677742
vt 0.705484 0.677742
vt 0.727742 0.677742
vt 0.750000 0.677742
vt 0.772258 0.677742
vt 0.794516 0.677742
vt 0.816774 0.677742
vt 0.839032 0.677742
vt 0.861291 0.677742
vt 0.883549 0.677742
vt 0.905807 0.677742
vt 0.928065 0.677742
vt 0.950323 0.677742
vt 0.972581 0.677742
vt 0.527419 0.655484
vt 0.549677 0.655484
vt 0.571935 0.655484
vt 0.594193 0.655484
vt 0.616451 0.655484
vt 0.638709 0.655484
vt 0.660968 0.655484
vt 0.683226 0.655484
vt 0.705484 0.655484
vt 0.727742 0.655484
vt 0.750000 0.655484
vt 0.772258 0.655484
vt 0.794516 0.655484
vt 0.816774 0.655484
vt 0.839032 0.655484
vt 0.861291 0.655484
vt 0.883549 0.655484
vt 0.905807 0.655484
vt 0.928065 0.655484
vt 0.950323 0.655484
vt 0.972581 0.655484
vt 0.527419 0.633226
vt 0.549677 0.633226
vt 0.571935 0.633226
vt 0.594193 0.633226
vt 0.616451 0.633226
vt 0.638709 0.633226
vt 0.660968 0.633226
vt 0.683226 0.633226
vt 0.705484 0.633226
vt 0.727742 0.633226
vt 0.750000 0.633226
vt 0.772258 0.633226
vt 0.794516 0.633226
vt 0.816774 0.633226
vt 0.839032 0.633226
vt 0.861291 0.633226
vt 0.883549 0.633226
vt 0.905807 0.633226
vt 0.928065 0.633226
vt 0.950323 0.633226
vt 0.972581 0.633226
vt 0.527419 0.610968
vt 0.549677 0.610968
vt 0.571935 0.610968
vt 0.594193 0.610968
vt 0.616451 0.610968
vt 0.638709 0.610968
vt 0.660968 0.610968
vt 0.683226 0.610968
vt 0.705484 0.610968
vt 0.727742 0.610968
vt 0.750000 0.610968
vt 0.772258 0.610968
vt 0.794516 0.610968
vt 0.816774 0.610968
vt 0.839032 0.610968
vt 0.861291 0.610968
vt 0.883549 0.610968
vt 0.905807 0.610968
vt 0.928065 0.610968
vt 0.950323 0.610968
vt 0.972581 0.610968
vt 0.527419 0.588709
vt 0.549677 0.588709
vt 0.571935 0.588709
vt 0.594193 0.588709
vt 0.616451 0.588709
vt 0.638709 0.588709
vt 0.660968 0.588709
vt 0.683226 0.588709
vt 0.705484 0.588709
vt 0.727742 0.588709
vt 0.750000 0.588709
vt 0.772258 0.588709
vt 0.794516 0.588709
vt 0.816774 0.588709
vt 0.839032 0.588709
vt 0.861291 0.588709
vt 0.883549 0.588709
vt 0.905807 0.588709
vt 0.928065 0.588709
vt 0.950323 0.588709
vt 0.972581 0.588709
vt 0.527419 0.566451
vt 0.549677 0.566451
vt 0.571935 0.566451
vt 0.594193 0.566451
vt 0.616451 0.566451
vt 0.638709 0.566451
vt 0.660968 0.566451
vt 0.683226 0.566451
vt 0.705484 0.566451
vt 0.727742 0.566451
vt 0.750000 0.566451
vt 0.772258 0.566451
vt 0.794516 0.566451
vt 0.816774 0.566451
vt 0.839032 0.566451
vt 0.861291 0.566451
vt 0.883549 0.566451
vt 0.905807 0.566451
vt 0.928065 0.566451
vt 0.950323 0.566451
vt 0.972581 0.566451
vt 0.527419 0.544193
vt 0.549677 0.544193
vt 0.571935 0.544193
vt 0.594193 0.544193
vt 0.616451 0.544193
vt 0.638709 0.544193
vt 0.660968 0.544193
vt 0.683226 0.544193
vt 0.705484 0.544193
vt 0.727742 0.544193
vt 0.750000 0.544193
vt 0.772258 0.544193
vt 0.794516 0.544193
vt 0.816774 0.544193
vt 0.839032 0.544193
vt 0.861291 0.544193
vt 0.883549 0.544193
vt 0.905807 0.544193
vt 0.928065 0.544193
vt 0.950323 0.544193
vt 0.972581 0.544193
vt 0.527419 0.533064
vt 0.534838 0.521935
vt 0.527419 0.521935
vt 0.549677 0.533064
vt 0.557096 0.521935
vt 0.549677 0.521935
vt 0.571935 0.533064
vt 0.579354 0.521935
vt 0.571935 0.521935
vt 0.594193 0.533064
vt 0.601612 0.521935
vt 0.594193 0.521935
vt 0.616451 0.533064
vt 0.623871 0.521935
vt 0.616451 0.521935
vt 0.638709 0.533064
vt 0.646129 0.521935
vt 0.638709 0.521935
vt 0.660968 0.533064
vt 0.668387 0.521935
vt 0.660968 0.521935
vt 0.683226 0.533064
vt 0.690645 0.521935
vt 0.683226 0.521935
vt 0.705484 0.533064
vt 0.712903 0.521935
vt 0.705484 0.521935
vt 0.727742 0.533064
vt 0.735161 0.521935
vt 0.727742 0.521935
vt 0.750000 0.533064
vt 0.757419 0.521935
vt 0.750000 0.521935
vt 0.772258 0.533064
vt 0.779677 0.521935
vt 0.772258 0.521935
vt 0.794516 0.533064
vt 0.801936 0.521935
vt 0.794516 0.521935
vt 0.816774 0.533064
vt 0.824194 0.521935
vt 0.816774 0.521935
vt 0.839032 0.533064
vt 0.846452 0.521935
vt 0.839032 0.521935
vt 0.861291 0.533064
vt 0.868710 0.521935
vt 0.861291 0.521935
vt 0.883549 0.533064
vt 0.890968 0.521935
vt 0.883549 0.521935
vt 0.905807 0.533064
vt 0.913226 0.521935
vt 0.905807 0.521935
vt 0.928065 0.533064
vt 0.935484 0.521935
vt 0.928065 0.521935
vt 0.965162 0.521935
vt 0.972581 0.533064
vt 0.972581 0.521935
vt 0.527419 0.514516
vt 0.549677 0.514516
vt 0.571935 0.514516
vt 0.594193 0.514516
vt 0.616451 0.514516
vt 0.638709 0.514516
vt 0.660968 0.514516
vt 0.683226 0.514516
vt 0.705484 0.514516
vt 0.727742 0.514516
vt 0.750000 0.514516
vt 0.772258 0.514516
vt 0.794516 0.514516
vt 0.816774 0.514516
vt 0.839032 0.514516
vt 0.861291 0.514516
vt 0.883549 0.514516
vt 0.905807 0.514516
vt 0.928065 0.514516
vt 0.972581 0.514516
vt 0.538548 0.922581
vt 0.560806 0.922581
vt 0.583064 0.922581
vt 0.605322 0.922581
vt 0.627580 0.922581
vt 0.649838 0.922581
vt 0.672097 0.922581
vt 0.694355 0.922581
vt 0.716613 0.922581
vt 0.738871 0.922581
vt 0.761129 0.922581
vt 0.783387 0.922581
vt 0.805645 0.922581
vt 0.827903 0.922581
vt 0.850161 0.922581
vt 0.872420 0.922581
vt 0.894678 0.922581
vt 0.916936 0.922581
vt 0.939194 0.922581
vt 0.961452 0.922581
vt 0.527419 0.499677
vt 0.534838 0.499677
vt 0.531128 0.492258
vt 0.549677 0.499677
vt 0.557096 0.499677
vt 0.553387 0.492258
vt 0.571935 0.499677
vt 0.579354 0.499677
vt 0.575645 0.492258
vt 0.594193 0.499677
vt 0.601612 0.499677
vt 0.597903 0.492258
vt 0.616451 0.499677
vt 0.623871 0.499677
vt 0.620161 0.492258
vt 0.638709 0.499677
vt 0.646129 0.499677
vt 0.642419 0.492258
vt 0.660968 0.499677
vt 0.668387 0.499677
vt 0.664677 0.492258
vt 0.683226 0.499677
vt 0.690645 0.499677
vt 0.686935 0.492258
vt 0.705484 0.499677
vt 0.712903 0.499677
vt 0.709193 0.492258
vt 0.727742 0.499677
vt 0.735161 0.499677
vt 0.731452 0.492258
vt 0.750000 0.499677
vt 0.757419 0.499677
vt 0.753710 0.492258
vt 0.772258 0.499677
vt 0.779677 0.499677
vt 0.775968 0.492258
vt 0.794516 0.499677
vt 0.801936 0.499677
vt 0.798226 0.492258
vt 0.816774 0.499677
vt 0.824194 0.499677
vt 0.820484 0.492258
vt 0.839032 0.499677
vt 0.846452 0.499677
vt 0.842742 0.492258
vt 0.861291 0.499677
vt 0.868710 0.499677
vt 0.865000 0.492258
vt 0.883549 0.499677
vt 0.890968 0.499677
vt 0.887258 0.492258
vt 0.905807 0.499677
vt 0.913226 0.499677
vt 0.909517 0.492258
vt 0.928065 0.499677
vt 0.935484 0.499677
vt 0.931775 0.492258
vt 0.968872 0.492258
vt 0.965162 0.499677
vt 0.972581 0.499677
vt 0.542257 0.521935
vt 0.950323 0.521935
vt 0.957742 0.521935
vt 0.950323 0.514516
vt 0.950323 0.533064
vt 0.564516 0.521935
vt 0.527419 0.507096
vt 0.586774 0.521935
vt 0.549677 0.507096
vt 0.609032 0.521935
vt 0.571935 0.507096
vt 0.631290 0.521935
vt 0.594193 0.507096
vt 0.653548 0.521935
vt 0.616451 0.507096
vt 0.675806 0.521935
vt 0.638709 0.507096
vt 0.698064 0.521935
vt 0.660968 0.507096
vt 0.720323 0.521935
vt 0.683226 0.507096
vt 0.742581 0.521935
vt 0.705484 0.507096
vt 0.764839 0.521935
vt 0.727742 0.507096
vt 0.787097 0.521935
vt 0.750000 0.507096
vt 0.809355 0.521935
vt 0.772258 0.507096
vt 0.831613 0.521935
vt 0.794516 0.507096
vt 0.853871 0.521935
vt 0.816774 0.507096
vt 0.876129 0.521935
vt 0.839032 0.507096
vt 0.898387 0.521935
vt 0.861291 0.507096
vt 0.920646 0.521935
vt 0.883549 0.507096
vt 0.942904 0.521935
vt 0.905807 0.507096
vt 0.972581 0.507096
vt 0.928065 0.507096
vt 0.542257 0.499677
vt 0.545967 0.492258
vt 0.950323 0.499677
vt 0.957742 0.499677
vt 0.954033 0.492258
vt 0.950323 0.507096
vt 0.564516 0.499677
vt 0.568225 0.492258
vt 0.534838 0.484838
vt 0.542257 0.484838
vt 0.538548 0.477419
vt 0.586774 0.499677
vt 0.590483 0.492258
vt 0.557096 0.484838
vt 0.564516 0.484838
vt 0.560806 0.477419
vt 0.609032 0.499677
vt 0.612742 0.492258
vt 0.579354 0.484838
vt 0.586774 0.484838
vt 0.583064 0.477419
vt 0.631290 0.499677
vt 0.635000 0.492258
vt 0.601612 0.484838
vt 0.609032 0.484838
vt 0.605322 0.477419
vt 0.653548 0.499677
vt 0.657258 0.492258
vt 0.623871 0.484838
vt 0.631290 0.484838
vt 0.627580 0.477419
vt 0.675806 0.499677
vt 0.679516 0.492258
vt 0.646129 0.484838
vt 0.653548 0.484838
vt 0.649838 0.477419
vt 0.698064 0.499677
vt 0.701774 0.492258
vt 0.668387 0.484838
vt 0.675806 0.484838
vt 0.672097 0.477419
vt 0.720323 0.499677
vt 0.724032 0.492258
vt 0.690645 0.484838
vt 0.698064 0.484838
vt 0.694355 0.477419
vt 0.742581 0.499677
vt 0.746290 0.492258
vt 0.712903 0.484838
vt 0.720323 0.484838
vt 0.716613 0.477419
vt 0.764839 0.499677
vt 0.768548 0.492258
vt 0.735161 0.484838
vt 0.742581 0.484838
vt 0.738871 0.477419
vt 0.787097 0.499677
vt 0.790806 0.492258
vt 0.757419 0.484838
vt 0.764839 0.484838
vt 0.761129 0.477419
vt 0.809355 0.499677
vt 0.813065 0.492258
vt 0.779677 0.484838
vt 0.787097 0.484838
vt 0.783387 0.477419
vt 0.831613 0.499677
vt 0.835323 0.492258
vt 0.801936 0.484838
vt 0.809355 0.484838
vt 0.805645 0.477419
vt 0.853871 0.499677
vt 0.857581 0.492258
vt 0.824194 0.484838
vt 0.831613 0.484838
vt 0.827903 0.477419
vt 0.876129 0.499677
vt 0.879839 0.492258
vt 0.846452 0.484838
vt 0.853871 0.484838
vt 0.850161 0.477419
vt 0.898387 0.499677
vt 0.902097 0.492258
vt 0.868710 0.484838
vt 0.876129 0.484838
vt 0.872420 0.477419
vt 0.920646 0.499677
vt 0.924355 0.492258
vt 0.890968 0.484838
vt 0.898387 0.484838
vt 0.894678 0.477419
vt 0.942904 0.499677
vt 0.946613 0.492258
vt 0.913226 0.484838
vt 0.920646 0.484838
vt 0.916936 0.477419
vt 0.957742 0.484838
vt 0.965162 0.484838
vt 0.961452 0.477419
vt 0.935484 0.484838
vt 0.942904 0.484838
vt 0.939194 0.477419
vt 0.660967 0.900323
vt 0.660967 0.878065
vt 0.861290 0.900323
vt 0.861290 0.878065
vt 0.883548 0.900323
vt 0.883548 0.878065
vt 0.660967 0.855807
vt 0.861290 0.855807
vt 0.883548 0.855807
vt 0.660967 0.833549
vt 0.861290 0.833549
vt 0.883548 0.833549
vt 0.660967 0.811291
vt 0.861290 0.811291
vt 0.883548 0.811291
vt 0.660967 0.789032
vt 0.861290 0.789032
vt 0.883548 0.789032
vt 0.660967 0.766774
vt 0.861290 0.766774
vt 0.883548 0.766774
vt 0.660967 0.744516
vt 0.861290 0.744516
vt 0.883548 0.744516
vt 0.660967 0.722258
vt 0.861290 0.722258
vt 0.883548 0.722258
vt 0.660967 0.700000
vt 0.861290 0.700000
vt 0.883548 0.700000
vt 0.660967 0.677742
vt 0.861290 0.677742
vt 0.883548 0.677742
vt 0.660967 0.655484
vt 0.861290 0.655484
vt 0.883548 0.655484
vt 0.660967 0.633226
vt 0.861290 0.633226
vt 0.883548 0.633226
vt 0.660967 0.610968
vt 0.861290 0.610968
vt 0.883548 0.610968
vt 0.660967 0.588709
vt 0.861290 0.588709
vt 0.883548 0.588709
vt 0.660967 0.566451
vt 0.861290 0.566451
vt 0.883548 0.566451
vt 0.660967 0.544193
vt 0.861290 0.544193
vt 0.883548 0.544193
vt 0.660967 0.521935
vt 0.861290 0.521935
vt 0.883548 0.521935
vt 0.660967 0.499677
vt 0.861290 0.499677
vt 0.883548 0.499677
vt 0.538548 0.922581
vt 0.560806 0.922581
vt 0.583064 0.922581
vt 0.605322 0.922581
vt 0.627580 0.922581
vt 0.649838 0.922581
vt 0.672097 0.922581
vt 0.694355 0.922581
vt 0.716613 0.922581
vt 0.738871 0.922581
vt 0.761129 0.922581
vt 0.783387 0.922581
vt 0.805645 0.922581
vt 0.827903 0.922581
vt 0.850162 0.922581
vt 0.872419 0.922581
vt 0.894678 0.922581
vt 0.916936 0.922581
vt 0.939194 0.922581
vt 0.961452 0.922581
vt 0.850162 0.477419
vt 0.872419 0.477419
vt 0.600805 0.369356
vt 0.600805 0.384276
vt 0.615725 0.384276
vt 0.615725 0.369356
vt 0.630644 0.384276
vt 0.630644 0.369356
vt 0.645564 0.384276
vt 0.645564 0.369356
vt 0.660483 0.384276
vt 0.660483 0.369356
vt 0.675403 0.384276
vt 0.675403 0.369356
vt 0.690322 0.384276
vt 0.690322 0.369356
vt 0.705242 0.384276
vt 0.705242 0.369356
vt 0.720161 0.384276
vt 0.720161 0.369356
vt 0.735081 0.384276
vt 0.735081 0.369356
vt 0.750000 0.384276
vt 0.750000 0.369356
vt 0.764920 0.384276
vt 0.764920 0.369356
vt 0.779839 0.384276
vt 0.779839 0.369356
vt 0.794759 0.384276
vt 0.794759 0.369356
vt 0.809678 0.384276
vt 0.809678 0.369356
vt 0.824597 0.384276
vt 0.824597 0.369356
vt 0.839517 0.384276
vt 0.839517 0.369356
vt 0.854437 0.384276
vt 0.854437 0.369356
vt 0.869356 0.384276
vt 0.869356 0.369356
vt 0.884276 0.384276
vt 0.884276 0.369356
vt 0.899195 0.384276
vt 0.899195 0.369356
vt 0.600805 0.354436
vt 0.615725 0.354436
vt 0.630644 0.354436
vt 0.645564 0.354436
vt 0.660483 0.354436
vt 0.675403 0.354436
vt 0.690322 0.354436
vt 0.705242 0.354436
vt 0.720161 0.354436
vt 0.735081 0.354436
vt 0.750000 0.354436
vt 0.764920 0.354436
vt 0.779839 0.354436
vt 0.794759 0.354436
vt 0.809678 0.354436
vt 0.824597 0.354436
vt 0.839517 0.354436
vt 0.854437 0.354436
vt 0.869356 0.354436
vt 0.884276 0.354436
vt 0.899195 0.354436
vt 0.600805 0.339517
vt 0.615725 0.339517
vt 0.630644 0.339517
vt 0.645564 0.339517
vt 0.660483 0.339517
vt 0.675403 0.339517
vt 0.690322 0.339517
vt 0.705242 0.339517
vt 0.720161 0.339517
vt 0.735081 0.339517
vt 0.750000 0.339517
vt 0.764920 0.339517
vt 0.779839 0.339517
vt 0.794759 0.339517
vt 0.809678 0.339517
vt 0.824597 0.339517
vt 0.839517 0.339517
vt 0.854437 0.339517
vt 0.869356 0.339517
vt 0.884276 0.339517
vt 0.899195 0.339517
vt 0.600805 0.324597
vt 0.615725 0.324597
vt 0.630644 0.324597
vt 0.645564 0.324597
vt 0.660483 0.324597
vt 0.675403 0.324597
vt 0.690322 0.324597
vt 0.705242 0.324597
vt 0.720161 0.324597
vt 0.735081 0.324597
vt 0.750000 0.324597
vt 0.764920 0.324597
vt 0.779839 0.324597
vt 0.794759 0.324597
vt 0.809678 0.324597
vt 0.824597 0.324597
vt 0.839517 0.324597
vt 0.854437 0.324597
vt 0.869356 0.324597
vt 0.884276 0.324597
vt 0.899195 0.324597
vt 0.600805 0.309678
vt 0.615725 0.309678
vt 0.630644 0.309678
vt 0.645564 0.309678
vt 0.660483 0.309678
vt 0.675403 0.309678
vt 0.690322 0.309678
vt 0.705242 0.309678
vt 0.720161 0.309678
vt 0.735081 0.309678
vt 0.750000 0.309678
vt 0.764920 0.309678
vt 0.779839 0.309678
vt 0.794759 0.309678
vt 0.809678 0.309678
vt 0.824597 0.309678
vt 0.839517 0.309678
vt 0.854437 0.309678
vt 0.869356 0.309678
vt 0.884276 0.309678
vt 0.899195 0.309678
vt 0.600805 0.294758
vt 0.615725 0.294758
vt 0.630644 0.294758
vt 0.645564 0.294758
vt 0.660483 0.294758
vt 0.675403 0.294758
vt 0.690322 0.294758
vt 0.705242 0.294758
vt 0.720161 0.294758
vt 0.735081 0.294758
vt 0.750000 0.294758
vt 0.764920 0.294758
vt 0.779839 0.294758
vt 0.794759 0.294758
vt 0.809678 0.294758
vt 0.824597 0.294758
vt 0.839517 0.294758
vt 0.854437 0.294758
vt 0.869356 0.294758
vt 0.884276 0.294758
vt 0.899195 0.294758
vt 0.600805 0.279839
vt 0.615725 0.279839
vt 0.630644 0.279839
vt 0.645564 0.279839
vt 0.660483 0.279839
vt 0.675403 0.279839
vt 0.690322 0.279839
vt 0.705242 0.279839
vt 0.720161 0.279839
vt 0.735081 0.279839
vt 0.750000 0.279839
vt 0.764920 0.279839
vt 0.779839 0.279839
vt 0.794759 0.279839
vt 0.809678 0.279839
vt 0.824597 0.279839
vt 0.839517 0.279839
vt 0.854437 0.279839
vt 0.869356 0.279839
vt 0.884276 0.279839
vt 0.899195 0.279839
vt 0.600805 0.264920
vt 0.615725 0.264920
vt 0.630644 0.264920
vt 0.645564 0.264920
vt 0.660483 0.264920
vt 0.675403 0.264920
vt 0.690322 0.264920
vt 0.705242 0.264920
vt 0.720161 0.264920
vt 0.735081 0.264920
vt 0.750000 0.264920
vt 0.764920 0.264920
vt 0.779839 0.264920
vt 0.794759 0.264920
vt 0.809678 0.264920
vt 0.824597 0.264920
vt 0.839517 0.264920
vt 0.854437 0.264920
vt 0.869356 0.264920
vt 0.884276 0.264920
vt 0.899195 0.264920
vt 0.600805 0.250000
vt 0.615725 0.250000
vt 0.630644 0.250000
vt 0.645564 0.250000
vt 0.660483 0.250000
vt 0.675403 0.250000
vt 0.690322 0.250000
vt 0.705242 0.250000
vt 0.720161 0.250000
vt 0.735081 0.250000
vt 0.750000 0.250000
vt 0.764920 0.250000
vt 0.779839 0.250000
vt 0.794759 0.250000
vt 0.809678 0.250000
vt 0.824597 0.250000
vt 0.839517 0.250000
vt 0.854437 0.250000
vt 0.869356 0.250000
vt 0.884276 0.250000
vt 0.899195 0.250000
vt 0.600805 0.235080
vt 0.615725 0.235080
vt 0.630644 0.235080
vt 0.645564 0.235080
vt 0.660483 0.235080
vt 0.675403 0.235080
vt 0.690322 0.235080
vt 0.705242 0.235080
vt 0.720161 0.235080
vt 0.735081 0.235080
vt 0.750000 0.235080
vt 0.764920 0.235080
vt 0.779839 0.235080
vt 0.794759 0.235080
vt 0.809678 0.235080
vt 0.824597 0.235080
vt 0.839517 0.235080
vt 0.854437 0.235080
vt 0.869356 0.235080
vt 0.884276 0.235080
vt 0.899195 0.235080
vt 0.600805 0.220161
vt 0.615725 0.220161
vt 0.630644 0.220161
vt 0.645564 0.220161
vt 0.660483 0.220161
vt 0.675403 0.220161
vt 0.690322 0.220161
vt 0.705242 0.220161
vt 0.720161 0.220161
vt 0.735081 0.220161
vt 0.750000 0.220161
vt 0.764920 0.220161
vt 0.779839 0.220161
vt 0.794759 0.220161
vt 0.809678 0.220161
vt 0.824597 0.220161
vt 0.839517 0.220161
vt 0.854437 0.220161
vt 0.869356 0.220161
vt 0.884276 0.220161
vt 0.899195 0.220161
vt 0.600805 0.205241
vt 0.615725 0.205241
vt 0.630644 0.205241
vt 0.645564 0.205241
vt 0.660483 0.205241
vt 0.675403 0.205241
vt 0.690322 0.205241
vt 0.705242 0.205241
vt 0.720161 0.205241
vt 0.735081 0.205241
vt 0.750000 0.205241
vt 0.764920 0.205241
vt 0.779839 0.205241
vt 0.794759 0.205241
vt 0.809678 0.205241
vt 0.824597 0.205241
vt 0.839517 0.205241
vt 0.854437 0.205241
vt 0.869356 0.205241
vt 0.884276 0.205241
vt 0.899195 0.205241
vt 0.600805 0.190322
vt 0.615725 0.190322
vt 0.630644 0.190322
vt 0.645564 0.190322
vt 0.660483 0.190322
vt 0.675403 0.190322
vt 0.690322 0.190322
vt 0.705242 0.190322
vt 0.720161 0.190322
vt 0.735081 0.190322
vt 0.750000 0.190322
vt 0.764920 0.190322
vt 0.779839 0.190322
vt 0.794759 0.190322
vt 0.809678 0.190322
vt 0.824597 0.190322
vt 0.839517 0.190322
vt 0.854437 0.190322
vt 0.869356 0.190322
vt 0.884276 0.190322
vt 0.899195 0.190322
vt 0.600805 0.175403
vt 0.615725 0.175403
vt 0.630644 0.175403
vt 0.645564 0.175403
vt 0.660483 0.175403
vt 0.675403 0.175403
vt 0.690322 0.175403
vt 0.705242 0.175403
vt 0.720161 0.175403
vt 0.735081 0.175403
vt 0.750000 0.175403
vt 0.764920 0.175403
vt 0.779839 0.175403
vt 0.794759 0.175403
vt 0.809678 0.175403
vt 0.824597 0.175403
vt 0.839517 0.175403
vt 0.854437 0.175403
vt 0.869356 0.175403
vt 0.884276 0.175403
vt 0.899195 0.175403
vt 0.600805 0.160483
vt 0.615725 0.160483
vt 0.630644 0.160483
vt 0.645564 0.160483
vt 0.660483 0.160483
vt 0.675403 0.160483
vt 0.690322 0.160483
vt 0.705242 0.160483
vt 0.720161 0.160483
vt 0.735081 0.160483
vt 0.750000 0.160483
vt 0.764920 0.160483
vt 0.779839 0.160483
vt 0.794759 0.160483
vt 0.809678 0.160483
vt 0.824597 0.160483
vt 0.839517 0.160483
vt 0.854437 0.160483
vt 0.869356 0.160483
vt 0.884276 0.160483
vt 0.899195 0.160483
vt 0.600805 0.145563
vt 0.615725 0.145563
vt 0.630644 0.145563
vt 0.645564 0.145563
vt 0.660483 0.145563
vt 0.675403 0.145563
vt 0.690322 0.145563
vt 0.705242 0.145563
vt 0.720161 0.145563
vt 0.735081 0.145563
vt 0.750000 0.145563
vt 0.764920 0.145563
vt 0.779839 0.145563
vt 0.794759 0.145563
vt 0.809678 0.145563
vt 0.824597 0.145563
vt 0.839517 0.145563
vt 0.854437 0.145563
vt 0.869356 0.145563
vt 0.884276 0.145563
vt 0.899195 0.145563
vt 0.600805 0.130644
vt 0.615725 0.130644
vt 0.630644 0.130644
vt 0.645564 0.130644
vt 0.660483 0.130644
vt 0.675403 0.130644
vt 0.690322 0.130644
vt 0.705242 0.130644
vt 0.720161 0.130644
vt 0.735081 0.130644
vt 0.750000 0.130644
vt 0.764920 0.130644
vt 0.779839 0.130644
vt 0.794759 0.130644
vt 0.809678 0.130644
vt 0.824597 0.130644
vt 0.839517 0.130644
vt 0.854437 0.130644
vt 0.869356 0.130644
vt 0.884276 0.130644
vt 0.899195 0.130644
vt 0.600805 0.115725
vt 0.615725 0.115725
vt 0.630644 0.115725
vt 0.645564 0.115725
vt 0.660483 0.115725
vt 0.675403 0.115725
vt 0.690322 0.115725
vt 0.705242 0.115725
vt 0.720161 0.115725
vt 0.735081 0.115725
vt 0.750000 0.115725
vt 0.764920 0.115725
vt 0.779839 0.115725
vt 0.794759 0.115725
vt 0.809678 0.115725
vt 0.824597 0.115725
vt 0.839517 0.115725
vt 0.854437 0.115725
vt 0.869356 0.115725
vt 0.884276 0.115725
vt 0.899195 0.115725
vt 0.608265 0.399195
vt 0.623184 0.399195
vt 0.638104 0.399195
vt 0.653023 0.399195
vt 0.667943 0.399195
vt 0.682862 0.399195
vt 0.697782 0.399195
vt 0.712701 0.399195
vt 0.727621 0.399195
vt 0.742540 0.399195
vt 0.757460 0.399195
vt 0.772379 0.399195
vt 0.787299 0.399195
vt 0.802218 0.399195
vt 0.817138 0.399195
vt 0.832057 0.399195
vt 0.846977 0.399195
vt 0.861896 0.399195
vt 0.876816 0.399195
vt 0.891735 0.399195
vt 0.608265 0.100805
vt 0.623184 0.100805
vt 0.638104 0.100805
vt 0.653023 0.100805
vt 0.667943 0.100805
vt 0.682862 0.100805
vt 0.697782 0.100805
vt 0.712701 0.100805
vt 0.727621 0.100805
vt 0.742540 0.100805
vt 0.757460 0.100805
vt 0.772379 0.100805
vt 0.787299 0.100805
vt 0.802218 0.100805
vt 0.817138 0.100805
vt 0.832057 0.100805
vt 0.846977 0.100805
vt 0.861896 0.100805
vt 0.876816 0.100805
vt 0.891735 0.100805
vt 0.115176 0.397859
vt 0.115176 0.416341
vt 0.133659 0.416341
vt 0.133659 0.397859
vt 0.152141 0.416341
vt 0.152141 0.397859
vt 0.170624 0.416341
vt 0.170624 0.397859
vt 0.189106 0.416341
vt 0.189106 0.397859
vt 0.207588 0.416341
vt 0.207588 0.397859
vt 0.226070 0.416341
vt 0.226070 0.397859
vt 0.244553 0.416341
vt 0.244553 0.397859
vt 0.263035 0.416341
vt 0.263035 0.397859
vt 0.281518 0.416341
vt 0.281518 0.397859
vt 0.300000 0.416341
vt 0.300000 0.397859
vt 0.318482 0.416341
vt 0.318482 0.397859
vt 0.336965 0.416341
vt 0.336965 0.397859
vt 0.355447 0.416341
vt 0.355447 0.397859
vt 0.373930 0.416341
vt 0.373930 0.397859
vt 0.392412 0.416341
vt 0.392412 0.397859
vt 0.410894 0.416341
vt 0.410894 0.397859
vt 0.429377 0.416341
vt 0.429377 0.397859
vt 0.447859 0.416341
vt 0.447859 0.397859
vt 0.466341 0.416341
vt 0.466341 0.397859
vt 0.484824 0.416341
vt 0.484824 0.397859
vt 0.115176 0.379377
vt 0.133659 0.379377
vt 0.152141 0.379377
vt 0.170624 0.379377
vt 0.189106 0.379377
vt 0.207588 0.379377
vt 0.226070 0.379377
vt 0.244553 0.379377
vt 0.263035 0.379377
vt 0.281518 0.379377
vt 0.300000 0.379377
vt 0.318482 0.379377
vt 0.336965 0.379377
vt 0.355447 0.379377
vt 0.373930 0.379377
vt 0.392412 0.379377
vt 0.410894 0.379377
vt 0.429377 0.379377
vt 0.447859 0.379377
vt 0.466341 0.379377
vt 0.484824 0.379377
vt 0.115176 0.360894
vt 0.133659 0.360894
vt 0.152141 0.360894
vt 0.170624 0.360894
vt 0.189106 0.360894
vt 0.207588 0.360894
vt 0.226070 0.360894
vt 0.244553 0.360894
vt 0.263035 0.360894
vt 0.281518 0.360894
vt 0.300000 0.360894
vt 0.318482 0.360894
vt 0.336965 0.360894
vt 0.355447 0.360894
vt 0.373930 0.360894
vt 0.392412 0.360894
vt 0.410894 0.360894
vt 0.429377 0.360894
vt 0.447859 0.360894
vt 0.466341 0.360894
vt 0.484824 0.360894
vt 0.115176 0.342412
vt 0.133659 0.342412
vt 0.152141 0.342412
vt 0.170624 0.342412
vt 0.189106 0.342412
vt 0.207588 0.342412
vt 0.226070 0.342412
vt 0.244553 0.342412
vt 0.263035 0.342412
vt 0.281518 0.342412
vt 0.300000 0.342412
vt 0.318482 0.342412
vt 0.336965 0.342412
vt 0.355447 0.342412
vt 0.373930 0.342412
vt 0.392412 0.342412
vt 0.410894 0.342412
vt 0.429377 0.342412
vt 0.447859 0.342412
vt 0.466341 0.342412
vt 0.484824 0.342412
vt 0.115176 0.323929
vt 0.133659 0.323929
vt 0.152141 0.323929
vt 0.170624 0.323929
vt 0.189106 0.323929
vt 0.207588 0.323929
vt 0.226070 0.323929
vt 0.244553 0.323929
vt 0.263035 0.323929
vt 0.281518 0.323929
vt 0.300000 0.323929
vt 0.318482 0.323929
vt 0.336965 0.323929
vt 0.355447 0.323929
vt 0.373930 0.323929
vt 0.392412 0.323929
vt 0.410894 0.323929
vt 0.429377 0.323929
vt 0.447859 0.323929
vt 0.466341 0.323929
vt 0.484824 0.323929
vt 0.115176 0.305447
vt 0.133659 0.305447
vt 0.152141 0.305447
vt 0.170624 0.305447
vt 0.189106 0.305447
vt 0.207588 0.305447
vt 0.226070 0.305447
vt 0.244553 0.305447
vt 0.263035 0.305447
vt 0.281518 0.305447
vt 0.300000 0.305447
vt 0.318482 0.305447
vt 0.336965 0.305447
vt 0.355447 0.305447
vt 0.373930 0.305447
vt 0.392412 0.305447
vt 0.410894 0.305447
vt 0.429377 0.305447
vt 0.447859 0.305447
vt 0.466341 0.305447
vt 0.484824 0.305447
vt 0.115176 0.286965
vt 0.133659 0.286965
vt 0.152141 0.286965
vt 0.170624 0.286965
vt 0.189106 0.286965
vt 0.207588 0.286965
vt 0.226070 0.286965
vt 0.244553 0.286965
vt 0.263035 0.286965
vt 0.281518 0.286965
vt 0.300000 0.286965
vt 0.318482 0.286965
vt 0.336965 0.286965
vt 0.355447 0.286965
vt 0.373930 0.286965
vt 0.392412 0.286965
vt 0.410894 0.286965
vt 0.429377 0.286965
vt 0.447859 0.286965
vt 0.466341 0.286965
vt 0.484824 0.286965
vt 0.115176 0.268482
vt 0.133659 0.268482
vt 0.152141 0.268482
vt 0.170624 0.268482
vt 0.189106 0.268482
vt 0.207588 0.268482
vt 0.226070 0.268482
vt 0.244553 0.268482
vt 0.263035 0.268482
vt 0.281518 0.268482
vt 0.300000 0.268482
vt 0.318482 0.268482
vt 0.336965 0.268482
vt 0.355447 0.268482
vt 0.373930 0.268482
vt 0.392412 0.268482
vt 0.410894 0.268482
vt 0.429377 0.268482
vt 0.447859 0.268482
vt 0.466341 0.268482
vt 0.484824 0.268482
vt 0.115176 0.250000
vt 0.133659 0.250000
vt 0.152141 0.250000
vt 0.170624 0.250000
vt 0.189106 0.250000
vt 0.207588 0.250000
vt 0.226070 0.250000
vt 0.244553 0.250000
vt 0.263035 0.250000
vt 0.281518 0.250000
vt 0.300000 0.250000
vt 0.318482 0.250000
vt 0.336965 0.250000
vt 0.355447 0.250000
vt 0.373930 0.250000
vt 0.392412 0.250000
vt 0.410894 0.250000
vt 0.429377 0.250000
vt 0.447859 0.250000
vt 0.466341 0.250000
vt 0.484824 0.250000
vt 0.115176 0.231518
vt 0.133659 0.231518
vt 0.152141 0.231518
vt 0.170624 0.231518
vt 0.189106 0.231518
vt 0.207588 0.231518
vt 0.226070 0.231518
vt 0.244553 0.231518
vt 0.263035 0.231518
vt 0.281518 0.231518
vt 0.300000 0.231518
vt 0.318482 0.231518
vt 0.336965 0.231518
vt 0.355447 0.231518
vt 0.373930 0.231518
vt 0.392412 0.231518
vt 0.410894 0.231518
vt 0.429377 0.231518
vt 0.447859 0.231518
vt 0.466341 0.231518
vt 0.484824 0.231518
vt 0.115176 0.213035
vt 0.133659 0.213035
vt 0.152141 0.213035
vt 0.170624 0.213035
vt 0.189106 0.213035
vt 0.207588 0.213035
vt 0.226070 0.213035
vt 0.244553 0.213035
vt 0.263035 0.213035
vt 0.281518 0.213035
vt 0.300000 0.213035
vt 0.318482 0.213035
vt 0.336965 0.213035
vt 0.355447 0.213035
vt 0.373930 0.213035
vt 0.392412 0.213035
vt 0.410894 0.213035
vt 0.429377 0.213035
vt 0.447859 0.213035
vt 0.466341 0.213035
vt 0.484824 0.213035
vt 0.115176 0.194553
vt 0.133659 0.194553
vt 0.152141 0.194553
vt 0.170624 0.194553
vt 0.189106 0.194553
vt 0.207588 0.194553
vt 0.226070 0.194553
vt 0.244553 0.194553
vt 0.263035 0.194553
vt 0.281518 0.194553
vt 0.300000 0.194553
vt 0.318482 0.194553
vt 0.336965 0.194553
vt 0.355447 0.194553
vt 0.373930 0.194553
vt 0.392412 0.194553
vt 0.410894 0.194553
vt 0.429377 0.194553
vt 0.447859 0.194553
vt 0.466341 0.194553
vt 0.484824 0.194553
vt 0.115176 0.176071
vt 0.133659 0.176071
vt 0.152141 0.176071
vt 0.170624 0.176071
vt 0.189106 0.176071
vt 0.207588 0.176071
vt 0.226070 0.176071
vt 0.244553 0.176071
vt 0.263035 0.176071
vt 0.281518 0.176071
vt 0.300000 0.176071
vt 0.318482 0.176071
vt 0.336965 0.176071
vt 0.355447 0.176071
vt 0.373930 0.176071
vt 0.392412 0.176071
vt 0.410894 0.176071
vt 0.429377 0.176071
vt 0.447859 0.176071
vt 0.466341 0.176071
vt 0.484824 0.176071
vt 0.115176 0.157588
vt 0.133659 0.157588
vt 0.152141 0.157588
vt 0.170624 0.157588
vt 0.189106 0.157588
vt 0.207588 0.157588
vt 0.226070 0.157588
vt 0.244553 0.157588
vt 0.263035 0.157588
vt 0.281518 0.157588
vt 0.300000 0.157588
vt 0.318482 0.157588
vt 0.336965 0.157588
vt 0.355447 0.157588
vt 0.373930 0.157588
vt 0.392412 0.157588
vt 0.410894 0.157588
vt 0.429377 0.157588
vt 0.447859 0.157588
vt 0.466341 0.157588
vt 0.484824 0.157588
vt 0.115176 0.139106
vt 0.133659 0.139106
vt 0.152141 0.139106
vt 0.170624 0.139106
vt 0.189106 0.139106
vt 0.207588 0.139106
vt 0.226070 0.139106
vt 0.244553 0.139106
vt 0.263035 0.139106
vt 0.281518 0.139106
vt 0.300000 0.139106
vt 0.318482 0.139106
vt 0.336965 0.139106
vt 0.355447 0.139106
vt 0.373930 0.139106
vt 0.392412 0.139106
vt 0.410894 0.139106
vt 0.429377 0.139106
vt 0.447859 0.139106
vt 0.466341 0.139106
vt 0.484824 0.139106
vt 0.115176 0.120623
vt 0.133659 0.120623
vt 0.152141 0.120623
vt 0.170624 0.120623
vt 0.189106 0.120623
vt 0.207588 0.120623
vt 0.226070 0.120623
vt 0.244553 0.120623
vt 0.263035 0.120623
vt 0.281518 0.120623
vt 0.300000 0.120623
vt 0.318482 0.120623
vt 0.336965 0.120623
vt 0.355447 0.120623
vt 0.373930 0.120623
vt 0.392412 0.120623
vt 0.410894 0.120623
vt 0.429377 0.120623
vt 0.447859 0.120623
vt 0.466341 0.120623
vt 0.484824 0.120623
vt 0.115176 0.102141
vt 0.133659 0.102141
vt 0.152141 0.102141
vt 0.170624 0.102141
vt 0.189106 0.102141
vt 0.207588 0.102141
vt 0.226070 0.102141
vt 0.244553 0.102141
vt 0.263035 0.102141
vt 0.281518 0.102141
vt 0.300000 0.102141
vt 0.318482 0.102141
vt 0.336965 0.102141
vt 0.355447 0.102141
vt 0.373930 0.102141
vt 0.392412 0.102141
vt 0.410894 0.102141
vt 0.429377 0.102141
vt 0.447859 0.102141
vt 0.466341 0.102141
vt 0.484824 0.102141
vt 0.115176 0.083659
vt 0.133659 0.083659
vt 0.152141 0.083659
vt 0.170624 0.083659
vt 0.189106 0.083659
vt 0.207588 0.083659
vt 0.226070 0.083659
vt 0.244553 0.083659
vt 0.263035 0.083659
vt 0.281518 0.083659
vt 0.300000 0.083659
vt 0.318482 0.083659
vt 0.336965 0.083659
vt 0.355447 0.083659
vt 0.373930 0.083659
vt 0.392412 0.083659
vt 0.410894 0.083659
vt 0.429377 0.083659
vt 0.447859 0.083659
vt 0.466341 0.083659
vt 0.484824 0.083659
vt 0.124418 0.434824
vt 0.142900 0.434824
vt 0.161382 0.434824
vt 0.179865 0.434824
vt 0.198347 0.434824
vt 0.216829 0.434824
vt 0.235312 0.434824
vt 0.253794 0.434824
vt 0.272277 0.434824
vt 0.290759 0.434824
vt 0.309241 0.434824
vt 0.327724 0.434824
vt 0.346206 0.434824
vt 0.364688 0.434824
vt 0.383171 0.434824
vt 0.401653 0.434824
vt 0.420135 0.434824
vt 0.438618 0.434824
vt 0.457100 0.434824
vt 0.475583 0.434824
vt 0.124418 0.065176
vt 0.142900 0.065176
vt 0.161382 0.065176
vt 0.179865 0.065176
vt 0.198347 0.065176
vt 0.216829 0.065176
vt 0.235312 0.065176
vt 0.253794 0.065176
vt 0.272277 0.065176
vt 0.290759 0.065176
vt 0.309241 0.065176
vt 0.327724 0.065176
vt 0.346206 0.065176
vt 0.364688 0.065176
vt 0.383171 0.065176
vt 0.401653 0.065176
vt 0.420135 0.065176
vt 0.438618 0.065176
vt 0.457100 0.065176
vt 0.475583 0.065176
vt 0.260319 0.921745
vt 0.260319 0.930713
vt 0.269288 0.930713
vt 0.269288 0.921745
vt 0.278256 0.930713
vt 0.278256 0.921745
vt 0.287224 0.930713
vt 0.287224 0.921745
vt 0.296192 0.930713
vt 0.296192 0.921745
vt 0.305160 0.930713
vt 0.305160 0.921745
vt 0.314128 0.930713
vt 0.314128 0.921745
vt 0.323096 0.930713
vt 0.323096 0.921745
vt 0.332064 0.930713
vt 0.332064 0.921745
vt 0.341032 0.930713
vt 0.341032 0.921745
vt 0.350000 0.930713
vt 0.350000 0.921745
vt 0.358968 0.930713
vt 0.358968 0.921745
vt 0.367936 0.930713
vt 0.367936 0.921745
vt 0.376904 0.930713
vt 0.376904 0.921745
vt 0.385872 0.930713
vt 0.385872 0.921745
vt 0.394840 0.930713
vt 0.394840 0.921745
vt 0.403808 0.930713
vt 0.403808 0.921745
vt 0.412776 0.930713
vt 0.412776 0.921745
vt 0.421744 0.930713
vt 0.421744 0.921745
vt 0.430712 0.930713
vt 0.430712 0.921745
vt 0.439680 0.930713
vt 0.439680 0.921745
vt 0.260319 0.912776
vt 0.269288 0.912776
vt 0.278256 0.912776
vt 0.287224 0.912776
vt 0.296192 0.912776
vt 0.305160 0.912776
vt 0.314128 0.912776
vt 0.323096 0.912776
vt 0.332064 0.912776
vt 0.341032 0.912776
vt 0.350000 0.912776
vt 0.358968 0.912776
vt 0.367936 0.912776
vt 0.376904 0.912776
vt 0.385872 0.912776
vt 0.394840 0.912776
vt 0.403808 0.912776
vt 0.412776 0.912776
vt 0.421744 0.912776
vt 0.430712 0.912776
vt 0.439680 0.912776
vt 0.260319 0.903808
vt 0.269288 0.903808
vt 0.278256 0.903808
vt 0.287224 0.903808
vt 0.296192 0.903808
vt 0.305160 0.903808
vt 0.314128 0.903808
vt 0.323096 0.903808
vt 0.332064 0.903808
vt 0.341032 0.903808
vt 0.350000 0.903808
vt 0.358968 0.903808
vt 0.367936 0.903808
vt 0.376904 0.903808
vt 0.385872 0.903808
vt 0.394840 0.903808
vt 0.403808 0.903808
vt 0.412776 0.903808
vt 0.421744 0.903808
vt 0.430712 0.903808
vt 0.439680 0.903808
vt 0.260319 0.894840
vt 0.269288 0.894840
vt 0.278256 0.894840
vt 0.287224 0.894840
vt 0.296192 0.894840
vt 0.305160 0.894840
vt 0.314128 0.894840
vt 0.323096 0.894840
vt 0.332064 0.894840
vt 0.341032 0.894840
vt 0.350000 0.894840
vt 0.358968 0.894840
vt 0.367936 0.894840
vt 0.376904 0.894840
vt 0.385872 0.894840
vt 0.394840 0.894840
vt 0.403808 0.894840
vt 0.412776 0.894840
vt 0.421744 0.894840
vt 0.430712 0.894840
vt 0.439680 0.894840
vt 0.260319 0.885872
vt 0.269288 0.885872
vt 0.278256 0.885872
vt 0.287224 0.885872
vt 0.296192 0.885872
vt 0.305160 0.885872
vt 0.314128 0.885872
vt 0.323096 0.885872
vt 0.332064 0.885872
vt 0.341032 0.885872
vt 0.350000 0.885872
vt 0.358968 0.885872
vt 0.367936 0.885872
vt 0.376904 0.885872
vt 0.385872 0.885872
vt 0.394840 0.885872
vt 0.403808 0.885872
vt 0.412776 0.885872
vt 0.421744 0.885872
vt 0.430712 0.885872
vt 0.439680 0.885872
vt 0.260319 0.876904
vt 0.269288 0.876904
vt 0.278256 0.876904
vt 0.287224 0.876904
vt 0.296192 0.876904
vt 0.305160 0.876904
vt 0.314128 0.876904
vt 0.323096 0.876904
vt 0.332064 0.876904
vt 0.341032 0.876904
vt 0.350000 0.876904
vt 0.358968 0.876904
vt 0.367936 0.876904
vt 0.376904 0.876904
vt 0.385872 0.876904
vt 0.394840 0.876904
vt 0.403808 0.876904
vt 0.412776 0.876904
vt 0.421744 0.876904
vt 0.430712 0.876904
vt 0.439680 0.876904
vt 0.260319 0.867936
vt 0.269288 0.867936
vt 0.278256 0.867936
vt 0.287224 0.867936
vt 0.296192 0.867936
vt 0.305160 0.867936
vt 0.314128 0.867936
vt 0.323096 0.867936
vt 0.332064 0.867936
vt 0.341032 0.867936
vt 0.350000 0.867936
vt 0.358968 0.867936
vt 0.367936 0.867936
vt 0.376904 0.867936
vt 0.385872 0.867936
vt 0.394840 0.867936
vt 0.403808 0.867936
vt 0.412776 0.867936
vt 0.421744 0.867936
vt 0.430712 0.867936
vt 0.439680 0.867936
vt 0.260319 0.858968
vt 0.269288 0.858968
vt 0.278256 0.858968
vt 0.287224 0.858968
vt 0.296192 0.858968
vt 0.305160 0.858968
vt 0.314128 0.858968
vt 0.323096 0.858968
vt 0.332064 0.858968
vt 0.341032 0.858968
vt 0.350000 0.858968
vt 0.358968 0.858968
vt 0.367936 0.858968
vt 0.376904 0.858968
vt 0.385872 0.858968
vt 0.394840 0.858968
vt 0.403808 0.858968
vt 0.412776 0.858968
vt 0.421744 0.858968
vt 0.430712 0.858968
vt 0.439680 0.858968
vt 0.260319 0.850000
vt 0.269288 0.850000
vt 0.278256 0.850000
vt 0.287224 0.850000
vt 0.296192 0.850000
vt 0.305160 0.850000
vt 0.314128 0.850000
vt 0.323096 0.850000
vt 0.332064 0.850000
vt 0.341032 0.850000
vt 0.350000 0.850000
vt 0.358968 0.850000
vt 0.367936 0.850000
vt 0.376904 0.850000
vt 0.385872 0.850000
vt 0.394840 0.850000
vt 0.403808 0.850000
vt 0.412776 0.850000
vt 0.421744 0.850000
vt 0.430712 0.850000
vt 0.439680 0.850000
vt 0.260319 0.841032
vt 0.269288 0.841032
vt 0.278256 0.841032
vt 0.287224 0.841032
vt 0.296192 0.841032
vt 0.305160 0.841032
vt 0.314128 0.841032
vt 0.323096 0.841032
vt 0.332064 0.841032
vt 0.341032 0.841032
vt 0.350000 0.841032
vt 0.358968 0.841032
vt 0.367936 0.841032
vt 0.376904 0.841032
vt 0.385872 0.841032
vt 0.394840 0.841032
vt 0.403808 0.841032
vt 0.412776 0.841032
vt 0.421744 0.841032
vt 0.430712 0.841032
vt 0.439680 0.841032
vt 0.260319 0.832064
vt 0.269288 0.832064
vt 0.278256 0.832064
vt 0.287224 0.832064
vt 0.296192 0.832064
vt 0.305160 0.832064
vt 0.314128 0.832064
vt 0.323096 0.832064
vt 0.332064 0.832064
vt 0.341032 0.832064
vt 0.350000 0.832064
vt 0.358968 0.832064
vt 0.367936 0.832064
vt 0.376904 0.832064
vt 0.385872 0.832064
vt 0.394840 0.832064
vt 0.403808 0.832064
vt 0.412776 0.832064
vt 0.421744 0.832064
vt 0.430712 0.832064
vt 0.439680 0.832064
vt 0.260319 0.823096
vt 0.269288 0.823096
vt 0.278256 0.823096
vt 0.287224 0.823096
vt 0.296192 0.823096
vt 0.305160 0.823096
vt 0.314128 0.823096
vt 0.323096 0.823096
vt 0.332064 0.823096
vt 0.341032 0.823096
vt 0.350000 0.823096
vt 0.358968 0.823096
vt 0.367936 0.823096
vt 0.376904 0.823096
vt 0.385872 0.823096
vt 0.394840 0.823096
vt 0.403808 0.823096
vt 0.412776 0.823096
vt 0.421744 0.823096
vt 0.430712 0.823096
vt 0.439680 0.823096
vt 0.260319 0.814128
vt 0.269288 0.814128
vt 0.278256 0.814128
vt 0.287224 0.814128
vt 0.296192 0.814128
vt 0.305160 0.814128
vt 0.314128 0.814128
vt 0.323096 0.814128
vt 0.332064 0.814128
vt 0.341032 0.814128
vt 0.350000 0.814128
vt 0.358968 0.814128
vt 0.367936 0.814128
vt 0.376904 0.814128
vt 0.385872 0.814128
vt 0.394840 0.814128
vt 0.403808 0.814128
vt 0.412776 0.814128
vt 0.421744 0.814128
vt 0.430712 0.814128
vt 0.439680 0.814128
vt 0.260319 0.805160
vt 0.269288 0.805160
vt 0.278256 0.805160
vt 0.287224 0.805160
vt 0.296192 0.805160
vt 0.305160 0.805160
vt 0.314128 0.805160
vt 0.323096 0.805160
vt 0.332064 0.805160
vt 0.341032 0.805160
vt 0.350000 0.805160
vt 0.358968 0.805160
vt 0.367936 0.805160
vt 0.376904 0.805160
vt 0.385872 0.805160
vt 0.394840 0.805160
vt 0.403808 0.805160
vt 0.412776 0.805160
vt 0.421744 0.805160
vt 0.430712 0.805160
vt 0.439680 0.805160
vt 0.260319 0.796192
vt 0.269288 0.796192
vt 0.278256 0.796192
vt 0.287224 0.796192
vt 0.296192 0.796192
vt 0.305160 0.796192
vt 0.314128 0.796192
vt 0.323096 0.796192
vt 0.332064 0.796192
vt 0.341032 0.796192
vt 0.350000 0.796192
vt 0.358968 0.796192
vt 0.367936 0.796192
vt 0.376904 0.796192
vt 0.385872 0.796192
vt 0.394840 0.796192
vt 0.403808 0.796192
vt 0.412776 0.796192
vt 0.421744 0.796192
vt 0.430712 0.796192
vt 0.439680 0.796192
vt 0.260319 0.787224
vt 0.269288 0.787224
vt 0.278256 0.787224
vt 0.287224 0.787224
vt 0.296192 0.787224
vt 0.305160 0.787224
vt 0.314128 0.787224
vt 0.323096 0.787224
vt 0.332064 0.787224
vt 0.341032 0.787224
vt 0.350000 0.787224
vt 0.358968 0.787224
vt 0.367936 0.787224
vt 0.376904 0.787224
vt 0.385872 0.787224
vt 0.394840 0.787224
vt 0.403808 0.787224
vt 0.412776 0.787224
vt 0.421744 0.787224
vt 0.430712 0.787224
vt 0.439680 0.787224
vt 0.260319 0.778256
vt 0.269288 0.778256
vt 0.278256 0.778256
vt 0.287224 0.778256
vt 0.296192 0.778256
vt 0.305160 0.778256
vt 0.314128 0.778256
vt 0.323096 0.778256
vt 0.332064 0.778256
vt 0.341032 0.778256
vt 0.350000 0.778256
vt 0.358968 0.778256
vt 0.367936 0.778256
vt 0.376904 0.778256
vt 0.385872 0.778256
vt 0.394840 0.778256
vt 0.403808 0.778256
vt 0.412776 0.778256
vt 0.421744 0.778256
vt 0.430712 0.778256
vt 0.439680 0.778256
vt 0.260319 0.769287
vt 0.269288 0.769287
vt 0.278256 0.769287
vt 0.287224 0.769287
vt 0.296192 0.769287
vt 0.305160 0.769287
vt 0.314128 0.769287
vt 0.323096 0.769287
vt 0.332064 0.769287
vt 0.341032 0.769287
vt 0.350000 0.769287
vt 0.358968 0.769287
vt 0.367936 0.769287
vt 0.376904 0.769287
vt 0.385872 0.769287
vt 0.394840 0.769287
vt 0.403808 0.769287
vt 0.412776 0.769287
vt 0.421744 0.769287
vt 0.430712 0.769287
vt 0.439680 0.769287
vt 0.264804 0.939681
vt 0.273772 0.939681
vt 0.282740 0.939681
vt 0.291708 0.939681
vt 0.300676 0.939681
vt 0.309644 0.939681
vt 0.318612 0.939681
vt 0.327580 0.939681
vt 0.336548 0.939681
vt 0.345516 0.939681
vt 0.354484 0.939681
vt 0.363452 0.939681
vt 0.372420 0.939681
vt 0.381388 0.939681
vt 0.390356 0.939681
vt 0.399324 0.939681
vt 0.408292 0.939681
vt 0.417260 0.939681
vt 0.426228 0.939681
vt 0.435196 0.939681
vt 0.264804 0.760319
vt 0.273772 0.760319
vt 0.282740 0.760319
vt 0.291708 0.760319
vt 0.300676 0.760319
vt 0.309644 0.760319
vt 0.318612 0.760319
vt 0.327580 0.760319
vt 0.336548 0.760319
vt 0.345516 0.760319
vt 0.354484 0.760319
vt 0.363452 0.760319
vt 0.372420 0.760319
vt 0.381388 0.760319
vt 0.390356 0.760319
vt 0.399324 0.760319
vt 0.408292 0.760319
vt 0.417260 0.760319
vt 0.426228 0.760319
vt 0.435196 0.760319
vt 0.074675 0.928827
vt 0.074675 0.957145
vt 0.082207 0.957145
vt 0.082207 0.928827
vt 0.089740 0.957145
vt 0.089740 0.928827
vt 0.097272 0.957145
vt 0.097272 0.928827
vt 0.104805 0.957145
vt 0.104805 0.928827
vt 0.112337 0.957145
vt 0.112337 0.928827
vt 0.119870 0.957145
vt 0.119870 0.928827
vt 0.127402 0.957145
vt 0.127402 0.928827
vt 0.134935 0.957145
vt 0.134935 0.928827
vt 0.142467 0.957145
vt 0.142467 0.928827
vt 0.150000 0.957145
vt 0.150000 0.928827
vt 0.157532 0.957145
vt 0.157532 0.928827
vt 0.165065 0.957145
vt 0.165065 0.928827
vt 0.172598 0.957145
vt 0.172598 0.928827
vt 0.180130 0.957145
vt 0.180130 0.928827
vt 0.187663 0.957145
vt 0.187663 0.928827
vt 0.195195 0.957145
vt 0.195195 0.928827
vt 0.202728 0.957145
vt 0.202728 0.928827
vt 0.210260 0.957145
vt 0.210260 0.928827
vt 0.217793 0.957145
vt 0.217793 0.928827
vt 0.225325 0.957145
vt 0.225325 0.928827
vt 0.074675 0.843874
vt 0.074675 0.872191
vt 0.082207 0.872191
vt 0.082207 0.843874
vt 0.089740 0.872191
vt 0.089740 0.843874
vt 0.097272 0.872191
vt 0.097272 0.843874
vt 0.104805 0.872191
vt 0.104805 0.843874
vt 0.112337 0.872191
vt 0.112337 0.843874
vt 0.119870 0.872191
vt 0.119870 0.843874
vt 0.127402 0.872191
vt 0.127402 0.843874
vt 0.134935 0.872191
vt 0.134935 0.843874
vt 0.142467 0.872191
vt 0.142467 0.843874
vt 0.150000 0.872191
vt 0.150000 0.843874
vt 0.157532 0.872191
vt 0.157532 0.843874
vt 0.165065 0.872191
vt 0.165065 0.843874
vt 0.172598 0.872191
vt 0.172598 0.843874
vt 0.180130 0.872191
vt 0.180130 0.843874
vt 0.187663 0.872191
vt 0.187663 0.843874
vt 0.195195 0.872191
vt 0.195195 0.843874
vt 0.202728 0.872191
vt 0.202728 0.843874
vt 0.210260 0.872191
vt 0.210260 0.843874
vt 0.217793 0.872191
vt 0.217793 0.843874
vt 0.225325 0.872191
vt 0.225325 0.843874
vt 0.074675 0.815556
vt 0.082207 0.815556
vt 0.089740 0.815556
vt 0.097272 0.815556
vt 0.104805 0.815556
vt 0.112337 0.815556
vt 0.119870 0.815556
vt 0.127402 0.815556
vt 0.134935 0.815556
vt 0.142467 0.815556
vt 0.150000 0.815556
vt 0.157532 0.815556
vt 0.165065 0.815556
vt 0.172598 0.815556
vt 0.180130 0.815556
vt 0.187663 0.815556
vt 0.195195 0.815556
vt 0.202728 0.815556
vt 0.210260 0.815556
vt 0.217793 0.815556
vt 0.225325 0.815556
vt 0.074675 0.787238
vt 0.082207 0.787238
vt 0.089740 0.787238
vt 0.097272 0.787238
vt 0.104805 0.787238
vt 0.112337 0.787238
vt 0.119870 0.787238
vt 0.127402 0.787238
vt 0.134935 0.787238
vt 0.142467 0.787238
vt 0.150000 0.787238
vt 0.157532 0.787238
vt 0.165065 0.787238
vt 0.172598 0.787238
vt 0.180130 0.787238
vt 0.187663 0.787238
vt 0.195195 0.787238
vt 0.202728 0.787238
vt 0.210260 0.787238
vt 0.217793 0.787238
vt 0.225325 0.787238
vt 0.074675 0.758920
vt 0.082207 0.758920
vt 0.089740 0.758920
vt 0.097272 0.758920
vt 0.104805 0.758920
vt 0.112337 0.758920
vt 0.119870 0.758920
vt 0.127402 0.758920
vt 0.134935 0.758920
vt 0.142467 0.758920
vt 0.150000 0.758920
vt 0.157532 0.758920
vt 0.165065 0.758920
vt 0.172598 0.758920
vt 0.180130 0.758920
vt 0.187663 0.758920
vt 0.195195 0.758920
vt 0.202728 0.758920
vt 0.210260 0.758920
vt 0.217793 0.758920
vt 0.225325 0.758920
vt 0.074675 0.744760
vt 0.082207 0.744760
vt 0.089740 0.744760
vt 0.097272 0.744760
vt 0.104805 0.744760
vt 0.112337 0.744760
vt 0.119870 0.744760
vt 0.127402 0.744760
vt 0.134935 0.744760
vt 0.142467 0.744760
vt 0.150000 0.744760
vt 0.157532 0.744760
vt 0.165065 0.744760
vt 0.172598 0.744760
vt 0.180130 0.744760
vt 0.187663 0.744760
vt 0.195195 0.744760
vt 0.202728 0.744760
vt 0.210260 0.744760
vt 0.217793 0.744760
vt 0.225325 0.744760
vt 0.231701 0.610796
vt 0.219499 0.586848
vt 0.150000 0.640778
vt 0.200494 0.567843
vt 0.176546 0.555641
vt 0.150000 0.551437
vt 0.123454 0.555641
vt 0.099506 0.567843
vt 0.080501 0.586848
vt 0.068299 0.610796
vt 0.064095 0.637342
vt 0.068299 0.663888
vt 0.080501 0.687836
vt 0.099506 0.706841
vt 0.123454 0.719043
vt 0.150000 0.723247
vt 0.176546 0.719043
vt 0.200494 0.706841
vt 0.219499 0.687836
vt 0.231701 0.663888
vt 0.235905 0.637342
vt 0.240046 0.637174
vt 0.235639 0.609348
vt 0.244157 0.637012
vt 0.239548 0.607916
vt 0.225325 0.737693
vt 0.217793 0.737727
vt 0.225325 0.730602
vt 0.217793 0.730602
vt 0.222849 0.584246
vt 0.226174 0.581668
vt 0.082207 0.730602
vt 0.074675 0.730602
vt 0.074675 0.737693
vt 0.082207 0.737727
vt 0.202928 0.564325
vt 0.205344 0.560837
vt 0.089740 0.730602
vt 0.089740 0.737727
vt 0.177826 0.551535
vt 0.179096 0.547463
vt 0.097272 0.730602
vt 0.097272 0.737727
vt 0.150000 0.547128
vt 0.150000 0.542855
vt 0.104805 0.730602
vt 0.104805 0.737727
vt 0.122174 0.551535
vt 0.120904 0.547463
vt 0.112337 0.730602
vt 0.112337 0.737727
vt 0.097072 0.564325
vt 0.094656 0.560837
vt 0.119870 0.730602
vt 0.119870 0.737727
vt 0.077151 0.584246
vt 0.073826 0.581668
vt 0.127402 0.730602
vt 0.127402 0.737727
vt 0.064361 0.609348
vt 0.060452 0.607916
vt 0.134935 0.730602
vt 0.134935 0.737727
vt 0.059954 0.637174
vt 0.055843 0.637012
vt 0.142467 0.730602
vt 0.142467 0.737727
vt 0.064361 0.665000
vt 0.060452 0.666108
vt 0.150000 0.730602
vt 0.150000 0.737727
vt 0.077151 0.690102
vt 0.073826 0.692356
vt 0.157532 0.730602
vt 0.157532 0.737727
vt 0.097072 0.710023
vt 0.094656 0.713186
vt 0.165065 0.730602
vt 0.165065 0.737727
vt 0.122174 0.722813
vt 0.120904 0.726560
vt 0.172598 0.730602
vt 0.172598 0.737727
vt 0.150000 0.727220
vt 0.150000 0.731169
vt 0.180130 0.730602
vt 0.180130 0.737727
vt 0.177826 0.722813
vt 0.179096 0.726560
vt 0.187663 0.730602
vt 0.187663 0.737727
vt 0.202928 0.710023
vt 0.205344 0.713186
vt 0.195195 0.730602
vt 0.195195 0.737727
vt 0.222849 0.690102
vt 0.226175 0.692356
vt 0.202728 0.730602
vt 0.202728 0.737727
vt 0.235639 0.665000
vt 0.239549 0.666108
vt 0.210260 0.730602
vt 0.210260 0.737727
vt 0.074675 0.878805
vt 0.082207 0.878805
vt 0.082207 0.877707
vt 0.074675 0.877706
vt 0.082207 0.876608
vt 0.074675 0.876606
vt 0.082207 0.875508
vt 0.074675 0.875504
vt 0.082207 0.874406
vt 0.074675 0.874402
vt 0.082207 0.873300
vt 0.074675 0.873297
vt 0.074675 0.900509
vt 0.082207 0.900509
vt 0.089740 0.900509
vt 0.089740 0.878805
vt 0.097272 0.900509
vt 0.097272 0.878805
vt 0.104805 0.900509
vt 0.104805 0.878805
vt 0.112337 0.900509
vt 0.112337 0.878805
vt 0.119870 0.900509
vt 0.119870 0.878805
vt 0.127402 0.900509
vt 0.127402 0.878805
vt 0.134935 0.900509
vt 0.134935 0.878805
vt 0.142467 0.900509
vt 0.142467 0.878805
vt 0.150000 0.900509
vt 0.150000 0.878805
vt 0.157532 0.900509
vt 0.157532 0.878805
vt 0.165065 0.900509
vt 0.165065 0.878805
vt 0.172598 0.900509
vt 0.172597 0.878805
vt 0.180130 0.900509
vt 0.180130 0.878805
vt 0.187663 0.900509
vt 0.187663 0.878805
vt 0.195195 0.900509
vt 0.195195 0.878805
vt 0.202728 0.900509
vt 0.202728 0.878805
vt 0.210260 0.900509
vt 0.210260 0.878805
vt 0.217793 0.900509
vt 0.217793 0.878805
vt 0.225325 0.900509
vt 0.225325 0.878805
vt 0.089740 0.877707
vt 0.089740 0.876609
vt 0.089740 0.875508
vt 0.089740 0.874406
vt 0.089740 0.873300
vt 0.097272 0.877707
vt 0.097272 0.876609
vt 0.097272 0.875509
vt 0.097272 0.874406
vt 0.097272 0.873300
vt 0.104805 0.877707
vt 0.104805 0.876608
vt 0.104805 0.875508
vt 0.104805 0.874406
vt 0.104805 0.873300
vt 0.112337 0.877707
vt 0.112337 0.876608
vt 0.112337 0.875508
vt 0.112337 0.874406
vt 0.112337 0.873300
vt 0.119870 0.877708
vt 0.119870 0.876609
vt 0.119870 0.875508
vt 0.119870 0.874406
vt 0.119870 0.873300
vt 0.127402 0.877708
vt 0.127402 0.876609
vt 0.127402 0.875508
vt 0.127402 0.874406
vt 0.127402 0.873301
vt 0.134935 0.877707
vt 0.134935 0.876609
vt 0.134935 0.875508
vt 0.134935 0.874406
vt 0.134935 0.873300
vt 0.142467 0.877707
vt 0.142467 0.876609
vt 0.142467 0.875508
vt 0.142467 0.874406
vt 0.142467 0.873300
vt 0.150000 0.877707
vt 0.150000 0.876609
vt 0.150000 0.875508
vt 0.150000 0.874406
vt 0.150000 0.873301
vt 0.157532 0.877707
vt 0.157532 0.876608
vt 0.157532 0.875508
vt 0.157532 0.874406
vt 0.157532 0.873300
vt 0.165065 0.877708
vt 0.165065 0.876608
vt 0.165065 0.875508
vt 0.165065 0.874405
vt 0.165065 0.873300
vt 0.172597 0.877707
vt 0.172597 0.876609
vt 0.172598 0.875508
vt 0.172598 0.874406
vt 0.172598 0.873300
vt 0.180130 0.877707
vt 0.180130 0.876608
vt 0.180130 0.875508
vt 0.180130 0.874406
vt 0.180130 0.873300
vt 0.187663 0.877707
vt 0.187663 0.876608
vt 0.187663 0.875508
vt 0.187663 0.874406
vt 0.187663 0.873300
vt 0.195195 0.877707
vt 0.195195 0.876608
vt 0.195195 0.875508
vt 0.195195 0.874406
vt 0.195195 0.873300
vt 0.202728 0.877708
vt 0.202728 0.876609
vt 0.202728 0.875509
vt 0.202728 0.874406
vt 0.202728 0.873300
vt 0.210260 0.877708
vt 0.210260 0.876609
vt 0.210260 0.875509
vt 0.210260 0.874406
vt 0.210260 0.873300
vt 0.217793 0.877707
vt 0.217793 0.876608
vt 0.217793 0.875508
vt 0.217793 0.874406
vt 0.217793 0.873300
vt 0.225325 0.877706
vt 0.225325 0.876606
vt 0.225325 0.875504
vt 0.225325 0.874402
vt 0.225325 0.873297
vt 0.082207 0.922213
vt 0.074675 0.922213
vt 0.074675 0.923313
vt 0.082207 0.923311
vt 0.074675 0.924413
vt 0.082207 0.924410
vt 0.074675 0.925514
vt 0.082207 0.925510
vt 0.074675 0.926617
vt 0.082207 0.926613
vt 0.074675 0.927721
vt 0.082207 0.927718
vt 0.089740 0.922213
vt 0.097272 0.922213
vt 0.104805 0.922213
vt 0.112337 0.922213
vt 0.119870 0.922213
vt 0.127402 0.922213
vt 0.134935 0.922213
vt 0.142467 0.922213
vt 0.150000 0.922213
vt 0.157532 0.922213
vt 0.165065 0.922213
vt 0.172598 0.922213
vt 0.180130 0.922213
vt 0.187663 0.922213
vt 0.195195 0.922213
vt 0.202728 0.922213
vt 0.210260 0.922213
vt 0.217793 0.922213
vt 0.225325 0.922213
vt 0.112337 0.928827
vt 0.195195 0.928827
vt 0.089740 0.927718
vt 0.089740 0.926613
vt 0.089740 0.925511
vt 0.089740 0.924410
vt 0.089740 0.923311
vt 0.097272 0.927719
vt 0.097272 0.926613
vt 0.097272 0.925511
vt 0.097272 0.924410
vt 0.097272 0.923311
vt 0.104805 0.927719
vt 0.104805 0.926613
vt 0.104805 0.925511
vt 0.104805 0.924410
vt 0.104805 0.923311
vt 0.112337 0.927719
vt 0.112337 0.926613
vt 0.112337 0.925511
vt 0.112337 0.924411
vt 0.112337 0.923312
vt 0.119870 0.927718
vt 0.119870 0.926613
vt 0.119870 0.925511
vt 0.119870 0.924410
vt 0.119870 0.923311
vt 0.127402 0.927718
vt 0.127402 0.926613
vt 0.127402 0.925510
vt 0.127402 0.924410
vt 0.127402 0.923311
vt 0.134935 0.927718
vt 0.134935 0.926613
vt 0.134935 0.925511
vt 0.134935 0.924410
vt 0.134935 0.923311
vt 0.142467 0.927718
vt 0.142467 0.926613
vt 0.142467 0.925511
vt 0.142467 0.924410
vt 0.142467 0.923311
vt 0.150000 0.927718
vt 0.150000 0.926613
vt 0.150000 0.925510
vt 0.150000 0.924410
vt 0.150000 0.923311
vt 0.157532 0.927718
vt 0.157532 0.926613
vt 0.157532 0.925511
vt 0.157532 0.924410
vt 0.157532 0.923311
vt 0.165065 0.927719
vt 0.165065 0.926613
vt 0.165065 0.925511
vt 0.165065 0.924410
vt 0.165065 0.923311
vt 0.172598 0.927718
vt 0.172598 0.926613
vt 0.172598 0.925511
vt 0.172598 0.924410
vt 0.172598 0.923311
vt 0.180130 0.927718
vt 0.180130 0.926613
vt 0.180130 0.925510
vt 0.180130 0.924410
vt 0.180130 0.923311
vt 0.187663 0.927719
vt 0.187663 0.926613
vt 0.187663 0.925510
vt 0.187663 0.924410
vt 0.187663 0.923311
vt 0.195195 0.927719
vt 0.195195 0.926613
vt 0.195195 0.925511
vt 0.195195 0.924410
vt 0.195195 0.923311
vt 0.202728 0.927718
vt 0.202728 0.926613
vt 0.202728 0.925511
vt 0.202728 0.924410
vt 0.202728 0.923311
vt 0.210260 0.927718
vt 0.210260 0.926613
vt 0.210260 0.925511
vt 0.210260 0.924411
vt 0.210260 0.923311
vt 0.217793 0.927718
vt 0.217793 0.926613
vt 0.217793 0.925510
vt 0.217793 0.924410
vt 0.217793 0.923311
vt 0.225325 0.927721
vt 0.225325 0.926617
vt 0.225325 0.925514
vt 0.225325 0.924413
vt 0.225325 0.923313
s 1
f 1/1/1 2/2/2 3/3/3
f 3/3/3 4/4/4 1/1/1
f 4/4/4 3/3/3 5/5/5
f 5/5/5 6/6/6 4/4/4
f 6/6/6 5/5/5 7/7/7
f 7/7/7 8/8/8 6/6/6
f 8/8/8 7/7/7 9/9/9
f 9/9/9 10/10/10 8/8/8
f 10/10/10 9/9/9 11/11/11
f 11/11/11 12/12/12 10/10/10
f 12/12/12 11/11/11 13/13/13
f 13/13/13 14/14/14 12/12/12
f 14/14/14 13/13/13 15/15/15
f 15/15/15 16/16/16 14/14/14
f 16/16/16 15/15/15 17/17/17
f 17/17/17 18/18/18 16/16/16
f 18/18/18 17/17/17 19/19/19
f 19/19/19 20/20/20 18/18/18
f 20/20/20 19/19/19 21/21/21
f 21/21/21 22/22/22 20/20/20
f 22/22/22 21/21/21 23/23/23
f 23/23/23 24/24/24 22/22/22
f 24/24/24 23/23/23 25/25/25
f 25/25/25 26/26/26 24/24/24
f 26/26/26 25/25/25 27/27/27
f 27/27/27 28/28/28 26/26/26
f 28/28/28 27/27/27 29/29/29
f 29/29/29 30/30/30 28/28/28
f 30/30/30 29/29/29 31/31/31
f 31/31/31 32/32/32 30/30/30
f 32/32/32 31/31/31 33/33/33
f 33/33/33 34/34/34 32/32/32
f 34/34/34 33/33/33 35/35/35
f 35/35/35 36/36/36 34/34/34
f 36/36/36 35/35/35 37/37/37
f 37/37/37 38/38/38 36/36/36
f 38/38/38 37/37/37 39/39/39
f 39/39/39 40/40/40 38/38/38
f 40/40/40 39/39/39 41/41/2
f 41/41/2 42/42/41 40/40/40
f 43/43/42 1/1/1 4/4/4
f 4/4/4 44/44/43 43/43/42
f 44/44/43 4/4/4 6/6/6
f 6/6/6 45/45/44 44/44/43
f 45/45/44 6/6/6 8/8/8
f 8/8/8 46/46/45 45/45/44
f 46/46/45 8/8/8 10/10/10
f 10/10/10 47/47/46 46/46/45
f 47/47/46 10/10/10 12/12/12
f 12/12/12 48/48/47 47/47/46
f 48/48/47 12/12/12 14/14/14
f 14/14/14 49/49/48 48/48/47
f 49/49/48 14/14/14 16/16/16
f 16/16/16 50/50/49 49/49/48
f 50/50/49 16/16/16 18/18/18
f 18/18/18 51/51/50 50/50/49
f 51/51/50 18/18/18 20/20/20
f 20/20/20 52/52/51 51/51/50
f 52/52/51 20/20/20 22/22/22
f 22/22/22 53/53/52 52/52/51
f 53/53/52 22/22/22 24/24/24
f 24/24/24 54/54/53 53/53/52
f 54/54/53 24/24/24 26/26/26
f 26/26/26 55/55/54 54/54/53
f 55/55/54 26/26/26 28/28/28
f 28/28/28 56/56/55 55/55/54
f 56/56/55 28/28/28 30/30/30
f 30/30/30 57/57/56 56/56/55
f 57/57/56 30/30/30 32/32/32
f 32/32/32 58/58/57 57/57/56
f 58/58/57 32/32/32 34/34/34
f 34/34/34 59/59/58 58/58/57
f 59/59/58 34/34/34 36/36/36
f 36/36/36 60/60/59 59/59/58
f 60/60/59 36/36/36 38/38/38
f 38/38/38 61/61/60 60/60/59
f 61/61/60 38/38/38 40/40/40
f 40/40/40 62/62/61 61/61/60
f 62/62/61 40/40/40 42/42/41
f 42/42/41 63/63/42 62/62/61
f 64/64/62 43/43/42 44/44/43
f 44/44/43 65/65/63 64/64/62
f 65/65/63 44/44/43 45/45/44
f 45/45/44 66/66/64 65/65/63
f 66/66/64 45/45/44 46/46/45
f 46/46/45 67/67/65 66/66/64
f 67/67/65 46/46/45 47/47/46
f 47/47/46 68/68/66 67/67/65
f 68/68/66 47/47/46 48/48/47
f 48/48/47 69/69/67 68/68/66
f 69/69/67 48/48/47 49/49/48
f 49/49/48 70/70/68 69/69/67
f 70/70/68 49/49/48 50/50/49
f 50/50/49 71/71/69 70/70/68
f 71/71/69 50/50/49 51/51/50
f 51/51/50 72/72/70 71/71/69
f 72/72/70 51/51/50 52/52/51
f 52/52/51 73/73/71 72/72/70
f 73/73/71 52/52/51 53/53/52
f 53/53/52 74/74/72 73/73/71
f 74/74/72 53/53/52 54/54/53
f 54/54/53 75/75/73 74/74/72
f 75/75/73 54/54/53 55/55/54
f 55/55/54 76/76/74 75/75/73
f 76/76/74 55/55/54 56/56/55
f 56/56/55 77/77/75 76/76/74
f 77/77/75 56/56/55 57/57/56
f 57/57/56 78/78/76 77/77/75
f 78/78/76 57/57/56 58/58/57
f 58/58/57 79/79/77 78/78/76
f 79/79/77 58/58/57 59/59/58
f 59/59/58 80/80/78 79/79/77
f 80/80/78 59/59/58 60/60/59
f 60/60/59 81/81/79 80/80/78
f 81/81/79 60/60/59 61/61/60
f 61/61/60 82/82/80 81/81/79
f 82/82/80 61/61/60 62/62/61
f 62/62/61 83/83/81 82/82/80
f 83/83/81 62/62/61 63/63/42
f 63/63/42 84/84/62 83/83/81
f 85/85/82 64/64/62 65/65/63
f 65/65/63 86/86/83 85/85/82
f 86/86/83 65/65/63 66/66/64
f 66/66/64 87/87/84 86/86/83
f 87/87/84 66/66/64 67/67/65
f 67/67/65 88/88/85 87/87/84
f 88/88/85 67/67/65 68/68/66
f 68/68/66 89/89/86 88/88/85
f 89/89/86 68/68/66 69/69/67
f 69/69/67 90/90/87 89/89/86
f 90/90/87 69/69/67 70/70/68
f 70/70/68 91/91/88 90/90/87
f 91/91/88 70/70/68 71/71/69
f 71/71/69 92/92/89 91/91/88
f 92/92/89 71/71/69 72/72/70
f 72/72/70 93/93/90 92/92/89
f 93/93/90 72/72/70 73/73/71
f 73/73/71 94/94/91 93/93/90
f 94/94/91 73/73/71 74/74/72
f 74/74/72 95/95/92 94/94/91
f 95/95/92 74/74/72 75/75/73
f 75/75/73 96/96/93 95/95/92
f 96/96/93 75/75/73 76/76/74
f 76/76/74 97/97/94 96/96/93
f 97/97/94 76/76/74 77/77/75
f 77/77/75 98/98/95 97/97/94
f 98/98/95 77/77/75 78/78/76
f 78/78/76 99/99/96 98/98/95
f 99/99/96 78/78/76 79/79/77
f 79/79/77 100/100/97 99/99/96
f 100/100/97 79/79/77 80/80/78
f 80/80/78 101/101/98 100/100/97
f 101/101/98 80/80/78 81/81/79
f 81/81/79 102/102/99 101/101/98
f 102/102/99 81/81/79 82/82/80
f 82/82/80 103/103/100 102/102/99
f 103/103/100 82/82/80 83/83/81
f 83/83/81 104/104/101 103/103/100
f 104/104/101 83/83/81 84/84/62
f 84/84/62 105/105/102 104/104/101
f 106/106/103 85/85/82 86/86/83
f 86/86/83 107/107/104 106/106/103
f 107/107/104 86/86/83 87/87/84
f 87/87/84 108/108/105 107/107/104
f 108/108/105 87/87/84 88/88/85
f 88/88/85 109/109/106 108/108/105
f 109/109/106 88/88/85 89/89/86
f 89/89/86 110/110/107 109/109/106
f 110/110/107 89/89/86 90/90/87
f 90/90/87 111/111/108 110/110/107
f 111/111/108 90/90/87 91/91/88
f 91/91/88 112/112/109 111/111/108
f 112/112/109 91/91/88 92/92/89
f 92/92/89 113/113/110 112/112/109
f 113/113/110 92/92/89 93/93/90
f 93/93/90 114/114/111 113/113/110
f 114/114/111 93/93/90 94/94/91
f 94/94/91 115/115/112 114/114/111
f 115/115/112 94/94/91 95/95/92
f 95/95/92 116/116/113 115/115/112
f 116/116/113 95/95/92 96/96/93
f 96/96/93 117/117/114 116/116/113
f 117/117/114 96/96/93 97/97/94
f 97/97/94 118/118/115 117/117/114
f 118/118/115 97/97/94 98/98/95
f 98/98/95 119/119/116 118/118/115
f 119/119/116 98/98/95 99/99/96
f 99/99/96 120/120/117 119/119/116
f 120/120/117 99/99/96 100/100/97
f 100/100/97 121/121/118 120/120/117
f 121/121/118 100/100/97 101/101/98
f 101/101/98 122/122/119 121/121/118
f 122/122/119 101/101/98 102/102/99
f 102/102/99 123/123/120 122/122/119
f 123/123/120 102/102/99 103/103/100
f 103/103/100 124/124/121 123/123/120
f 124/124/121 103/103/100 104/104/101
f 104/104/101 125/125/122 124/124/121
f 125/125/122 104/104/101 105/105/102
f 105/105/102 126/126/123 125/125/122
f 127/127/124 106/106/103 107/107/104
f 107/107/104 128/128/125 127/127/124
f 128/128/125 107/107/104 108/108/105
f 108/108/105 129/129/126 128/128/125
f 129/129/126 108/108/105 109/109/106
f 109/109/106 130/130/127 129/129/126
f 130/130/127 109/109/106 110/110/107
f 110/110/107 131/131/128 130/130/127
f 131/131/128 110/110/107 111/111/108
f 111/111/108 132/132/129 131/131/128
f 132/132/129 111/111/108 112/112/109
f 112/112/109 133/133/130 132/132/129
f 133/133/130 112/112/109 113/113/110
f 113/113/110 134/134/131 133/133/130
f 134/134/131 113/113/110 114/114/111
f 114/114/111 135/135/132 134/134/131
f 135/135/132 114/114/111 115/115/112
f 115/115/112 136/136/133 135/135/132
f 136/136/133 115/115/112 116/116/113
f 116/116/113 137/137/134 136/136/133
f 137/137/134 116/116/113 117/117/114
f 117/117/114 138/138/135 137/137/134
f 138/138/135 117/117/114 118/118/115
f 118/118/115 139/139/136 138/138/135
f 139/139/136 118/118/115 119/119/116
f 119/119/116 140/140/137 139/139/136
f 140/140/137 119/119/116 120/120/117
f 120/120/117 141/141/138 140/140/137
f 141/141/138 120/120/117 121/121/118
f 121/121/118 142/142/139 141/141/138
f 142/142/139 121/121/118 122/122/119
f 122/122/119 143/143/140 142/142/139
f 143/143/140 122/122/119 123/123/120
f 123/123/120 144/144/141 143/143/140
f 144/144/141 123/123/120 124/124/121
f 124/124/121 145/145/142 144/144/141
f 145/145/142 124/124/121 125/125/122
f 125/125/122 146/146/143 145/145/142
f 146/146/143 125/125/122 126/126/123
f 126/126/123 147/147/124 146/146/143
f 148/148/144 127/127/124 128/128/125
f 128/128/125 149/149/145 148/148/144
f 149/149/145 128/128/125 129/129/126
f 129/129/126 150/150/146 149/149/145
f 150/150/146 129/129/126 130/130/127
f 130/130/127 151/151/147 150/150/146
f 151/151/147 130/130/127 131/131/128
f 131/131/128 152/152/148 151/151/147
f 152/152/148 131/131/128 132/132/129
f 132/132/129 153/153/149 152/152/148
f 153/153/149 132/132/129 133/133/130
f 133/133/130 154/154/150 153/153/149
f 154/154/150 133/133/130 134/134/131
f 134/134/131 155/155/151 154/154/150
f 155/155/151 134/134/131 135/135/132
f 135/135/132 156/156/152 155/155/151
f 156/156/152 135/135/132 136/136/133
f 136/136/133 157/157/153 156/156/152
f 157/157/153 136/136/133 137/137/134
f 137/137/134 158/158/154 157/157/153
f 158/158/154 137/137/134 138/138/135
f 138/138/135 159/159/155 158/158/154
f 159/159/155 138/138/135 139/139/136
f 139/139/136 160/160/156 159/159/155
f 160/160/156 139/139/136 140/140/137
f 140/140/137 161/161/157 160/160/156
f 161/161/157 140/140/137 141/141/138
f 141/141/138 162/162/158 161/161/157
f 162/162/158 141/141/138 142/142/139
f 142/142/139 163/163/159 162/162/158
f 163/163/159 142/142/139 143/143/140
f 143/143/140 164/164/160 163/163/159
f 164/164/160 143/143/140 144/144/141
f 144/144/141 165/165/161 164/164/160
f 165/165/161 144/144/141 145/145/142
f 145/145/142 166/166/162 165/165/161
f 166/166/162 145/145/142 146/146/143
f 146/146/143 167/167/163 166/166/162
f 167/167/163 146/146/143 147/147/124
f 147/147/124 168/168/144 167/167/163
f 169/169/164 148/148/144 149/149/145
f 149/149/145 170/170/165 169/169/164
f 170/170/165 149/149/145 150/150/146
f 150/150/146 171/171/166 170/170/165
f 171/171/166 150/150/146 151/151/147
f 151/151/147 172/172/167 171/171/166
f 172/172/167 151/151/147 152/152/148
f 152/152/148 173/173/168 172/172/167
f 173/173/168 152/152/148 153/153/149
f 153/153/149 174/174/169 173/173/168
f 174/174/169 153/153/149 154/154/150
f 154/154/150 175/175/170 174/174/169
f 175/175/170 154/154/150 155/155/151
f 155/155/151 176/176/171 175/175/170
f 176/176/171 155/155/151 156/156/152
f 156/156/152 177/177/172 176/176/171
f 177/177/172 156/156/152 157/157/153
f 157/157/153 178/178/173 177/177/172
f 178/178/173 157/157/153 158/158/154
f 158/158/154 179/179/174 178/178/173
f 179/179/174 158/158/154 159/159/155
f 159/159/155 180/180/175 179/179/174
f 180/180/175 159/159/155 160/160/156
f 160/160/156 181/181/176 180/180/175
f 181/181/176 160/160/156 161/161/157
f 161/161/157 182/182/177 181/181/176
f 182/182/177 161/161/157 162/162/158
f 162/162/158 183/183/178 182/182/177
f 183/183/178 162/162/158 163/163/159
f 163/163/159 184/184/179 183/183/178
f 184/184/179 163/163/159 164/164/160
f 164/164/160 185/185/180 184/184/179
f 185/185/180 164/164/160 165/165/161
f 165/165/161 186/186/181 185/185/180
f 186/186/181 165/165/161 166/166/162
f 166/166/162 187/187/182 186/186/181
f 187/187/182 166/166/162 167/167/163
f 167/167/163 188/188/183 187/187/182
f 188/188/183 167/167/163 168/168/144
f 168/168/144 189/189/184 188/188/183
f 190/190/185 169/169/164 170/170/165
f 170/170/165 191/191/186 190/190/185
f 191/191/186 170/170/165 171/171/166
f 171/171/166 192/192/187 191/191/186
f 192/192/187 171/171/166 172/172/167
f 172/172/167 193/193/188 192/192/187
f 193/193/188 172/172/167 173/173/168
f 173/173/168 194/194/189 193/193/188
f 194/194/189 173/173/168 174/174/169
f 174/174/169 195/195/190 194/194/189
f 195/195/190 174/174/169 175/175/170
f 175/175/170 196/196/191 195/195/190
f 196/196/191 175/175/170 176/176/171
f 176/176/171 197/197/192 196/196/191
f 197/197/192 176/176/171 177/177/172
f 177/177/172 198/198/193 197/197/192
f 198/198/193 177/177/172 178/178/173
f 178/178/173 199/199/194 198/198/193
f 199/199/194 178/178/173 179/179/174
f 179/179/174 200/200/195 199/199/194
f 200/200/195 179/179/174 180/180/175
f 180/180/175 201/201/196 200/200/195
f 201/201/196 180/180/175 181/181/176
f 181/181/176 202/202/197 201/201/196
f 202/202/197 181/181/176 182/182/177
f 182/182/177 203/203/198 202/202/197
f 203/203/198 182/182/177 183/183/178
f 183/183/178 204/204/199 203/203/198
f 204/204/199 183/183/178 184/184/179
f 184/184/179 205/205/200 204/204/199
f 205/205/200 184/184/179 185/185/180
f 185/185/180 206/206/201 205/205/200
f 206/206/201 185/185/180 186/186/181
f 186/186/181 207/207/202 206/206/201
f 207/207/202 186/186/181 187/187/182
f 187/187/182 208/208/203 207/207/202
f 208/208/203 187/187/182 188/188/183
f 188/188/183 209/209/204 208/208/203
f 209/209/204 188/188/183 189/189/184
f 189/189/184 210/210/205 209/209/204
f 211/211/206 190/190/185 191/191/186
f 191/191/186 212/212/207 211/211/206
f 212/212/207 191/191/186 192/192/187
f 192/192/187 213/213/208 212/212/207
f 213/213/208 192/192/187 193/193/188
f 193/193/188 214/214/209 213/213/208
f 214/214/209 193/193/188 194/194/189
f 194/194/189 215/215/210 214/214/209
f 215/215/210 194/194/189 195/195/190
f 195/195/190 216/216/211 215/215/210
f 216/216/211 195/195/190 196/196/191
f 196/196/191 217/217/212 216/216/211
f 217/217/212 196/196/191 197/197/192
f 197/197/192 218/218/213 217/217/212
f 218/218/213 197/197/192 198/198/193
f 198/198/193 219/219/214 218/218/213
f 219/219/214 198/198/193 199/199/194
f 199/199/194 220/220/215 219/219/214
f 220/220/215 199/199/194 200/200/195
f 200/200/195 221/221/216 220/220/215
f 221/221/216 200/200/195 201/201/196
f 201/201/196 222/222/217 221/221/216
f 222/222/217 201/201/196 202/202/197
f 202/202/197 223/223/218 222/222/217
f 223/223/218 202/202/197 203/203/198
f 203/203/198 224/224/219 223/223/218
f 224/224/219 203/203/198 204/204/199
f 204/204/199 225/225/220 224/224/219
f 225/225/220 204/204/199 205/205/200
f 205/205/200 226/226/221 225/225/220
f 226/226/221 205/205/200 206/206/201
f 206/206/201 227/227/222 226/226/221
f 227/227/222 206/206/201 207/207/202
f 207/207/202 228/228/223 227/227/222
f 228/228/223 207/207/202 208/208/203
f 208/208/203 229/229/224 228/228/223
f 229/229/224 208/208/203 209/209/204
f 209/209/204 230/230/225 229/229/224
f 230/230/225 209/209/204 210/210/205
f 210/210/205 231/231/226 230/230/225
f 232/232/227 211/211/206 212/212/207
f 212/212/207 233/233/228 232/232/227
f 233/233/228 212/212/207 213/213/208
f 213/213/208 234/234/229 233/233/228
f 234/234/229 213/213/208 214/214/209
f 214/214/209 235/235/230 234/234/229
f 235/235/230 214/214/209 215/215/210
f 215/215/210 236/236/231 235/235/230
f 236/236/231 215/215/210 216/216/211
f 216/216/211 237/237/232 236/236/231
f 237/237/232 216/216/211 217/217/212
f 217/217/212 238/238/233 237/237/232
f 238/238/233 217/217/212 218/218/213
f 218/218/213 239/239/234 238/238/233
f 239/239/234 218/218/213 219/219/214
f 219/219/214 240/240/235 239/239/234
f 240/240/235 219/219/214 220/220/215
f 220/220/215 241/241/236 240/240/235
f 241/241/236 220/220/215 221/221/216
f 221/221/216 242/242/237 241/241/236
f 242/242/237 221/221/216 222/222/217
f 222/222/217 243/243/238 242/242/237
f 243/243/238 222/222/217 223/223/218
f 223/223/218 244/244/239 243/243/238
f 244/244/239 223/223/218 224/224/219
f 224/224/219 245/245/240 244/244/239
f 245/245/240 224/224/219 225/225/220
f 225/225/220 246/246/241 245/245/240
f 246/246/241 225/225/220 226/226/221
f 226/226/221 247/247/242 246/246/241
f 247/247/242 226/226/221 227/227/222
f 227/227/222 248/248/243 247/247/242
f 248/248/243 227/227/222 228/228/223
f 228/228/223 249/249/244 248/248/243
f 249/249/244 228/228/223 229/229/224
f 229/229/224 250/250/245 249/249/244
f 250/250/245 229/229/224 230/230/225
f 230/230/225 251/251/246 250/250/245
f 251/251/246 230/230/225 231/231/226
f 231/231/226 252/252/227 251/251/246
f 253/253/247 232/232/227 233/233/228
f 233/233/228 254/254/248 253/253/247
f 254/254/248 233/233/228 234/234/229
f 234/234/229 255/255/249 254/254/248
f 255/255/249 234/234/229 235/235/230
f 235/235/230 256/256/250 255/255/249
f 256/256/250 235/235/230 236/236/231
f 236/236/231 257/257/251 256/256/250
f 257/257/251 236/236/231 237/237/232
f 237/237/232 258/258/252 257/257/251
f 258/258/252 237/237/232 238/238/233
f 238/238/233 259/259/253 258/258/252
f 259/259/253 238/238/233 239/239/234
f 239/239/234 260/260/254 259/259/253
f 260/260/254 239/239/234 240/240/235
f 240/240/235 261/261/255 260/260/254
f 261/261/255 240/240/235 241/241/236
f 241/241/236 262/262/256 261/261/255
f 262/262/256 241/241/236 242/242/237
f 242/242/237 263/263/257 262/262/256
f 263/263/257 242/242/237 243/243/238
f 243/243/238 264/264/258 263/263/257
f 264/264/258 243/243/238 244/244/239
f 244/244/239 265/265/259 264/264/258
f 265/265/259 244/244/239 245/245/240
f 245/245/240 266/266/260 265/265/259
f 266/266/260 245/245/240 246/246/241
f 246/246/241 267/267/261 266/266/260
f 267/267/261 246/246/241 247/247/242
f 247/247/242 268/268/262 267/267/261
f 268/268/262 247/247/242 248/248/243
f 248/248/243 269/269/263 268/268/262
f 269/269/263 248/248/243 249/249/244
f 249/249/244 270/270/264 269/269/263
f 270/270/264 249/249/244 250/250/245
f 250/250/245 271/271/265 270/270/264
f 271/271/265 250/250/245 251/251/246
f 251/251/246 272/272/266 271/271/265
f 272/272/266 251/251/246 252/252/227
f 252/252/227 273/273/267 272/272/266
f 274/274/268 253/253/247 254/254/248
f 254/254/248 275/275/269 274/274/268
f 275/275/269 254/254/248 255/255/249
f 255/255/249 276/276/270 275/275/269
f 276/276/270 255/255/249 256/256/250
f 256/256/250 277/277/271 276/276/270
f 277/277/271 256/256/250 257/257/251
f 257/257/251 278/278/272 277/277/271
f 278/278/272 257/257/251 258/258/252
f 258/258/252 279/279/273 278/278/272
f 279/279/273 258/258/252 259/259/253
f 259/259/253 280/280/274 279/279/273
f 280/280/274 259/259/253 260/260/254
f 260/260/254 281/281/275 280/280/274
f 281/281/275 260/260/254 261/261/255
f 261/261/255 282/282/276 281/281/275
f 282/282/276 261/261/255 262/262/256
f 262/262/256 283/283/277 282/282/276
f 283/283/277 262/262/256 263/263/257
f 263/263/257 284/284/278 283/283/277
f 284/284/278 263/263/257 264/264/258
f 264/264/258 285/285/279 284/284/278
f 285/285/279 264/264/258 265/265/259
f 265/265/259 286/286/280 285/285/279
f 286/286/280 265/265/259 266/266/260
f 266/266/260 287/287/281 286/286/280
f 287/287/281 266/266/260 267/267/261
f 267/267/261 288/288/282 287/287/281
f 288/288/282 267/267/261 268/268/262
f 268/268/262 289/289/283 288/288/282
f 289/289/283 268/268/262 269/269/263
f 269/269/263 290/290/284 289/289/283
f 290/290/284 269/269/263 270/270/264
f 270/270/264 291/291/285 290/290/284
f 291/291/285 270/270/264 271/271/265
f 271/271/265 292/292/286 291/291/285
f 292/292/286 271/271/265 272/272/266
f 272/272/266 293/293/287 292/292/286
f 293/293/287 272/272/266 273/273/267
f 273/273/267 294/294/268 293/293/287
f 295/295/288 274/274/268 275/275/269
f 275/275/269 296/296/289 295/295/288
f 296/296/289 275/275/269 276/276/270
f 276/276/270 297/297/290 296/296/289
f 297/297/290 276/276/270 277/277/271
f 277/277/271 298/298/291 297/297/290
f 298/298/291 277/277/271 278/278/272
f 278/278/272 299/299/292 298/298/291
f 299/299/292 278/278/272 279/279/273
f 279/279/273 300/300/293 299/299/292
f 300/300/293 279/279/273 280/280/274
f 280/280/274 301/301/294 300/300/293
f 301/301/294 280/280/274 281/281/275
f 281/281/275 302/302/295 301/301/294
f 302/302/295 281/281/275 282/282/276
f 282/282/276 303/303/296 302/302/295
f 303/303/296 282/282/276 283/283/277
f 283/283/277 304/304/297 303/303/296
f 304/304/297 283/283/277 284/284/278
f 284/284/278 305/305/298 304/304/297
f 305/305/298 284/284/278 285/285/279
f 285/285/279 306/306/299 305/305/298
f 306/306/299 285/285/279 286/286/280
f 286/286/280 307/307/300 306/306/299
f 307/307/300 286/286/280 287/287/281
f 287/287/281 308/308/301 307/307/300
f 308/308/301 287/287/281 288/288/282
f 288/288/282 309/309/302 308/308/301
f 309/309/302 288/288/282 289/289/283
f 289/289/283 310/310/303 309/309/302
f 310/310/303 289/289/283 290/290/284
f 290/290/284 311/311/304 310/310/303
f 311/311/304 290/290/284 291/291/285
f 291/291/285 312/312/305 311/311/304
f 312/312/305 291/291/285 292/292/286
f 292/292/286 313/313/306 312/312/305
f 313/313/306 292/292/286 293/293/287
f 293/293/287 314/314/307 313/313/306
f 314/314/307 293/293/287 294/294/268
f 294/294/268 315/315/308 314/314/307
f 316/316/309 295/295/288 296/296/289
f 296/296/289 317/317/310 316/316/309
f 317/317/310 296/296/289 297/297/290
f 297/297/290 318/318/311 317/317/310
f 318/318/311 297/297/290 298/298/291
f 298/298/291 319/319/312 318/318/311
f 319/319/312 298/298/291 299/299/292
f 299/299/292 320/320/313 319/319/312
f 320/320/313 299/299/292 300/300/293
f 300/300/293 321/321/314 320/320/313
f 321/321/314 300/300/293 301/301/294
f 301/301/294 322/322/315 321/321/314
f 322/322/315 301/301/294 302/302/295
f 302/302/295 323/323/316 322/322/315
f 323/323/316 302/302/295 303/303/296
f 303/303/296 324/324/317 323/323/316
f 324/324/317 303/303/296 304/304/297
f 304/304/297 325/325/318 324/324/317
f 325/325/318 304/304/297 305/305/298
f 305/305/298 326/326/319 325/325/318
f 326/326/319 305/305/298 306/306/299
f 306/306/299 327/327/320 326/326/319
f 327/327/320 306/306/299 307/307/300
f 307/307/300 328/328/321 327/327/320
f 328/328/321 307/307/300 308/308/301
f 308/308/301 329/329/322 328/328/321
f 329/329/322 308/308/301 309/309/302
f 309/309/302 330/330/323 329/329/322
f 330/330/323 309/309/302 310/310/303
f 310/310/303 331/331/324 330/330/323
f 331/331/324 310/310/303 311/311/304
f 311/311/304 332/332/325 331/331/324
f 332/332/325 311/311/304 312/312/305
f 312/312/305 333/333/326 332/332/325
f 333/333/326 312/312/305 313/313/306
f 313/313/306 334/334/327 333/333/326
f 334/334/327 313/313/306 314/314/307
f 314/314/307 335/335/328 334/334/327
f 335/335/328 314/314/307 315/315/308
f 315/315/308 336/336/309 335/335/328
f 337/337/329 316/316/309 317/317/310
f 317/317/310 338/338/330 337/337/329
f 338/338/330 317/317/310 318/318/311
f 318/318/311 339/339/331 338/338/330
f 339/339/331 318/318/311 319/319/312
f 319/319/312 340/340/332 339/339/331
f 340/340/332 319/319/312 320/320/313
f 320/320/313 341/341/333 340/340/332
f 341/341/333 320/320/313 321/321/314
f 321/321/314 342/342/334 341/341/333
f 342/342/334 321/321/314 322/322/315
f 322/322/315 343/343/335 342/342/334
f 343/343/335 322/322/315 323/323/316
f 323/323/316 344/344/336 343/343/335
f 344/344/336 323/323/316 324/324/317
f 324/324/317 345/345/337 344/344/336
f 345/345/337 324/324/317 325/325/318
f 325/325/318 346/346/338 345/345/337
f 346/346/338 325/325/318 326/326/319
f 326/326/319 347/347/339 346/346/338
f 347/347/339 326/326/319 327/327/320
f 327/327/320 348/348/340 347/347/339
f 348/348/340 327/327/320 328/328/321
f 328/328/321 349/349/341 348/348/340
f 349/349/341 328/328/321 329/329/322
f 329/329/322 350/350/342 349/349/341
f 350/350/342 329/329/322 330/330/323
f 330/330/323 351/351/343 350/350/342
f 351/351/343 330/330/323 331/331/324
f 331/331/324 352/352/344 351/351/343
f 352/352/344 331/331/324 332/332/325
f 332/332/325 353/353/345 352/352/344
f 353/353/345 332/332/325 333/333/326
f 333/333/326 354/354/346 353/353/345
f 354/354/346 333/333/326 334/334/327
f 334/334/327 355/355/347 354/354/346
f 355/355/347 334/334/327 335/335/328
f 335/335/328 356/356/348 355/355/347
f 356/356/348 335/335/328 336/336/309
f 336/336/309 357/357/329 356/356/348
f 358/358/349 337/337/329 338/338/330
f 338/338/330 359/359/350 358/358/349
f 359/359/350 338/338/330 339/339/331
f 339/339/331 360/360/351 359/359/350
f 360/360/351 339/339/331 340/340/332
f 340/340/332 361/361/352 360/360/351
f 361/361/352 340/340/332 341/341/333
f 341/341/333 362/362/353 361/361/352
f 362/362/353 341/341/333 342/342/334
f 342/342/334 363/363/354 362/362/353
f 363/363/354 342/342/334 343/343/335
f 343/343/335 364/364/355 363/363/354
f 364/364/355 343/343/335 344/344/336
f 344/344/336 365/365/356 364/364/355
f 365/365/356 344/344/336 345/345/337
f 345/345/337 366/366/357 365/365/356
f 366/366/357 345/345/337 346/346/338
f 346/346/338 367/367/358 366/366/357
f 367/367/358 346/346/338 347/347/339
f 347/347/339 368/368/359 367/367/358
f 368/368/359 347/347/339 348/348/340
f 348/348/340 369/369/360 368/368/359
f 369/369/360 348/348/340 349/349/341
f 349/349/341 370/370/361 369/369/360
f 370/370/361 349/349/341 350/350/342
f 350/350/342 371/371/362 370/370/361
f 371/371/362 350/350/342 351/351/343
f 351/351/343 372/372/363 371/371/362
f 372/372/363 351/351/343 352/352/344
f 352/352/344 373/373/364 372/372/363
f 373/373/364 352/352/344 353/353/345
f 353/353/345 374/374/365 373/373/364
f 374/374/365 353/353/345 354/354/346
f 354/354/346 375/375/366 374/374/365
f 375/375/366 354/354/346 355/355/347
f 355/355/347 376/376/367 375/375/366
f 376/376/367 355/355/347 356/356/348
f 356/356/348 377/377/368 376/376/367
f 377/377/368 356/356/348 357/357/329
f 357/357/329 378/378/369 377/377/368
f 379/379/370 358/358/349 359/359/350
f 359/359/350 380/380/371 379/379/370
f 380/380/371 359/359/350 360/360/351
f 360/360/351 381/381/372 380/380/371
f 381/381/372 360/360/351 361/361/352
f 361/361/352 382/382/373 381/381/372
f 382/382/373 361/361/352 362/362/353
f 362/362/353 383/383/374 382/382/373
f 383/383/374 362/362/353 363/363/354
f 363/363/354 384/384/375 383/383/374
f 384/384/375 363/363/354 364/364/355
f 364/364/355 385/385/376 384/384/375
f 385/385/376 364/364/355 365/365/356
f 365/365/356 386/386/377 385/385/376
f 386/386/377 365/365/356 366/366/357
f 366/366/357 387/387/378 386/386/377
f 387/387/378 366/366/357 367/367/358
f 367/367/358 388/388/379 387/387/378
f 388/388/379 367/367/358 368/368/359
f 368/368/359 389/389/380 388/388/379
f 389/389/380 368/368/359 369/369/360
f 369/369/360 390/390/381 389/389/380
f 390/390/381 369/369/360 370/370/361
f 370/370/361 391/391/382 390/390/381
f 391/391/382 370/370/361 371/371/362
f 371/371/362 392/392/383 391/391/382
f 392/392/383 371/371/362 372/372/363
f 372/372/363 393/393/384 392/392/383
f 393/393/384 372/372/363 373/373/364
f 373/373/364 394/394/385 393/393/384
f 394/394/385 373/373/364 374/374/365
f 374/374/365 395/395/386 394/394/385
f 395/395/386 374/374/365 375/375/366
f 375/375/366 396/396/387 395/395/386
f 396/396/387 375/375/366 376/376/367
f 376/376/367 397/397/388 396/396/387
f 397/397/388 376/376/367 377/377/368
f 377/377/368 398/398/389 397/397/388
f 398/398/389 377/377/368 378/378/369
f 378/378/369 399/399/370 398/398/389
f 3/3/3 2/2/2 400/400/390
f 5/5/5 3/3/3 401/401/390
f 7/7/7 5/5/5 402/402/390
f 9/9/9 7/7/7 403/403/390
f 11/11/11 9/9/9 404/404/390
f 13/13/13 11/11/11 405/405/390
f 15/15/15 13/13/13 406/406/390
f 17/17/17 15/15/15 407/407/390
f 19/19/19 17/17/17 408/408/390
f 21/21/21 19/19/19 409/409/390
f 23/23/23 21/21/21 410/410/390
f 25/25/25 23/23/23 411/411/390
f 27/27/27 25/25/25 412/412/390
f 29/29/29 27/27/27 413/413/390
f 31/31/31 29/29/29 414/414/390
f 33/33/33 31/31/31 415/415/390
f 35/35/35 33/33/33 416/416/390
f 37/37/37 35/35/35 417/417/390
f 39/39/39 37/37/37 418/418/390
f 41/41/2 39/39/39 419/419/390
f 379/379/370 380/380/371 420/420/391
f 380/380/371 381/381/372 421/421/391
f 381/381/372 382/382/373 422/422/391
f 382/382/373 383/383/374 423/423/391
f 383/383/374 384/384/375 424/424/391
f 384/384/375 385/385/376 425/425/391
f 385/385/376 386/386/377 426/426/391
f 386/386/377 387/387/378 427/427/391
f 387/387/378 388/388/379 428/428/391
f 388/388/379 389/389/380 429/429/391
f 389/389/380 390/390/381 430/430/391
f 390/390/381 391/391/382 431/431/391
f 391/391/382 392/392/383 432/432/391
f 392/392/383 393/393/384 433/433/391
f 393/393/384 394/394/385 434/434/391
f 394/394/385 395/395/386 435/435/391
f 395/395/386 396/396/387 436/436/391
f 396/396/387 397/397/388 437/437/391
f 397/397/388 398/398/389 438/438/391
f 398/398/389 399/399/370 439/439/391
f 440/440/392 441/441/393 442/442/394
f 442/442/394 443/443/395 440/440/392
f 443/443/395 442/442/394 444/444/396
f 444/444/396 445/445/397 443/443/395
f 445/445/397 444/444/396 446/446/398
f 446/446/398 447/447/399 445/445/397
f 447/447/399 446/446/398 448/448/400
f 448/448/400 449/449/401 447/447/399
f 449/449/401 448/448/400 450/450/402
f 450/450/402 451/451/403 449/449/401
f 451/451/403 450/450/402 452/452/404
f 452/452/404 453/453/405 451/451/403
f 453/453/405 452/452/404 454/454/406
f 454/454/406 455/455/407 453/453/405
f 455/455/407 454/454/406 456/456/408
f 456/456/408 457/457/409 455/455/407
f 457/457/409 456/456/408 458/458/410
f 458/458/410 459/459/411 457/457/409
f 459/459/411 458/458/410 460/460/412
f 460/460/412 461/461/413 459/459/411
f 461/461/413 460/460/412 462/462/414
f 462/462/414 463/463/415 461/461/413
f 463/463/415 462/462/414 464/464/416
f 464/464/416 465/465/417 463/463/415
f 465/465/417 464/464/416 466/466/418
f 466/466/418 467/467/419 465/465/417
f 467/467/419 466/466/418 468/468/420
f 468/468/420 469/469/421 467/467/419
f 469/469/421 468/468/420 470/470/422
f 470/470/422 471/471/423 469/469/421
f 471/471/423 470/470/422 472/472/424
f 472/472/424 473/473/425 471/471/423
f 473/473/425 472/472/424 474/474/426
f 474/474/426 475/475/427 473/473/425
f 475/475/427 474/474/426 476/476/428
f 476/476/428 477/477/429 475/475/427
f 477/477/429 476/476/428 478/478/430
f 478/478/430 479/479/431 477/477/429
f 479/479/431 478/478/430 480/480/393
f 480/480/393 481/481/432 479/479/431
f 482/482/433 440/440/392 443/443/395
f 443/443/395 483/483/434 482/482/433
f 483/483/434 443/443/395 445/445/397
f 445/445/397 484/484/435 483/483/434
f 484/484/435 445/445/397 447/447/399
f 447/447/399 485/485/436 484/484/435
f 485/485/436 447/447/399 449/449/401
f 449/449/401 486/486/437 485/485/436
f 486/486/437 449/449/401 451/451/403
f 451/451/403 487/487/438 486/486/437
f 487/487/438 451/451/403 453/453/405
f 453/453/405 488/488/439 487/487/438
f 488/488/439 453/453/405 455/455/407
f 455/455/407 489/489/440 488/488/439
f 489/489/440 455/455/407 457/457/409
f 457/457/409 490/490/441 489/489/440
f 490/490/441 457/457/409 459/459/411
f 459/459/411 491/491/442 490/490/441
f 491/491/442 459/459/411 461/461/413
f 461/461/413 492/492/443 491/491/442
f 492/492/443 461/461/413 463/463/415
f 463/463/415 493/493/444 492/492/443
f 493/493/444 463/463/415 465/465/417
f 465/465/417 494/494/445 493/493/444
f 494/494/445 465/465/417 467/467/419
f 467/467/419 495/495/446 494/494/445
f 495/495/446 467/467/419 469/469/421
f 469/469/421 496/496/447 495/495/446
f 496/496/447 469/469/421 471/471/423
f 471/471/423 497/497/448 496/496/447
f 497/497/448 471/471/423 473/473/425
f 473/473/425 498/498/449 497/497/448
f 498/498/449 473/473/425 475/475/427
f 475/475/427 499/499/450 498/498/449
f 499/499/450 475/475/427 477/477/429
f 477/477/429 500/500/451 499/499/450
f 500/500/451 477/477/429 479/479/431
f 479/479/431 501/501/452 500/500/451
f 501/501/452 479/479/431 481/481/432
f 481/481/432 502/502/433 501/501/452
f 503/503/453 482/482/433 483/483/434
f 483/483/434 504/504/454 503/503/453
f 504/504/454 483/483/434 484/484/435
f 484/484/435 505/505/455 504/504/454
f 505/505/455 484/484/435 485/485/436
f 485/485/436 506/506/456 505/505/455
f 506/506/456 485/485/436 486/486/437
f 486/486/437 507/507/457 506/506/456
f 507/507/457 486/486/437 487/487/438
f 487/487/438 508/508/458 507/507/457
f 508/508/458 487/487/438 488/488/439
f 488/488/439 509/509/459 508/508/458
f 509/509/459 488/488/439 489/489/440
f 489/489/440 510/510/460 509/509/459
f 510/510/460 489/489/440 490/490/441
f 490/490/441 511/511/461 510/510/460
f 511/511/461 490/490/441 491/491/442
f 491/491/442 512/512/462 511/511/461
f 512/512/462 491/491/442 492/492/443
f 492/492/443 513/513/463 512/512/462
f 513/513/463 492/492/443 493/493/444
f 493/493/444 514/514/464 513/513/463
f 514/514/464 493/493/444 494/494/445
f 494/494/445 515/515/465 514/514/464
f 515/515/465 494/494/445 495/495/446
f 495/495/446 516/516/466 515/515/465
f 516/516/466 495/495/446 496/496/447
f 496/496/447 517/517/467 516/516/466
f 517/517/467 496/496/447 497/497/448
f 497/497/448 518/518/468 517/517/467
f 518/518/468 497/497/448 498/498/449
f 498/498/449 519/519/469 518/518/468
f 519/519/469 498/498/449 499/499/450
f 499/499/450 520/520/470 519/519/469
f 520/520/470 499/499/450 500/500/451
f 500/500/451 521/521/471 520/520/470
f 521/521/471 500/500/451 501/501/452
f 501/501/452 522/522/472 521/521/471
f 522/522/472 501/501/452 502/502/433
f 502/502/433 523/523/453 522/522/472
f 524/524/473 503/503/453 504/504/454
f 504/504/454 525/525/474 524/524/473
f 525/525/474 504/504/454 505/505/455
f 505/505/455 526/526/475 525/525/474
f 526/526/475 505/505/455 506/506/456
f 506/506/456 527/527/476 526/526/475
f 527/527/476 506/506/456 507/507/457
f 507/507/457 528/528/477 527/527/476
f 528/528/477 507/507/457 508/508/458
f 508/508/458 529/529/478 528/528/477
f 529/529/478 508/508/458 509/509/459
f 509/509/459 530/530/479 529/529/478
f 530/530/479 509/509/459 510/510/460
f 510/510/460 531/531/480 530/530/479
f 531/531/480 510/510/460 511/511/461
f 511/511/461 532/532/481 531/531/480
f 532/532/481 511/511/461 512/512/462
f 512/512/462 533/533/482 532/532/481
f 533/533/482 512/512/462 513/513/463
f 513/513/463 534/534/483 533/533/482
f 534/534/483 513/513/463 514/514/464
f 514/514/464 535/535/484 534/534/483
f 535/535/484 514/514/464 515/515/465
f 515/515/465 536/536/485 535/535/484
f 536/536/485 515/515/465 516/516/466
f 516/516/466 537/537/486 536/536/485
f 537/537/486 516/516/466 517/517/467
f 517/517/467 538/538/487 537/537/486
f 538/538/487 517/517/467 518/518/468
f 518/518/468 539/539/488 538/538/487
f 539/539/488 518/518/468 519/519/469
f 519/519/469 540/540/489 539/539/488
f 540/540/489 519/519/469 520/520/470
f 520/520/470 541/541/490 540/540/489
f 541/541/490 520/520/470 521/521/471
f 521/521/471 542/542/491 541/541/490
f 542/542/491 521/521/471 522/522/472
f 522/522/472 543/543/492 542/542/491
f 543/543/492 522/522/472 523/523/453
f 523/523/453 544/544/493 543/543/492
f 545/545/494 524/524/473 525/525/474
f 525/525/474 546/546/495 545/545/494
f 546/546/495 525/525/474 526/526/475
f 526/526/475 547/547/496 546/546/495
f 547/547/496 526/526/475 527/527/476
f 527/527/476 548/548/497 547/547/496
f 548/548/497 527/527/476 528/528/477
f 528/528/477 549/549/498 548/548/497
f 549/549/498 528/528/477 529/529/478
f 529/529/478 550/550/499 549/549/498
f 550/550/499 529/529/478 530/530/479
f 530/530/479 551/551/500 550/550/499
f 551/551/500 530/530/479 531/531/480
f 531/531/480 552/552/501 551/551/500
f 552/552/501 531/531/480 532/532/481
f 532/532/481 553/553/502 552/552/501
f 553/553/502 532/532/481 533/533/482
f 533/533/482 554/554/503 553/553/502
f 554/554/503 533/533/482 534/534/483
f 534/534/483 555/555/504 554/554/503
f 555/555/504 534/534/483 535/535/484
f 535/535/484 556/556/505 555/555/504
f 556/556/505 535/535/484 536/536/485
f 536/536/485 557/557/506 556/556/505
f 557/557/506 536/536/485 537/537/486
f 537/537/486 558/558/507 557/557/506
f 558/558/507 537/537/486 538/538/487
f 538/538/487 559/559/508 558/558/507
f 559/559/508 538/538/487 539/539/488
f 539/539/488 560/560/509 559/559/508
f 560/560/509 539/539/488 540/540/489
f 540/540/489 561/561/510 560/560/509
f 561/561/510 540/540/489 541/541/490
f 541/541/490 562/562/511 561/561/510
f 562/562/511 541/541/490 542/542/491
f 542/542/491 563/563/512 562/562/511
f 563/563/512 542/542/491 543/543/492
f 543/543/492 564/564/513 563/563/512
f 564/564/513 543/543/492 544/544/493
f 544/544/493 565/565/514 564/564/513
f 566/566/515 545/545/494 546/546/495
f 546/546/495 567/567/516 566/566/515
f 567/567/516 546/546/495 547/547/496
f 547/547/496 568/568/517 567/567/516
f 568/568/517 547/547/496 548/548/497
f 548/548/497 569/569/518 568/568/517
f 569/569/518 548/548/497 549/549/498
f 549/549/498 570/570/519 569/569/518
f 570/570/519 549/549/498 550/550/499
f 550/550/499 571/571/520 570/570/519
f 571/571/520 550/550/499 551/551/500
f 551/551/500 572/572/521 571/571/520
f 572/572/521 551/551/500 552/552/501
f 552/552/501 573/573/522 572/572/521
f 573/573/522 552/552/501 553/553/502
f 553/553/502 574/574/523 573/573/522
f 574/574/523 553/553/502 554/554/503
f 554/554/503 575/575/524 574/574/523
f 575/575/524 554/554/503 555/555/504
f 555/555/504 576/576/525 575/575/524
f 576/576/525 555/555/504 556/556/505
f 556/556/505 577/577/526 576/576/525
f 577/577/526 556/556/505 557/557/506
f 557/557/506 578/578/527 577/577/526
f 578/578/527 557/557/506 558/558/507
f 558/558/507 579/579/528 578/578/527
f 579/579/528 558/558/507 559/559/508
f 559/559/508 580/580/529 579/579/528
f 580/580/529 559/559/508 560/560/509
f 560/560/509 581/581/530 580/580/529
f 581/581/530 560/560/509 561/561/510
f 561/561/510 582/582/531 581/581/530
f 582/582/531 561/561/510 562/562/511
f 562/562/511 583/583/532 582/582/531
f 583/583/532 562/562/511 563/563/512
f 563/563/512 584/584/533 583/583/532
f 584/584/533 563/563/512 564/564/513
f 564/564/513 585/585/534 584/584/533
f 585/585/534 564/564/513 565/565/514
f 565/565/514 586/586/535 585/585/534
f 587/587/536 566/566/515 567/567/516
f 567/567/516 588/588/537 587/587/536
f 588/588/537 567/567/516 568/568/517
f 568/568/517 589/589/538 588/588/537
f 589/589/538 568/568/517 569/569/518
f 569/569/518 590/590/539 589/589/538
f 590/590/539 569/569/518 570/570/519
f 570/570/519 591/591/540 590/590/539
f 591/591/540 570/570/519 571/571/520
f 571/571/520 592/592/541 591/591/540
f 592/592/541 571/571/520 572/572/521
f 572/572/521 593/593/542 592/592/541
f 593/593/542 572/572/521 573/573/522
f 573/573/522 594/594/543 593/593/542
f 594/594/543 573/573/522 574/574/523
f 574/574/523 595/595/544 594/594/543
f 595/595/544 574/574/523 575/575/524
f 575/575/524 596/596/545 595/595/544
f 596/596/545 575/575/524 576/576/525
f 576/576/525 597/597/546 596/596/545
f 597/597/546 576/576/525 577/577/526
f 577/577/526 598/598/547 597/597/546
f 598/598/547 577/577/526 578/578/527
f 578/578/527 599/599/548 598/598/547
f 599/599/548 578/578/527 579/579/528
f 579/579/528 600/600/549 599/599/548
f 600/600/549 579/579/528 580/580/529
f 580/580/529 601/601/550 600/600/549
f 601/601/550 580/580/529 581/581/530
f 581/581/530 602/602/551 601/601/550
f 602/602/551 581/581/530 582/582/531
f 582/582/531 603/603/552 602/602/551
f 603/603/552 582/582/531 583/583/532
f 583/583/532 604/604/553 603/603/552
f 604/604/553 583/583/532 584/584/533
f 584/584/533 605/605/554 604/604/553
f 605/605/554 584/584/533 585/585/534
f 585/585/534 606/606/555 605/605/554
f 606/606/555 585/585/534 586/586/535
f 586/586/535 607/607/556 606/606/555
f 608/608/557 587/587/536 588/588/537
f 588/588/537 609/609/558 608/608/557
f 609/609/558 588/588/537 589/589/538
f 589/589/538 610/610/559 609/609/558
f 610/610/559 589/589/538 590/590/539
f 590/590/539 611/611/560 610/610/559
f 611/611/560 590/590/539 591/591/540
f 591/591/540 612/612/561 611/611/560
f 612/612/561 591/591/540 592/592/541
f 592/592/541 613/613/562 612/612/561
f 613/613/562 592/592/541 593/593/542
f 593/593/542 614/614/563 613/613/562
f 614/614/563 593/593/542 594/594/543
f 594/594/543 615/615/564 614/614/563
f 615/615/564 594/594/543 595/595/544
f 595/595/544 616/616/565 615/615/564
f 616/616/565 595/595/544 596/596/545
f 596/596/545 617/617/566 616/616/565
f 617/617/566 596/596/545 597/597/546
f 597/597/546 618/618/567 617/617/566
f 618/618/567 597/597/546 598/598/547
f 598/598/547 619/619/568 618/618/567
f 619/619/568 598/598/547 599/599/548
f 599/599/548 620/620/569 619/619/568
f 620/620/569 599/599/548 600/600/549
f 600/600/549 621/621/570 620/620/569
f 621/621/570 600/600/549 601/601/550
f 601/601/550 622/622/571 621/621/570
f 622/622/571 601/601/550 602/602/551
f 602/602/551 623/623/572 622/622/571
f 623/623/572 602/602/551 603/603/552
f 603/603/552 624/624/573 623/623/572
f 624/624/573 603/603/552 604/604/553
f 604/604/553 625/625/574 624/624/573
f 625/625/574 604/604/553 605/605/554
f 605/605/554 626/626/575 625/625/574
f 626/626/575 605/605/554 606/606/555
f 606/606/555 627/627/576 626/626/575
f 627/627/576 606/606/555 607/607/556
f 607/607/556 628/628/577 627/627/576
f 629/629/578 608/608/557 609/609/558
f 609/609/558 630/630/579 629/629/578
f 630/630/579 609/609/558 610/610/559
f 610/610/559 631/631/580 630/630/579
f 631/631/580 610/610/559 611/611/560
f 611/611/560 632/632/581 631/631/580
f 632/632/581 611/611/560 612/612/561
f 612/612/561 633/633/582 632/632/581
f 633/633/582 612/612/561 613/613/562
f 613/613/562 634/634/583 633/633/582
f 634/634/583 613/613/562 614/614/563
f 614/614/563 635/635/584 634/634/583
f 635/635/584 614/614/563 615/615/564
f 615/615/564 636/636/585 635/635/584
f 636/636/585 615/615/564 616/616/565
f 616/616/565 637/637/586 636/636/585
f 637/637/586 616/616/565 617/617/566
f 617/617/566 638/638/194 637/637/586
f 638/638/194 617/617/566 618/618/567
f 618/618/567 639/639/587 638/638/194
f 639/639/587 618/618/567 619/619/568
f 619/619/568 640/640/588 639/639/587
f 640/640/588 619/619/568 620/620/569
f 620/620/569 641/641/589 640/640/588
f 641/641/589 620/620/569 621/621/570
f 621/621/570 642/642/590 641/641/589
f 642/642/590 621/621/570 622/622/571
f 622/622/571 643/643/199 642/642/590
f 643/643/199 622/622/571 623/623/572
f 623/623/572 644/644/591 643/643/199
f 644/644/591 623/623/572 624/624/573
f 624/624/573 645/645/592 644/644/591
f 645/645/592 624/624/573 625/625/574
f 625/625/574 646/646/593 645/645/592
f 646/646/593 625/625/574 626/626/575
f 626/626/575 647/647/594 646/646/593
f 647/647/594 626/626/575 627/627/576
f 627/627/576 648/648/204 647/647/594
f 648/648/204 627/627/576 628/628/577
f 628/628/577 649/649/578 648/648/204
f 650/650/595 629/629/578 630/630/579
f 630/630/579 651/651/596 650/650/595
f 651/651/596 630/630/579 631/631/580
f 631/631/580 652/652/597 651/651/596
f 652/652/597 631/631/580 632/632/581
f 632/632/581 653/653/598 652/652/597
f 653/653/598 632/632/581 633/633/582
f 633/633/582 654/654/599 653/653/598
f 654/654/599 633/633/582 634/634/583
f 634/634/583 655/655/600 654/654/599
f 655/655/600 634/634/583 635/635/584
f 635/635/584 656/656/601 655/655/600
f 656/656/601 635/635/584 636/636/585
f 636/636/585 657/657/602 656/656/601
f 657/657/602 636/636/585 637/637/586
f 637/637/586 658/658/603 657/657/602
f 658/658/603 637/637/586 638/638/194
f 638/638/194 659/659/604 658/658/603
f 659/659/604 638/638/194 639/639/587
f 639/639/587 660/660/605 659/659/604
f 660/660/605 639/639/587 640/640/588
f 640/640/588 661/661/606 660/660/605
f 661/661/606 640/640/588 641/641/589
f 641/641/589 662/662/607 661/661/606
f 662/662/607 641/641/589 642/642/590
f 642/642/590 663/663/608 662/662/607
f 663/663/608 642/642/590 643/643/199
f 643/643/199 664/664/609 663/663/608
f 664/664/609 643/643/199 644/644/591
f 644/644/591 665/665/610 664/664/609
f 665/665/610 644/644/591 645/645/592
f 645/645/592 666/666/611 665/665/610
f 666/666/611 645/645/592 646/646/593
f 646/646/593 667/667/612 666/666/611
f 667/667/612 646/646/593 647/647/594
f 647/647/594 668/668/613 667/667/612
f 668/668/613 647/647/594 648/648/204
f 648/648/204 669/669/614 668/668/613
f 669/669/614 648/648/204 649/649/578
f 649/649/578 670/670/615 669/669/614
f 671/671/616 650/650/595 651/651/596
f 651/651/596 672/672/617 671/671/616
f 672/672/617 651/651/596 652/652/597
f 652/652/597 673/673/618 672/672/617
f 673/673/618 652/652/597 653/653/598
f 653/653/598 674/674/619 673/673/618
f 674/674/619 653/653/598 654/654/599
f 654/654/599 675/675/620 674/674/619
f 675/675/620 654/654/599 655/655/600
f 655/655/600 676/676/621 675/675/620
f 676/676/621 655/655/600 656/656/601
f 656/656/601 677/677/622 676/676/621
f 677/677/622 656/656/601 657/657/602
f 657/657/602 678/678/623 677/677/622
f 678/678/623 657/657/602 658/658/603
f 658/658/603 679/679/624 678/678/623
f 679/679/624 658/658/603 659/659/604
f 659/659/604 680/680/625 679/679/624
f 680/680/625 659/659/604 660/660/605
f 660/660/605 681/681/626 680/680/625
f 681/681/626 660/660/605 661/661/606
f 661/661/606 682/682/627 681/681/626
f 682/682/627 661/661/606 662/662/607
f 662/662/607 683/683/628 682/682/627
f 683/683/628 662/662/607 663/663/608
f 663/663/608 684/684/629 683/683/628
f 684/684/629 663/663/608 664/664/609
f 664/664/609 685/685/630 684/684/629
f 685/685/630 664/664/609 665/665/610
f 665/665/610 686/686/631 685/685/630
f 686/686/631 665/665/610 666/666/611
f 666/666/611 687/687/632 686/686/631
f 687/687/632 666/666/611 667/667/612
f 667/667/612 688/688/633 687/687/632
f 688/688/633 667/667/612 668/668/613
f 668/668/613 689/689/634 688/688/633
f 689/689/634 668/668/613 669/669/614
f 669/669/614 690/690/635 689/689/634
f 690/690/635 669/669/614 670/670/615
f 670/670/615 691/691/636 690/690/635
f 692/692/637 671/671/616 672/672/617
f 672/672/617 693/693/638 692/692/637
f 693/693/638 672/672/617 673/673/618
f 673/673/618 694/694/639 693/693/638
f 694/694/639 673/673/618 674/674/619
f 674/674/619 695/695/640 694/694/639
f 695/695/640 674/674/619 675/675/620
f 675/675/620 696/696/641 695/695/640
f 696/696/641 675/675/620 676/676/621
f 676/676/621 697/697/642 696/696/641
f 697/697/642 676/676/621 677/677/622
f 677/677/622 698/698/643 697/697/642
f 698/698/643 677/677/622 678/678/623
f 678/678/623 699/699/644 698/698/643
f 699/699/644 678/678/623 679/679/624
f 679/679/624 700/700/645 699/699/644
f 700/700/645 679/679/624 680/680/625
f 680/680/625 701/701/646 700/700/645
f 701/701/646 680/680/625 681/681/626
f 681/681/626 702/702/647 701/701/646
f 702/702/647 681/681/626 682/682/627
f 682/682/627 703/703/648 702/702/647
f 703/703/648 682/682/627 683/683/628
f 683/683/628 704/704/649 703/703/648
f 704/704/649 683/683/628 684/684/629
f 684/684/629 705/705/650 704/704/649
f 705/705/650 684/684/629 685/685/630
f 685/685/630 706/706/651 705/705/650
f 706/706/651 685/685/630 686/686/631
f 686/686/631 707/707/652 706/706/651
f 707/707/652 686/686/631 687/687/632
f 687/687/632 708/708/653 707/707/652
f 708/708/653 687/687/632 688/688/633
f 688/688/633 709/709/654 708/708/653
f 709/709/654 688/688/633 689/689/634
f 689/689/634 710/710/655 709/709/654
f 710/710/655 689/689/634 690/690/635
f 690/690/635 711/711/656 710/710/655
f 711/711/656 690/690/635 691/691/636
f 691/691/636 712/712/657 711/711/656
f 713/713/658 692/692/637 693/693/638
f 693/693/638 714/714/659 713/713/658
f 714/714/659 693/693/638 694/694/639
f 694/694/639 715/715/660 714/714/659
f 715/715/660 694/694/639 695/695/640
f 695/695/640 716/716/661 715/715/660
f 716/716/661 695/695/640 696/696/641
f 696/696/641 717/717/662 716/716/661
f 717/717/662 696/696/641 697/697/642
f 697/697/642 718/718/663 717/717/662
f 718/718/663 697/697/642 698/698/643
f 698/698/643 719/719/664 718/718/663
f 719/719/664 698/698/643 699/699/644
f 699/699/644 720/720/665 719/719/664
f 720/720/665 699/699/644 700/700/645
f 700/700/645 721/721/666 720/720/665
f 721/721/666 700/700/645 701/701/646
f 701/701/646 722/722/667 721/721/666
f 722/722/667 701/701/646 702/702/647
f 702/702/647 723/723/668 722/722/667
f 723/723/668 702/702/647 703/703/648
f 703/703/648 724/724/669 723/723/668
f 724/724/669 703/703/648 704/704/649
f 704/704/649 725/725/670 724/724/669
f 725/725/670 704/704/649 705/705/650
f 705/705/650 726/726/671 725/725/670
f 726/726/671 705/705/650 706/706/651
f 706/706/651 727/727/672 726/726/671
f 727/727/672 706/706/651 707/707/652
f 707/707/652 728/728/673 727/727/672
f 728/728/673 707/707/652 708/708/653
f 708/708/653 729/729/674 728/728/673
f 729/729/674 708/708/653 709/709/654
f 709/709/654 730/730/675 729/729/674
f 730/730/675 709/709/654 710/710/655
f 710/710/655 731/731/676 730/730/675
f 731/731/676 710/710/655 711/711/656
f 711/711/656 732/732/677 731/731/676
f 732/732/677 711/711/656 712/712/657
f 712/712/657 733/733/678 732/732/677
f 734/734/679 713/713/658 714/714/659
f 714/714/659 735/735/680 734/734/679
f 735/735/680 714/714/659 715/715/660
f 715/715/660 736/736/681 735/735/680
f 736/736/681 715/715/660 716/716/661
f 716/716/661 737/737/682 736/736/681
f 737/737/682 716/716/661 717/717/662
f 717/717/662 738/738/683 737/737/682
f 738/738/683 717/717/662 718/718/663
f 718/718/663 739/739/684 738/738/683
f 739/739/684 718/718/663 719/719/664
f 719/719/664 740/740/685 739/739/684
f 740/740/685 719/719/664 720/720/665
f 720/720/665 741/741/686 740/740/685
f 741/741/686 720/720/665 721/721/666
f 721/721/666 742/742/687 741/741/686
f 742/742/687 721/721/666 722/722/667
f 722/722/667 743/743/688 742/742/687
f 743/743/688 722/722/667 723/723/668
f 723/723/668 744/744/689 743/743/688
f 744/744/689 723/723/668 724/724/669
f 724/724/669 745/745/690 744/744/689
f 745/745/690 724/724/669 725/725/670
f 725/725/670 746/746/691 745/745/690
f 746/746/691 725/725/670 726/726/671
f 726/726/671 747/747/692 746/746/691
f 747/747/692 726/726/671 727/727/672
f 727/727/672 748/748/693 747/747/692
f 748/748/693 727/727/672 728/728/673
f 728/728/673 749/749/694 748/748/693
f 749/749/694 728/728/673 729/729/674
f 729/729/674 750/750/695 749/749/694
f 750/750/695 729/729/674 730/730/675
f 730/730/675 751/751/696 750/750/695
f 751/751/696 730/730/675 731/731/676
f 731/731/676 752/752/697 751/751/696
f 752/752/697 731/731/676 732/732/677
f 732/732/677 753/753/698 752/752/697
f 753/753/698 732/732/677 733/733/678
f 733/733/678 754/754/699 753/753/698
f 755/755/700 734/734/679 735/735/680
f 735/735/680 756/756/701 755/755/700
f 756/756/701 735/735/680 736/736/681
f 736/736/681 757/757/702 756/756/701
f 757/757/702 736/736/681 737/737/682
f 737/737/682 758/758/703 757/757/702
f 758/758/703 737/737/682 738/738/683
f 738/738/683 759/759/704 758/758/703
f 759/759/704 738/738/683 739/739/684
f 739/739/684 760/760/705 759/759/704
f 760/760/705 739/739/684 740/740/685
f 740/740/685 761/761/706 760/760/705
f 761/761/706 740/740/685 741/741/686
f 741/741/686 762/762/707 761/761/706
f 762/762/707 741/741/686 742/742/687
f 742/742/687 763/763/708 762/762/707
f 763/763/708 742/742/687 743/743/688
f 743/743/688 764/764/709 763/763/708
f 764/764/709 743/743/688 744/744/689
f 744/744/689 765/765/710 764/764/709
f 765/765/710 744/744/689 745/745/690
f 745/745/690 766/766/711 765/765/710
f 766/766/711 745/745/690 746/746/691
f 746/746/691 767/767/712 766/766/711
f 767/767/712 746/746/691 747/747/692
f 747/747/692 768/768/713 767/767/712
f 768/768/713 747/747/692 748/748/693
f 748/748/693 769/769/714 768/768/713
f 769/769/714 748/748/693 749/749/694
f 749/749/694 770/770/715 769/769/714
f 770/770/715 749/749/694 750/750/695
f 750/750/695 771/771/716 770/770/715
f 771/771/716 750/750/695 751/751/696
f 751/751/696 772/772/717 771/771/716
f 772/772/717 751/751/696 752/752/697
f 752/752/697 773/773/718 772/772/717
f 773/773/718 752/752/697 753/753/698
f 753/753/698 774/774/719 773/773/718
f 774/774/719 753/753/698 754/754/699
f 754/754/699 775/775/720 774/774/719
f 776/776/721 755/755/700 756/756/701
f 756/756/701 777/777/722 776/776/721
f 777/777/722 756/756/701 757/757/702
f 757/757/702 778/778/723 777/777/722
f 778/778/723 757/757/702 758/758/703
f 758/758/703 779/779/724 778/778/723
f 779/779/724 758/758/703 759/759/704
f 759/759/704 780/780/725 779/779/724
f 780/780/725 759/759/704 760/760/705
f 760/760/705 781/781/726 780/780/725
f 781/781/726 760/760/705 761/761/706
f 761/761/706 782/782/727 781/781/726
f 782/782/727 761/761/706 762/762/707
f 762/762/707 783/783/728 782/782/727
f 783/783/728 762/762/707 763/763/708
f 763/763/708 784/784/729 783/783/728
f 784/784/729 763/763/708 764/764/709
f 764/764/709 785/785/730 784/784/729
f 785/785/730 764/764/709 765/765/710
f 765/765/710 786/786/731 785/785/730
f 786/786/731 765/765/710 766/766/711
f 766/766/711 787/787/732 786/786/731
f 787/787/732 766/766/711 767/767/712
f 767/767/712 788/788/733 787/787/732
f 788/788/733 767/767/712 768/768/713
f 768/768/713 789/789/734 788/788/733
f 789/789/734 768/768/713 769/769/714
f 769/769/714 790/790/735 789/789/734
f 790/790/735 769/769/714 770/770/715
f 770/770/715 791/791/736 790/790/735
f 791/791/736 770/770/715 771/771/716
f 771/771/716 792/792/737 791/791/736
f 792/792/737 771/771/716 772/772/717
f 772/772/717 793/793/738 792/792/737
f 793/793/738 772/772/717 773/773/718
f 773/773/718 794/794/739 793/793/738
f 794/794/739 773/773/718 774/774/719
f 774/774/719 795/795/740 794/794/739
f 795/795/740 774/774/719 775/775/720
f 775/775/720 796/796/721 795/795/740
f 797/797/741 798/798/742 799/799/743
f 800/800/744 801/801/745 802/802/746
f 803/803/747 804/804/748 805/805/749
f 806/806/750 807/807/751 808/808/752
f 809/809/753 810/810/754 811/811/755
f 812/812/756 813/813/757 814/814/758
f 815/815/759 816/816/760 817/817/761
f 818/818/762 819/819/763 820/820/764
f 821/821/765 822/822/766 823/823/767
f 824/824/768 825/825/769 826/826/770
f 827/827/771 828/828/772 829/829/773
f 830/830/774 831/831/775 832/832/776
f 833/833/777 834/834/778 835/835/779
f 836/836/780 837/837/781 838/838/782
f 839/839/783 840/840/784 841/841/785
f 842/842/786 843/843/787 844/844/788
f 845/845/789 846/846/790 847/847/791
f 848/848/792 849/849/793 850/850/794
f 851/851/795 852/852/796 853/853/797
f 854/854/798 855/855/799 856/856/800
f 799/799/743 798/798/742 857/857/801
f 802/802/746 801/801/745 858/858/802
f 805/805/749 804/804/748 859/859/803
f 808/808/752 807/807/751 860/860/804
f 811/811/755 810/810/754 861/861/805
f 814/814/758 813/813/757 862/862/806
f 817/817/761 816/816/760 863/863/807
f 820/820/764 819/819/763 864/864/808
f 823/823/767 822/822/766 865/865/809
f 826/826/770 825/825/769 866/866/810
f 829/829/773 828/828/772 867/867/811
f 832/832/776 831/831/775 868/868/812
f 835/835/779 834/834/778 869/869/813
f 838/838/782 837/837/781 870/870/814
f 841/841/785 840/840/784 871/871/815
f 844/844/788 843/843/787 872/872/816
f 847/847/791 846/846/790 873/873/817
f 850/850/794 849/849/793 874/874/818
f 853/853/797 852/852/796 875/875/819
f 876/876/820 854/854/798 856/856/800
f 442/442/394 441/441/393 877/877/390
f 444/444/396 442/442/394 878/878/390
f 446/446/398 444/444/396 879/879/390
f 448/448/400 446/446/398 880/880/390
f 450/450/402 448/448/400 881/881/390
f 452/452/404 450/450/402 882/882/390
f 454/454/406 452/452/404 883/883/390
f 456/456/408 454/454/406 884/884/390
f 458/458/410 456/456/408 885/885/390
f 460/460/412 458/458/410 886/886/390
f 462/462/414 460/460/412 887/887/390
f 464/464/416 462/462/414 888/888/390
f 466/466/418 464/464/416 889/889/390
f 468/468/420 466/466/418 890/890/390
f 470/470/422 468/468/420 891/891/390
f 472/472/424 470/470/422 892/892/390
f 474/474/426 472/472/424 893/893/390
f 476/476/428 474/474/426 894/894/390
f 478/478/430 476/476/428 895/895/390
f 480/480/393 478/478/430 896/896/390
f 897/897/821 898/898/822 899/899/823
f 900/900/824 901/901/825 902/902/826
f 903/903/827 904/904/828 905/905/829
f 906/906/830 907/907/831 908/908/832
f 909/909/833 910/910/834 911/911/835
f 912/912/836 913/913/837 914/914/838
f 915/915/839 916/916/840 917/917/841
f 918/918/842 919/919/843 920/920/844
f 921/921/845 922/922/846 923/923/847
f 924/924/848 925/925/849 926/926/850
f 927/927/851 928/928/852 929/929/853
f 930/930/854 931/931/855 932/932/856
f 933/933/857 934/934/858 935/935/859
f 936/936/860 937/937/861 938/938/862
f 939/939/863 940/940/864 941/941/865
f 942/942/866 943/943/867 944/944/868
f 945/945/869 946/946/870 947/947/871
f 948/948/872 949/949/873 950/950/874
f 951/951/875 952/952/876 953/953/877
f 954/954/823 955/955/878 956/956/821
f 957/957/879 800/800/744 802/802/746
f 858/858/802 957/957/879 802/802/746
f 958/958/880 959/959/881 960/960/882
f 961/961/883 959/959/881 958/958/880
f 962/962/884 803/803/747 805/805/749
f 859/859/803 962/962/884 805/805/749
f 963/963/885 898/898/822 897/897/821
f 797/797/741 776/776/721 777/777/722
f 797/797/741 777/777/722 800/800/744
f 800/800/744 957/957/879 797/797/741
f 964/964/886 806/806/750 808/808/752
f 860/860/804 964/964/886 808/808/752
f 965/965/887 901/901/825 900/900/824
f 800/800/744 777/777/722 778/778/723
f 800/800/744 778/778/723 803/803/747
f 803/803/747 962/962/884 800/800/744
f 966/966/888 809/809/753 811/811/755
f 861/861/805 966/966/888 811/811/755
f 967/967/889 904/904/828 903/903/827
f 803/803/747 778/778/723 779/779/724
f 803/803/747 779/779/724 806/806/750
f 806/806/750 964/964/886 803/803/747
f 968/968/890 812/812/756 814/814/758
f 862/862/806 968/968/890 814/814/758
f 969/969/891 907/907/831 906/906/830
f 806/806/750 779/779/724 780/780/725
f 806/806/750 780/780/725 809/809/753
f 809/809/753 966/966/888 806/806/750
f 970/970/892 815/815/759 817/817/761
f 863/863/807 970/970/892 817/817/761
f 971/971/893 910/910/834 909/909/833
f 809/809/753 780/780/725 781/781/726
f 809/809/753 781/781/726 812/812/756
f 812/812/756 968/968/890 809/809/753
f 972/972/894 818/818/762 820/820/764
f 864/864/808 972/972/894 820/820/764
f 973/973/895 913/913/837 912/912/836
f 812/812/756 781/781/726 782/782/727
f 812/812/756 782/782/727 815/815/759
f 815/815/759 970/970/892 812/812/756
f 974/974/896 821/821/765 823/823/767
f 865/865/809 974/974/896 823/823/767
f 975/975/897 916/916/840 915/915/839
f 815/815/759 782/782/727 783/783/728
f 815/815/759 783/783/728 818/818/762
f 818/818/762 972/972/894 815/815/759
f 976/976/898 824/824/768 826/826/770
f 866/866/810 976/976/898 826/826/770
f 977/977/899 919/919/843 918/918/842
f 818/818/762 783/783/728 784/784/729
f 818/818/762 784/784/729 821/821/765
f 821/821/765 974/974/896 818/818/762
f 978/978/900 827/827/771 829/829/773
f 867/867/811 978/978/900 829/829/773
f 979/979/901 922/922/846 921/921/845
f 821/821/765 784/784/729 785/785/730
f 821/821/765 785/785/730 824/824/768
f 824/824/768 976/976/898 821/821/765
f 980/980/902 830/830/774 832/832/776
f 868/868/812 980/980/902 832/832/776
f 981/981/903 925/925/849 924/924/848
f 824/824/768 785/785/730 786/786/731
f 824/824/768 786/786/731 827/827/771
f 827/827/771 978/978/900 824/824/768
f 982/982/904 833/833/777 835/835/779
f 869/869/813 982/982/904 835/835/779
f 983/983/905 928/928/852 927/927/851
f 827/827/771 786/786/731 787/787/732
f 827/827/771 787/787/732 830/830/774
f 830/830/774 980/980/902 827/827/771
f 984/984/906 836/836/780 838/838/782
f 870/870/814 984/984/906 838/838/782
f 985/985/907 931/931/855 930/930/854
f 830/830/774 787/787/732 788/788/733
f 830/830/774 788/788/733 833/833/777
f 833/833/777 982/982/904 830/830/774
f 986/986/908 839/839/783 841/841/785
f 871/871/815 986/986/908 841/841/785
f 987/987/909 934/934/858 933/933/857
f 833/833/777 788/788/733 789/789/734
f 833/833/777 789/789/734 836/836/780
f 836/836/780 984/984/906 833/833/777
f 988/988/910 842/842/786 844/844/788
f 872/872/816 988/988/910 844/844/788
f 989/989/911 937/937/861 936/936/860
f 836/836/780 789/789/734 790/790/735
f 836/836/780 790/790/735 839/839/783
f 839/839/783 986/986/908 836/836/780
f 990/990/912 845/845/789 847/847/791
f 873/873/817 990/990/912 847/847/791
f 991/991/913 940/940/864 939/939/863
f 839/839/783 790/790/735 791/791/736
f 839/839/783 791/791/736 842/842/786
f 842/842/786 988/988/910 839/839/783
f 992/992/914 848/848/792 850/850/794
f 874/874/818 992/992/914 850/850/794
f 993/993/915 943/943/867 942/942/866
f 842/842/786 791/791/736 792/792/737
f 842/842/786 792/792/737 845/845/789
f 845/845/789 990/990/912 842/842/786
f 994/994/916 851/851/795 853/853/797
f 875/875/819 994/994/916 853/853/797
f 995/995/917 946/946/870 945/945/869
f 845/845/789 792/792/737 793/793/738
f 845/845/789 793/793/738 848/848/792
f 848/848/792 992/992/914 845/845/789
f 996/996/918 961/961/883 958/958/880
f 960/960/882 996/996/918 958/958/880
f 997/997/919 949/949/873 948/948/872
f 848/848/792 793/793/738 794/794/739
f 848/848/792 794/794/739 851/851/795
f 851/851/795 994/994/916 848/848/792
f 961/961/883 795/795/740 796/796/721
f 961/961/883 796/796/721 855/855/799
f 855/855/799 854/854/798 961/961/883
f 955/955/878 998/998/885 956/956/821
f 999/999/920 952/952/876 951/951/875
f 851/851/795 794/794/739 795/795/740
f 851/851/795 795/795/740 961/961/883
f 961/961/883 996/996/918 851/851/795
f 1000/1000/921 965/965/887 900/900/824
f 1001/1001/922 1000/1000/921 900/900/824
f 1002/1002/923 1003/1003/924 1004/1004/925
f 1005/1005/926 1003/1003/924 1002/1002/923
f 1006/1006/927 967/967/889 903/903/827
f 1007/1007/829 1006/1006/927 903/903/827
f 1008/1008/928 1009/1009/929 1010/1010/930
f 963/963/931 798/798/742 858/858/802
f 858/858/802 1000/1000/921 963/963/931
f 1011/1011/932 969/969/891 906/906/830
f 1012/1012/933 1011/1011/932 906/906/830
f 1013/1013/929 1014/1014/934 1015/1015/930
f 965/965/935 801/801/936 859/859/803
f 859/859/803 1006/1006/937 965/965/935
f 1016/1016/938 971/971/893 909/909/833
f 1017/1017/835 1016/1016/938 909/909/833
f 1018/1018/939 1019/1019/940 1020/1020/930
f 967/967/941 804/804/942 860/860/804
f 860/860/804 1011/1011/932 967/967/941
f 1021/1021/943 973/973/895 912/912/836
f 1022/1022/838 1021/1021/943 912/912/836
f 1023/1023/940 1024/1024/944 1025/1025/930
f 969/969/945 807/807/946 861/861/947
f 861/861/947 1016/1016/948 969/969/945
f 1026/1026/949 975/975/897 915/915/839
f 1027/1027/841 1026/1026/949 915/915/839
f 1028/1028/944 1029/1029/950 1030/1030/930
f 971/971/893 810/810/754 862/862/806
f 862/862/806 1021/1021/951 971/971/893
f 1031/1031/952 977/977/899 918/918/842
f 1032/1032/953 1031/1031/952 918/918/842
f 1033/1033/950 1034/1034/954 1035/1035/930
f 973/973/955 813/813/757 863/863/807
f 863/863/807 1026/1026/949 973/973/955
f 1036/1036/956 979/979/901 921/921/845
f 1037/1037/847 1036/1036/956 921/921/845
f 1038/1038/957 1039/1039/958 1040/1040/930
f 975/975/959 816/816/760 864/864/960
f 864/864/960 1031/1031/961 975/975/959
f 1041/1041/962 981/981/903 924/924/848
f 1042/1042/850 1041/1041/962 924/924/848
f 1043/1043/958 1044/1044/963 1045/1045/930
f 977/977/964 819/819/965 865/865/809
f 865/865/809 1036/1036/956 977/977/964
f 1046/1046/966 983/983/905 927/927/851
f 1047/1047/967 1046/1046/966 927/927/851
f 1048/1048/963 1049/1049/968 1050/1050/930
f 979/979/969 822/822/766 866/866/970
f 866/866/970 1041/1041/971 979/979/969
f 1051/1051/972 985/985/907 930/930/854
f 1052/1052/973 1051/1051/972 930/930/854
f 1053/1053/968 1054/1054/974 1055/1055/975
f 981/981/976 825/825/769 867/867/811
f 867/867/811 1046/1046/966 981/981/976
f 1056/1056/977 987/987/909 933/933/857
f 1057/1057/978 1056/1056/977 933/933/857
f 1058/1058/979 1059/1059/980 1060/1060/930
f 983/983/981 828/828/772 868/868/982
f 868/868/982 1051/1051/972 983/983/981
f 1061/1061/983 989/989/911 936/936/860
f 1062/1062/862 1061/1061/983 936/936/860
f 1063/1063/980 1064/1064/984 1065/1065/930
f 985/985/907 831/831/775 869/869/985
f 869/869/985 1056/1056/986 985/985/907
f 1066/1066/987 991/991/913 939/939/863
f 1067/1067/865 1066/1066/987 939/939/863
f 1068/1068/988 1069/1069/989 1070/1070/930
f 987/987/990 834/834/991 870/870/814
f 870/870/814 1061/1061/983 987/987/990
f 1071/1071/992 993/993/915 942/942/866
f 1072/1072/868 1071/1071/992 942/942/866
f 1073/1073/989 1074/1074/993 1075/1075/930
f 989/989/994 837/837/781 871/871/815
f 871/871/815 1066/1066/987 989/989/994
f 1076/1076/995 995/995/917 945/945/869
f 1077/1077/996 1076/1076/995 945/945/869
f 1078/1078/993 1079/1079/997 1080/1080/930
f 991/991/998 840/840/999 872/872/816
f 872/872/816 1071/1071/992 991/991/998
f 1081/1081/1000 997/997/919 948/948/872
f 1082/1082/1001 1081/1081/1000 948/948/872
f 1083/1083/997 1084/1084/1002 1085/1085/930
f 993/993/1003 843/843/1004 873/873/1005
f 873/873/1005 1076/1076/995 993/993/1003
f 1086/1086/1006 999/999/920 951/951/875
f 1087/1087/1007 1086/1086/1006 951/951/875
f 1088/1088/1008 1089/1089/1009 1090/1090/930
f 995/995/1010 846/846/790 874/874/1011
f 874/874/1011 1081/1081/1012 995/995/1010
f 1091/1091/1013 1005/1005/926 1002/1002/923
f 1092/1092/925 1091/1091/1013 1002/1002/923
f 1093/1093/1009 1094/1094/1014 1095/1095/930
f 997/997/919 849/849/1015 875/875/819
f 875/875/819 1086/1086/1006 997/997/919
f 1005/1005/1016 959/959/881 876/876/801
f 876/876/801 955/955/878 1005/1005/1016
f 1096/1096/1017 1097/1097/928 1098/1098/930
f 1099/1099/1018 1100/1100/1017 1101/1101/1019
f 999/999/1020 852/852/796 960/960/1021
f 960/960/1021 1091/1091/1022 999/999/1020
f 1003/1003/924 954/954/823 1096/1096/1023
f 898/898/822 1001/1001/826 1008/1008/928
f 901/901/1024 1007/1007/829 1013/1013/929
f 904/904/828 1012/1012/832 1018/1018/939
f 907/907/831 1017/1017/835 1023/1023/940
f 910/910/1025 1022/1022/1026 1028/1028/1027
f 913/913/837 1027/1027/841 1033/1033/1028
f 916/916/1029 1032/1032/953 1038/1038/957
f 919/919/1030 1037/1037/847 1043/1043/1031
f 922/922/846 1042/1042/850 1048/1048/1032
f 925/925/849 1047/1047/1033 1053/1053/1034
f 928/928/852 1052/1052/973 1058/1058/974
f 931/931/855 1057/1057/859 1063/1063/1035
f 934/934/1036 1062/1062/1037 1068/1068/1038
f 937/937/1039 1067/1067/1040 1073/1073/1041
f 940/940/864 1072/1072/868 1078/1078/1042
f 943/943/1043 1077/1077/1044 1083/1083/1045
f 946/946/870 1082/1082/874 1088/1088/1008
f 949/949/873 1087/1087/1007 1093/1093/1046
f 952/952/1047 1092/1092/925 1099/1099/1018
f 1102/440/1048 1103/441/1049 1104/442/1050
f 1104/442/1050 1105/443/1051 1102/440/1048
f 1105/443/1051 1104/442/1050 1106/444/1052
f 1106/444/1052 1107/445/1053 1105/443/1051
f 1107/445/1053 1106/444/1052 1108/446/1054
f 1108/446/1054 1109/447/1055 1107/445/1053
f 1109/447/1055 1108/446/1054 1110/448/210
f 1110/448/210 1111/449/1056 1109/447/1055
f 1111/449/1056 1110/448/210 1112/450/1057
f 1112/450/1057 1113/451/1058 1111/449/1056
f 1113/451/1058 1112/450/1057 1114/1102/1059
f 1114/1102/1059 1115/1103/1060 1113/451/1058
f 1115/1103/1060 1114/1102/1059 1116/454/1061
f 1116/454/1061 1117/455/1062 1115/1103/1060
f 1117/455/1062 1116/454/1061 1118/456/1063
f 1118/456/1063 1119/457/1064 1117/455/1062
f 1119/457/1064 1118/456/1063 1120/458/1065
f 1120/458/1065 1121/459/1066 1119/457/1064
f 1121/459/1066 1120/458/1065 1122/460/1067
f 1122/460/1067 1123/461/1068 1121/459/1066
f 1123/461/1068 1122/460/1067 1124/462/1069
f 1124/462/1069 1125/463/1070 1123/461/1068
f 1125/463/1070 1124/462/1069 1126/464/1071
f 1126/464/1071 1127/465/1072 1125/463/1070
f 1127/465/1072 1126/464/1071 1128/466/1073
f 1128/466/1073 1129/467/1074 1127/465/1072
f 1129/467/1074 1128/466/1073 1130/468/1075
f 1130/468/1075 1131/469/1076 1129/467/1074
f 1131/469/1076 1130/468/1075 1132/1104/1077
f 1132/1104/1077 1133/1105/1078 1131/469/1076
f 1133/1105/1078 1132/1104/1077 1134/1106/1079
f 1134/1106/1079 1135/1107/1080 1133/1105/1078
f 1135/1107/1080 1134/1106/1079 1136/474/1081
f 1136/474/1081 1137/475/1082 1135/1107/1080
f 1137/475/1082 1136/474/1081 1138/476/1083
f 1138/476/1083 1139/477/1084 1137/475/1082
f 1139/477/1084 1138/476/1083 1140/478/1085
f 1140/478/1085 1141/479/1086 1139/477/1084
f 1141/479/1086 1140/478/1085 1142/480/1087
f 1142/480/1087 1143/481/1088 1141/479/1086
f 1144/482/1089 1102/440/1048 1105/443/1051
f 1105/443/1051 1145/483/1090 1144/482/1089
f 1145/483/1090 1105/443/1051 1107/445/1053
f 1107/445/1053 1146/484/1091 1145/483/1090
f 1146/484/1091 1107/445/1053 1109/447/1055
f 1109/447/1055 1147/485/1092 1146/484/1091
f 1147/485/1092 1109/447/1055 1111/449/1056
f 1111/449/1056 1148/486/1093 1147/485/1092
f 1148/486/1093 1111/449/1056 1113/451/1058
f 1113/451/1058 1149/487/1094 1148/486/1093
f 1149/487/1094 1113/451/1058 1115/1103/1060
f 1115/1103/1060 1150/1108/1095 1149/487/1094
f 1150/1108/1095 1115/1103/1060 1117/455/1062
f 1117/455/1062 1151/489/1096 1150/1108/1095
f 1151/489/1096 1117/455/1062 1119/457/1064
f 1119/457/1064 1152/490/1097 1151/489/1096
f 1152/490/1097 1119/457/1064 1121/459/1066
f 1121/459/1066 1153/491/1098 1152/490/1097
f 1153/491/1098 1121/459/1066 1123/461/1068
f 1123/461/1068 1154/492/1099 1153/491/1098
f 1154/492/1099 1123/461/1068 1125/463/1070
f 1125/463/1070 1155/493/1100 1154/492/1099
f 1155/493/1100 1125/463/1070 1127/465/1072
f 1127/465/1072 1156/494/1101 1155/493/1100
f 1156/494/1101 1127/465/1072 1129/467/1074
f 1129/467/1074 1157/495/1102 1156/494/1101
f 1157/495/1102 1129/467/1074 1131/469/1076
f 1131/469/1076 1158/496/1103 1157/495/1102
f 1158/496/1103 1131/469/1076 1133/1105/1078
f 1133/1105/1078 1159/1109/1104 1158/496/1103
f 1159/1109/1104 1133/1105/1078 1135/1107/1080
f 1135/1107/1080 1160/1110/1105 1159/1109/1104
f 1160/1110/1105 1135/1107/1080 1137/475/1082
f 1137/475/1082 1161/499/1106 1160/1110/1105
f 1161/499/1106 1137/475/1082 1139/477/1084
f 1139/477/1084 1162/500/1107 1161/499/1106
f 1162/500/1107 1139/477/1084 1141/479/1086
f 1141/479/1086 1163/501/1108 1162/500/1107
f 1163/501/1108 1141/479/1086 1143/481/1088
f 1143/481/1088 1164/502/1089 1163/501/1108
f 1165/503/1109 1144/482/1089 1145/483/1090
f 1145/483/1090 1166/504/1110 1165/503/1109
f 1166/504/1110 1145/483/1090 1146/484/1091
f 1146/484/1091 1167/505/1111 1166/504/1110
f 1167/505/1111 1146/484/1091 1147/485/1092
f 1147/485/1092 1168/506/1112 1167/505/1111
f 1168/506/1112 1147/485/1092 1148/486/1093
f 1148/486/1093 1169/507/1113 1168/506/1112
f 1169/507/1113 1148/486/1093 1149/487/1094
f 1149/487/1094 1170/508/1114 1169/507/1113
f 1170/508/1114 1149/487/1094 1150/1108/1095
f 1150/1108/1095 1171/1111/1115 1170/508/1114
f 1171/1111/1115 1150/1108/1095 1151/489/1096
f 1151/489/1096 1172/510/1116 1171/1111/1115
f 1172/510/1116 1151/489/1096 1152/490/1097
f 1152/490/1097 1173/511/1117 1172/510/1116
f 1173/511/1117 1152/490/1097 1153/491/1098
f 1153/491/1098 1174/512/1118 1173/511/1117
f 1174/512/1118 1153/491/1098 1154/492/1099
f 1154/492/1099 1175/513/1119 1174/512/1118
f 1175/513/1119 1154/492/1099 1155/493/1100
f 1155/493/1100 1176/514/1120 1175/513/1119
f 1176/514/1120 1155/493/1100 1156/494/1101
f 1156/494/1101 1177/515/1121 1176/514/1120
f 1177/515/1121 1156/494/1101 1157/495/1102
f 1157/495/1102 1178/516/1122 1177/515/1121
f 1178/516/1122 1157/495/1102 1158/496/1103
f 1158/496/1103 1179/517/1123 1178/516/1122
f 1179/517/1123 1158/496/1103 1159/1109/1104
f 1159/1109/1104 1180/1112/1124 1179/517/1123
f 1180/1112/1124 1159/1109/1104 1160/1110/1105
f 1160/1110/1105 1181/1113/1125 1180/1112/1124
f 1181/1113/1125 1160/1110/1105 1161/499/1106
f 1161/499/1106 1182/520/1126 1181/1113/1125
f 1182/520/1126 1161/499/1106 1162/500/1107
f 1162/500/1107 1183/521/1127 1182/520/1126
f 1183/521/1127 1162/500/1107 1163/501/1108
f 1163/501/1108 1184/522/1128 1183/521/1127
f 1184/522/1128 1163/501/1108 1164/502/1089
f 1164/502/1089 1185/523/1109 1184/522/1128
f 1186/524/1129 1165/503/1109 1166/504/1110
f 1166/504/1110 1187/525/1130 1186/524/1129
f 1187/525/1130 1166/504/1110 1167/505/1111
f 1167/505/1111 1188/526/1131 1187/525/1130
f 1188/526/1131 1167/505/1111 1168/506/1112
f 1168/506/1112 1189/527/1132 1188/526/1131
f 1189/527/1132 1168/506/1112 1169/507/1113
f 1169/507/1113 1190/528/1133 1189/527/1132
f 1190/528/1133 1169/507/1113 1170/508/1114
f 1170/508/1114 1191/529/1134 1190/528/1133
f 1191/529/1134 1170/508/1114 1171/1111/1115
f 1171/1111/1115 1192/1114/1135 1191/529/1134
f 1192/1114/1135 1171/1111/1115 1172/510/1116
f 1172/510/1116 1193/531/1136 1192/1114/1135
f 1193/531/1136 1172/510/1116 1173/511/1117
f 1173/511/1117 1194/532/1137 1193/531/1136
f 1194/532/1137 1173/511/1117 1174/512/1118
f 1174/512/1118 1195/533/1138 1194/532/1137
f 1195/533/1138 1174/512/1118 1175/513/1119
f 1175/513/1119 1196/534/1139 1195/533/1138
f 1196/534/1139 1175/513/1119 1176/514/1120
f 1176/514/1120 1197/535/1140 1196/534/1139
f 1197/535/1140 1176/514/1120 1177/515/1121
f 1177/515/1121 1198/536/1141 1197/535/1140
f 1198/536/1141 1177/515/1121 1178/516/1122
f 1178/516/1122 1199/537/1142 1198/536/1141
f 1199/537/1142 1178/516/1122 1179/517/1123
f 1179/517/1123 1200/538/1143 1199/537/1142
f 1200/538/1143 1179/517/1123 1180/1112/1124
f 1180/1112/1124 1201/1115/1144 1200/538/1143
f 1201/1115/1144 1180/1112/1124 1181/1113/1125
f 1181/1113/1125 1202/1116/1145 1201/1115/1144
f 1202/1116/1145 1181/1113/1125 1182/520/1126
f 1182/520/1126 1203/541/1146 1202/1116/1145
f 1203/541/1146 1182/520/1126 1183/521/1127
f 1183/521/1127 1204/542/1147 1203/541/1146
f 1204/542/1147 1183/521/1127 1184/522/1128
f 1184/522/1128 1205/543/1148 1204/542/1147
f 1205/543/1148 1184/522/1128 1185/523/1109
f 1185/523/1109 1206/544/1149 1205/543/1148
f 1207/545/1150 1186/524/1129 1187/525/1130
f 1187/525/1130 1208/546/1151 1207/545/1150
f 1208/546/1151 1187/525/1130 1188/526/1131
f 1188/526/1131 1209/547/1152 1208/546/1151
f 1209/547/1152 1188/526/1131 1189/527/1132
f 1189/527/1132 1210/548/1153 1209/547/1152
f 1210/548/1153 1189/527/1132 1190/528/1133
f 1190/528/1133 1211/549/1154 1210/548/1153
f 1211/549/1154 1190/528/1133 1191/529/1134
f 1191/529/1134 1212/550/1155 1211/549/1154
f 1212/550/1155 1191/529/1134 1192/1114/1135
f 1192/1114/1135 1213/1117/1156 1212/550/1155
f 1213/1117/1156 1192/1114/1135 1193/531/1136
f 1193/531/1136 1214/552/1157 1213/1117/1156
f 1214/552/1157 1193/531/1136 1194/532/1137
f 1194/532/1137 1215/553/1158 1214/552/1157
f 1215/553/1158 1194/532/1137 1195/533/1138
f 1195/533/1138 1216/554/1159 1215/553/1158
f 1216/554/1159 1195/533/1138 1196/534/1139
f 1196/534/1139 1217/555/1160 1216/554/1159
f 1217/555/1160 1196/534/1139 1197/535/1140
f 1197/535/1140 1218/556/1161 1217/555/1160
f 1218/556/1161 1197/535/1140 1198/536/1141
f 1198/536/1141 1219/557/1162 1218/556/1161
f 1219/557/1162 1198/536/1141 1199/537/1142
f 1199/537/1142 1220/558/1163 1219/557/1162
f 1220/558/1163 1199/537/1142 1200/538/1143
f 1200/538/1143 1221/559/1164 1220/558/1163
f 1221/559/1164 1200/538/1143 1201/1115/1144
f 1201/1115/1144 1222/1118/1165 1221/559/1164
f 1222/1118/1165 1201/1115/1144 1202/1116/1145
f 1202/1116/1145 1223/1119/1166 1222/1118/1165
f 1223/1119/1166 1202/1116/1145 1203/541/1146
f 1203/541/1146 1224/562/1167 1223/1119/1166
f 1224/562/1167 1203/541/1146 1204/542/1147
f 1204/542/1147 1225/563/1168 1224/562/1167
f 1225/563/1168 1204/542/1147 1205/543/1148
f 1205/543/1148 1226/564/1169 1225/563/1168
f 1226/564/1169 1205/543/1148 1206/544/1149
f 1206/544/1149 1227/565/1150 1226/564/1169
f 1228/566/1170 1207/545/1150 1208/546/1151
f 1208/546/1151 1229/567/1171 1228/566/1170
f 1229/567/1171 1208/546/1151 1209/547/1152
f 1209/547/1152 1230/568/1172 1229/567/1171
f 1230/568/1172 1209/547/1152 1210/548/1153
f 1210/548/1153 1231/569/1173 1230/568/1172
f 1231/569/1173 1210/548/1153 1211/549/1154
f 1211/549/1154 1232/570/1174 1231/569/1173
f 1232/570/1174 1211/549/1154 1212/550/1155
f 1212/550/1155 1233/571/1175 1232/570/1174
f 1233/571/1175 1212/550/1155 1213/1117/1156
f 1213/1117/1156 1234/1120/1176 1233/571/1175
f 1234/1120/1176 1213/1117/1156 1214/552/1157
f 1214/552/1157 1235/573/1177 1234/1120/1176
f 1235/573/1177 1214/552/1157 1215/553/1158
f 1215/553/1158 1236/574/1178 1235/573/1177
f 1236/574/1178 1215/553/1158 1216/554/1159
f 1216/554/1159 1237/575/1179 1236/574/1178
f 1237/575/1179 1216/554/1159 1217/555/1160
f 1217/555/1160 1238/576/1180 1237/575/1179
f 1238/576/1180 1217/555/1160 1218/556/1161
f 1218/556/1161 1239/577/1181 1238/576/1180
f 1239/577/1181 1218/556/1161 1219/557/1162
f 1219/557/1162 1240/578/1182 1239/577/1181
f 1240/578/1182 1219/557/1162 1220/558/1163
f 1220/558/1163 1241/579/1183 1240/578/1182
f 1241/579/1183 1220/558/1163 1221/559/1164
f 1221/559/1164 1242/580/1184 1241/579/1183
f 1242/580/1184 1221/559/1164 1222/1118/1165
f 1222/1118/1165 1243/1121/1185 1242/580/1184
f 1243/1121/1185 1222/1118/1165 1223/1119/1166
f 1223/1119/1166 1244/1122/1186 1243/1121/1185
f 1244/1122/1186 1223/1119/1166 1224/562/1167
f 1224/562/1167 1245/583/1187 1244/1122/1186
f 1245/583/1187 1224/562/1167 1225/563/1168
f 1225/563/1168 1246/584/1188 1245/583/1187
f 1246/584/1188 1225/563/1168 1226/564/1169
f 1226/564/1169 1247/585/1189 1246/584/1188
f 1247/585/1189 1226/564/1169 1227/565/1150
f 1227/565/1150 1248/586/1170 1247/585/1189
f 1249/587/1190 1228/566/1170 1229/567/1171
f 1229/567/1171 1250/588/1191 1249/587/1190
f 1250/588/1191 1229/567/1171 1230/568/1172
f 1230/568/1172 1251/589/1192 1250/588/1191
f 1251/589/1192 1230/568/1172 1231/569/1173
f 1231/569/1173 1252/590/1193 1251/589/1192
f 1252/590/1193 1231/569/1173 1232/570/1174
f 1232/570/1174 1253/591/1194 1252/590/1193
f 1253/591/1194 1232/570/1174 1233/571/1175
f 1233/571/1175 1254/592/1195 1253/591/1194
f 1254/592/1195 1233/571/1175 1234/1120/1176
f 1234/1120/1176 1255/1123/1196 1254/592/1195
f 1255/1123/1196 1234/1120/1176 1235/573/1177
f 1235/573/1177 1256/594/1197 1255/1123/1196
f 1256/594/1197 1235/573/1177 1236/574/1178
f 1236/574/1178 1257/595/1198 1256/594/1197
f 1257/595/1198 1236/574/1178 1237/575/1179
f 1237/575/1179 1258/596/1199 1257/595/1198
f 1258/596/1199 1237/575/1179 1238/576/1180
f 1238/576/1180 1259/597/1200 1258/596/1199
f 1259/597/1200 1238/576/1180 1239/577/1181
f 1239/577/1181 1260/598/1201 1259/597/1200
f 1260/598/1201 1239/577/1181 1240/578/1182
f 1240/578/1182 1261/599/1202 1260/598/1201
f 1261/599/1202 1240/578/1182 1241/579/1183
f 1241/579/1183 1262/600/1203 1261/599/1202
f 1262/600/1203 1241/579/1183 1242/580/1184
f 1242/580/1184 1263/601/1204 1262/600/1203
f 1263/601/1204 1242/580/1184 1243/1121/1185
f 1243/1121/1185 1264/1124/1205 1263/601/1204
f 1264/1124/1205 1243/1121/1185 1244/1122/1186
f 1244/1122/1186 1265/1125/1206 1264/1124/1205
f 1265/1125/1206 1244/1122/1186 1245/583/1187
f 1245/583/1187 1266/604/1207 1265/1125/1206
f 1266/604/1207 1245/583/1187 1246/584/1188
f 1246/584/1188 1267/605/1208 1266/604/1207
f 1267/605/1208 1246/584/1188 1247/585/1189
f 1247/585/1189 1268/606/1209 1267/605/1208
f 1268/606/1209 1247/585/1189 1248/586/1170
f 1248/586/1170 1269/607/1210 1268/606/1209
f 1270/608/1211 1249/587/1190 1250/588/1191
f 1250/588/1191 1271/609/1212 1270/608/1211
f 1271/609/1212 1250/588/1191 1251/589/1192
f 1251/589/1192 1272/610/1213 1271/609/1212
f 1272/610/1213 1251/589/1192 1252/590/1193
f 1252/590/1193 1273/611/1214 1272/610/1213
f 1273/611/1214 1252/590/1193 1253/591/1194
f 1253/591/1194 1274/612/1215 1273/611/1214
f 1274/612/1215 1253/591/1194 1254/592/1195
f 1254/592/1195 1275/613/1216 1274/612/1215
f 1275/613/1216 1254/592/1195 1255/1123/1196
f 1255/1123/1196 1276/1126/1217 1275/613/1216
f 1276/1126/1217 1255/1123/1196 1256/594/1197
f 1256/594/1197 1277/615/1218 1276/1126/1217
f 1277/615/1218 1256/594/1197 1257/595/1198
f 1257/595/1198 1278/616/1219 1277/615/1218
f 1278/616/1219 1257/595/1198 1258/596/1199
f 1258/596/1199 1279/617/1220 1278/616/1219
f 1279/617/1220 1258/596/1199 1259/597/1200
f 1259/597/1200 1280/618/1221 1279/617/1220
f 1280/618/1221 1259/597/1200 1260/598/1201
f 1260/598/1201 1281/619/1222 1280/618/1221
f 1281/619/1222 1260/598/1201 1261/599/1202
f 1261/599/1202 1282/620/1223 1281/619/1222
f 1282/620/1223 1261/599/1202 1262/600/1203
f 1262/600/1203 1283/621/1224 1282/620/1223
f 1283/621/1224 1262/600/1203 1263/601/1204
f 1263/601/1204 1284/622/1225 1283/621/1224
f 1284/622/1225 1263/601/1204 1264/1124/1205
f 1264/1124/1205 1285/1127/1226 1284/622/1225
f 1285/1127/1226 1264/1124/1205 1265/1125/1206
f 1265/1125/1206 1286/1128/1227 1285/1127/1226
f 1286/1128/1227 1265/1125/1206 1266/604/1207
f 1266/604/1207 1287/625/1228 1286/1128/1227
f 1287/625/1228 1266/604/1207 1267/605/1208
f 1267/605/1208 1288/626/1229 1287/625/1228
f 1288/626/1229 1267/605/1208 1268/606/1209
f 1268/606/1209 1289/627/1230 1288/626/1229
f 1289/627/1230 1268/606/1209 1269/607/1210
f 1269/607/1210 1290/628/1231 1289/627/1230
f 1291/629/1232 1270/608/1211 1271/609/1212
f 1271/609/1212 1292/630/1233 1291/629/1232
f 1292/630/1233 1271/609/1212 1272/610/1213
f 1272/610/1213 1293/631/1234 1292/630/1233
f 1293/631/1234 1272/610/1213 1273/611/1214
f 1273/611/1214 1294/632/1235 1293/631/1234
f 1294/632/1235 1273/611/1214 1274/612/1215
f 1274/612/1215 1295/633/1236 1294/632/1235
f 1295/633/1236 1274/612/1215 1275/613/1216
f 1275/613/1216 1296/634/1237 1295/633/1236
f 1296/634/1237 1275/613/1216 1276/1126/1217
f 1276/1126/1217 1297/1129/1238 1296/634/1237
f 1297/1129/1238 1276/1126/1217 1277/615/1218
f 1277/615/1218 1298/636/1239 1297/1129/1238
f 1298/636/1239 1277/615/1218 1278/616/1219
f 1278/616/1219 1299/637/1240 1298/636/1239
f 1299/637/1240 1278/616/1219 1279/617/1220
f 1279/617/1220 1300/638/194 1299/637/1240
f 1300/638/194 1279/617/1220 1280/618/1221
f 1280/618/1221 1301/639/1241 1300/638/194
f 1301/639/1241 1280/618/1221 1281/619/1222
f 1281/619/1222 1302/640/1242 1301/639/1241
f 1302/640/1242 1281/619/1222 1282/620/1223
f 1282/620/1223 1303/641/1243 1302/640/1242
f 1303/641/1243 1282/620/1223 1283/621/1224
f 1283/621/1224 1304/642/1244 1303/641/1243
f 1304/642/1244 1283/621/1224 1284/622/1225
f 1284/622/1225 1305/643/1245 1304/642/1244
f 1305/643/1245 1284/622/1225 1285/1127/1226
f 1285/1127/1226 1306/1130/1246 1305/643/1245
f 1306/1130/1246 1285/1127/1226 1286/1128/1227
f 1286/1128/1227 1307/1131/1247 1306/1130/1246
f 1307/1131/1247 1286/1128/1227 1287/625/1228
f 1287/625/1228 1308/646/1248 1307/1131/1247
f 1308/646/1248 1287/625/1228 1288/626/1229
f 1288/626/1229 1309/647/1249 1308/646/1248
f 1309/647/1249 1288/626/1229 1289/627/1230
f 1289/627/1230 1310/648/204 1309/647/1249
f 1310/648/204 1289/627/1230 1290/628/1231
f 1290/628/1231 1311/649/1250 1310/648/204
f 1312/650/1251 1291/629/1232 1292/630/1233
f 1292/630/1233 1313/651/1252 1312/650/1251
f 1313/651/1252 1292/630/1233 1293/631/1234
f 1293/631/1234 1314/652/1253 1313/651/1252
f 1314/652/1253 1293/631/1234 1294/632/1235
f 1294/632/1235 1315/653/1254 1314/652/1253
f 1315/653/1254 1294/632/1235 1295/633/1236
f 1295/633/1236 1316/654/1255 1315/653/1254
f 1316/654/1255 1295/633/1236 1296/634/1237
f 1296/634/1237 1317/655/1256 1316/654/1255
f 1317/655/1256 1296/634/1237 1297/1129/1238
f 1297/1129/1238 1318/1132/1257 1317/655/1256
f 1318/1132/1257 1297/1129/1238 1298/636/1239
f 1298/636/1239 1319/657/1258 1318/1132/1257
f 1319/657/1258 1298/636/1239 1299/637/1240
f 1299/637/1240 1320/658/1259 1319/657/1258
f 1320/658/1259 1299/637/1240 1300/638/194
f 1300/638/194 1321/659/1260 1320/658/1259
f 1321/659/1260 1300/638/194 1301/639/1241
f 1301/639/1241 1322/660/1261 1321/659/1260
f 1322/660/1261 1301/639/1241 1302/640/1242
f 1302/640/1242 1323/661/1262 1322/660/1261
f 1323/661/1262 1302/640/1242 1303/641/1243
f 1303/641/1243 1324/662/1263 1323/661/1262
f 1324/662/1263 1303/641/1243 1304/642/1244
f 1304/642/1244 1325/663/1264 1324/662/1263
f 1325/663/1264 1304/642/1244 1305/643/1245
f 1305/643/1245 1326/664/1265 1325/663/1264
f 1326/664/1265 1305/643/1245 1306/1130/1246
f 1306/1130/1246 1327/1133/1266 1326/664/1265
f 1327/1133/1266 1306/1130/1246 1307/1131/1247
f 1307/1131/1247 1328/1134/1267 1327/1133/1266
f 1328/1134/1267 1307/1131/1247 1308/646/1248
f 1308/646/1248 1329/667/1268 1328/1134/1267
f 1329/667/1268 1308/646/1248 1309/647/1249
f 1309/647/1249 1330/668/1269 1329/667/1268
f 1330/668/1269 1309/647/1249 1310/648/204
f 1310/648/204 1331/669/1270 1330/668/1269
f 1331/669/1270 1310/648/204 1311/649/1250
f 1311/649/1250 1332/670/1251 1331/669/1270
f 1333/671/1271 1312/650/1251 1313/651/1252
f 1313/651/1252 1334/672/1272 1333/671/1271
f 1334/672/1272 1313/651/1252 1314/652/1253
f 1314/652/1253 1335/673/1273 1334/672/1272
f 1335/673/1273 1314/652/1253 1315/653/1254
f 1315/653/1254 1336/674/1274 1335/673/1273
f 1336/674/1274 1315/653/1254 1316/654/1255
f 1316/654/1255 1337/675/1275 1336/674/1274
f 1337/675/1275 1316/654/1255 1317/655/1256
f 1317/655/1256 1338/676/1276 1337/675/1275
f 1338/676/1276 1317/655/1256 1318/1132/1257
f 1318/1132/1257 1339/1135/1277 1338/676/1276
f 1339/1135/1277 1318/1132/1257 1319/657/1258
f 1319/657/1258 1340/678/1278 1339/1135/1277
f 1340/678/1278 1319/657/1258 1320/658/1259
f 1320/658/1259 1341/679/1279 1340/678/1278
f 1341/679/1279 1320/658/1259 1321/659/1260
f 1321/659/1260 1342/680/1280 1341/679/1279
f 1342/680/1280 1321/659/1260 1322/660/1261
f 1322/660/1261 1343/681/1281 1342/680/1280
f 1343/681/1281 1322/660/1261 1323/661/1262
f 1323/661/1262 1344/682/1282 1343/681/1281
f 1344/682/1282 1323/661/1262 1324/662/1263
f 1324/662/1263 1345/683/1283 1344/682/1282
f 1345/683/1283 1324/662/1263 1325/663/1264
f 1325/663/1264 1346/684/1284 1345/683/1283
f 1346/684/1284 1325/663/1264 1326/664/1265
f 1326/664/1265 1347/685/1285 1346/684/1284
f 1347/685/1285 1326/664/1265 1327/1133/1266
f 1327/1133/1266 1348/1136/1286 1347/685/1285
f 1348/1136/1286 1327/1133/1266 1328/1134/1267
f 1328/1134/1267 1349/1137/1287 1348/1136/1286
f 1349/1137/1287 1328/1134/1267 1329/667/1268
f 1329/667/1268 1350/688/1288 1349/1137/1287
f 1350/688/1288 1329/667/1268 1330/668/1269
f 1330/668/1269 1351/689/1289 1350/688/1288
f 1351/689/1289 1330/668/1269 1331/669/1270
f 1331/669/1270 1352/690/1290 1351/689/1289
f 1352/690/1290 1331/669/1270 1332/670/1251
f 1332/670/1251 1353/691/1291 1352/690/1290
f 1354/692/1292 1333/671/1271 1334/672/1272
f 1334/672/1272 1355/693/1293 1354/692/1292
f 1355/693/1293 1334/672/1272 1335/673/1273
f 1335/673/1273 1356/694/1294 1355/693/1293
f 1356/694/1294 1335/673/1273 1336/674/1274
f 1336/674/1274 1357/695/1295 1356/694/1294
f 1357/695/1295 1336/674/1274 1337/675/1275
f 1337/675/1275 1358/696/1296 1357/695/1295
f 1358/696/1296 1337/675/1275 1338/676/1276
f 1338/676/1276 1359/697/1297 1358/696/1296
f 1359/697/1297 1338/676/1276 1339/1135/1277
f 1339/1135/1277 1360/1138/1298 1359/697/1297
f 1360/1138/1298 1339/1135/1277 1340/678/1278
f 1340/678/1278 1361/699/1299 1360/1138/1298
f 1361/699/1299 1340/678/1278 1341/679/1279
f 1341/679/1279 1362/700/1300 1361/699/1299
f 1362/700/1300 1341/679/1279 1342/680/1280
f 1342/680/1280 1363/701/1301 1362/700/1300
f 1363/701/1301 1342/680/1280 1343/681/1281
f 1343/681/1281 1364/702/1302 1363/701/1301
f 1364/702/1302 1343/681/1281 1344/682/1282
f 1344/682/1282 1365/703/1303 1364/702/1302
f 1365/703/1303 1344/682/1282 1345/683/1283
f 1345/683/1283 1366/704/1304 1365/703/1303
f 1366/704/1304 1345/683/1283 1346/684/1284
f 1346/684/1284 1367/705/1305 1366/704/1304
f 1367/705/1305 1346/684/1284 1347/685/1285
f 1347/685/1285 1368/706/1306 1367/705/1305
f 1368/706/1306 1347/685/1285 1348/1136/1286
f 1348/1136/1286 1369/1139/1307 1368/706/1306
f 1369/1139/1307 1348/1136/1286 1349/1137/1287
f 1349/1137/1287 1370/1140/1308 1369/1139/1307
f 1370/1140/1308 1349/1137/1287 1350/688/1288
f 1350/688/1288 1371/709/1309 1370/1140/1308
f 1371/709/1309 1350/688/1288 1351/689/1289
f 1351/689/1289 1372/710/1310 1371/709/1309
f 1372/710/1310 1351/689/1289 1352/690/1290
f 1352/690/1290 1373/711/1311 1372/710/1310
f 1373/711/1311 1352/690/1290 1353/691/1291
f 1353/691/1291 1374/712/1312 1373/711/1311
f 1375/713/1313 1354/692/1292 1355/693/1293
f 1355/693/1293 1376/714/1314 1375/713/1313
f 1376/714/1314 1355/693/1293 1356/694/1294
f 1356/694/1294 1377/715/1315 1376/714/1314
f 1377/715/1315 1356/694/1294 1357/695/1295
f 1357/695/1295 1378/716/1316 1377/715/1315
f 1378/716/1316 1357/695/1295 1358/696/1296
f 1358/696/1296 1379/717/1317 1378/716/1316
f 1379/717/1317 1358/696/1296 1359/697/1297
f 1359/697/1297 1380/718/1318 1379/717/1317
f 1380/718/1318 1359/697/1297 1360/1138/1298
f 1360/1138/1298 1381/1141/1319 1380/718/1318
f 1381/1141/1319 1360/1138/1298 1361/699/1299
f 1361/699/1299 1382/720/1320 1381/1141/1319
f 1382/720/1320 1361/699/1299 1362/700/1300
f 1362/700/1300 1383/721/1321 1382/720/1320
f 1383/721/1321 1362/700/1300 1363/701/1301
f 1363/701/1301 1384/722/1322 1383/721/1321
f 1384/722/1322 1363/701/1301 1364/702/1302
f 1364/702/1302 1385/723/1323 1384/722/1322
f 1385/723/1323 1364/702/1302 1365/703/1303
f 1365/703/1303 1386/724/1324 1385/723/1323
f 1386/724/1324 1365/703/1303 1366/704/1304
f 1366/704/1304 1387/725/1325 1386/724/1324
f 1387/725/1325 1366/704/1304 1367/705/1305
f 1367/705/1305 1388/726/1326 1387/725/1325
f 1388/726/1326 1367/705/1305 1368/706/1306
f 1368/706/1306 1389/727/1327 1388/726/1326
f 1389/727/1327 1368/706/1306 1369/1139/1307
f 1369/1139/1307 1390/1142/1328 1389/727/1327
f 1390/1142/1328 1369/1139/1307 1370/1140/1308
f 1370/1140/1308 1391/1143/1329 1390/1142/1328
f 1391/1143/1329 1370/1140/1308 1371/709/1309
f 1371/709/1309 1392/730/1330 1391/1143/1329
f 1392/730/1330 1371/709/1309 1372/710/1310
f 1372/710/1310 1393/731/1331 1392/730/1330
f 1393/731/1331 1372/710/1310 1373/711/1311
f 1373/711/1311 1394/732/1332 1393/731/1331
f 1394/732/1332 1373/711/1311 1374/712/1312
f 1374/712/1312 1395/733/1333 1394/732/1332
f 1396/734/1334 1375/713/1313 1376/714/1314
f 1376/714/1314 1397/735/1335 1396/734/1334
f 1397/735/1335 1376/714/1314 1377/715/1315
f 1377/715/1315 1398/736/1336 1397/735/1335
f 1398/736/1336 1377/715/1315 1378/716/1316
f 1378/716/1316 1399/737/1337 1398/736/1336
f 1399/737/1337 1378/716/1316 1379/717/1317
f 1379/717/1317 1400/738/1338 1399/737/1337
f 1400/738/1338 1379/717/1317 1380/718/1318
f 1380/718/1318 1401/739/1339 1400/738/1338
f 1401/739/1339 1380/718/1318 1381/1141/1319
f 1381/1141/1319 1402/1144/1340 1401/739/1339
f 1402/1144/1340 1381/1141/1319 1382/720/1320
f 1382/720/1320 1403/741/1341 1402/1144/1340
f 1403/741/1341 1382/720/1320 1383/721/1321
f 1383/721/1321 1404/742/1342 1403/741/1341
f 1404/742/1342 1383/721/1321 1384/722/1322
f 1384/722/1322 1405/743/1343 1404/742/1342
f 1405/743/1343 1384/722/1322 1385/723/1323
f 1385/723/1323 1406/744/1344 1405/743/1343
f 1406/744/1344 1385/723/1323 1386/724/1324
f 1386/724/1324 1407/745/1345 1406/744/1344
f 1407/745/1345 1386/724/1324 1387/725/1325
f 1387/725/1325 1408/746/1346 1407/745/1345
f 1408/746/1346 1387/725/1325 1388/726/1326
f 1388/726/1326 1409/747/1347 1408/746/1346
f 1409/747/1347 1388/726/1326 1389/727/1327
f 1389/727/1327 1410/748/1348 1409/747/1347
f 1410/748/1348 1389/727/1327 1390/1142/1328
f 1390/1142/1328 1411/1145/1349 1410/748/1348
f 1411/1145/1349 1390/1142/1328 1391/1143/1329
f 1391/1143/1329 1412/1146/1350 1411/1145/1349
f 1412/1146/1350 1391/1143/1329 1392/730/1330
f 1392/730/1330 1413/751/1351 1412/1146/1350
f 1413/751/1351 1392/730/1330 1393/731/1331
f 1393/731/1331 1414/752/1352 1413/751/1351
f 1414/752/1352 1393/731/1331 1394/732/1332
f 1394/732/1332 1415/753/1353 1414/752/1352
f 1415/753/1353 1394/732/1332 1395/733/1333
f 1395/733/1333 1416/754/1354 1415/753/1353
f 1417/755/1355 1396/734/1334 1397/735/1335
f 1397/735/1335 1418/756/1356 1417/755/1355
f 1418/756/1356 1397/735/1335 1398/736/1336
f 1398/736/1336 1419/757/1357 1418/756/1356
f 1419/757/1357 1398/736/1336 1399/737/1337
f 1399/737/1337 1420/758/1358 1419/757/1357
f 1420/758/1358 1399/737/1337 1400/738/1338
f 1400/738/1338 1421/759/1359 1420/758/1358
f 1421/759/1359 1400/738/1338 1401/739/1339
f 1401/739/1339 1422/760/1360 1421/759/1359
f 1422/760/1360 1401/739/1339 1402/1144/1340
f 1402/1144/1340 1423/1147/1361 1422/760/1360
f 1423/1147/1361 1402/1144/1340 1403/741/1341
f 1403/741/1341 1424/762/1362 1423/1147/1361
f 1424/762/1362 1403/741/1341 1404/742/1342
f 1404/742/1342 1425/763/1363 1424/762/1362
f 1425/763/1363 1404/742/1342 1405/743/1343
f 1405/743/1343 1426/764/1364 1425/763/1363
f 1426/764/1364 1405/743/1343 1406/744/1344
f 1406/744/1344 1427/765/1365 1426/764/1364
f 1427/765/1365 1406/744/1344 1407/745/1345
f 1407/745/1345 1428/766/1366 1427/765/1365
f 1428/766/1366 1407/745/1345 1408/746/1346
f 1408/746/1346 1429/767/1367 1428/766/1366
f 1429/767/1367 1408/746/1346 1409/747/1347
f 1409/747/1347 1430/768/1368 1429/767/1367
f 1430/768/1368 1409/747/1347 1410/748/1348
f 1410/748/1348 1431/769/1369 1430/768/1368
f 1431/769/1369 1410/748/1348 1411/1145/1349
f 1411/1145/1349 1432/1148/1370 1431/769/1369
f 1432/1148/1370 1411/1145/1349 1412/1146/1350
f 1412/1146/1350 1433/1149/1371 1432/1148/1370
f 1433/1149/1371 1412/1146/1350 1413/751/1351
f 1413/751/1351 1434/772/1372 1433/1149/1371
f 1434/772/1372 1413/751/1351 1414/752/1352
f 1414/752/1352 1435/773/1373 1434/772/1372
f 1435/773/1373 1414/752/1352 1415/753/1353
f 1415/753/1353 1436/774/1374 1435/773/1373
f 1436/774/1374 1415/753/1353 1416/754/1354
f 1416/754/1354 1437/775/1355 1436/774/1374
f 1438/776/1375 1417/755/1355 1418/756/1356
f 1418/756/1356 1439/777/1376 1438/776/1375
f 1439/777/1376 1418/756/1356 1419/757/1357
f 1419/757/1357 1440/778/1377 1439/777/1376
f 1440/778/1377 1419/757/1357 1420/758/1358
f 1420/758/1358 1441/779/1378 1440/778/1377
f 1441/779/1378 1420/758/1358 1421/759/1359
f 1421/759/1359 1442/780/1379 1441/779/1378
f 1442/780/1379 1421/759/1359 1422/760/1360
f 1422/760/1360 1443/781/1380 1442/780/1379
f 1443/781/1380 1422/760/1360 1423/1147/1361
f 1423/1147/1361 1444/1150/1381 1443/781/1380
f 1444/1150/1381 1423/1147/1361 1424/762/1362
f 1424/762/1362 1445/783/1382 1444/1150/1381
f 1445/783/1382 1424/762/1362 1425/763/1363
f 1425/763/1363 1446/784/1383 1445/783/1382
f 1446/784/1383 1425/763/1363 1426/764/1364
f 1426/764/1364 1447/785/1384 1446/784/1383
f 1447/785/1384 1426/764/1364 1427/765/1365
f 1427/765/1365 1448/786/1385 1447/785/1384
f 1448/786/1385 1427/765/1365 1428/766/1366
f 1428/766/1366 1449/787/1386 1448/786/1385
f 1449/787/1386 1428/766/1366 1429/767/1367
f 1429/767/1367 1450/788/1387 1449/787/1386
f 1450/788/1387 1429/767/1367 1430/768/1368
f 1430/768/1368 1451/789/1388 1450/788/1387
f 1451/789/1388 1430/768/1368 1431/769/1369
f 1431/769/1369 1452/790/1389 1451/789/1388
f 1452/790/1389 1431/769/1369 1432/1148/1370
f 1432/1148/1370 1453/1151/1390 1452/790/1389
f 1453/1151/1390 1432/1148/1370 1433/1149/1371
f 1433/1149/1371 1454/1152/1391 1453/1151/1390
f 1454/1152/1391 1433/1149/1371 1434/772/1372
f 1434/772/1372 1455/793/1392 1454/1152/1391
f 1455/793/1392 1434/772/1372 1435/773/1373
f 1435/773/1373 1456/794/1393 1455/793/1392
f 1456/794/1393 1435/773/1373 1436/774/1374
f 1436/774/1374 1457/795/1394 1456/794/1393
f 1457/795/1394 1436/774/1374 1437/775/1355
f 1437/775/1355 1458/796/1395 1457/795/1394
f 1459/799/1396 1438/776/1375 1439/777/1376
f 1439/777/1376 1460/802/1397 1459/799/1396
f 1460/802/1397 1439/777/1376 1440/778/1377
f 1440/778/1377 1461/805/1398 1460/802/1397
f 1461/805/1398 1440/778/1377 1441/779/1378
f 1441/779/1378 1462/808/1399 1461/805/1398
f 1462/808/1399 1441/779/1378 1442/780/1379
f 1442/780/1379 1463/811/1400 1462/808/1399
f 1463/811/1400 1442/780/1379 1443/781/1380
f 1443/781/1380 1464/814/1401 1463/811/1400
f 1464/814/1401 1443/781/1380 1444/1150/1381
f 1444/1150/1381 1465/1153/1402 1464/814/1401
f 1465/1153/1402 1444/1150/1381 1445/783/1382
f 1445/783/1382 1466/820/1403 1465/1153/1402
f 1466/820/1403 1445/783/1382 1446/784/1383
f 1446/784/1383 1467/823/1404 1466/820/1403
f 1467/823/1404 1446/784/1383 1447/785/1384
f 1447/785/1384 1468/826/1405 1467/823/1404
f 1468/826/1405 1447/785/1384 1448/786/1385
f 1448/786/1385 1469/829/1406 1468/826/1405
f 1469/829/1406 1448/786/1385 1449/787/1386
f 1449/787/1386 1470/832/1407 1469/829/1406
f 1470/832/1407 1449/787/1386 1450/788/1387
f 1450/788/1387 1471/835/1408 1470/832/1407
f 1471/835/1408 1450/788/1387 1451/789/1388
f 1451/789/1388 1472/838/1409 1471/835/1408
f 1472/838/1409 1451/789/1388 1452/790/1389
f 1452/790/1389 1473/841/1410 1472/838/1409
f 1473/841/1410 1452/790/1389 1453/1151/1390
f 1453/1151/1390 1474/1154/1411 1473/841/1410
f 1474/1154/1411 1453/1151/1390 1454/1152/1391
f 1454/1152/1391 1475/1155/1412 1474/1154/1411
f 1475/1155/1412 1454/1152/1391 1455/793/1392
f 1455/793/1392 1476/850/1413 1475/1155/1412
f 1476/850/1413 1455/793/1392 1456/794/1393
f 1456/794/1393 1477/853/1414 1476/850/1413
f 1477/853/1414 1456/794/1393 1457/795/1394
f 1457/795/1394 1478/958/1415 1477/853/1414
f 1478/958/1415 1457/795/1394 1458/796/1395
f 1458/796/1395 1479/856/1416 1478/958/1415
f 1480/897/1417 1459/799/1396 1460/802/1397
f 1460/802/1397 1481/900/1418 1480/897/1417
f 1481/900/1418 1460/802/1397 1461/805/1398
f 1461/805/1398 1482/903/1419 1481/900/1418
f 1482/903/1419 1461/805/1398 1462/808/1399
f 1462/808/1399 1483/906/1420 1482/903/1419
f 1483/906/1420 1462/808/1399 1463/811/1400
f 1463/811/1400 1484/909/1421 1483/906/1420
f 1484/909/1421 1463/811/1400 1464/814/1401
f 1464/814/1401 1485/912/1422 1484/909/1421
f 1485/912/1422 1464/814/1401 1465/1153/1402
f 1465/1153/1402 1486/1156/1423 1485/912/1422
f 1486/1156/1423 1465/1153/1402 1466/820/1403
f 1466/820/1403 1487/918/1424 1486/1156/1423
f 1487/918/1424 1466/820/1403 1467/823/1404
f 1467/823/1404 1488/921/1425 1487/918/1424
f 1488/921/1425 1467/823/1404 1468/826/1405
f 1468/826/1405 1489/924/1426 1488/921/1425
f 1489/924/1426 1468/826/1405 1469/829/1406
f 1469/829/1406 1490/927/1427 1489/924/1426
f 1490/927/1427 1469/829/1406 1470/832/1407
f 1470/832/1407 1491/930/1428 1490/927/1427
f 1491/930/1428 1470/832/1407 1471/835/1408
f 1471/835/1408 1492/933/1429 1491/930/1428
f 1492/933/1429 1471/835/1408 1472/838/1409
f 1472/838/1409 1493/936/1430 1492/933/1429
f 1493/936/1430 1472/838/1409 1473/841/1410
f 1473/841/1410 1494/939/1431 1493/936/1430
f 1494/939/1431 1473/841/1410 1474/1154/1411
f 1474/1154/1411 1495/1157/1432 1494/939/1431
f 1495/1157/1432 1474/1154/1411 1475/1155/1412
f 1475/1155/1412 1496/1158/1433 1495/1157/1432
f 1496/1158/1433 1475/1155/1412 1476/850/1413
f 1476/850/1413 1497/948/1434 1496/1158/1433
f 1497/948/1434 1476/850/1413 1477/853/1414
f 1477/853/1414 1498/951/1435 1497/948/1434
f 1498/951/1435 1477/853/1414 1478/958/1415
f 1478/958/1415 1499/1002/1436 1498/951/1435
f 1499/1002/1436 1478/958/1415 1479/856/1416
f 1479/856/1416 1500/956/1417 1499/1002/1436
f 1104/442/1050 1103/441/1049 1501/1159/1437
f 1106/444/1052 1104/442/1050 1502/1160/1437
f 1108/446/1054 1106/444/1052 1503/1161/1437
f 1110/448/210 1108/446/1054 1504/1162/1437
f 1112/450/1057 1110/448/210 1505/1163/1437
f 1114/1102/1059 1112/450/1057 1506/1164/1437
f 1116/454/1061 1114/1102/1059 1507/1165/1437
f 1118/456/1063 1116/454/1061 1508/1166/1437
f 1120/458/1065 1118/456/1063 1509/1167/1437
f 1122/460/1067 1120/458/1065 1510/1168/1437
f 1124/462/1069 1122/460/1067 1511/1169/1437
f 1126/464/1071 1124/462/1069 1512/1170/1437
f 1128/466/1073 1126/464/1071 1513/1171/1438
f 1130/468/1075 1128/466/1073 1514/1172/1438
f 1132/1104/1077 1130/468/1075 1515/1173/1438
f 1134/1106/1079 1132/1104/1077 1516/1174/1438
f 1136/474/1081 1134/1106/1079 1517/1175/1438
f 1138/476/1083 1136/474/1081 1518/1176/1438
f 1140/478/1085 1138/476/1083 1519/1177/1437
f 1142/480/1087 1140/478/1085 1520/1178/1437
f 1480/897/1417 1481/900/1418 1521/1010/1439
f 1481/900/1418 1482/903/1419 1522/1015/1439
f 1482/903/1419 1483/906/1420 1523/1020/1440
f 1483/906/1420 1484/909/1421 1524/1025/1439
f 1484/909/1421 1485/912/1422 1525/1030/1440
f 1485/912/1422 1486/1156/1423 1526/1035/1440
f 1486/1156/1423 1487/918/1424 1527/1040/1440
f 1487/918/1424 1488/921/1425 1528/1045/1440
f 1488/921/1425 1489/924/1426 1529/1050/1440
f 1489/924/1426 1490/927/1427 1530/1055/1440
f 1490/927/1427 1491/930/1428 1531/1060/1440
f 1491/930/1428 1492/933/1429 1532/1065/1440
f 1492/933/1429 1493/936/1430 1533/1070/1440
f 1493/936/1430 1494/939/1431 1534/1075/1440
f 1494/939/1431 1495/1157/1432 1535/1179/1440
f 1495/1157/1432 1496/1158/1433 1536/1180/1440
f 1496/1158/1433 1497/948/1434 1537/1090/1440
f 1497/948/1434 1498/951/1435 1538/1095/1440
f 1498/951/1435 1499/1002/1436 1539/1101/1440
f 1499/1002/1436 1500/956/1417 1540/1098/1440
f 1541/1181/1441 1542/1182/1442 1543/1183/1443
f 1543/1183/1443 1544/1184/1444 1541/1181/1441
f 1544/1184/1444 1543/1183/1443 1545/1185/1445
f 1545/1185/1445 1546/1186/1446 1544/1184/1444
f 1546/1186/1446 1545/1185/1445 1547/1187/1447
f 1547/1187/1447 1548/1188/1448 1546/1186/1446
f 1548/1188/1448 1547/1187/1447 1549/1189/1449
f 1549/1189/1449 1550/1190/1450 1548/1188/1448
f 1550/1190/1450 1549/1189/1449 1551/1191/1451
f 1551/1191/1451 1552/1192/1452 1550/1190/1450
f 1552/1192/1452 1551/1191/1451 1553/1193/1453
f 1553/1193/1453 1554/1194/1454 1552/1192/1452
f 1554/1194/1454 1553/1193/1453 1555/1195/1455
f 1555/1195/1455 1556/1196/1456 1554/1194/1454
f 1556/1196/1456 1555/1195/1455 1557/1197/1457
f 1557/1197/1457 1558/1198/1458 1556/1196/1456
f 1558/1198/1458 1557/1197/1457 1559/1199/1459
f 1559/1199/1459 1560/1200/1460 1558/1198/1458
f 1560/1200/1460 1559/1199/1459 1561/1201/1461
f 1561/1201/1461 1562/1202/1462 1560/1200/1460
f 1562/1202/1462 1561/1201/1461 1563/1203/1463
f 1563/1203/1463 1564/1204/1464 1562/1202/1462
f 1564/1204/1464 1563/1203/1463 1565/1205/1465
f 1565/1205/1465 1566/1206/1466 1564/1204/1464
f 1566/1206/1466 1565/1205/1465 1567/1207/1467
f 1567/1207/1467 1568/1208/1468 1566/1206/1466
f 1568/1208/1468 1567/1207/1467 1569/1209/1469
f 1569/1209/1469 1570/1210/1470 1568/1208/1468
f 1570/1210/1470 1569/1209/1469 1571/1211/1471
f 1571/1211/1471 1572/1212/1472 1570/1210/1470
f 1572/1212/1472 1571/1211/1471 1573/1213/1473
f 1573/1213/1473 1574/1214/1474 1572/1212/1472
f 1574/1214/1474 1573/1213/1473 1575/1215/1475
f 1575/1215/1475 1576/1216/1476 1574/1214/1474
f 1576/1216/1476 1575/1215/1475 1577/1217/1477
f 1577/1217/1477 1578/1218/1478 1576/1216/1476
f 1578/1218/1478 1577/1217/1477 1579/1219/1479
f 1579/1219/1479 1580/1220/1480 1578/1218/1478
f 1580/1220/1480 1579/1219/1479 1581/1221/1442
f 1581/1221/1442 1582/1222/1481 1580/1220/1480
f 1583/1223/1482 1541/1181/1441 1544/1184/1444
f 1544/1184/1444 1584/1224/1483 1583/1223/1482
f 1584/1224/1483 1544/1184/1444 1546/1186/1446
f 1546/1186/1446 1585/1225/1484 1584/1224/1483
f 1585/1225/1484 1546/1186/1446 1548/1188/1448
f 1548/1188/1448 1586/1226/1485 1585/1225/1484
f 1586/1226/1485 1548/1188/1448 1550/1190/1450
f 1550/1190/1450 1587/1227/1486 1586/1226/1485
f 1587/1227/1486 1550/1190/1450 1552/1192/1452
f 1552/1192/1452 1588/1228/1487 1587/1227/1486
f 1588/1228/1487 1552/1192/1452 1554/1194/1454
f 1554/1194/1454 1589/1229/1488 1588/1228/1487
f 1589/1229/1488 1554/1194/1454 1556/1196/1456
f 1556/1196/1456 1590/1230/1489 1589/1229/1488
f 1590/1230/1489 1556/1196/1456 1558/1198/1458
f 1558/1198/1458 1591/1231/1490 1590/1230/1489
f 1591/1231/1490 1558/1198/1458 1560/1200/1460
f 1560/1200/1460 1592/1232/1491 1591/1231/1490
f 1592/1232/1491 1560/1200/1460 1562/1202/1462
f 1562/1202/1462 1593/1233/1492 1592/1232/1491
f 1593/1233/1492 1562/1202/1462 1564/1204/1464
f 1564/1204/1464 1594/1234/1493 1593/1233/1492
f 1594/1234/1493 1564/1204/1464 1566/1206/1466
f 1566/1206/1466 1595/1235/1494 1594/1234/1493
f 1595/1235/1494 1566/1206/1466 1568/1208/1468
f 1568/1208/1468 1596/1236/1495 1595/1235/1494
f 1596/1236/1495 1568/1208/1468 1570/1210/1470
f 1570/1210/1470 1597/1237/1496 1596/1236/1495
f 1597/1237/1496 1570/1210/1470 1572/1212/1472
f 1572/1212/1472 1598/1238/1497 1597/1237/1496
f 1598/1238/1497 1572/1212/1472 1574/1214/1474
f 1574/1214/1474 1599/1239/1498 1598/1238/1497
f 1599/1239/1498 1574/1214/1474 1576/1216/1476
f 1576/1216/1476 1600/1240/1499 1599/1239/1498
f 1600/1240/1499 1576/1216/1476 1578/1218/1478
f 1578/1218/1478 1601/1241/1500 1600/1240/1499
f 1601/1241/1500 1578/1218/1478 1580/1220/1480
f 1580/1220/1480 1602/1242/1501 1601/1241/1500
f 1602/1242/1501 1580/1220/1480 1582/1222/1481
f 1582/1222/1481 1603/1243/1502 1602/1242/1501
f 1604/1244/1503 1583/1223/1482 1584/1224/1483
f 1584/1224/1483 1605/1245/1504 1604/1244/1503
f 1605/1245/1504 1584/1224/1483 1585/1225/1484
f 1585/1225/1484 1606/1246/1505 1605/1245/1504
f 1606/1246/1505 1585/1225/1484 1586/1226/1485
f 1586/1226/1485 1607/1247/1506 1606/1246/1505
f 1607/1247/1506 1586/1226/1485 1587/1227/1486
f 1587/1227/1486 1608/1248/1507 1607/1247/1506
f 1608/1248/1507 1587/1227/1486 1588/1228/1487
f 1588/1228/1487 1609/1249/1508 1608/1248/1507
f 1609/1249/1508 1588/1228/1487 1589/1229/1488
f 1589/1229/1488 1610/1250/1509 1609/1249/1508
f 1610/1250/1509 1589/1229/1488 1590/1230/1489
f 1590/1230/1489 1611/1251/1510 1610/1250/1509
f 1611/1251/1510 1590/1230/1489 1591/1231/1490
f 1591/1231/1490 1612/1252/1511 1611/1251/1510
f 1612/1252/1511 1591/1231/1490 1592/1232/1491
f 1592/1232/1491 1613/1253/1512 1612/1252/1511
f 1613/1253/1512 1592/1232/1491 1593/1233/1492
f 1593/1233/1492 1614/1254/1513 1613/1253/1512
f 1614/1254/1513 1593/1233/1492 1594/1234/1493
f 1594/1234/1493 1615/1255/1514 1614/1254/1513
f 1615/1255/1514 1594/1234/1493 1595/1235/1494
f 1595/1235/1494 1616/1256/1515 1615/1255/1514
f 1616/1256/1515 1595/1235/1494 1596/1236/1495
f 1596/1236/1495 1617/1257/1516 1616/1256/1515
f 1617/1257/1516 1596/1236/1495 1597/1237/1496
f 1597/1237/1496 1618/1258/1517 1617/1257/1516
f 1618/1258/1517 1597/1237/1496 1598/1238/1497
f 1598/1238/1497 1619/1259/1518 1618/1258/1517
f 1619/1259/1518 1598/1238/1497 1599/1239/1498
f 1599/1239/1498 1620/1260/1519 1619/1259/1518
f 1620/1260/1519 1599/1239/1498 1600/1240/1499
f 1600/1240/1499 1621/1261/1520 1620/1260/1519
f 1621/1261/1520 1600/1240/1499 1601/1241/1500
f 1601/1241/1500 1622/1262/1521 1621/1261/1520
f 1622/1262/1521 1601/1241/1500 1602/1242/1501
f 1602/1242/1501 1623/1263/1522 1622/1262/1521
f 1623/1263/1522 1602/1242/1501 1603/1243/1502
f 1603/1243/1502 1624/1264/1503 1623/1263/1522
f 1625/1265/1523 1604/1244/1503 1605/1245/1504
f 1605/1245/1504 1626/1266/1524 1625/1265/1523
f 1626/1266/1524 1605/1245/1504 1606/1246/1505
f 1606/1246/1505 1627/1267/1525 1626/1266/1524
f 1627/1267/1525 1606/1246/1505 1607/1247/1506
f 1607/1247/1506 1628/1268/1526 1627/1267/1525
f 1628/1268/1526 1607/1247/1506 1608/1248/1507
f 1608/1248/1507 1629/1269/1527 1628/1268/1526
f 1629/1269/1527 1608/1248/1507 1609/1249/1508
f 1609/1249/1508 1630/1270/1528 1629/1269/1527
f 1630/1270/1528 1609/1249/1508 1610/1250/1509
f 1610/1250/1509 1631/1271/1529 1630/1270/1528
f 1631/1271/1529 1610/1250/1509 1611/1251/1510
f 1611/1251/1510 1632/1272/1530 1631/1271/1529
f 1632/1272/1530 1611/1251/1510 1612/1252/1511
f 1612/1252/1511 1633/1273/1531 1632/1272/1530
f 1633/1273/1531 1612/1252/1511 1613/1253/1512
f 1613/1253/1512 1634/1274/1532 1633/1273/1531
f 1634/1274/1532 1613/1253/1512 1614/1254/1513
f 1614/1254/1513 1635/1275/1533 1634/1274/1532
f 1635/1275/1533 1614/1254/1513 1615/1255/1514
f 1615/1255/1514 1636/1276/1534 1635/1275/1533
f 1636/1276/1534 1615/1255/1514 1616/1256/1515
f 1616/1256/1515 1637/1277/1535 1636/1276/1534
f 1637/1277/1535 1616/1256/1515 1617/1257/1516
f 1617/1257/1516 1638/1278/1536 1637/1277/1535
f 1638/1278/1536 1617/1257/1516 1618/1258/1517
f 1618/1258/1517 1639/1279/1537 1638/1278/1536
f 1639/1279/1537 1618/1258/1517 1619/1259/1518
f 1619/1259/1518 1640/1280/1538 1639/1279/1537
f 1640/1280/1538 1619/1259/1518 1620/1260/1519
f 1620/1260/1519 1641/1281/1539 1640/1280/1538
f 1641/1281/1539 1620/1260/1519 1621/1261/1520
f 1621/1261/1520 1642/1282/1540 1641/1281/1539
f 1642/1282/1540 1621/1261/1520 1622/1262/1521
f 1622/1262/1521 1643/1283/1541 1642/1282/1540
f 1643/1283/1541 1622/1262/1521 1623/1263/1522
f 1623/1263/1522 1644/1284/1542 1643/1283/1541
f 1644/1284/1542 1623/1263/1522 1624/1264/1503
f 1624/1264/1503 1645/1285/1523 1644/1284/1542
f 1646/1286/1543 1625/1265/1523 1626/1266/1524
f 1626/1266/1524 1647/1287/1544 1646/1286/1543
f 1647/1287/1544 1626/1266/1524 1627/1267/1525
f 1627/1267/1525 1648/1288/1545 1647/1287/1544
f 1648/1288/1545 1627/1267/1525 1628/1268/1526
f 1628/1268/1526 1649/1289/1546 1648/1288/1545
f 1649/1289/1546 1628/1268/1526 1629/1269/1527
f 1629/1269/1527 1650/1290/1547 1649/1289/1546
f 1650/1290/1547 1629/1269/1527 1630/1270/1528
f 1630/1270/1528 1651/1291/1548 1650/1290/1547
f 1651/1291/1548 1630/1270/1528 1631/1271/1529
f 1631/1271/1529 1652/1292/1549 1651/1291/1548
f 1652/1292/1549 1631/1271/1529 1632/1272/1530
f 1632/1272/1530 1653/1293/1550 1652/1292/1549
f 1653/1293/1550 1632/1272/1530 1633/1273/1531
f 1633/1273/1531 1654/1294/1551 1653/1293/1550
f 1654/1294/1551 1633/1273/1531 1634/1274/1532
f 1634/1274/1532 1655/1295/1552 1654/1294/1551
f 1655/1295/1552 1634/1274/1532 1635/1275/1533
f 1635/1275/1533 1656/1296/1553 1655/1295/1552
f 1656/1296/1553 1635/1275/1533 1636/1276/1534
f 1636/1276/1534 1657/1297/1554 1656/1296/1553
f 1657/1297/1554 1636/1276/1534 1637/1277/1535
f 1637/1277/1535 1658/1298/1555 1657/1297/1554
f 1658/1298/1555 1637/1277/1535 1638/1278/1536
f 1638/1278/1536 1659/1299/1556 1658/1298/1555
f 1659/1299/1556 1638/1278/1536 1639/1279/1537
f 1639/1279/1537 1660/1300/1557 1659/1299/1556
f 1660/1300/1557 1639/1279/1537 1640/1280/1538
f 1640/1280/1538 1661/1301/1558 1660/1300/1557
f 1661/1301/1558 1640/1280/1538 1641/1281/1539
f 1641/1281/1539 1662/1302/1559 1661/1301/1558
f 1662/1302/1559 1641/1281/1539 1642/1282/1540
f 1642/1282/1540 1663/1303/1560 1662/1302/1559
f 1663/1303/1560 1642/1282/1540 1643/1283/1541
f 1643/1283/1541 1664/1304/1561 1663/1303/1560
f 1664/1304/1561 1643/1283/1541 1644/1284/1542
f 1644/1284/1542 1665/1305/1562 1664/1304/1561
f 1665/1305/1562 1644/1284/1542 1645/1285/1523
f 1645/1285/1523 1666/1306/1543 1665/1305/1562
f 1667/1307/1563 1646/1286/1543 1647/1287/1544
f 1647/1287/1544 1668/1308/1564 1667/1307/1563
f 1668/1308/1564 1647/1287/1544 1648/1288/1545
f 1648/1288/1545 1669/1309/1565 1668/1308/1564
f 1669/1309/1565 1648/1288/1545 1649/1289/1546
f 1649/1289/1546 1670/1310/1566 1669/1309/1565
f 1670/1310/1566 1649/1289/1546 1650/1290/1547
f 1650/1290/1547 1671/1311/1567 1670/1310/1566
f 1671/1311/1567 1650/1290/1547 1651/1291/1548
f 1651/1291/1548 1672/1312/1568 1671/1311/1567
f 1672/1312/1568 1651/1291/1548 1652/1292/1549
f 1652/1292/1549 1673/1313/1569 1672/1312/1568
f 1673/1313/1569 1652/1292/1549 1653/1293/1550
f 1653/1293/1550 1674/1314/1570 1673/1313/1569
f 1674/1314/1570 1653/1293/1550 1654/1294/1551
f 1654/1294/1551 1675/1315/1571 1674/1314/1570
f 1675/1315/1571 1654/1294/1551 1655/1295/1552
f 1655/1295/1552 1676/1316/1572 1675/1315/1571
f 1676/1316/1572 1655/1295/1552 1656/1296/1553
f 1656/1296/1553 1677/1317/1573 1676/1316/1572
f 1677/1317/1573 1656/1296/1553 1657/1297/1554
f 1657/1297/1554 1678/1318/1574 1677/1317/1573
f 1678/1318/1574 1657/1297/1554 1658/1298/1555
f 1658/1298/1555 1679/1319/1575 1678/1318/1574
f 1679/1319/1575 1658/1298/1555 1659/1299/1556
f 1659/1299/1556 1680/1320/1576 1679/1319/1575
f 1680/1320/1576 1659/1299/1556 1660/1300/1557
f 1660/1300/1557 1681/1321/1577 1680/1320/1576
f 1681/1321/1577 1660/1300/1557 1661/1301/1558
f 1661/1301/1558 1682/1322/1578 1681/1321/1577
f 1682/1322/1578 1661/1301/1558 1662/1302/1559
f 1662/1302/1559 1683/1323/1579 1682/1322/1578
f 1683/1323/1579 1662/1302/1559 1663/1303/1560
f 1663/1303/1560 1684/1324/1580 1683/1323/1579
f 1684/1324/1580 1663/1303/1560 1664/1304/1561
f 1664/1304/1561 1685/1325/1581 1684/1324/1580
f 1685/1325/1581 1664/1304/1561 1665/1305/1562
f 1665/1305/1562 1686/1326/1582 1685/1325/1581
f 1686/1326/1582 1665/1305/1562 1666/1306/1543
f 1666/1306/1543 1687/1327/1563 1686/1326/1582
f 1688/1328/1583 1667/1307/1563 1668/1308/1564
f 1668/1308/1564 1689/1329/1584 1688/1328/1583
f 1689/1329/1584 1668/1308/1564 1669/1309/1565
f 1669/1309/1565 1690/1330/1585 1689/1329/1584
f 1690/1330/1585 1669/1309/1565 1670/1310/1566
f 1670/1310/1566 1691/1331/1586 1690/1330/1585
f 1691/1331/1586 1670/1310/1566 1671/1311/1567
f 1671/1311/1567 1692/1332/1587 1691/1331/1586
f 1692/1332/1587 1671/1311/1567 1672/1312/1568
f 1672/1312/1568 1693/1333/1588 1692/1332/1587
f 1693/1333/1588 1672/1312/1568 1673/1313/1569
f 1673/1313/1569 1694/1334/1589 1693/1333/1588
f 1694/1334/1589 1673/1313/1569 1674/1314/1570
f 1674/1314/1570 1695/1335/1590 1694/1334/1589
f 1695/1335/1590 1674/1314/1570 1675/1315/1571
f 1675/1315/1571 1696/1336/1591 1695/1335/1590
f 1696/1336/1591 1675/1315/1571 1676/1316/1572
f 1676/1316/1572 1697/1337/1592 1696/1336/1591
f 1697/1337/1592 1676/1316/1572 1677/1317/1573
f 1677/1317/1573 1698/1338/1593 1697/1337/1592
f 1698/1338/1593 1677/1317/1573 1678/1318/1574
f 1678/1318/1574 1699/1339/1594 1698/1338/1593
f 1699/1339/1594 1678/1318/1574 1679/1319/1575
f 1679/1319/1575 1700/1340/1595 1699/1339/1594
f 1700/1340/1595 1679/1319/1575 1680/1320/1576
f 1680/1320/1576 1701/1341/1596 1700/1340/1595
f 1701/1341/1596 1680/1320/1576 1681/1321/1577
f 1681/1321/1577 1702/1342/1597 1701/1341/1596
f 1702/1342/1597 1681/1321/1577 1682/1322/1578
f 1682/1322/1578 1703/1343/1598 1702/1342/1597
f 1703/1343/1598 1682/1322/1578 1683/1323/1579
f 1683/1323/1579 1704/1344/1599 1703/1343/1598
f 1704/1344/1599 1683/1323/1579 1684/1324/1580
f 1684/1324/1580 1705/1345/1600 1704/1344/1599
f 1705/1345/1600 1684/1324/1580 1685/1325/1581
f 1685/1325/1581 1706/1346/1601 1705/1345/1600
f 1706/1346/1601 1685/1325/1581 1686/1326/1582
f 1686/1326/1582 1707/1347/1602 1706/1346/1601
f 1707/1347/1602 1686/1326/1582 1687/1327/1563
f 1687/1327/1563 1708/1348/1603 1707/1347/1602
f 1709/1349/1604 1688/1328/1583 1689/1329/1584
f 1689/1329/1584 1710/1350/1605 1709/1349/1604
f 1710/1350/1605 1689/1329/1584 1690/1330/1585
f 1690/1330/1585 1711/1351/1606 1710/1350/1605
f 1711/1351/1606 1690/1330/1585 1691/1331/1586
f 1691/1331/1586 1712/1352/1607 1711/1351/1606
f 1712/1352/1607 1691/1331/1586 1692/1332/1587
f 1692/1332/1587 1713/1353/1608 1712/1352/1607
f 1713/1353/1608 1692/1332/1587 1693/1333/1588
f 1693/1333/1588 1714/1354/1609 1713/1353/1608
f 1714/1354/1609 1693/1333/1588 1694/1334/1589
f 1694/1334/1589 1715/1355/1610 1714/1354/1609
f 1715/1355/1610 1694/1334/1589 1695/1335/1590
f 1695/1335/1590 1716/1356/1611 1715/1355/1610
f 1716/1356/1611 1695/1335/1590 1696/1336/1591
f 1696/1336/1591 1717/1357/1612 1716/1356/1611
f 1717/1357/1612 1696/1336/1591 1697/1337/1592
f 1697/1337/1592 1718/1358/1613 1717/1357/1612
f 1718/1358/1613 1697/1337/1592 1698/1338/1593
f 1698/1338/1593 1719/1359/1614 1718/1358/1613
f 1719/1359/1614 1698/1338/1593 1699/1339/1594
f 1699/1339/1594 1720/1360/1615 1719/1359/1614
f 1720/1360/1615 1699/1339/1594 1700/1340/1595
f 1700/1340/1595 1721/1361/1616 1720/1360/1615
f 1721/1361/1616 1700/1340/1595 1701/1341/1596
f 1701/1341/1596 1722/1362/1617 1721/1361/1616
f 1722/1362/1617 1701/1341/1596 1702/1342/1597
f 1702/1342/1597 1723/1363/1618 1722/1362/1617
f 1723/1363/1618 1702/1342/1597 1703/1343/1598
f 1703/1343/1598 1724/1364/1619 1723/1363/1618
f 1724/1364/1619 1703/1343/1598 1704/1344/1599
f 1704/1344/1599 1725/1365/1620 1724/1364/1619
f 1725/1365/1620 1704/1344/1599 1705/1345/1600
f 1705/1345/1600 1726/1366/1621 1725/1365/1620
f 1726/1366/1621 1705/1345/1600 1706/1346/1601
f 1706/1346/1601 1727/1367/1622 1726/1366/1621
f 1727/1367/1622 1706/1346/1601 1707/1347/1602
f 1707/1347/1602 1728/1368/1623 1727/1367/1622
f 1728/1368/1623 1707/1347/1602 1708/1348/1603
f 1708/1348/1603 1729/1369/1604 1728/1368/1623
f 1730/1370/1624 1709/1349/1604 1710/1350/1605
f 1710/1350/1605 1731/1371/1625 1730/1370/1624
f 1731/1371/1625 1710/1350/1605 1711/1351/1606
f 1711/1351/1606 1732/1372/1626 1731/1371/1625
f 1732/1372/1626 1711/1351/1606 1712/1352/1607
f 1712/1352/1607 1733/1373/1627 1732/1372/1626
f 1733/1373/1627 1712/1352/1607 1713/1353/1608
f 1713/1353/1608 1734/1374/1628 1733/1373/1627
f 1734/1374/1628 1713/1353/1608 1714/1354/1609
f 1714/1354/1609 1735/1375/1629 1734/1374/1628
f 1735/1375/1629 1714/1354/1609 1715/1355/1610
f 1715/1355/1610 1736/1376/1630 1735/1375/1629
f 1736/1376/1630 1715/1355/1610 1716/1356/1611
f 1716/1356/1611 1737/1377/1631 1736/1376/1630
f 1737/1377/1631 1716/1356/1611 1717/1357/1612
f 1717/1357/1612 1738/1378/1632 1737/1377/1631
f 1738/1378/1632 1717/1357/1612 1718/1358/1613
f 1718/1358/1613 1739/1379/1633 1738/1378/1632
f 1739/1379/1633 1718/1358/1613 1719/1359/1614
f 1719/1359/1614 1740/1380/1634 1739/1379/1633
f 1740/1380/1634 1719/1359/1614 1720/1360/1615
f 1720/1360/1615 1741/1381/1635 1740/1380/1634
f 1741/1381/1635 1720/1360/1615 1721/1361/1616
f 1721/1361/1616 1742/1382/1636 1741/1381/1635
f 1742/1382/1636 1721/1361/1616 1722/1362/1617
f 1722/1362/1617 1743/1383/1637 1742/1382/1636
f 1743/1383/1637 1722/1362/1617 1723/1363/1618
f 1723/1363/1618 1744/1384/1638 1743/1383/1637
f 1744/1384/1638 1723/1363/1618 1724/1364/1619
f 1724/1364/1619 1745/1385/1639 1744/1384/1638
f 1745/1385/1639 1724/1364/1619 1725/1365/1620
f 1725/1365/1620 1746/1386/1640 1745/1385/1639
f 1746/1386/1640 1725/1365/1620 1726/1366/1621
f 1726/1366/1621 1747/1387/1641 1746/1386/1640
f 1747/1387/1641 1726/1366/1621 1727/1367/1622
f 1727/1367/1622 1748/1388/1642 1747/1387/1641
f 1748/1388/1642 1727/1367/1622 1728/1368/1623
f 1728/1368/1623 1749/1389/1643 1748/1388/1642
f 1749/1389/1643 1728/1368/1623 1729/1369/1604
f 1729/1369/1604 1750/1390/1644 1749/1389/1643
f 1751/1391/1645 1730/1370/1624 1731/1371/1625
f 1731/1371/1625 1752/1392/1646 1751/1391/1645
f 1752/1392/1646 1731/1371/1625 1732/1372/1626
f 1732/1372/1626 1753/1393/1647 1752/1392/1646
f 1753/1393/1647 1732/1372/1626 1733/1373/1627
f 1733/1373/1627 1754/1394/1648 1753/1393/1647
f 1754/1394/1648 1733/1373/1627 1734/1374/1628
f 1734/1374/1628 1755/1395/1649 1754/1394/1648
f 1755/1395/1649 1734/1374/1628 1735/1375/1629
f 1735/1375/1629 1756/1396/1650 1755/1395/1649
f 1756/1396/1650 1735/1375/1629 1736/1376/1630
f 1736/1376/1630 1757/1397/1651 1756/1396/1650
f 1757/1397/1651 1736/1376/1630 1737/1377/1631
f 1737/1377/1631 1758/1398/1652 1757/1397/1651
f 1758/1398/1652 1737/1377/1631 1738/1378/1632
f 1738/1378/1632 1759/1399/1653 1758/1398/1652
f 1759/1399/1653 1738/1378/1632 1739/1379/1633
f 1739/1379/1633 1760/1400/1654 1759/1399/1653
f 1760/1400/1654 1739/1379/1633 1740/1380/1634
f 1740/1380/1634 1761/1401/1655 1760/1400/1654
f 1761/1401/1655 1740/1380/1634 1741/1381/1635
f 1741/1381/1635 1762/1402/1656 1761/1401/1655
f 1762/1402/1656 1741/1381/1635 1742/1382/1636
f 1742/1382/1636 1763/1403/1657 1762/1402/1656
f 1763/1403/1657 1742/1382/1636 1743/1383/1637
f 1743/1383/1637 1764/1404/1658 1763/1403/1657
f 1764/1404/1658 1743/1383/1637 1744/1384/1638
f 1744/1384/1638 1765/1405/1659 1764/1404/1658
f 1765/1405/1659 1744/1384/1638 1745/1385/1639
f 1745/1385/1639 1766/1406/1660 1765/1405/1659
f 1766/1406/1660 1745/1385/1639 1746/1386/1640
f 1746/1386/1640 1767/1407/1661 1766/1406/1660
f 1767/1407/1661 1746/1386/1640 1747/1387/1641
f 1747/1387/1641 1768/1408/1662 1767/1407/1661
f 1768/1408/1662 1747/1387/1641 1748/1388/1642
f 1748/1388/1642 1769/1409/1663 1768/1408/1662
f 1769/1409/1663 1748/1388/1642 1749/1389/1643
f 1749/1389/1643 1770/1410/1664 1769/1409/1663
f 1770/1410/1664 1749/1389/1643 1750/1390/1644
f 1750/1390/1644 1771/1411/1645 1770/1410/1664
f 1772/1412/1665 1751/1391/1645 1752/1392/1646
f 1752/1392/1646 1773/1413/1666 1772/1412/1665
f 1773/1413/1666 1752/1392/1646 1753/1393/1647
f 1753/1393/1647 1774/1414/1667 1773/1413/1666
f 1774/1414/1667 1753/1393/1647 1754/1394/1648
f 1754/1394/1648 1775/1415/1668 1774/1414/1667
f 1775/1415/1668 1754/1394/1648 1755/1395/1649
f 1755/1395/1649 1776/1416/1669 1775/1415/1668
f 1776/1416/1669 1755/1395/1649 1756/1396/1650
f 1756/1396/1650 1777/1417/1670 1776/1416/1669
f 1777/1417/1670 1756/1396/1650 1757/1397/1651
f 1757/1397/1651 1778/1418/1671 1777/1417/1670
f 1778/1418/1671 1757/1397/1651 1758/1398/1652
f 1758/1398/1652 1779/1419/1672 1778/1418/1671
f 1779/1419/1672 1758/1398/1652 1759/1399/1653
f 1759/1399/1653 1780/1420/1673 1779/1419/1672
f 1780/1420/1673 1759/1399/1653 1760/1400/1654
f 1760/1400/1654 1781/1421/1674 1780/1420/1673
f 1781/1421/1674 1760/1400/1654 1761/1401/1655
f 1761/1401/1655 1782/1422/1675 1781/1421/1674
f 1782/1422/1675 1761/1401/1655 1762/1402/1656
f 1762/1402/1656 1783/1423/1676 1782/1422/1675
f 1783/1423/1676 1762/1402/1656 1763/1403/1657
f 1763/1403/1657 1784/1424/1677 1783/1423/1676
f 1784/1424/1677 1763/1403/1657 1764/1404/1658
f 1764/1404/1658 1785/1425/1678 1784/1424/1677
f 1785/1425/1678 1764/1404/1658 1765/1405/1659
f 1765/1405/1659 1786/1426/1679 1785/1425/1678
f 1786/1426/1679 1765/1405/1659 1766/1406/1660
f 1766/1406/1660 1787/1427/1680 1786/1426/1679
f 1787/1427/1680 1766/1406/1660 1767/1407/1661
f 1767/1407/1661 1788/1428/1681 1787/1427/1680
f 1788/1428/1681 1767/1407/1661 1768/1408/1662
f 1768/1408/1662 1789/1429/1682 1788/1428/1681
f 1789/1429/1682 1768/1408/1662 1769/1409/1663
f 1769/1409/1663 1790/1430/1683 1789/1429/1682
f 1790/1430/1683 1769/1409/1663 1770/1410/1664
f 1770/1410/1664 1791/1431/1684 1790/1430/1683
f 1791/1431/1684 1770/1410/1664 1771/1411/1645
f 1771/1411/1645 1792/1432/1685 1791/1431/1684
f 1793/1433/1686 1772/1412/1665 1773/1413/1666
f 1773/1413/1666 1794/1434/1687 1793/1433/1686
f 1794/1434/1687 1773/1413/1666 1774/1414/1667
f 1774/1414/1667 1795/1435/1688 1794/1434/1687
f 1795/1435/1688 1774/1414/1667 1775/1415/1668
f 1775/1415/1668 1796/1436/1689 1795/1435/1688
f 1796/1436/1689 1775/1415/1668 1776/1416/1669
f 1776/1416/1669 1797/1437/1690 1796/1436/1689
f 1797/1437/1690 1776/1416/1669 1777/1417/1670
f 1777/1417/1670 1798/1438/1691 1797/1437/1690
f 1798/1438/1691 1777/1417/1670 1778/1418/1671
f 1778/1418/1671 1799/1439/1692 1798/1438/1691
f 1799/1439/1692 1778/1418/1671 1779/1419/1672
f 1779/1419/1672 1800/1440/1693 1799/1439/1692
f 1800/1440/1693 1779/1419/1672 1780/1420/1673
f 1780/1420/1673 1801/1441/1694 1800/1440/1693
f 1801/1441/1694 1780/1420/1673 1781/1421/1674
f 1781/1421/1674 1802/1442/1695 1801/1441/1694
f 1802/1442/1695 1781/1421/1674 1782/1422/1675
f 1782/1422/1675 1803/1443/1696 1802/1442/1695
f 1803/1443/1696 1782/1422/1675 1783/1423/1676
f 1783/1423/1676 1804/1444/1697 1803/1443/1696
f 1804/1444/1697 1783/1423/1676 1784/1424/1677
f 1784/1424/1677 1805/1445/1698 1804/1444/1697
f 1805/1445/1698 1784/1424/1677 1785/1425/1678
f 1785/1425/1678 1806/1446/1699 1805/1445/1698
f 1806/1446/1699 1785/1425/1678 1786/1426/1679
f 1786/1426/1679 1807/1447/1700 1806/1446/1699
f 1807/1447/1700 1786/1426/1679 1787/1427/1680
f 1787/1427/1680 1808/1448/1701 1807/1447/1700
f 1808/1448/1701 1787/1427/1680 1788/1428/1681
f 1788/1428/1681 1809/1449/1702 1808/1448/1701
f 1809/1449/1702 1788/1428/1681 1789/1429/1682
f 1789/1429/1682 1810/1450/1703 1809/1449/1702
f 1810/1450/1703 1789/1429/1682 1790/1430/1683
f 1790/1430/1683 1811/1451/1704 1810/1450/1703
f 1811/1451/1704 1790/1430/1683 1791/1431/1684
f 1791/1431/1684 1812/1452/1705 1811/1451/1704
f 1812/1452/1705 1791/1431/1684 1792/1432/1685
f 1792/1432/1685 1813/1453/1686 1812/1452/1705
f 1814/1454/1706 1793/1433/1686 1794/1434/1687
f 1794/1434/1687 1815/1455/1707 1814/1454/1706
f 1815/1455/1707 1794/1434/1687 1795/1435/1688
f 1795/1435/1688 1816/1456/1708 1815/1455/1707
f 1816/1456/1708 1795/1435/1688 1796/1436/1689
f 1796/1436/1689 1817/1457/1709 1816/1456/1708
f 1817/1457/1709 1796/1436/1689 1797/1437/1690
f 1797/1437/1690 1818/1458/1710 1817/1457/1709
f 1818/1458/1710 1797/1437/1690 1798/1438/1691
f 1798/1438/1691 1819/1459/1711 1818/1458/1710
f 1819/1459/1711 1798/1438/1691 1799/1439/1692
f 1799/1439/1692 1820/1460/1712 1819/1459/1711
f 1820/1460/1712 1799/1439/1692 1800/1440/1693
f 1800/1440/1693 1821/1461/1713 1820/1460/1712
f 1821/1461/1713 1800/1440/1693 1801/1441/1694
f 1801/1441/1694 1822/1462/1714 1821/1461/1713
f 1822/1462/1714 1801/1441/1694 1802/1442/1695
f 1802/1442/1695 1823/1463/1715 1822/1462/1714
f 1823/1463/1715 1802/1442/1695 1803/1443/1696
f 1803/1443/1696 1824/1464/1716 1823/1463/1715
f 1824/1464/1716 1803/1443/1696 1804/1444/1697
f 1804/1444/1697 1825/1465/1717 1824/1464/1716
f 1825/1465/1717 1804/1444/1697 1805/1445/1698
f 1805/1445/1698 1826/1466/1718 1825/1465/1717
f 1826/1466/1718 1805/1445/1698 1806/1446/1699
f 1806/1446/1699 1827/1467/1719 1826/1466/1718
f 1827/1467/1719 1806/1446/1699 1807/1447/1700
f 1807/1447/1700 1828/1468/1720 1827/1467/1719
f 1828/1468/1720 1807/1447/1700 1808/1448/1701
f 1808/1448/1701 1829/1469/1721 1828/1468/1720
f 1829/1469/1721 1808/1448/1701 1809/1449/1702
f 1809/1449/1702 1830/1470/1722 1829/1469/1721
f 1830/1470/1722 1809/1449/1702 1810/1450/1703
f 1810/1450/1703 1831/1471/1723 1830/1470/1722
f 1831/1471/1723 1810/1450/1703 1811/1451/1704
f 1811/1451/1704 1832/1472/1724 1831/1471/1723
f 1832/1472/1724 1811/1451/1704 1812/1452/1705
f 1812/1452/1705 1833/1473/1725 1832/1472/1724
f 1833/1473/1725 1812/1452/1705 1813/1453/1686
f 1813/1453/1686 1834/1474/1726 1833/1473/1725
f 1835/1475/1727 1814/1454/1706 1815/1455/1707
f 1815/1455/1707 1836/1476/1728 1835/1475/1727
f 1836/1476/1728 1815/1455/1707 1816/1456/1708
f 1816/1456/1708 1837/1477/1729 1836/1476/1728
f 1837/1477/1729 1816/1456/1708 1817/1457/1709
f 1817/1457/1709 1838/1478/1730 1837/1477/1729
f 1838/1478/1730 1817/1457/1709 1818/1458/1710
f 1818/1458/1710 1839/1479/1731 1838/1478/1730
f 1839/1479/1731 1818/1458/1710 1819/1459/1711
f 1819/1459/1711 1840/1480/1732 1839/1479/1731
f 1840/1480/1732 1819/1459/1711 1820/1460/1712
f 1820/1460/1712 1841/1481/1733 1840/1480/1732
f 1841/1481/1733 1820/1460/1712 1821/1461/1713
f 1821/1461/1713 1842/1482/1734 1841/1481/1733
f 1842/1482/1734 1821/1461/1713 1822/1462/1714
f 1822/1462/1714 1843/1483/1735 1842/1482/1734
f 1843/1483/1735 1822/1462/1714 1823/1463/1715
f 1823/1463/1715 1844/1484/1736 1843/1483/1735
f 1844/1484/1736 1823/1463/1715 1824/1464/1716
f 1824/1464/1716 1845/1485/1737 1844/1484/1736
f 1845/1485/1737 1824/1464/1716 1825/1465/1717
f 1825/1465/1717 1846/1486/1738 1845/1485/1737
f 1846/1486/1738 1825/1465/1717 1826/1466/1718
f 1826/1466/1718 1847/1487/1739 1846/1486/1738
f 1847/1487/1739 1826/1466/1718 1827/1467/1719
f 1827/1467/1719 1848/1488/1740 1847/1487/1739
f 1848/1488/1740 1827/1467/1719 1828/1468/1720
f 1828/1468/1720 1849/1489/1741 1848/1488/1740
f 1849/1489/1741 1828/1468/1720 1829/1469/1721
f 1829/1469/1721 1850/1490/1742 1849/1489/1741
f 1850/1490/1742 1829/1469/1721 1830/1470/1722
f 1830/1470/1722 1851/1491/1743 1850/1490/1742
f 1851/1491/1743 1830/1470/1722 1831/1471/1723
f 1831/1471/1723 1852/1492/1744 1851/1491/1743
f 1852/1492/1744 1831/1471/1723 1832/1472/1724
f 1832/1472/1724 1853/1493/1745 1852/1492/1744
f 1853/1493/1745 1832/1472/1724 1833/1473/1725
f 1833/1473/1725 1854/1494/1746 1853/1493/1745
f 1854/1494/1746 1833/1473/1725 1834/1474/1726
f 1834/1474/1726 1855/1495/1727 1854/1494/1746
f 1856/1496/1747 1835/1475/1727 1836/1476/1728
f 1836/1476/1728 1857/1497/1748 1856/1496/1747
f 1857/1497/1748 1836/1476/1728 1837/1477/1729
f 1837/1477/1729 1858/1498/1749 1857/1497/1748
f 1858/1498/1749 1837/1477/1729 1838/1478/1730
f 1838/1478/1730 1859/1499/1750 1858/1498/1749
f 1859/1499/1750 1838/1478/1730 1839/1479/1731
f 1839/1479/1731 1860/1500/1751 1859/1499/1750
f 1860/1500/1751 1839/1479/1731 1840/1480/1732
f 1840/1480/1732 1861/1501/1752 1860/1500/1751
f 1861/1501/1752 1840/1480/1732 1841/1481/1733
f 1841/1481/1733 1862/1502/1753 1861/1501/1752
f 1862/1502/1753 1841/1481/1733 1842/1482/1734
f 1842/1482/1734 1863/1503/1754 1862/1502/1753
f 1863/1503/1754 1842/1482/1734 1843/1483/1735
f 1843/1483/1735 1864/1504/1755 1863/1503/1754
f 1864/1504/1755 1843/1483/1735 1844/1484/1736
f 1844/1484/1736 1865/1505/1756 1864/1504/1755
f 1865/1505/1756 1844/1484/1736 1845/1485/1737
f 1845/1485/1737 1866/1506/1757 1865/1505/1756
f 1866/1506/1757 1845/1485/1737 1846/1486/1738
f 1846/1486/1738 1867/1507/1758 1866/1506/1757
f 1867/1507/1758 1846/1486/1738 1847/1487/1739
f 1847/1487/1739 1868/1508/1759 1867/1507/1758
f 1868/1508/1759 1847/1487/1739 1848/1488/1740
f 1848/1488/1740 1869/1509/1760 1868/1508/1759
f 1869/1509/1760 1848/1488/1740 1849/1489/1741
f 1849/1489/1741 1870/1510/1761 1869/1509/1760
f 1870/1510/1761 1849/1489/1741 1850/1490/1742
f 1850/1490/1742 1871/1511/1762 1870/1510/1761
f 1871/1511/1762 1850/1490/1742 1851/1491/1743
f 1851/1491/1743 1872/1512/1763 1871/1511/1762
f 1872/1512/1763 1851/1491/1743 1852/1492/1744
f 1852/1492/1744 1873/1513/1764 1872/1512/1763
f 1873/1513/1764 1852/1492/1744 1853/1493/1745
f 1853/1493/1745 1874/1514/1765 1873/1513/1764
f 1874/1514/1765 1853/1493/1745 1854/1494/1746
f 1854/1494/1746 1875/1515/1766 1874/1514/1765
f 1875/1515/1766 1854/1494/1746 1855/1495/1727
f 1855/1495/1727 1876/1516/1767 1875/1515/1766
f 1877/1517/1768 1856/1496/1747 1857/1497/1748
f 1857/1497/1748 1878/1518/1769 1877/1517/1768
f 1878/1518/1769 1857/1497/1748 1858/1498/1749
f 1858/1498/1749 1879/1519/1770 1878/1518/1769
f 1879/1519/1770 1858/1498/1749 1859/1499/1750
f 1859/1499/1750 1880/1520/1771 1879/1519/1770
f 1880/1520/1771 1859/1499/1750 1860/1500/1751
f 1860/1500/1751 1881/1521/1772 1880/1520/1771
f 1881/1521/1772 1860/1500/1751 1861/1501/1752
f 1861/1501/1752 1882/1522/1773 1881/1521/1772
f 1882/1522/1773 1861/1501/1752 1862/1502/1753
f 1862/1502/1753 1883/1523/1774 1882/1522/1773
f 1883/1523/1774 1862/1502/1753 1863/1503/1754
f 1863/1503/1754 1884/1524/1775 1883/1523/1774
f 1884/1524/1775 1863/1503/1754 1864/1504/1755
f 1864/1504/1755 1885/1525/1776 1884/1524/1775
f 1885/1525/1776 1864/1504/1755 1865/1505/1756
f 1865/1505/1756 1886/1526/1777 1885/1525/1776
f 1886/1526/1777 1865/1505/1756 1866/1506/1757
f 1866/1506/1757 1887/1527/1778 1886/1526/1777
f 1887/1527/1778 1866/1506/1757 1867/1507/1758
f 1867/1507/1758 1888/1528/1779 1887/1527/1778
f 1888/1528/1779 1867/1507/1758 1868/1508/1759
f 1868/1508/1759 1889/1529/1780 1888/1528/1779
f 1889/1529/1780 1868/1508/1759 1869/1509/1760
f 1869/1509/1760 1890/1530/1781 1889/1529/1780
f 1890/1530/1781 1869/1509/1760 1870/1510/1761
f 1870/1510/1761 1891/1531/1782 1890/1530/1781
f 1891/1531/1782 1870/1510/1761 1871/1511/1762
f 1871/1511/1762 1892/1532/1783 1891/1531/1782
f 1892/1532/1783 1871/1511/1762 1872/1512/1763
f 1872/1512/1763 1893/1533/1784 1892/1532/1783
f 1893/1533/1784 1872/1512/1763 1873/1513/1764
f 1873/1513/1764 1894/1534/1785 1893/1533/1784
f 1894/1534/1785 1873/1513/1764 1874/1514/1765
f 1874/1514/1765 1895/1535/1786 1894/1534/1785
f 1895/1535/1786 1874/1514/1765 1875/1515/1766
f 1875/1515/1766 1896/1536/1787 1895/1535/1786
f 1896/1536/1787 1875/1515/1766 1876/1516/1767
f 1876/1516/1767 1897/1537/1788 1896/1536/1787
f 1898/1538/1789 1877/1517/1768 1878/1518/1769
f 1878/1518/1769 1899/1539/1790 1898/1538/1789
f 1899/1539/1790 1878/1518/1769 1879/1519/1770
f 1879/1519/1770 1900/1540/1791 1899/1539/1790
f 1900/1540/1791 1879/1519/1770 1880/1520/1771
f 1880/1520/1771 1901/1541/1792 1900/1540/1791
f 1901/1541/1792 1880/1520/1771 1881/1521/1772
f 1881/1521/1772 1902/1542/1793 1901/1541/1792
f 1902/1542/1793 1881/1521/1772 1882/1522/1773
f 1882/1522/1773 1903/1543/1794 1902/1542/1793
f 1903/1543/1794 1882/1522/1773 1883/1523/1774
f 1883/1523/1774 1904/1544/1795 1903/1543/1794
f 1904/1544/1795 1883/1523/1774 1884/1524/1775
f 1884/1524/1775 1905/1545/1796 1904/1544/1795
f 1905/1545/1796 1884/1524/1775 1885/1525/1776
f 1885/1525/1776 1906/1546/1797 1905/1545/1796
f 1906/1546/1797 1885/1525/1776 1886/1526/1777
f 1886/1526/1777 1907/1547/1798 1906/1546/1797
f 1907/1547/1798 1886/1526/1777 1887/1527/1778
f 1887/1527/1778 1908/1548/1799 1907/1547/1798
f 1908/1548/1799 1887/1527/1778 1888/1528/1779
f 1888/1528/1779 1909/1549/1800 1908/1548/1799
f 1909/1549/1800 1888/1528/1779 1889/1529/1780
f 1889/1529/1780 1910/1550/1801 1909/1549/1800
f 1910/1550/1801 1889/1529/1780 1890/1530/1781
f 1890/1530/1781 1911/1551/1802 1910/1550/1801
f 1911/1551/1802 1890/1530/1781 1891/1531/1782
f 1891/1531/1782 1912/1552/1803 1911/1551/1802
f 1912/1552/1803 1891/1531/1782 1892/1532/1783
f 1892/1532/1783 1913/1553/1804 1912/1552/1803
f 1913/1553/1804 1892/1532/1783 1893/1533/1784
f 1893/1533/1784 1914/1554/1805 1913/1553/1804
f 1914/1554/1805 1893/1533/1784 1894/1534/1785
f 1894/1534/1785 1915/1555/1806 1914/1554/1805
f 1915/1555/1806 1894/1534/1785 1895/1535/1786
f 1895/1535/1786 1916/1556/1807 1915/1555/1806
f 1916/1556/1807 1895/1535/1786 1896/1536/1787
f 1896/1536/1787 1917/1557/1808 1916/1556/1807
f 1917/1557/1808 1896/1536/1787 1897/1537/1788
f 1897/1537/1788 1918/1558/1789 1917/1557/1808
f 1919/1559/1809 1898/1538/1789 1899/1539/1790
f 1899/1539/1790 1920/1560/1810 1919/1559/1809
f 1920/1560/1810 1899/1539/1790 1900/1540/1791
f 1900/1540/1791 1921/1561/1811 1920/1560/1810
f 1921/1561/1811 1900/1540/1791 1901/1541/1792
f 1901/1541/1792 1922/1562/1812 1921/1561/1811
f 1922/1562/1812 1901/1541/1792 1902/1542/1793
f 1902/1542/1793 1923/1563/1813 1922/1562/1812
f 1923/1563/1813 1902/1542/1793 1903/1543/1794
f 1903/1543/1794 1924/1564/1814 1923/1563/1813
f 1924/1564/1814 1903/1543/1794 1904/1544/1795
f 1904/1544/1795 1925/1565/1815 1924/1564/1814
f 1925/1565/1815 1904/1544/1795 1905/1545/1796
f 1905/1545/1796 1926/1566/1816 1925/1565/1815
f 1926/1566/1816 1905/1545/1796 1906/1546/1797
f 1906/1546/1797 1927/1567/1817 1926/1566/1816
f 1927/1567/1817 1906/1546/1797 1907/1547/1798
f 1907/1547/1798 1928/1568/1818 1927/1567/1817
f 1928/1568/1818 1907/1547/1798 1908/1548/1799
f 1908/1548/1799 1929/1569/1819 1928/1568/1818
f 1929/1569/1819 1908/1548/1799 1909/1549/1800
f 1909/1549/1800 1930/1570/1820 1929/1569/1819
f 1930/1570/1820 1909/1549/1800 1910/1550/1801
f 1910/1550/1801 1931/1571/1821 1930/1570/1820
f 1931/1571/1821 1910/1550/1801 1911/1551/1802
f 1911/1551/1802 1932/1572/1822 1931/1571/1821
f 1932/1572/1822 1911/1551/1802 1912/1552/1803
f 1912/1552/1803 1933/1573/1823 1932/1572/1822
f 1933/1573/1823 1912/1552/1803 1913/1553/1804
f 1913/1553/1804 1934/1574/1824 1933/1573/1823
f 1934/1574/1824 1913/1553/1804 1914/1554/1805
f 1914/1554/1805 1935/1575/1825 1934/1574/1824
f 1935/1575/1825 1914/1554/1805 1915/1555/1806
f 1915/1555/1806 1936/1576/1826 1935/1575/1825
f 1936/1576/1826 1915/1555/1806 1916/1556/1807
f 1916/1556/1807 1937/1577/1827 1936/1576/1826
f 1937/1577/1827 1916/1556/1807 1917/1557/1808
f 1917/1557/1808 1938/1578/1828 1937/1577/1827
f 1938/1578/1828 1917/1557/1808 1918/1558/1789
f 1918/1558/1789 1939/1579/1809 1938/1578/1828
f 1543/1183/1443 1542/1182/1442 1940/1580/390
f 1545/1185/1445 1543/1183/1443 1941/1581/390
f 1547/1187/1447 1545/1185/1445 1942/1582/1829
f 1549/1189/1449 1547/1187/1447 1943/1583/390
f 1551/1191/1451 1549/1189/1449 1944/1584/390
f 1553/1193/1453 1551/1191/1451 1945/1585/1829
f 1555/1195/1455 1553/1193/1453 1946/1586/390
f 1557/1197/1457 1555/1195/1455 1947/1587/390
f 1559/1199/1459 1557/1197/1457 1948/1588/1830
f 1561/1201/1461 1559/1199/1459 1949/1589/1830
f 1563/1203/1463 1561/1201/1461 1950/1590/390
f 1565/1205/1465 1563/1203/1463 1951/1591/390
f 1567/1207/1467 1565/1205/1465 1952/1592/1831
f 1569/1209/1469 1567/1207/1467 1953/1593/390
f 1571/1211/1471 1569/1209/1469 1954/1594/390
f 1573/1213/1473 1571/1211/1471 1955/1595/1831
f 1575/1215/1475 1573/1213/1473 1956/1596/390
f 1577/1217/1477 1575/1215/1475 1957/1597/390
f 1579/1219/1479 1577/1217/1477 1958/1598/1832
f 1581/1221/1442 1579/1219/1479 1959/1599/1832
f 1919/1559/1809 1920/1560/1810 1960/1600/391
f 1920/1560/1810 1921/1561/1811 1961/1601/391
f 1921/1561/1811 1922/1562/1812 1962/1602/391
f 1922/1562/1812 1923/1563/1813 1963/1603/391
f 1923/1563/1813 1924/1564/1814 1964/1604/391
f 1924/1564/1814 1925/1565/1815 1965/1605/391
f 1925/1565/1815 1926/1566/1816 1966/1606/391
f 1926/1566/1816 1927/1567/1817 1967/1607/391
f 1927/1567/1817 1928/1568/1818 1968/1608/391
f 1928/1568/1818 1929/1569/1819 1969/1609/391
f 1929/1569/1819 1930/1570/1820 1970/1610/391
f 1930/1570/1820 1931/1571/1821 1971/1611/391
f 1931/1571/1821 1932/1572/1822 1972/1612/391
f 1932/1572/1822 1933/1573/1823 1973/1613/391
f 1933/1573/1823 1934/1574/1824 1974/1614/391
f 1934/1574/1824 1935/1575/1825 1975/1615/391
f 1935/1575/1825 1936/1576/1826 1976/1616/391
f 1936/1576/1826 1937/1577/1827 1977/1617/391
f 1937/1577/1827 1938/1578/1828 1978/1618/391
f 1938/1578/1828 1939/1579/1809 1979/1619/391
f 1980/1620/41 1981/1621/2 1982/1622/3
f 1982/1622/3 1983/1623/4 1980/1620/41
f 1983/1623/4 1982/1622/3 1984/1624/5
f 1984/1624/5 1985/1625/6 1983/1623/4
f 1985/1625/6 1984/1624/5 1986/1626/7
f 1986/1626/7 1987/1627/8 1985/1625/6
f 1987/1627/8 1986/1626/7 1988/1628/9
f 1988/1628/9 1989/1629/10 1987/1627/8
f 1989/1629/10 1988/1628/9 1990/1630/11
f 1990/1630/11 1991/1631/12 1989/1629/10
f 1991/1631/12 1990/1630/11 1992/1632/13
f 1992/1632/13 1993/1633/14 1991/1631/12
f 1993/1633/14 1992/1632/13 1994/1634/15
f 1994/1634/15 1995/1635/16 1993/1633/14
f 1995/1635/16 1994/1634/15 1996/1636/17
f 1996/1636/17 1997/1637/18 1995/1635/16
f 1997/1637/18 1996/1636/17 1998/1638/19
f 1998/1638/19 1999/1639/20 1997/1637/18
f 1999/1639/20 1998/1638/19 2000/1640/1833
f 2000/1640/1833 2001/1641/22 1999/1639/20
f 2001/1641/22 2000/1640/1833 2002/1642/23
f 2002/1642/23 2003/1643/24 2001/1641/22
f 2003/1643/24 2002/1642/23 2004/1644/1834
f 2004/1644/1834 2005/1645/26 2003/1643/24
f 2005/1645/26 2004/1644/1834 2006/1646/27
f 2006/1646/27 2007/1647/28 2005/1645/26
f 2007/1647/28 2006/1646/27 2008/1648/29
f 2008/1648/29 2009/1649/30 2007/1647/28
f 2009/1649/30 2008/1648/29 2010/1650/31
f 2010/1650/31 2011/1651/32 2009/1649/30
f 2011/1651/32 2010/1650/31 2012/1652/1835
f 2012/1652/1835 2013/1653/34 2011/1651/32
f 2013/1653/34 2012/1652/1835 2014/1654/35
f 2014/1654/35 2015/1655/36 2013/1653/34
f 2015/1655/36 2014/1654/35 2016/1656/37
f 2016/1656/37 2017/1657/38 2015/1655/36
f 2017/1657/38 2016/1656/37 2018/1658/39
f 2018/1658/39 2019/1659/40 2017/1657/38
f 2019/1659/40 2018/1658/39 2020/1660/2
f 2020/1660/2 2021/1661/41 2019/1659/40
f 2022/1662/42 1980/1620/41 1983/1623/4
f 1983/1623/4 2023/1663/43 2022/1662/42
f 2023/1663/43 1983/1623/4 1985/1625/6
f 1985/1625/6 2024/1664/1836 2023/1663/43
f 2024/1664/1836 1985/1625/6 1987/1627/8
f 1987/1627/8 2025/1665/45 2024/1664/1836
f 2025/1665/45 1987/1627/8 1989/1629/10
f 1989/1629/10 2026/1666/46 2025/1665/45
f 2026/1666/46 1989/1629/10 1991/1631/12
f 1991/1631/12 2027/1667/47 2026/1666/46
f 2027/1667/47 1991/1631/12 1993/1633/14
f 1993/1633/14 2028/1668/1837 2027/1667/47
f 2028/1668/1837 1993/1633/14 1995/1635/16
f 1995/1635/16 2029/1669/49 2028/1668/1837
f 2029/1669/49 1995/1635/16 1997/1637/18
f 1997/1637/18 2030/1670/50 2029/1669/49
f 2030/1670/50 1997/1637/18 1999/1639/20
f 1999/1639/20 2031/1671/51 2030/1670/50
f 2031/1671/51 1999/1639/20 2001/1641/22
f 2001/1641/22 2032/1672/52 2031/1671/51
f 2032/1672/52 2001/1641/22 2003/1643/24
f 2003/1643/24 2033/1673/53 2032/1672/52
f 2033/1673/53 2003/1643/24 2005/1645/26
f 2005/1645/26 2034/1674/1838 2033/1673/53
f 2034/1674/1838 2005/1645/26 2007/1647/28
f 2007/1647/28 2035/1675/55 2034/1674/1838
f 2035/1675/55 2007/1647/28 2009/1649/30
f 2009/1649/30 2036/1676/56 2035/1675/55
f 2036/1676/56 2009/1649/30 2011/1651/32
f 2011/1651/32 2037/1677/57 2036/1676/56
f 2037/1677/57 2011/1651/32 2013/1653/34
f 2013/1653/34 2038/1678/58 2037/1677/57
f 2038/1678/58 2013/1653/34 2015/1655/36
f 2015/1655/36 2039/1679/59 2038/1678/58
f 2039/1679/59 2015/1655/36 2017/1657/38
f 2017/1657/38 2040/1680/60 2039/1679/59
f 2040/1680/60 2017/1657/38 2019/1659/40
f 2019/1659/40 2041/1681/61 2040/1680/60
f 2041/1681/61 2019/1659/40 2021/1661/41
f 2021/1661/41 2042/1682/42 2041/1681/61
f 2043/1683/62 2022/1662/42 2023/1663/43
f 2023/1663/43 2044/1684/63 2043/1683/62
f 2044/1684/63 2023/1663/43 2024/1664/1836
f 2024/1664/1836 2045/1685/1839 2044/1684/63
f 2045/1685/1839 2024/1664/1836 2025/1665/45
f 2025/1665/45 2046/1686/65 2045/1685/1839
f 2046/1686/65 2025/1665/45 2026/1666/46
f 2026/1666/46 2047/1687/66 2046/1686/65
f 2047/1687/66 2026/1666/46 2027/1667/47
f 2027/1667/47 2048/1688/67 2047/1687/66
f 2048/1688/67 2027/1667/47 2028/1668/1837
f 2028/1668/1837 2049/1689/1840 2048/1688/67
f 2049/1689/1840 2028/1668/1837 2029/1669/49
f 2029/1669/49 2050/1690/69 2049/1689/1840
f 2050/1690/69 2029/1669/49 2030/1670/50
f 2030/1670/50 2051/1691/70 2050/1690/69
f 2051/1691/70 2030/1670/50 2031/1671/51
f 2031/1671/51 2052/1692/1841 2051/1691/70
f 2052/1692/1841 2031/1671/51 2032/1672/52
f 2032/1672/52 2053/1693/72 2052/1692/1841
f 2053/1693/72 2032/1672/52 2033/1673/53
f 2033/1673/53 2054/1694/73 2053/1693/72
f 2054/1694/73 2033/1673/53 2034/1674/1838
f 2034/1674/1838 2055/1695/74 2054/1694/73
f 2055/1695/74 2034/1674/1838 2035/1675/55
f 2035/1675/55 2056/1696/75 2055/1695/74
f 2056/1696/75 2035/1675/55 2036/1676/56
f 2036/1676/56 2057/1697/1842 2056/1696/75
f 2057/1697/1842 2036/1676/56 2037/1677/57
f 2037/1677/57 2058/1698/77 2057/1697/1842
f 2058/1698/77 2037/1677/57 2038/1678/58
f 2038/1678/58 2059/1699/78 2058/1698/77
f 2059/1699/78 2038/1678/58 2039/1679/59
f 2039/1679/59 2060/1700/79 2059/1699/78
f 2060/1700/79 2039/1679/59 2040/1680/60
f 2040/1680/60 2061/1701/80 2060/1700/79
f 2061/1701/80 2040/1680/60 2041/1681/61
f 2041/1681/61 2062/1702/1843 2061/1701/80
f 2062/1702/1843 2041/1681/61 2042/1682/42
f 2042/1682/42 2063/1703/62 2062/1702/1843
f 2064/1704/82 2043/1683/62 2044/1684/63
f 2044/1684/63 2065/1705/83 2064/1704/82
f 2065/1705/83 2044/1684/63 2045/1685/1839
f 2045/1685/1839 2066/1706/84 2065/1705/83
f 2066/1706/84 2045/1685/1839 2046/1686/65
f 2046/1686/65 2067/1707/85 2066/1706/84
f 2067/1707/85 2046/1686/65 2047/1687/66
f 2047/1687/66 2068/1708/86 2067/1707/85
f 2068/1708/86 2047/1687/66 2048/1688/67
f 2048/1688/67 2069/1709/87 2068/1708/86
f 2069/1709/87 2048/1688/67 2049/1689/1840
f 2049/1689/1840 2070/1710/88 2069/1709/87
f 2070/1710/88 2049/1689/1840 2050/1690/69
f 2050/1690/69 2071/1711/1844 2070/1710/88
f 2071/1711/1844 2050/1690/69 2051/1691/70
f 2051/1691/70 2072/1712/90 2071/1711/1844
f 2072/1712/90 2051/1691/70 2052/1692/1841
f 2052/1692/1841 2073/1713/91 2072/1712/90
f 2073/1713/91 2052/1692/1841 2053/1693/72
f 2053/1693/72 2074/1714/92 2073/1713/91
f 2074/1714/92 2053/1693/72 2054/1694/73
f 2054/1694/73 2075/1715/93 2074/1714/92
f 2075/1715/93 2054/1694/73 2055/1695/74
f 2055/1695/74 2076/1716/94 2075/1715/93
f 2076/1716/94 2055/1695/74 2056/1696/75
f 2056/1696/75 2077/1717/95 2076/1716/94
f 2077/1717/95 2056/1696/75 2057/1697/1842
f 2057/1697/1842 2078/1718/96 2077/1717/95
f 2078/1718/96 2057/1697/1842 2058/1698/77
f 2058/1698/77 2079/1719/97 2078/1718/96
f 2079/1719/97 2058/1698/77 2059/1699/78
f 2059/1699/78 2080/1720/98 2079/1719/97
f 2080/1720/98 2059/1699/78 2060/1700/79
f 2060/1700/79 2081/1721/99 2080/1720/98
f 2081/1721/99 2060/1700/79 2061/1701/80
f 2061/1701/80 2082/1722/1845 2081/1721/99
f 2082/1722/1845 2061/1701/80 2062/1702/1843
f 2062/1702/1843 2083/1723/101 2082/1722/1845
f 2083/1723/101 2062/1702/1843 2063/1703/62
f 2063/1703/62 2084/1724/102 2083/1723/101
f 2085/1725/103 2064/1704/82 2065/1705/83
f 2065/1705/83 2086/1726/104 2085/1725/103
f 2086/1726/104 2065/1705/83 2066/1706/84
f 2066/1706/84 2087/1727/1846 2086/1726/104
f 2087/1727/1846 2066/1706/84 2067/1707/85
f 2067/1707/85 2088/1728/106 2087/1727/1846
f 2088/1728/106 2067/1707/85 2068/1708/86
f 2068/1708/86 2089/1729/107 2088/1728/106
f 2089/1729/107 2068/1708/86 2069/1709/87
f 2069/1709/87 2090/1730/108 2089/1729/107
f 2090/1730/108 2069/1709/87 2070/1710/88
f 2070/1710/88 2091/1731/109 2090/1730/108
f 2091/1731/109 2070/1710/88 2071/1711/1844
f 2071/1711/1844 2092/1732/1847 2091/1731/109
f 2092/1732/1847 2071/1711/1844 2072/1712/90
f 2072/1712/90 2093/1733/111 2092/1732/1847
f 2093/1733/111 2072/1712/90 2073/1713/91
f 2073/1713/91 2094/1734/112 2093/1733/111
f 2094/1734/112 2073/1713/91 2074/1714/92
f 2074/1714/92 2095/1735/113 2094/1734/112
f 2095/1735/113 2074/1714/92 2075/1715/93
f 2075/1715/93 2096/1736/114 2095/1735/113
f 2096/1736/114 2075/1715/93 2076/1716/94
f 2076/1716/94 2097/1737/115 2096/1736/114
f 2097/1737/115 2076/1716/94 2077/1717/95
f 2077/1717/95 2098/1738/116 2097/1737/115
f 2098/1738/116 2077/1717/95 2078/1718/96
f 2078/1718/96 2099/1739/117 2098/1738/116
f 2099/1739/117 2078/1718/96 2079/1719/97
f 2079/1719/97 2100/1740/118 2099/1739/117
f 2100/1740/118 2079/1719/97 2080/1720/98
f 2080/1720/98 2101/1741/1848 2100/1740/118
f 2101/1741/1848 2080/1720/98 2081/1721/99
f 2081/1721/99 2102/1742/1849 2101/1741/1848
f 2102/1742/1849 2081/1721/99 2082/1722/1845
f 2082/1722/1845 2103/1743/121 2102/1742/1849
f 2103/1743/121 2082/1722/1845 2083/1723/101
f 2083/1723/101 2104/1744/122 2103/1743/121
f 2104/1744/122 2083/1723/101 2084/1724/102
f 2084/1724/102 2105/1745/123 2104/1744/122
f 2106/1746/124 2085/1725/103 2086/1726/104
f 2086/1726/104 2107/1747/125 2106/1746/124
f 2107/1747/125 2086/1726/104 2087/1727/1846
f 2087/1727/1846 2108/1748/126 2107/1747/125
f 2108/1748/126 2087/1727/1846 2088/1728/106
f 2088/1728/106 2109/1749/127 2108/1748/126
f 2109/1749/127 2088/1728/106 2089/1729/107
f 2089/1729/107 2110/1750/128 2109/1749/127
f 2110/1750/128 2089/1729/107 2090/1730/108
f 2090/1730/108 2111/1751/129 2110/1750/128
f 2111/1751/129 2090/1730/108 2091/1731/109
f 2091/1731/109 2112/1752/130 2111/1751/129
f 2112/1752/130 2091/1731/109 2092/1732/1847
f 2092/1732/1847 2113/1753/131 2112/1752/130
f 2113/1753/131 2092/1732/1847 2093/1733/111
f 2093/1733/111 2114/1754/132 2113/1753/131
f 2114/1754/132 2093/1733/111 2094/1734/112
f 2094/1734/112 2115/1755/133 2114/1754/132
f 2115/1755/133 2094/1734/112 2095/1735/113
f 2095/1735/113 2116/1756/134 2115/1755/133
f 2116/1756/134 2095/1735/113 2096/1736/114
f 2096/1736/114 2117/1757/135 2116/1756/134
f 2117/1757/135 2096/1736/114 2097/1737/115
f 2097/1737/115 2118/1758/136 2117/1757/135
f 2118/1758/136 2097/1737/115 2098/1738/116
f 2098/1738/116 2119/1759/137 2118/1758/136
f 2119/1759/137 2098/1738/116 2099/1739/117
f 2099/1739/117 2120/1760/138 2119/1759/137
f 2120/1760/138 2099/1739/117 2100/1740/118
f 2100/1740/118 2121/1761/139 2120/1760/138
f 2121/1761/139 2100/1740/118 2101/1741/1848
f 2101/1741/1848 2122/1762/1850 2121/1761/139
f 2122/1762/1850 2101/1741/1848 2102/1742/1849
f 2102/1742/1849 2123/1763/141 2122/1762/1850
f 2123/1763/141 2102/1742/1849 2103/1743/121
f 2103/1743/121 2124/1764/142 2123/1763/141
f 2124/1764/142 2103/1743/121 2104/1744/122
f 2104/1744/122 2125/1765/143 2124/1764/142
f 2125/1765/143 2104/1744/122 2105/1745/123
f 2105/1745/123 2126/1766/1851 2125/1765/143
f 2127/1767/144 2106/1746/124 2107/1747/125
f 2107/1747/125 2128/1768/145 2127/1767/144
f 2128/1768/145 2107/1747/125 2108/1748/126
f 2108/1748/126 2129/1769/1852 2128/1768/145
f 2129/1769/1852 2108/1748/126 2109/1749/127
f 2109/1749/127 2130/1770/147 2129/1769/1852
f 2130/1770/147 2109/1749/127 2110/1750/128
f 2110/1750/128 2131/1771/148 2130/1770/147
f 2131/1771/148 2110/1750/128 2111/1751/129
f 2111/1751/129 2132/1772/149 2131/1771/148
f 2132/1772/149 2111/1751/129 2112/1752/130
f 2112/1752/130 2133/1773/1853 2132/1772/149
f 2133/1773/1853 2112/1752/130 2113/1753/131
f 2113/1753/131 2134/1774/151 2133/1773/1853
f 2134/1774/151 2113/1753/131 2114/1754/132
f 2114/1754/132 2135/1775/152 2134/1774/151
f 2135/1775/152 2114/1754/132 2115/1755/133
f 2115/1755/133 2136/1776/1854 2135/1775/152
f 2136/1776/1854 2115/1755/133 2116/1756/134
f 2116/1756/134 2137/1777/154 2136/1776/1854
f 2137/1777/154 2116/1756/134 2117/1757/135
f 2117/1757/135 2138/1778/155 2137/1777/154
f 2138/1778/155 2117/1757/135 2118/1758/136
f 2118/1758/136 2139/1779/156 2138/1778/155
f 2139/1779/156 2118/1758/136 2119/1759/137
f 2119/1759/137 2140/1780/157 2139/1779/156
f 2140/1780/157 2119/1759/137 2120/1760/138
f 2120/1760/138 2141/1781/158 2140/1780/157
f 2141/1781/158 2120/1760/138 2121/1761/139
f 2121/1761/139 2142/1782/159 2141/1781/158
f 2142/1782/159 2121/1761/139 2122/1762/1850
f 2122/1762/1850 2143/1783/160 2142/1782/159
f 2143/1783/160 2122/1762/1850 2123/1763/141
f 2123/1763/141 2144/1784/161 2143/1783/160
f 2144/1784/161 2123/1763/141 2124/1764/142
f 2124/1764/142 2145/1785/162 2144/1784/161
f 2145/1785/162 2124/1764/142 2125/1765/143
f 2125/1765/143 2146/1786/163 2145/1785/162
f 2146/1786/163 2125/1765/143 2126/1766/1851
f 2126/1766/1851 2147/1787/144 2146/1786/163
f 2148/1788/164 2127/1767/144 2128/1768/145
f 2128/1768/145 2149/1789/165 2148/1788/164
f 2149/1789/165 2128/1768/145 2129/1769/1852
f 2129/1769/1852 2150/1790/166 2149/1789/165
f 2150/1790/166 2129/1769/1852 2130/1770/147
f 2130/1770/147 2151/1791/1855 2150/1790/166
f 2151/1791/1855 2130/1770/147 2131/1771/148
f 2131/1771/148 2152/1792/168 2151/1791/1855
f 2152/1792/168 2131/1771/148 2132/1772/149
f 2132/1772/149 2153/1793/169 2152/1792/168
f 2153/1793/169 2132/1772/149 2133/1773/1853
f 2133/1773/1853 2154/1794/1856 2153/1793/169
f 2154/1794/1856 2133/1773/1853 2134/1774/151
f 2134/1774/151 2155/1795/1857 2154/1794/1856
f 2155/1795/1857 2134/1774/151 2135/1775/152
f 2135/1775/152 2156/1796/1858 2155/1795/1857
f 2156/1796/1858 2135/1775/152 2136/1776/1854
f 2136/1776/1854 2157/1797/173 2156/1796/1858
f 2157/1797/173 2136/1776/1854 2137/1777/154
f 2137/1777/154 2158/1798/1859 2157/1797/173
f 2158/1798/1859 2137/1777/154 2138/1778/155
f 2138/1778/155 2159/1799/1860 2158/1798/1859
f 2159/1799/1860 2138/1778/155 2139/1779/156
f 2139/1779/156 2160/1800/1861 2159/1799/1860
f 2160/1800/1861 2139/1779/156 2140/1780/157
f 2140/1780/157 2161/1801/177 2160/1800/1861
f 2161/1801/177 2140/1780/157 2141/1781/158
f 2141/1781/158 2162/1802/1862 2161/1801/177
f 2162/1802/1862 2141/1781/158 2142/1782/159
f 2142/1782/159 2163/1803/179 2162/1802/1862
f 2163/1803/179 2142/1782/159 2143/1783/160
f 2143/1783/160 2164/1804/180 2163/1803/179
f 2164/1804/180 2143/1783/160 2144/1784/161
f 2144/1784/161 2165/1805/1863 2164/1804/180
f 2165/1805/1863 2144/1784/161 2145/1785/162
f 2145/1785/162 2166/1806/182 2165/1805/1863
f 2166/1806/182 2145/1785/162 2146/1786/163
f 2146/1786/163 2167/1807/183 2166/1806/182
f 2167/1807/183 2146/1786/163 2147/1787/144
f 2147/1787/144 2168/1808/164 2167/1807/183
f 2169/1809/1864 2148/1788/164 2149/1789/165
f 2149/1789/165 2170/1810/186 2169/1809/1864
f 2170/1810/186 2149/1789/165 2150/1790/166
f 2150/1790/166 2171/1811/187 2170/1810/186
f 2171/1811/187 2150/1790/166 2151/1791/1855
f 2151/1791/1855 2172/1812/188 2171/1811/187
f 2172/1812/188 2151/1791/1855 2152/1792/168
f 2152/1792/168 2173/1813/189 2172/1812/188
f 2173/1813/189 2152/1792/168 2153/1793/169
f 2153/1793/169 2174/1814/190 2173/1813/189
f 2174/1814/190 2153/1793/169 2154/1794/1856
f 2154/1794/1856 2175/1815/191 2174/1814/190
f 2175/1815/191 2154/1794/1856 2155/1795/1857
f 2155/1795/1857 2176/1816/192 2175/1815/191
f 2176/1816/192 2155/1795/1857 2156/1796/1858
f 2156/1796/1858 2177/1817/193 2176/1816/192
f 2177/1817/193 2156/1796/1858 2157/1797/173
f 2157/1797/173 2178/1818/194 2177/1817/193
f 2178/1818/194 2157/1797/173 2158/1798/1859
f 2158/1798/1859 2179/1819/195 2178/1818/194
f 2179/1819/195 2158/1798/1859 2159/1799/1860
f 2159/1799/1860 2180/1820/196 2179/1819/195
f 2180/1820/196 2159/1799/1860 2160/1800/1861
f 2160/1800/1861 2181/1821/197 2180/1820/196
f 2181/1821/197 2160/1800/1861 2161/1801/177
f 2161/1801/177 2182/1822/198 2181/1821/197
f 2182/1822/198 2161/1801/177 2162/1802/1862
f 2162/1802/1862 2183/1823/199 2182/1822/198
f 2183/1823/199 2162/1802/1862 2163/1803/179
f 2163/1803/179 2184/1824/200 2183/1823/199
f 2184/1824/200 2163/1803/179 2164/1804/180
f 2164/1804/180 2185/1825/201 2184/1824/200
f 2185/1825/201 2164/1804/180 2165/1805/1863
f 2165/1805/1863 2186/1826/202 2185/1825/201
f 2186/1826/202 2165/1805/1863 2166/1806/182
f 2166/1806/182 2187/1827/203 2186/1826/202
f 2187/1827/203 2166/1806/182 2167/1807/183
f 2167/1807/183 2188/1828/204 2187/1827/203
f 2188/1828/204 2167/1807/183 2168/1808/164
f 2168/1808/164 2189/1829/205 2188/1828/204
f 2190/1830/1865 2169/1809/1864 2170/1810/186
f 2170/1810/186 2191/1831/1866 2190/1830/1865
f 2191/1831/1866 2170/1810/186 2171/1811/187
f 2171/1811/187 2192/1832/1867 2191/1831/1866
f 2192/1832/1867 2171/1811/187 2172/1812/188
f 2172/1812/188 2193/1833/1868 2192/1832/1867
f 2193/1833/1868 2172/1812/188 2173/1813/189
f 2173/1813/189 2194/1834/1869 2193/1833/1868
f 2194/1834/1869 2173/1813/189 2174/1814/190
f 2174/1814/190 2195/1835/1870 2194/1834/1869
f 2195/1835/1870 2174/1814/190 2175/1815/191
f 2175/1815/191 2196/1836/212 2195/1835/1870
f 2196/1836/212 2175/1815/191 2176/1816/192
f 2176/1816/192 2197/1837/1871 2196/1836/212
f 2197/1837/1871 2176/1816/192 2177/1817/193
f 2177/1817/193 2198/1838/1872 2197/1837/1871
f 2198/1838/1872 2177/1817/193 2178/1818/194
f 2178/1818/194 2199/1839/215 2198/1838/1872
f 2199/1839/215 2178/1818/194 2179/1819/195
f 2179/1819/195 2200/1840/1873 2199/1839/215
f 2200/1840/1873 2179/1819/195 2180/1820/196
f 2180/1820/196 2201/1841/1874 2200/1840/1873
f 2201/1841/1874 2180/1820/196 2181/1821/197
f 2181/1821/197 2202/1842/218 2201/1841/1874
f 2202/1842/218 2181/1821/197 2182/1822/198
f 2182/1822/198 2203/1843/1875 2202/1842/218
f 2203/1843/1875 2182/1822/198 2183/1823/199
f 2183/1823/199 2204/1844/220 2203/1843/1875
f 2204/1844/220 2183/1823/199 2184/1824/200
f 2184/1824/200 2205/1845/221 2204/1844/220
f 2205/1845/221 2184/1824/200 2185/1825/201
f 2185/1825/201 2206/1846/222 2205/1845/221
f 2206/1846/222 2185/1825/201 2186/1826/202
f 2186/1826/202 2207/1847/1876 2206/1846/222
f 2207/1847/1876 2186/1826/202 2187/1827/203
f 2187/1827/203 2208/1848/224 2207/1847/1876
f 2208/1848/224 2187/1827/203 2188/1828/204
f 2188/1828/204 2209/1849/1877 2208/1848/224
f 2209/1849/1877 2188/1828/204 2189/1829/205
f 2189/1829/205 2210/1850/226 2209/1849/1877
f 2211/1851/227 2190/1830/1865 2191/1831/1866
f 2191/1831/1866 2212/1852/228 2211/1851/227
f 2212/1852/228 2191/1831/1866 2192/1832/1867
f 2192/1832/1867 2213/1853/229 2212/1852/228
f 2213/1853/229 2192/1832/1867 2193/1833/1868
f 2193/1833/1868 2214/1854/230 2213/1853/229
f 2214/1854/230 2193/1833/1868 2194/1834/1869
f 2194/1834/1869 2215/1855/231 2214/1854/230
f 2215/1855/231 2194/1834/1869 2195/1835/1870
f 2195/1835/1870 2216/1856/232 2215/1855/231
f 2216/1856/232 2195/1835/1870 2196/1836/212
f 2196/1836/212 2217/1857/233 2216/1856/232
f 2217/1857/233 2196/1836/212 2197/1837/1871
f 2197/1837/1871 2218/1858/234 2217/1857/233
f 2218/1858/234 2197/1837/1871 2198/1838/1872
f 2198/1838/1872 2219/1859/235 2218/1858/234
f 2219/1859/235 2198/1838/1872 2199/1839/215
f 2199/1839/215 2220/1860/236 2219/1859/235
f 2220/1860/236 2199/1839/215 2200/1840/1873
f 2200/1840/1873 2221/1861/237 2220/1860/236
f 2221/1861/237 2200/1840/1873 2201/1841/1874
f 2201/1841/1874 2222/1862/238 2221/1861/237
f 2222/1862/238 2201/1841/1874 2202/1842/218
f 2202/1842/218 2223/1863/239 2222/1862/238
f 2223/1863/239 2202/1842/218 2203/1843/1875
f 2203/1843/1875 2224/1864/240 2223/1863/239
f 2224/1864/240 2203/1843/1875 2204/1844/220
f 2204/1844/220 2225/1865/241 2224/1864/240
f 2225/1865/241 2204/1844/220 2205/1845/221
f 2205/1845/221 2226/1866/242 2225/1865/241
f 2226/1866/242 2205/1845/221 2206/1846/222
f 2206/1846/222 2227/1867/243 2226/1866/242
f 2227/1867/243 2206/1846/222 2207/1847/1876
f 2207/1847/1876 2228/1868/244 2227/1867/243
f 2228/1868/244 2207/1847/1876 2208/1848/224
f 2208/1848/224 2229/1869/245 2228/1868/244
f 2229/1869/245 2208/1848/224 2209/1849/1877
f 2209/1849/1877 2230/1870/246 2229/1869/245
f 2230/1870/246 2209/1849/1877 2210/1850/226
f 2210/1850/226 2231/1871/227 2230/1870/246
f 2232/1872/247 2211/1851/227 2212/1852/228
f 2212/1852/228 2233/1873/248 2232/1872/247
f 2233/1873/248 2212/1852/228 2213/1853/229
f 2213/1853/229 2234/1874/249 2233/1873/248
f 2234/1874/249 2213/1853/229 2214/1854/230
f 2214/1854/230 2235/1875/250 2234/1874/249
f 2235/1875/250 2214/1854/230 2215/1855/231
f 2215/1855/231 2236/1876/251 2235/1875/250
f 2236/1876/251 2215/1855/231 2216/1856/232
f 2216/1856/232 2237/1877/1878 2236/1876/251
f 2237/1877/1878 2216/1856/232 2217/1857/233
f 2217/1857/233 2238/1878/253 2237/1877/1878
f 2238/1878/253 2217/1857/233 2218/1858/234
f 2218/1858/234 2239/1879/254 2238/1878/253
f 2239/1879/254 2218/1858/234 2219/1859/235
f 2219/1859/235 2240/1880/255 2239/1879/254
f 2240/1880/255 2219/1859/235 2220/1860/236
f 2220/1860/236 2241/1881/256 2240/1880/255
f 2241/1881/256 2220/1860/236 2221/1861/237
f 2221/1861/237 2242/1882/257 2241/1881/256
f 2242/1882/257 2221/1861/237 2222/1862/238
f 2222/1862/238 2243/1883/258 2242/1882/257
f 2243/1883/258 2222/1862/238 2223/1863/239
f 2223/1863/239 2244/1884/259 2243/1883/258
f 2244/1884/259 2223/1863/239 2224/1864/240
f 2224/1864/240 2245/1885/260 2244/1884/259
f 2245/1885/260 2224/1864/240 2225/1865/241
f 2225/1865/241 2246/1886/261 2245/1885/260
f 2246/1886/261 2225/1865/241 2226/1866/242
f 2226/1866/242 2247/1887/262 2246/1886/261
f 2247/1887/262 2226/1866/242 2227/1867/243
f 2227/1867/243 2248/1888/263 2247/1887/262
f 2248/1888/263 2227/1867/243 2228/1868/244
f 2228/1868/244 2249/1889/264 2248/1888/263
f 2249/1889/264 2228/1868/244 2229/1869/245
f 2229/1869/245 2250/1890/265 2249/1889/264
f 2250/1890/265 2229/1869/245 2230/1870/246
f 2230/1870/246 2251/1891/266 2250/1890/265
f 2251/1891/266 2230/1870/246 2231/1871/227
f 2231/1871/227 2252/1892/267 2251/1891/266
f 2253/1893/1879 2232/1872/247 2233/1873/248
f 2233/1873/248 2254/1894/1880 2253/1893/1879
f 2254/1894/1880 2233/1873/248 2234/1874/249
f 2234/1874/249 2255/1895/1881 2254/1894/1880
f 2255/1895/1881 2234/1874/249 2235/1875/250
f 2235/1875/250 2256/1896/271 2255/1895/1881
f 2256/1896/271 2235/1875/250 2236/1876/251
f 2236/1876/251 2257/1897/272 2256/1896/271
f 2257/1897/272 2236/1876/251 2237/1877/1878
f 2237/1877/1878 2258/1898/273 2257/1897/272
f 2258/1898/273 2237/1877/1878 2238/1878/253
f 2238/1878/253 2259/1899/1882 2258/1898/273
f 2259/1899/1882 2238/1878/253 2239/1879/254
f 2239/1879/254 2260/1900/1883 2259/1899/1882
f 2260/1900/1883 2239/1879/254 2240/1880/255
f 2240/1880/255 2261/1901/276 2260/1900/1883
f 2261/1901/276 2240/1880/255 2241/1881/256
f 2241/1881/256 2262/1902/277 2261/1901/276
f 2262/1902/277 2241/1881/256 2242/1882/257
f 2242/1882/257 2263/1903/278 2262/1902/277
f 2263/1903/278 2242/1882/257 2243/1883/258
f 2243/1883/258 2264/1904/279 2263/1903/278
f 2264/1904/279 2243/1883/258 2244/1884/259
f 2244/1884/259 2265/1905/280 2264/1904/279
f 2265/1905/280 2244/1884/259 2245/1885/260
f 2245/1885/260 2266/1906/281 2265/1905/280
f 2266/1906/281 2245/1885/260 2246/1886/261
f 2246/1886/261 2267/1907/282 2266/1906/281
f 2267/1907/282 2246/1886/261 2247/1887/262
f 2247/1887/262 2268/1908/283 2267/1907/282
f 2268/1908/283 2247/1887/262 2248/1888/263
f 2248/1888/263 2269/1909/284 2268/1908/283
f 2269/1909/284 2248/1888/263 2249/1889/264
f 2249/1889/264 2270/1910/1884 2269/1909/284
f 2270/1910/1884 2249/1889/264 2250/1890/265
f 2250/1890/265 2271/1911/286 2270/1910/1884
f 2271/1911/286 2250/1890/265 2251/1891/266
f 2251/1891/266 2272/1912/287 2271/1911/286
f 2272/1912/287 2251/1891/266 2252/1892/267
f 2252/1892/267 2273/1913/268 2272/1912/287
f 2274/1914/288 2253/1893/1879 2254/1894/1880
f 2254/1894/1880 2275/1915/1885 2274/1914/288
f 2275/1915/1885 2254/1894/1880 2255/1895/1881
f 2255/1895/1881 2276/1916/290 2275/1915/1885
f 2276/1916/290 2255/1895/1881 2256/1896/271
f 2256/1896/271 2277/1917/291 2276/1916/290
f 2277/1917/291 2256/1896/271 2257/1897/272
f 2257/1897/272 2278/1918/292 2277/1917/291
f 2278/1918/292 2257/1897/272 2258/1898/273
f 2258/1898/273 2279/1919/293 2278/1918/292
f 2279/1919/293 2258/1898/273 2259/1899/1882
f 2259/1899/1882 2280/1920/294 2279/1919/293
f 2280/1920/294 2259/1899/1882 2260/1900/1883
f 2260/1900/1883 2281/1921/295 2280/1920/294
f 2281/1921/295 2260/1900/1883 2261/1901/276
f 2261/1901/276 2282/1922/296 2281/1921/295
f 2282/1922/296 2261/1901/276 2262/1902/277
f 2262/1902/277 2283/1923/297 2282/1922/296
f 2283/1923/297 2262/1902/277 2263/1903/278
f 2263/1903/278 2284/1924/298 2283/1923/297
f 2284/1924/298 2263/1903/278 2264/1904/279
f 2264/1904/279 2285/1925/1886 2284/1924/298
f 2285/1925/1886 2264/1904/279 2265/1905/280
f 2265/1905/280 2286/1926/300 2285/1925/1886
f 2286/1926/300 2265/1905/280 2266/1906/281
f 2266/1906/281 2287/1927/301 2286/1926/300
f 2287/1927/301 2266/1906/281 2267/1907/282
f 2267/1907/282 2288/1928/302 2287/1927/301
f 2288/1928/302 2267/1907/282 2268/1908/283
f 2268/1908/283 2289/1929/303 2288/1928/302
f 2289/1929/303 2268/1908/283 2269/1909/284
f 2269/1909/284 2290/1930/304 2289/1929/303
f 2290/1930/304 2269/1909/284 2270/1910/1884
f 2270/1910/1884 2291/1931/1887 2290/1930/304
f 2291/1931/1887 2270/1910/1884 2271/1911/286
f 2271/1911/286 2292/1932/1888 2291/1931/1887
f 2292/1932/1888 2271/1911/286 2272/1912/287
f 2272/1912/287 2293/1933/307 2292/1932/1888
f 2293/1933/307 2272/1912/287 2273/1913/268
f 2273/1913/268 2294/1934/308 2293/1933/307
f 2295/1935/309 2274/1914/288 2275/1915/1885
f 2275/1915/1885 2296/1936/310 2295/1935/309
f 2296/1936/310 2275/1915/1885 2276/1916/290
f 2276/1916/290 2297/1937/1889 2296/1936/310
f 2297/1937/1889 2276/1916/290 2277/1917/291
f 2277/1917/291 2298/1938/1890 2297/1937/1889
f 2298/1938/1890 2277/1917/291 2278/1918/292
f 2278/1918/292 2299/1939/313 2298/1938/1890
f 2299/1939/313 2278/1918/292 2279/1919/293
f 2279/1919/293 2300/1940/314 2299/1939/313
f 2300/1940/314 2279/1919/293 2280/1920/294
f 2280/1920/294 2301/1941/315 2300/1940/314
f 2301/1941/315 2280/1920/294 2281/1921/295
f 2281/1921/295 2302/1942/316 2301/1941/315
f 2302/1942/316 2281/1921/295 2282/1922/296
f 2282/1922/296 2303/1943/1891 2302/1942/316
f 2303/1943/1891 2282/1922/296 2283/1923/297
f 2283/1923/297 2304/1944/1892 2303/1943/1891
f 2304/1944/1892 2283/1923/297 2284/1924/298
f 2284/1924/298 2305/1945/1893 2304/1944/1892
f 2305/1945/1893 2284/1924/298 2285/1925/1886
f 2285/1925/1886 2306/1946/320 2305/1945/1893
f 2306/1946/320 2285/1925/1886 2286/1926/300
f 2286/1926/300 2307/1947/321 2306/1946/320
f 2307/1947/321 2286/1926/300 2287/1927/301
f 2287/1927/301 2308/1948/322 2307/1947/321
f 2308/1948/322 2287/1927/301 2288/1928/302
f 2288/1928/302 2309/1949/323 2308/1948/322
f 2309/1949/323 2288/1928/302 2289/1929/303
f 2289/1929/303 2310/1950/324 2309/1949/323
f 2310/1950/324 2289/1929/303 2290/1930/304
f 2290/1930/304 2311/1951/325 2310/1950/324
f 2311/1951/325 2290/1930/304 2291/1931/1887
f 2291/1931/1887 2312/1952/326 2311/1951/325
f 2312/1952/326 2291/1931/1887 2292/1932/1888
f 2292/1932/1888 2313/1953/327 2312/1952/326
f 2313/1953/327 2292/1932/1888 2293/1933/307
f 2293/1933/307 2314/1954/1894 2313/1953/327
f 2314/1954/1894 2293/1933/307 2294/1934/308
f 2294/1934/308 2315/1955/309 2314/1954/1894
f 2316/1956/329 2295/1935/309 2296/1936/310
f 2296/1936/310 2317/1957/1895 2316/1956/329
f 2317/1957/1895 2296/1936/310 2297/1937/1889
f 2297/1937/1889 2318/1958/1896 2317/1957/1895
f 2318/1958/1896 2297/1937/1889 2298/1938/1890
f 2298/1938/1890 2319/1959/332 2318/1958/1896
f 2319/1959/332 2298/1938/1890 2299/1939/313
f 2299/1939/313 2320/1960/1897 2319/1959/332
f 2320/1960/1897 2299/1939/313 2300/1940/314
f 2300/1940/314 2321/1961/334 2320/1960/1897
f 2321/1961/334 2300/1940/314 2301/1941/315
f 2301/1941/315 2322/1962/335 2321/1961/334
f 2322/1962/335 2301/1941/315 2302/1942/316
f 2302/1942/316 2323/1963/1898 2322/1962/335
f 2323/1963/1898 2302/1942/316 2303/1943/1891
f 2303/1943/1891 2324/1964/337 2323/1963/1898
f 2324/1964/337 2303/1943/1891 2304/1944/1892
f 2304/1944/1892 2325/1965/1899 2324/1964/337
f 2325/1965/1899 2304/1944/1892 2305/1945/1893
f 2305/1945/1893 2326/1966/339 2325/1965/1899
f 2326/1966/339 2305/1945/1893 2306/1946/320
f 2306/1946/320 2327/1967/340 2326/1966/339
f 2327/1967/340 2306/1946/320 2307/1947/321
f 2307/1947/321 2328/1968/1900 2327/1967/340
f 2328/1968/1900 2307/1947/321 2308/1948/322
f 2308/1948/322 2329/1969/342 2328/1968/1900
f 2329/1969/342 2308/1948/322 2309/1949/323
f 2309/1949/323 2330/1970/343 2329/1969/342
f 2330/1970/343 2309/1949/323 2310/1950/324
f 2310/1950/324 2331/1971/344 2330/1970/343
f 2331/1971/344 2310/1950/324 2311/1951/325
f 2311/1951/325 2332/1972/345 2331/1971/344
f 2332/1972/345 2311/1951/325 2312/1952/326
f 2312/1952/326 2333/1973/346 2332/1972/345
f 2333/1973/346 2312/1952/326 2313/1953/327
f 2313/1953/327 2334/1974/347 2333/1973/346
f 2334/1974/347 2313/1953/327 2314/1954/1894
f 2314/1954/1894 2335/1975/348 2334/1974/347
f 2335/1975/348 2314/1954/1894 2315/1955/309
f 2315/1955/309 2336/1976/329 2335/1975/348
f 2337/1977/349 2316/1956/329 2317/1957/1895
f 2317/1957/1895 2338/1978/350 2337/1977/349
f 2338/1978/350 2317/1957/1895 2318/1958/1896
f 2318/1958/1896 2339/1979/351 2338/1978/350
f 2339/1979/351 2318/1958/1896 2319/1959/332
f 2319/1959/332 2340/1980/352 2339/1979/351
f 2340/1980/352 2319/1959/332 2320/1960/1897
f 2320/1960/1897 2341/1981/353 2340/1980/352
f 2341/1981/353 2320/1960/1897 2321/1961/334
f 2321/1961/334 2342/1982/354 2341/1981/353
f 2342/1982/354 2321/1961/334 2322/1962/335
f 2322/1962/335 2343/1983/355 2342/1982/354
f 2343/1983/355 2322/1962/335 2323/1963/1898
f 2323/1963/1898 2344/1984/356 2343/1983/355
f 2344/1984/356 2323/1963/1898 2324/1964/337
f 2324/1964/337 2345/1985/357 2344/1984/356
f 2345/1985/357 2324/1964/337 2325/1965/1899
f 2325/1965/1899 2346/1986/358 2345/1985/357
f 2346/1986/358 2325/1965/1899 2326/1966/339
f 2326/1966/339 2347/1987/359 2346/1986/358
f 2347/1987/359 2326/1966/339 2327/1967/340
f 2327/1967/340 2348/1988/1901 2347/1987/359
f 2348/1988/1901 2327/1967/340 2328/1968/1900
f 2328/1968/1900 2349/1989/361 2348/1988/1901
f 2349/1989/361 2328/1968/1900 2329/1969/342
f 2329/1969/342 2350/1990/362 2349/1989/361
f 2350/1990/362 2329/1969/342 2330/1970/343
f 2330/1970/343 2351/1991/363 2350/1990/362
f 2351/1991/363 2330/1970/343 2331/1971/344
f 2331/1971/344 2352/1992/364 2351/1991/363
f 2352/1992/364 2331/1971/344 2332/1972/345
f 2332/1972/345 2353/1993/365 2352/1992/364
f 2353/1993/365 2332/1972/345 2333/1973/346
f 2333/1973/346 2354/1994/1902 2353/1993/365
f 2354/1994/1902 2333/1973/346 2334/1974/347
f 2334/1974/347 2355/1995/367 2354/1994/1902
f 2355/1995/367 2334/1974/347 2335/1975/348
f 2335/1975/348 2356/1996/368 2355/1995/367
f 2356/1996/368 2335/1975/348 2336/1976/329
f 2336/1976/329 2357/1997/1903 2356/1996/368
f 2358/1998/370 2337/1977/349 2338/1978/350
f 2338/1978/350 2359/1999/371 2358/1998/370
f 2359/1999/371 2338/1978/350 2339/1979/351
f 2339/1979/351 2360/2000/372 2359/1999/371
f 2360/2000/372 2339/1979/351 2340/1980/352
f 2340/1980/352 2361/2001/373 2360/2000/372
f 2361/2001/373 2340/1980/352 2341/1981/353
f 2341/1981/353 2362/2002/374 2361/2001/373
f 2362/2002/374 2341/1981/353 2342/1982/354
f 2342/1982/354 2363/2003/375 2362/2002/374
f 2363/2003/375 2342/1982/354 2343/1983/355
f 2343/1983/355 2364/2004/376 2363/2003/375
f 2364/2004/376 2343/1983/355 2344/1984/356
f 2344/1984/356 2365/2005/377 2364/2004/376
f 2365/2005/377 2344/1984/356 2345/1985/357
f 2345/1985/357 2366/2006/378 2365/2005/377
f 2366/2006/378 2345/1985/357 2346/1986/358
f 2346/1986/358 2367/2007/379 2366/2006/378
f 2367/2007/379 2346/1986/358 2347/1987/359
f 2347/1987/359 2368/2008/380 2367/2007/379
f 2368/2008/380 2347/1987/359 2348/1988/1901
f 2348/1988/1901 2369/2009/381 2368/2008/380
f 2369/2009/381 2348/1988/1901 2349/1989/361
f 2349/1989/361 2370/2010/382 2369/2009/381
f 2370/2010/382 2349/1989/361 2350/1990/362
f 2350/1990/362 2371/2011/383 2370/2010/382
f 2371/2011/383 2350/1990/362 2351/1991/363
f 2351/1991/363 2372/2012/384 2371/2011/383
f 2372/2012/384 2351/1991/363 2352/1992/364
f 2352/1992/364 2373/2013/1904 2372/2012/384
f 2373/2013/1904 2352/1992/364 2353/1993/365
f 2353/1993/365 2374/2014/386 2373/2013/1904
f 2374/2014/386 2353/1993/365 2354/1994/1902
f 2354/1994/1902 2375/2015/387 2374/2014/386
f 2375/2015/387 2354/1994/1902 2355/1995/367
f 2355/1995/367 2376/2016/1905 2375/2015/387
f 2376/2016/1905 2355/1995/367 2356/1996/368
f 2356/1996/368 2377/2017/389 2376/2016/1905
f 2377/2017/389 2356/1996/368 2357/1997/1903
f 2357/1997/1903 2378/2018/370 2377/2017/389
f 1982/1622/3 1981/1621/2 2379/2019/390
f 1984/1624/5 1982/1622/3 2380/2020/390
f 1986/1626/7 1984/1624/5 2381/2021/390
f 1988/1628/9 1986/1626/7 2382/2022/390
f 1990/1630/11 1988/1628/9 2383/2023/390
f 1992/1632/13 1990/1630/11 2384/2024/390
f 1994/1634/15 1992/1632/13 2385/2025/390
f 1996/1636/17 1994/1634/15 2386/2026/390
f 1998/1638/19 1996/1636/17 2387/2027/390
f 2000/1640/1833 1998/1638/19 2388/2028/390
f 2002/1642/23 2000/1640/1833 2389/2029/390
f 2004/1644/1834 2002/1642/23 2390/2030/390
f 2006/1646/27 2004/1644/1834 2391/2031/390
f 2008/1648/29 2006/1646/27 2392/2032/390
f 2010/1650/31 2008/1648/29 2393/2033/390
f 2012/1652/1835 2010/1650/31 2394/2034/390
f 2014/1654/35 2012/1652/1835 2395/2035/390
f 2016/1656/37 2014/1654/35 2396/2036/390
f 2018/1658/39 2016/1656/37 2397/2037/390
f 2020/1660/2 2018/1658/39 2398/2038/390
f 2358/1998/370 2359/1999/371 2399/2039/391
f 2359/1999/371 2360/2000/372 2400/2040/391
f 2360/2000/372 2361/2001/373 2401/2041/391
f 2361/2001/373 2362/2002/374 2402/2042/391
f 2362/2002/374 2363/2003/375 2403/2043/391
f 2363/2003/375 2364/2004/376 2404/2044/391
f 2364/2004/376 2365/2005/377 2405/2045/391
f 2365/2005/377 2366/2006/378 2406/2046/391
f 2366/2006/378 2367/2007/379 2407/2047/391
f 2367/2007/379 2368/2008/380 2408/2048/391
f 2368/2008/380 2369/2009/381 2409/2049/391
f 2369/2009/381 2370/2010/382 2410/2050/391
f 2370/2010/382 2371/2011/383 2411/2051/391
f 2371/2011/383 2372/2012/384 2412/2052/391
f 2372/2012/384 2373/2013/1904 2413/2053/391
f 2373/2013/1904 2374/2014/386 2414/2054/391
f 2374/2014/386 2375/2015/387 2415/2055/391
f 2375/2015/387 2376/2016/1905 2416/2056/391
f 2376/2016/1905 2377/2017/389 2417/2057/391
f 2377/2017/389 2378/2018/370 2418/2058/391
f 2419/2059/1906 2420/2060/1907 2421/2061/1908
f 2421/2061/1908 2422/2062/1909 2419/2059/1906
f 2422/2062/1909 2421/2061/1908 2423/2063/1910
f 2423/2063/1910 2424/2064/1911 2422/2062/1909
f 2424/2064/1911 2423/2063/1910 2425/2065/1912
f 2425/2065/1912 2426/2066/1913 2424/2064/1911
f 2426/2066/1913 2425/2065/1912 2427/2067/1914
f 2427/2067/1914 2428/2068/1915 2426/2066/1913
f 2428/2068/1915 2427/2067/1914 2429/2069/1916
f 2429/2069/1916 2430/2070/1917 2428/2068/1915
f 2430/2070/1917 2429/2069/1916 2431/2071/1918
f 2431/2071/1918 2432/2072/1919 2430/2070/1917
f 2432/2072/1919 2431/2071/1918 2433/2073/1920
f 2433/2073/1920 2434/2074/1921 2432/2072/1919
f 2434/2074/1921 2433/2073/1920 2435/2075/1922
f 2435/2075/1922 2436/2076/1923 2434/2074/1921
f 2436/2076/1923 2435/2075/1922 2437/2077/1924
f 2437/2077/1924 2438/2078/1925 2436/2076/1923
f 2438/2078/1925 2437/2077/1924 2439/2079/1926
f 2439/2079/1926 2440/2080/1927 2438/2078/1925
f 2440/2080/1927 2439/2079/1926 2441/2081/1928
f 2441/2081/1928 2442/2082/1929 2440/2080/1927
f 2442/2082/1929 2441/2081/1928 2443/2083/1930
f 2443/2083/1930 2444/2084/1931 2442/2082/1929
f 2444/2084/1931 2443/2083/1930 2445/2085/1932
f 2445/2085/1932 2446/2086/1933 2444/2084/1931
f 2446/2086/1933 2445/2085/1932 2447/2087/1934
f 2447/2087/1934 2448/2088/1935 2446/2086/1933
f 2448/2088/1935 2447/2087/1934 2449/2089/1936
f 2449/2089/1936 2450/2090/1937 2448/2088/1935
f 2450/2090/1937 2449/2089/1936 2451/2091/1938
f 2451/2091/1938 2452/2092/1939 2450/2090/1937
f 2452/2092/1939 2451/2091/1938 2453/2093/1940
f 2453/2093/1940 2454/2094/1941 2452/2092/1939
f 2454/2094/1941 2453/2093/1940 2455/2095/1942
f 2455/2095/1942 2456/2096/1943 2454/2094/1941
f 2456/2096/1943 2455/2095/1942 2457/2097/1944
f 2457/2097/1944 2458/2098/1945 2456/2096/1943
f 2458/2098/1945 2457/2097/1944 2459/2099/1907
f 2459/2099/1907 2460/2100/1906 2458/2098/1945
f 2461/2101/1946 2419/2059/1906 2422/2062/1909
f 2422/2062/1909 2462/2102/1947 2461/2101/1946
f 2462/2102/1947 2422/2062/1909 2424/2064/1911
f 2424/2064/1911 2463/2103/1948 2462/2102/1947
f 2463/2103/1948 2424/2064/1911 2426/2066/1913
f 2426/2066/1913 2464/2104/1949 2463/2103/1948
f 2464/2104/1949 2426/2066/1913 2428/2068/1915
f 2428/2068/1915 2465/2105/1950 2464/2104/1949
f 2465/2105/1950 2428/2068/1915 2430/2070/1917
f 2430/2070/1917 2466/2106/1951 2465/2105/1950
f 2466/2106/1951 2430/2070/1917 2432/2072/1919
f 2432/2072/1919 2467/2107/1952 2466/2106/1951
f 2467/2107/1952 2432/2072/1919 2434/2074/1921
f 2434/2074/1921 2468/2108/1953 2467/2107/1952
f 2468/2108/1953 2434/2074/1921 2436/2076/1923
f 2436/2076/1923 2469/2109/1954 2468/2108/1953
f 2469/2109/1954 2436/2076/1923 2438/2078/1925
f 2438/2078/1925 2470/2110/1955 2469/2109/1954
f 2470/2110/1955 2438/2078/1925 2440/2080/1927
f 2440/2080/1927 2471/2111/1956 2470/2110/1955
f 2471/2111/1956 2440/2080/1927 2442/2082/1929
f 2442/2082/1929 2472/2112/1957 2471/2111/1956
f 2472/2112/1957 2442/2082/1929 2444/2084/1931
f 2444/2084/1931 2473/2113/1958 2472/2112/1957
f 2473/2113/1958 2444/2084/1931 2446/2086/1933
f 2446/2086/1933 2474/2114/1959 2473/2113/1958
f 2474/2114/1959 2446/2086/1933 2448/2088/1935
f 2448/2088/1935 2475/2115/1960 2474/2114/1959
f 2475/2115/1960 2448/2088/1935 2450/2090/1937
f 2450/2090/1937 2476/2116/1961 2475/2115/1960
f 2476/2116/1961 2450/2090/1937 2452/2092/1939
f 2452/2092/1939 2477/2117/1962 2476/2116/1961
f 2477/2117/1962 2452/2092/1939 2454/2094/1941
f 2454/2094/1941 2478/2118/1963 2477/2117/1962
f 2478/2118/1963 2454/2094/1941 2456/2096/1943
f 2456/2096/1943 2479/2119/1964 2478/2118/1963
f 2479/2119/1964 2456/2096/1943 2458/2098/1945
f 2458/2098/1945 2480/2120/1965 2479/2119/1964
f 2480/2120/1965 2458/2098/1945 2460/2100/1906
f 2460/2100/1906 2481/2121/1966 2480/2120/1965
f 2482/2122/1967 2461/2101/1946 2462/2102/1947
f 2462/2102/1947 2483/2123/1968 2482/2122/1967
f 2483/2123/1968 2462/2102/1947 2463/2103/1948
f 2463/2103/1948 2484/2124/1969 2483/2123/1968
f 2484/2124/1969 2463/2103/1948 2464/2104/1949
f 2464/2104/1949 2485/2125/1970 2484/2124/1969
f 2485/2125/1970 2464/2104/1949 2465/2105/1950
f 2465/2105/1950 2486/2126/1971 2485/2125/1970
f 2486/2126/1971 2465/2105/1950 2466/2106/1951
f 2466/2106/1951 2487/2127/1972 2486/2126/1971
f 2487/2127/1972 2466/2106/1951 2467/2107/1952
f 2467/2107/1952 2488/2128/1973 2487/2127/1972
f 2488/2128/1973 2467/2107/1952 2468/2108/1953
f 2468/2108/1953 2489/2129/1974 2488/2128/1973
f 2489/2129/1974 2468/2108/1953 2469/2109/1954
f 2469/2109/1954 2490/2130/1975 2489/2129/1974
f 2490/2130/1975 2469/2109/1954 2470/2110/1955
f 2470/2110/1955 2491/2131/1976 2490/2130/1975
f 2491/2131/1976 2470/2110/1955 2471/2111/1956
f 2471/2111/1956 2492/2132/1977 2491/2131/1976
f 2492/2132/1977 2471/2111/1956 2472/2112/1957
f 2472/2112/1957 2493/2133/1978 2492/2132/1977
f 2493/2133/1978 2472/2112/1957 2473/2113/1958
f 2473/2113/1958 2494/2134/1979 2493/2133/1978
f 2494/2134/1979 2473/2113/1958 2474/2114/1959
f 2474/2114/1959 2495/2135/1980 2494/2134/1979
f 2495/2135/1980 2474/2114/1959 2475/2115/1960
f 2475/2115/1960 2496/2136/1981 2495/2135/1980
f 2496/2136/1981 2475/2115/1960 2476/2116/1961
f 2476/2116/1961 2497/2137/1982 2496/2136/1981
f 2497/2137/1982 2476/2116/1961 2477/2117/1962
f 2477/2117/1962 2498/2138/1983 2497/2137/1982
f 2498/2138/1983 2477/2117/1962 2478/2118/1963
f 2478/2118/1963 2499/2139/1984 2498/2138/1983
f 2499/2139/1984 2478/2118/1963 2479/2119/1964
f 2479/2119/1964 2500/2140/1985 2499/2139/1984
f 2500/2140/1985 2479/2119/1964 2480/2120/1965
f 2480/2120/1965 2501/2141/1986 2500/2140/1985
f 2501/2141/1986 2480/2120/1965 2481/2121/1966
f 2481/2121/1966 2502/2142/1967 2501/2141/1986
f 2503/2143/1987 2482/2122/1967 2483/2123/1968
f 2483/2123/1968 2504/2144/1988 2503/2143/1987
f 2504/2144/1988 2483/2123/1968 2484/2124/1969
f 2484/2124/1969 2505/2145/1989 2504/2144/1988
f 2505/2145/1989 2484/2124/1969 2485/2125/1970
f 2485/2125/1970 2506/2146/1990 2505/2145/1989
f 2506/2146/1990 2485/2125/1970 2486/2126/1971
f 2486/2126/1971 2507/2147/1991 2506/2146/1990
f 2507/2147/1991 2486/2126/1971 2487/2127/1972
f 2487/2127/1972 2508/2148/1992 2507/2147/1991
f 2508/2148/1992 2487/2127/1972 2488/2128/1973
f 2488/2128/1973 2509/2149/1993 2508/2148/1992
f 2509/2149/1993 2488/2128/1973 2489/2129/1974
f 2489/2129/1974 2510/2150/1994 2509/2149/1993
f 2510/2150/1994 2489/2129/1974 2490/2130/1975
f 2490/2130/1975 2511/2151/1995 2510/2150/1994
f 2511/2151/1995 2490/2130/1975 2491/2131/1976
f 2491/2131/1976 2512/2152/1996 2511/2151/1995
f 2512/2152/1996 2491/2131/1976 2492/2132/1977
f 2492/2132/1977 2513/2153/1997 2512/2152/1996
f 2513/2153/1997 2492/2132/1977 2493/2133/1978
f 2493/2133/1978 2514/2154/1998 2513/2153/1997
f 2514/2154/1998 2493/2133/1978 2494/2134/1979
f 2494/2134/1979 2515/2155/1999 2514/2154/1998
f 2515/2155/1999 2494/2134/1979 2495/2135/1980
f 2495/2135/1980 2516/2156/2000 2515/2155/1999
f 2516/2156/2000 2495/2135/1980 2496/2136/1981
f 2496/2136/1981 2517/2157/2001 2516/2156/2000
f 2517/2157/2001 2496/2136/1981 2497/2137/1982
f 2497/2137/1982 2518/2158/2002 2517/2157/2001
f 2518/2158/2002 2497/2137/1982 2498/2138/1983
f 2498/2138/1983 2519/2159/2003 2518/2158/2002
f 2519/2159/2003 2498/2138/1983 2499/2139/1984
f 2499/2139/1984 2520/2160/2004 2519/2159/2003
f 2520/2160/2004 2499/2139/1984 2500/2140/1985
f 2500/2140/1985 2521/2161/2005 2520/2160/2004
f 2521/2161/2005 2500/2140/1985 2501/2141/1986
f 2501/2141/1986 2522/2162/2006 2521/2161/2005
f 2522/2162/2006 2501/2141/1986 2502/2142/1967
f 2502/2142/1967 2523/2163/1987 2522/2162/2006
f 2524/2164/2007 2503/2143/1987 2504/2144/1988
f 2504/2144/1988 2525/2165/2008 2524/2164/2007
f 2525/2165/2008 2504/2144/1988 2505/2145/1989
f 2505/2145/1989 2526/2166/2009 2525/2165/2008
f 2526/2166/2009 2505/2145/1989 2506/2146/1990
f 2506/2146/1990 2527/2167/2010 2526/2166/2009
f 2527/2167/2010 2506/2146/1990 2507/2147/1991
f 2507/2147/1991 2528/2168/2011 2527/2167/2010
f 2528/2168/2011 2507/2147/1991 2508/2148/1992
f 2508/2148/1992 2529/2169/2012 2528/2168/2011
f 2529/2169/2012 2508/2148/1992 2509/2149/1993
f 2509/2149/1993 2530/2170/2013 2529/2169/2012
f 2530/2170/2013 2509/2149/1993 2510/2150/1994
f 2510/2150/1994 2531/2171/2014 2530/2170/2013
f 2531/2171/2014 2510/2150/1994 2511/2151/1995
f 2511/2151/1995 2532/2172/2015 2531/2171/2014
f 2532/2172/2015 2511/2151/1995 2512/2152/1996
f 2512/2152/1996 2533/2173/2016 2532/2172/2015
f 2533/2173/2016 2512/2152/1996 2513/2153/1997
f 2513/2153/1997 2534/2174/2017 2533/2173/2016
f 2534/2174/2017 2513/2153/1997 2514/2154/1998
f 2514/2154/1998 2535/2175/2018 2534/2174/2017
f 2535/2175/2018 2514/2154/1998 2515/2155/1999
f 2515/2155/1999 2536/2176/2019 2535/2175/2018
f 2536/2176/2019 2515/2155/1999 2516/2156/2000
f 2516/2156/2000 2537/2177/2020 2536/2176/2019
f 2537/2177/2020 2516/2156/2000 2517/2157/2001
f 2517/2157/2001 2538/2178/2021 2537/2177/2020
f 2538/2178/2021 2517/2157/2001 2518/2158/2002
f 2518/2158/2002 2539/2179/2022 2538/2178/2021
f 2539/2179/2022 2518/2158/2002 2519/2159/2003
f 2519/2159/2003 2540/2180/2023 2539/2179/2022
f 2540/2180/2023 2519/2159/2003 2520/2160/2004
f 2520/2160/2004 2541/2181/2024 2540/2180/2023
f 2541/2181/2024 2520/2160/2004 2521/2161/2005
f 2521/2161/2005 2542/2182/2025 2541/2181/2024
f 2542/2182/2025 2521/2161/2005 2522/2162/2006
f 2522/2162/2006 2543/2183/2026 2542/2182/2025
f 2543/2183/2026 2522/2162/2006 2523/2163/1987
f 2523/2163/1987 2544/2184/2007 2543/2183/2026
f 2545/2185/2027 2524/2164/2007 2525/2165/2008
f 2525/2165/2008 2546/2186/2028 2545/2185/2027
f 2546/2186/2028 2525/2165/2008 2526/2166/2009
f 2526/2166/2009 2547/2187/2029 2546/2186/2028
f 2547/2187/2029 2526/2166/2009 2527/2167/2010
f 2527/2167/2010 2548/2188/2030 2547/2187/2029
f 2548/2188/2030 2527/2167/2010 2528/2168/2011
f 2528/2168/2011 2549/2189/2031 2548/2188/2030
f 2549/2189/2031 2528/2168/2011 2529/2169/2012
f 2529/2169/2012 2550/2190/2032 2549/2189/2031
f 2550/2190/2032 2529/2169/2012 2530/2170/2013
f 2530/2170/2013 2551/2191/2033 2550/2190/2032
f 2551/2191/2033 2530/2170/2013 2531/2171/2014
f 2531/2171/2014 2552/2192/2034 2551/2191/2033
f 2552/2192/2034 2531/2171/2014 2532/2172/2015
f 2532/2172/2015 2553/2193/2035 2552/2192/2034
f 2553/2193/2035 2532/2172/2015 2533/2173/2016
f 2533/2173/2016 2554/2194/2036 2553/2193/2035
f 2554/2194/2036 2533/2173/2016 2534/2174/2017
f 2534/2174/2017 2555/2195/2037 2554/2194/2036
f 2555/2195/2037 2534/2174/2017 2535/2175/2018
f 2535/2175/2018 2556/2196/2038 2555/2195/2037
f 2556/2196/2038 2535/2175/2018 2536/2176/2019
f 2536/2176/2019 2557/2197/2039 2556/2196/2038
f 2557/2197/2039 2536/2176/2019 2537/2177/2020
f 2537/2177/2020 2558/2198/2040 2557/2197/2039
f 2558/2198/2040 2537/2177/2020 2538/2178/2021
f 2538/2178/2021 2559/2199/2041 2558/2198/2040
f 2559/2199/2041 2538/2178/2021 2539/2179/2022
f 2539/2179/2022 2560/2200/2042 2559/2199/2041
f 2560/2200/2042 2539/2179/2022 2540/2180/2023
f 2540/2180/2023 2561/2201/2043 2560/2200/2042
f 2561/2201/2043 2540/2180/2023 2541/2181/2024
f 2541/2181/2024 2562/2202/2044 2561/2201/2043
f 2562/2202/2044 2541/2181/2024 2542/2182/2025
f 2542/2182/2025 2563/2203/2045 2562/2202/2044
f 2563/2203/2045 2542/2182/2025 2543/2183/2026
f 2543/2183/2026 2564/2204/2046 2563/2203/2045
f 2564/2204/2046 2543/2183/2026 2544/2184/2007
f 2544/2184/2007 2565/2205/2047 2564/2204/2046
f 2566/2206/2048 2545/2185/2027 2546/2186/2028
f 2546/2186/2028 2567/2207/2049 2566/2206/2048
f 2567/2207/2049 2546/2186/2028 2547/2187/2029
f 2547/2187/2029 2568/2208/2050 2567/2207/2049
f 2568/2208/2050 2547/2187/2029 2548/2188/2030
f 2548/2188/2030 2569/2209/2051 2568/2208/2050
f 2569/2209/2051 2548/2188/2030 2549/2189/2031
f 2549/2189/2031 2570/2210/2052 2569/2209/2051
f 2570/2210/2052 2549/2189/2031 2550/2190/2032
f 2550/2190/2032 2571/2211/2053 2570/2210/2052
f 2571/2211/2053 2550/2190/2032 2551/2191/2033
f 2551/2191/2033 2572/2212/2054 2571/2211/2053
f 2572/2212/2054 2551/2191/2033 2552/2192/2034
f 2552/2192/2034 2573/2213/2055 2572/2212/2054
f 2573/2213/2055 2552/2192/2034 2553/2193/2035
f 2553/2193/2035 2574/2214/2056 2573/2213/2055
f 2574/2214/2056 2553/2193/2035 2554/2194/2036
f 2554/2194/2036 2575/2215/2057 2574/2214/2056
f 2575/2215/2057 2554/2194/2036 2555/2195/2037
f 2555/2195/2037 2576/2216/2058 2575/2215/2057
f 2576/2216/2058 2555/2195/2037 2556/2196/2038
f 2556/2196/2038 2577/2217/2059 2576/2216/2058
f 2577/2217/2059 2556/2196/2038 2557/2197/2039
f 2557/2197/2039 2578/2218/2060 2577/2217/2059
f 2578/2218/2060 2557/2197/2039 2558/2198/2040
f 2558/2198/2040 2579/2219/2061 2578/2218/2060
f 2579/2219/2061 2558/2198/2040 2559/2199/2041
f 2559/2199/2041 2580/2220/2062 2579/2219/2061
f 2580/2220/2062 2559/2199/2041 2560/2200/2042
f 2560/2200/2042 2581/2221/2063 2580/2220/2062
f 2581/2221/2063 2560/2200/2042 2561/2201/2043
f 2561/2201/2043 2582/2222/2064 2581/2221/2063
f 2582/2222/2064 2561/2201/2043 2562/2202/2044
f 2562/2202/2044 2583/2223/2065 2582/2222/2064
f 2583/2223/2065 2562/2202/2044 2563/2203/2045
f 2563/2203/2045 2584/2224/2066 2583/2223/2065
f 2584/2224/2066 2563/2203/2045 2564/2204/2046
f 2564/2204/2046 2585/2225/2067 2584/2224/2066
f 2585/2225/2067 2564/2204/2046 2565/2205/2047
f 2565/2205/2047 2586/2226/2068 2585/2225/2067
f 2587/2227/2069 2566/2206/2048 2567/2207/2049
f 2567/2207/2049 2588/2228/2070 2587/2227/2069
f 2588/2228/2070 2567/2207/2049 2568/2208/2050
f 2568/2208/2050 2589/2229/2071 2588/2228/2070
f 2589/2229/2071 2568/2208/2050 2569/2209/2051
f 2569/2209/2051 2590/2230/2072 2589/2229/2071
f 2590/2230/2072 2569/2209/2051 2570/2210/2052
f 2570/2210/2052 2591/2231/2073 2590/2230/2072
f 2591/2231/2073 2570/2210/2052 2571/2211/2053
f 2571/2211/2053 2592/2232/2074 2591/2231/2073
f 2592/2232/2074 2571/2211/2053 2572/2212/2054
f 2572/2212/2054 2593/2233/2075 2592/2232/2074
f 2593/2233/2075 2572/2212/2054 2573/2213/2055
f 2573/2213/2055 2594/2234/2076 2593/2233/2075
f 2594/2234/2076 2573/2213/2055 2574/2214/2056
f 2574/2214/2056 2595/2235/2077 2594/2234/2076
f 2595/2235/2077 2574/2214/2056 2575/2215/2057
f 2575/2215/2057 2596/2236/2078 2595/2235/2077
f 2596/2236/2078 2575/2215/2057 2576/2216/2058
f 2576/2216/2058 2597/2237/2079 2596/2236/2078
f 2597/2237/2079 2576/2216/2058 2577/2217/2059
f 2577/2217/2059 2598/2238/2080 2597/2237/2079
f 2598/2238/2080 2577/2217/2059 2578/2218/2060
f 2578/2218/2060 2599/2239/2081 2598/2238/2080
f 2599/2239/2081 2578/2218/2060 2579/2219/2061
f 2579/2219/2061 2600/2240/2082 2599/2239/2081
f 2600/2240/2082 2579/2219/2061 2580/2220/2062
f 2580/2220/2062 2601/2241/2083 2600/2240/2082
f 2601/2241/2083 2580/2220/2062 2581/2221/2063
f 2581/2221/2063 2602/2242/2084 2601/2241/2083
f 2602/2242/2084 2581/2221/2063 2582/2222/2064
f 2582/2222/2064 2603/2243/2085 2602/2242/2084
f 2603/2243/2085 2582/2222/2064 2583/2223/2065
f 2583/2223/2065 2604/2244/2086 2603/2243/2085
f 2604/2244/2086 2583/2223/2065 2584/2224/2066
f 2584/2224/2066 2605/2245/2087 2604/2244/2086
f 2605/2245/2087 2584/2224/2066 2585/2225/2067
f 2585/2225/2067 2606/2246/2088 2605/2245/2087
f 2606/2246/2088 2585/2225/2067 2586/2226/2068
f 2586/2226/2068 2607/2247/2069 2606/2246/2088
f 2608/2248/2089 2587/2227/2069 2588/2228/2070
f 2588/2228/2070 2609/2249/2090 2608/2248/2089
f 2609/2249/2090 2588/2228/2070 2589/2229/2071
f 2589/2229/2071 2610/2250/2091 2609/2249/2090
f 2610/2250/2091 2589/2229/2071 2590/2230/2072
f 2590/2230/2072 2611/2251/2092 2610/2250/2091
f 2611/2251/2092 2590/2230/2072 2591/2231/2073
f 2591/2231/2073 2612/2252/2093 2611/2251/2092
f 2612/2252/2093 2591/2231/2073 2592/2232/2074
f 2592/2232/2074 2613/2253/2094 2612/2252/2093
f 2613/2253/2094 2592/2232/2074 2593/2233/2075
f 2593/2233/2075 2614/2254/2095 2613/2253/2094
f 2614/2254/2095 2593/2233/2075 2594/2234/2076
f 2594/2234/2076 2615/2255/2096 2614/2254/2095
f 2615/2255/2096 2594/2234/2076 2595/2235/2077
f 2595/2235/2077 2616/2256/2097 2615/2255/2096
f 2616/2256/2097 2595/2235/2077 2596/2236/2078
f 2596/2236/2078 2617/2257/2098 2616/2256/2097
f 2617/2257/2098 2596/2236/2078 2597/2237/2079
f 2597/2237/2079 2618/2258/2099 2617/2257/2098
f 2618/2258/2099 2597/2237/2079 2598/2238/2080
f 2598/2238/2080 2619/2259/2100 2618/2258/2099
f 2619/2259/2100 2598/2238/2080 2599/2239/2081
f 2599/2239/2081 2620/2260/2101 2619/2259/2100
f 2620/2260/2101 2599/2239/2081 2600/2240/2082
f 2600/2240/2082 2621/2261/2102 2620/2260/2101
f 2621/2261/2102 2600/2240/2082 2601/2241/2083
f 2601/2241/2083 2622/2262/2103 2621/2261/2102
f 2622/2262/2103 2601/2241/2083 2602/2242/2084
f 2602/2242/2084 2623/2263/2104 2622/2262/2103
f 2623/2263/2104 2602/2242/2084 2603/2243/2085
f 2603/2243/2085 2624/2264/2105 2623/2263/2104
f 2624/2264/2105 2603/2243/2085 2604/2244/2086
f 2604/2244/2086 2625/2265/2106 2624/2264/2105
f 2625/2265/2106 2604/2244/2086 2605/2245/2087
f 2605/2245/2087 2626/2266/2107 2625/2265/2106
f 2626/2266/2107 2605/2245/2087 2606/2246/2088
f 2606/2246/2088 2627/2267/2108 2626/2266/2107
f 2627/2267/2108 2606/2246/2088 2607/2247/2069
f 2607/2247/2069 2628/2268/2089 2627/2267/2108
f 2629/2269/2109 2608/2248/2089 2609/2249/2090
f 2609/2249/2090 2630/2270/2110 2629/2269/2109
f 2630/2270/2110 2609/2249/2090 2610/2250/2091
f 2610/2250/2091 2631/2271/2111 2630/2270/2110
f 2631/2271/2111 2610/2250/2091 2611/2251/2092
f 2611/2251/2092 2632/2272/2112 2631/2271/2111
f 2632/2272/2112 2611/2251/2092 2612/2252/2093
f 2612/2252/2093 2633/2273/2113 2632/2272/2112
f 2633/2273/2113 2612/2252/2093 2613/2253/2094
f 2613/2253/2094 2634/2274/2114 2633/2273/2113
f 2634/2274/2114 2613/2253/2094 2614/2254/2095
f 2614/2254/2095 2635/2275/2115 2634/2274/2114
f 2635/2275/2115 2614/2254/2095 2615/2255/2096
f 2615/2255/2096 2636/2276/2116 2635/2275/2115
f 2636/2276/2116 2615/2255/2096 2616/2256/2097
f 2616/2256/2097 2637/2277/2117 2636/2276/2116
f 2637/2277/2117 2616/2256/2097 2617/2257/2098
f 2617/2257/2098 2638/2278/2118 2637/2277/2117
f 2638/2278/2118 2617/2257/2098 2618/2258/2099
f 2618/2258/2099 2639/2279/2119 2638/2278/2118
f 2639/2279/2119 2618/2258/2099 2619/2259/2100
f 2619/2259/2100 2640/2280/2120 2639/2279/2119
f 2640/2280/2120 2619/2259/2100 2620/2260/2101
f 2620/2260/2101 2641/2281/2121 2640/2280/2120
f 2641/2281/2121 2620/2260/2101 2621/2261/2102
f 2621/2261/2102 2642/2282/2122 2641/2281/2121
f 2642/2282/2122 2621/2261/2102 2622/2262/2103
f 2622/2262/2103 2643/2283/2123 2642/2282/2122
f 2643/2283/2123 2622/2262/2103 2623/2263/2104
f 2623/2263/2104 2644/2284/2124 2643/2283/2123
f 2644/2284/2124 2623/2263/2104 2624/2264/2105
f 2624/2264/2105 2645/2285/2125 2644/2284/2124
f 2645/2285/2125 2624/2264/2105 2625/2265/2106
f 2625/2265/2106 2646/2286/2126 2645/2285/2125
f 2646/2286/2126 2625/2265/2106 2626/2266/2107
f 2626/2266/2107 2647/2287/2127 2646/2286/2126
f 2647/2287/2127 2626/2266/2107 2627/2267/2108
f 2627/2267/2108 2648/2288/2128 2647/2287/2127
f 2648/2288/2128 2627/2267/2108 2628/2268/2089
f 2628/2268/2089 2649/2289/2109 2648/2288/2128
f 2650/2290/2129 2629/2269/2109 2630/2270/2110
f 2630/2270/2110 2651/2291/2130 2650/2290/2129
f 2651/2291/2130 2630/2270/2110 2631/2271/2111
f 2631/2271/2111 2652/2292/2131 2651/2291/2130
f 2652/2292/2131 2631/2271/2111 2632/2272/2112
f 2632/2272/2112 2653/2293/2132 2652/2292/2131
f 2653/2293/2132 2632/2272/2112 2633/2273/2113
f 2633/2273/2113 2654/2294/1154 2653/2293/2132
f 2654/2294/1154 2633/2273/2113 2634/2274/2114
f 2634/2274/2114 2655/2295/2133 2654/2294/1154
f 2655/2295/2133 2634/2274/2114 2635/2275/2115
f 2635/2275/2115 2656/2296/2134 2655/2295/2133
f 2656/2296/2134 2635/2275/2115 2636/2276/2116
f 2636/2276/2116 2657/2297/2135 2656/2296/2134
f 2657/2297/2135 2636/2276/2116 2637/2277/2117
f 2637/2277/2117 2658/2298/2136 2657/2297/2135
f 2658/2298/2136 2637/2277/2117 2638/2278/2118
f 2638/2278/2118 2659/2299/2137 2658/2298/2136
f 2659/2299/2137 2638/2278/2118 2639/2279/2119
f 2639/2279/2119 2660/2300/2138 2659/2299/2137
f 2660/2300/2138 2639/2279/2119 2640/2280/2120
f 2640/2280/2120 2661/2301/2139 2660/2300/2138
f 2661/2301/2139 2640/2280/2120 2641/2281/2121
f 2641/2281/2121 2662/2302/2140 2661/2301/2139
f 2662/2302/2140 2641/2281/2121 2642/2282/2122
f 2642/2282/2122 2663/2303/2141 2662/2302/2140
f 2663/2303/2141 2642/2282/2122 2643/2283/2123
f 2643/2283/2123 2664/2304/2142 2663/2303/2141
f 2664/2304/2142 2643/2283/2123 2644/2284/2124
f 2644/2284/2124 2665/2305/2143 2664/2304/2142
f 2665/2305/2143 2644/2284/2124 2645/2285/2125
f 2645/2285/2125 2666/2306/2144 2665/2305/2143
f 2666/2306/2144 2645/2285/2125 2646/2286/2126
f 2646/2286/2126 2667/2307/2145 2666/2306/2144
f 2667/2307/2145 2646/2286/2126 2647/2287/2127
f 2647/2287/2127 2668/2308/2146 2667/2307/2145
f 2668/2308/2146 2647/2287/2127 2648/2288/2128
f 2648/2288/2128 2669/2309/2147 2668/2308/2146
f 2669/2309/2147 2648/2288/2128 2649/2289/2109
f 2649/2289/2109 2670/2310/2148 2669/2309/2147
f 2671/2311/2149 2650/2290/2129 2651/2291/2130
f 2651/2291/2130 2672/2312/2150 2671/2311/2149
f 2672/2312/2150 2651/2291/2130 2652/2292/2131
f 2652/2292/2131 2673/2313/2151 2672/2312/2150
f 2673/2313/2151 2652/2292/2131 2653/2293/2132
f 2653/2293/2132 2674/2314/2152 2673/2313/2151
f 2674/2314/2152 2653/2293/2132 2654/2294/1154
f 2654/2294/1154 2675/2315/2153 2674/2314/2152
f 2675/2315/2153 2654/2294/1154 2655/2295/2133
f 2655/2295/2133 2676/2316/2154 2675/2315/2153
f 2676/2316/2154 2655/2295/2133 2656/2296/2134
f 2656/2296/2134 2677/2317/2155 2676/2316/2154
f 2677/2317/2155 2656/2296/2134 2657/2297/2135
f 2657/2297/2135 2678/2318/2156 2677/2317/2155
f 2678/2318/2156 2657/2297/2135 2658/2298/2136
f 2658/2298/2136 2679/2319/2157 2678/2318/2156
f 2679/2319/2157 2658/2298/2136 2659/2299/2137
f 2659/2299/2137 2680/2320/2158 2679/2319/2157
f 2680/2320/2158 2659/2299/2137 2660/2300/2138
f 2660/2300/2138 2681/2321/2159 2680/2320/2158
f 2681/2321/2159 2660/2300/2138 2661/2301/2139
f 2661/2301/2139 2682/2322/2160 2681/2321/2159
f 2682/2322/2160 2661/2301/2139 2662/2302/2140
f 2662/2302/2140 2683/2323/2161 2682/2322/2160
f 2683/2323/2161 2662/2302/2140 2663/2303/2141
f 2663/2303/2141 2684/2324/2162 2683/2323/2161
f 2684/2324/2162 2663/2303/2141 2664/2304/2142
f 2664/2304/2142 2685/2325/2163 2684/2324/2162
f 2685/2325/2163 2664/2304/2142 2665/2305/2143
f 2665/2305/2143 2686/2326/2164 2685/2325/2163
f 2686/2326/2164 2665/2305/2143 2666/2306/2144
f 2666/2306/2144 2687/2327/2165 2686/2326/2164
f 2687/2327/2165 2666/2306/2144 2667/2307/2145
f 2667/2307/2145 2688/2328/2166 2687/2327/2165
f 2688/2328/2166 2667/2307/2145 2668/2308/2146
f 2668/2308/2146 2689/2329/2167 2688/2328/2166
f 2689/2329/2167 2668/2308/2146 2669/2309/2147
f 2669/2309/2147 2690/2330/2168 2689/2329/2167
f 2690/2330/2168 2669/2309/2147 2670/2310/2148
f 2670/2310/2148 2691/2331/2149 2690/2330/2168
f 2692/2332/2169 2671/2311/2149 2672/2312/2150
f 2672/2312/2150 2693/2333/2170 2692/2332/2169
f 2693/2333/2170 2672/2312/2150 2673/2313/2151
f 2673/2313/2151 2694/2334/2171 2693/2333/2170
f 2694/2334/2171 2673/2313/2151 2674/2314/2152
f 2674/2314/2152 2695/2335/2172 2694/2334/2171
f 2695/2335/2172 2674/2314/2152 2675/2315/2153
f 2675/2315/2153 2696/2336/2173 2695/2335/2172
f 2696/2336/2173 2675/2315/2153 2676/2316/2154
f 2676/2316/2154 2697/2337/2174 2696/2336/2173
f 2697/2337/2174 2676/2316/2154 2677/2317/2155
f 2677/2317/2155 2698/2338/2175 2697/2337/2174
f 2698/2338/2175 2677/2317/2155 2678/2318/2156
f 2678/2318/2156 2699/2339/2176 2698/2338/2175
f 2699/2339/2176 2678/2318/2156 2679/2319/2157
f 2679/2319/2157 2700/2340/2177 2699/2339/2176
f 2700/2340/2177 2679/2319/2157 2680/2320/2158
f 2680/2320/2158 2701/2341/2178 2700/2340/2177
f 2701/2341/2178 2680/2320/2158 2681/2321/2159
f 2681/2321/2159 2702/2342/2179 2701/2341/2178
f 2702/2342/2179 2681/2321/2159 2682/2322/2160
f 2682/2322/2160 2703/2343/2180 2702/2342/2179
f 2703/2343/2180 2682/2322/2160 2683/2323/2161
f 2683/2323/2161 2704/2344/2181 2703/2343/2180
f 2704/2344/2181 2683/2323/2161 2684/2324/2162
f 2684/2324/2162 2705/2345/2182 2704/2344/2181
f 2705/2345/2182 2684/2324/2162 2685/2325/2163
f 2685/2325/2163 2706/2346/2183 2705/2345/2182
f 2706/2346/2183 2685/2325/2163 2686/2326/2164
f 2686/2326/2164 2707/2347/2184 2706/2346/2183
f 2707/2347/2184 2686/2326/2164 2687/2327/2165
f 2687/2327/2165 2708/2348/2185 2707/2347/2184
f 2708/2348/2185 2687/2327/2165 2688/2328/2166
f 2688/2328/2166 2709/2349/2186 2708/2348/2185
f 2709/2349/2186 2688/2328/2166 2689/2329/2167
f 2689/2329/2167 2710/2350/2187 2709/2349/2186
f 2710/2350/2187 2689/2329/2167 2690/2330/2168
f 2690/2330/2168 2711/2351/2188 2710/2350/2187
f 2711/2351/2188 2690/2330/2168 2691/2331/2149
f 2691/2331/2149 2712/2352/2189 2711/2351/2188
f 2713/2353/2190 2692/2332/2169 2693/2333/2170
f 2693/2333/2170 2714/2354/2191 2713/2353/2190
f 2714/2354/2191 2693/2333/2170 2694/2334/2171
f 2694/2334/2171 2715/2355/2192 2714/2354/2191
f 2715/2355/2192 2694/2334/2171 2695/2335/2172
f 2695/2335/2172 2716/2356/2193 2715/2355/2192
f 2716/2356/2193 2695/2335/2172 2696/2336/2173
f 2696/2336/2173 2717/2357/2194 2716/2356/2193
f 2717/2357/2194 2696/2336/2173 2697/2337/2174
f 2697/2337/2174 2718/2358/2195 2717/2357/2194
f 2718/2358/2195 2697/2337/2174 2698/2338/2175
f 2698/2338/2175 2719/2359/2196 2718/2358/2195
f 2719/2359/2196 2698/2338/2175 2699/2339/2176
f 2699/2339/2176 2720/2360/2197 2719/2359/2196
f 2720/2360/2197 2699/2339/2176 2700/2340/2177
f 2700/2340/2177 2721/2361/2198 2720/2360/2197
f 2721/2361/2198 2700/2340/2177 2701/2341/2178
f 2701/2341/2178 2722/2362/2199 2721/2361/2198
f 2722/2362/2199 2701/2341/2178 2702/2342/2179
f 2702/2342/2179 2723/2363/2200 2722/2362/2199
f 2723/2363/2200 2702/2342/2179 2703/2343/2180
f 2703/2343/2180 2724/2364/2201 2723/2363/2200
f 2724/2364/2201 2703/2343/2180 2704/2344/2181
f 2704/2344/2181 2725/2365/2202 2724/2364/2201
f 2725/2365/2202 2704/2344/2181 2705/2345/2182
f 2705/2345/2182 2726/2366/2203 2725/2365/2202
f 2726/2366/2203 2705/2345/2182 2706/2346/2183
f 2706/2346/2183 2727/2367/2204 2726/2366/2203
f 2727/2367/2204 2706/2346/2183 2707/2347/2184
f 2707/2347/2184 2728/2368/2205 2727/2367/2204
f 2728/2368/2205 2707/2347/2184 2708/2348/2185
f 2708/2348/2185 2729/2369/2206 2728/2368/2205
f 2729/2369/2206 2708/2348/2185 2709/2349/2186
f 2709/2349/2186 2730/2370/2207 2729/2369/2206
f 2730/2370/2207 2709/2349/2186 2710/2350/2187
f 2710/2350/2187 2731/2371/2208 2730/2370/2207
f 2731/2371/2208 2710/2350/2187 2711/2351/2188
f 2711/2351/2188 2732/2372/2209 2731/2371/2208
f 2732/2372/2209 2711/2351/2188 2712/2352/2189
f 2712/2352/2189 2733/2373/2210 2732/2372/2209
f 2734/2374/2211 2713/2353/2190 2714/2354/2191
f 2714/2354/2191 2735/2375/2212 2734/2374/2211
f 2735/2375/2212 2714/2354/2191 2715/2355/2192
f 2715/2355/2192 2736/2376/2213 2735/2375/2212
f 2736/2376/2213 2715/2355/2192 2716/2356/2193
f 2716/2356/2193 2737/2377/2214 2736/2376/2213
f 2737/2377/2214 2716/2356/2193 2717/2357/2194
f 2717/2357/2194 2738/2378/2215 2737/2377/2214
f 2738/2378/2215 2717/2357/2194 2718/2358/2195
f 2718/2358/2195 2739/2379/2216 2738/2378/2215
f 2739/2379/2216 2718/2358/2195 2719/2359/2196
f 2719/2359/2196 2740/2380/2217 2739/2379/2216
f 2740/2380/2217 2719/2359/2196 2720/2360/2197
f 2720/2360/2197 2741/2381/2218 2740/2380/2217
f 2741/2381/2218 2720/2360/2197 2721/2361/2198
f 2721/2361/2198 2742/2382/2219 2741/2381/2218
f 2742/2382/2219 2721/2361/2198 2722/2362/2199
f 2722/2362/2199 2743/2383/2220 2742/2382/2219
f 2743/2383/2220 2722/2362/2199 2723/2363/2200
f 2723/2363/2200 2744/2384/2221 2743/2383/2220
f 2744/2384/2221 2723/2363/2200 2724/2364/2201
f 2724/2364/2201 2745/2385/2222 2744/2384/2221
f 2745/2385/2222 2724/2364/2201 2725/2365/2202
f 2725/2365/2202 2746/2386/2223 2745/2385/2222
f 2746/2386/2223 2725/2365/2202 2726/2366/2203
f 2726/2366/2203 2747/2387/2224 2746/2386/2223
f 2747/2387/2224 2726/2366/2203 2727/2367/2204
f 2727/2367/2204 2748/2388/2225 2747/2387/2224
f 2748/2388/2225 2727/2367/2204 2728/2368/2205
f 2728/2368/2205 2749/2389/2226 2748/2388/2225
f 2749/2389/2226 2728/2368/2205 2729/2369/2206
f 2729/2369/2206 2750/2390/2227 2749/2389/2226
f 2750/2390/2227 2729/2369/2206 2730/2370/2207
f 2730/2370/2207 2751/2391/2228 2750/2390/2227
f 2751/2391/2228 2730/2370/2207 2731/2371/2208
f 2731/2371/2208 2752/2392/2229 2751/2391/2228
f 2752/2392/2229 2731/2371/2208 2732/2372/2209
f 2732/2372/2209 2753/2393/2230 2752/2392/2229
f 2753/2393/2230 2732/2372/2209 2733/2373/2210
f 2733/2373/2210 2754/2394/2211 2753/2393/2230
f 2755/2395/2231 2734/2374/2211 2735/2375/2212
f 2735/2375/2212 2756/2396/2232 2755/2395/2231
f 2756/2396/2232 2735/2375/2212 2736/2376/2213
f 2736/2376/2213 2757/2397/2233 2756/2396/2232
f 2757/2397/2233 2736/2376/2213 2737/2377/2214
f 2737/2377/2214 2758/2398/2234 2757/2397/2233
f 2758/2398/2234 2737/2377/2214 2738/2378/2215
f 2738/2378/2215 2759/2399/2235 2758/2398/2234
f 2759/2399/2235 2738/2378/2215 2739/2379/2216
f 2739/2379/2216 2760/2400/2236 2759/2399/2235
f 2760/2400/2236 2739/2379/2216 2740/2380/2217
f 2740/2380/2217 2761/2401/2237 2760/2400/2236
f 2761/2401/2237 2740/2380/2217 2741/2381/2218
f 2741/2381/2218 2762/2402/2238 2761/2401/2237
f 2762/2402/2238 2741/2381/2218 2742/2382/2219
f 2742/2382/2219 2763/2403/2239 2762/2402/2238
f 2763/2403/2239 2742/2382/2219 2743/2383/2220
f 2743/2383/2220 2764/2404/2240 2763/2403/2239
f 2764/2404/2240 2743/2383/2220 2744/2384/2221
f 2744/2384/2221 2765/2405/2241 2764/2404/2240
f 2765/2405/2241 2744/2384/2221 2745/2385/2222
f 2745/2385/2222 2766/2406/2242 2765/2405/2241
f 2766/2406/2242 2745/2385/2222 2746/2386/2223
f 2746/2386/2223 2767/2407/2243 2766/2406/2242
f 2767/2407/2243 2746/2386/2223 2747/2387/2224
f 2747/2387/2224 2768/2408/2244 2767/2407/2243
f 2768/2408/2244 2747/2387/2224 2748/2388/2225
f 2748/2388/2225 2769/2409/2245 2768/2408/2244
f 2769/2409/2245 2748/2388/2225 2749/2389/2226
f 2749/2389/2226 2770/2410/2246 2769/2409/2245
f 2770/2410/2246 2749/2389/2226 2750/2390/2227
f 2750/2390/2227 2771/2411/2247 2770/2410/2246
f 2771/2411/2247 2750/2390/2227 2751/2391/2228
f 2751/2391/2228 2772/2412/2248 2771/2411/2247
f 2772/2412/2248 2751/2391/2228 2752/2392/2229
f 2752/2392/2229 2773/2413/2249 2772/2412/2248
f 2773/2413/2249 2752/2392/2229 2753/2393/2230
f 2753/2393/2230 2774/2414/2250 2773/2413/2249
f 2774/2414/2250 2753/2393/2230 2754/2394/2211
f 2754/2394/2211 2775/2415/2251 2774/2414/2250
f 2776/2416/2252 2755/2395/2231 2756/2396/2232
f 2756/2396/2232 2777/2417/2253 2776/2416/2252
f 2777/2417/2253 2756/2396/2232 2757/2397/2233
f 2757/2397/2233 2778/2418/2254 2777/2417/2253
f 2778/2418/2254 2757/2397/2233 2758/2398/2234
f 2758/2398/2234 2779/2419/2255 2778/2418/2254
f 2779/2419/2255 2758/2398/2234 2759/2399/2235
f 2759/2399/2235 2780/2420/2256 2779/2419/2255
f 2780/2420/2256 2759/2399/2235 2760/2400/2236
f 2760/2400/2236 2781/2421/2257 2780/2420/2256
f 2781/2421/2257 2760/2400/2236 2761/2401/2237
f 2761/2401/2237 2782/2422/2258 2781/2421/2257
f 2782/2422/2258 2761/2401/2237 2762/2402/2238
f 2762/2402/2238 2783/2423/2259 2782/2422/2258
f 2783/2423/2259 2762/2402/2238 2763/2403/2239
f 2763/2403/2239 2784/2424/2260 2783/2423/2259
f 2784/2424/2260 2763/2403/2239 2764/2404/2240
f 2764/2404/2240 2785/2425/2261 2784/2424/2260
f 2785/2425/2261 2764/2404/2240 2765/2405/2241
f 2765/2405/2241 2786/2426/2262 2785/2425/2261
f 2786/2426/2262 2765/2405/2241 2766/2406/2242
f 2766/2406/2242 2787/2427/2263 2786/2426/2262
f 2787/2427/2263 2766/2406/2242 2767/2407/2243
f 2767/2407/2243 2788/2428/2264 2787/2427/2263
f 2788/2428/2264 2767/2407/2243 2768/2408/2244
f 2768/2408/2244 2789/2429/2265 2788/2428/2264
f 2789/2429/2265 2768/2408/2244 2769/2409/2245
f 2769/2409/2245 2790/2430/2266 2789/2429/2265
f 2790/2430/2266 2769/2409/2245 2770/2410/2246
f 2770/2410/2246 2791/2431/2267 2790/2430/2266
f 2791/2431/2267 2770/2410/2246 2771/2411/2247
f 2771/2411/2247 2792/2432/2268 2791/2431/2267
f 2792/2432/2268 2771/2411/2247 2772/2412/2248
f 2772/2412/2248 2793/2433/2269 2792/2432/2268
f 2793/2433/2269 2772/2412/2248 2773/2413/2249
f 2773/2413/2249 2794/2434/2270 2793/2433/2269
f 2794/2434/2270 2773/2413/2249 2774/2414/2250
f 2774/2414/2250 2795/2435/2271 2794/2434/2270
f 2795/2435/2271 2774/2414/2250 2775/2415/2251
f 2775/2415/2251 2796/2436/2252 2795/2435/2271
f 2797/2437/2272 2776/2416/2252 2777/2417/2253
f 2777/2417/2253 2798/2438/2273 2797/2437/2272
f 2798/2438/2273 2777/2417/2253 2778/2418/2254
f 2778/2418/2254 2799/2439/2274 2798/2438/2273
f 2799/2439/2274 2778/2418/2254 2779/2419/2255
f 2779/2419/2255 2800/2440/2275 2799/2439/2274
f 2800/2440/2275 2779/2419/2255 2780/2420/2256
f 2780/2420/2256 2801/2441/2276 2800/2440/2275
f 2801/2441/2276 2780/2420/2256 2781/2421/2257
f 2781/2421/2257 2802/2442/2277 2801/2441/2276
f 2802/2442/2277 2781/2421/2257 2782/2422/2258
f 2782/2422/2258 2803/2443/2278 2802/2442/2277
f 2803/2443/2278 2782/2422/2258 2783/2423/2259
f 2783/2423/2259 2804/2444/2279 2803/2443/2278
f 2804/2444/2279 2783/2423/2259 2784/2424/2260
f 2784/2424/2260 2805/2445/2280 2804/2444/2279
f 2805/2445/2280 2784/2424/2260 2785/2425/2261
f 2785/2425/2261 2806/2446/2281 2805/2445/2280
f 2806/2446/2281 2785/2425/2261 2786/2426/2262
f 2786/2426/2262 2807/2447/2282 2806/2446/2281
f 2807/2447/2282 2786/2426/2262 2787/2427/2263
f 2787/2427/2263 2808/2448/2283 2807/2447/2282
f 2808/2448/2283 2787/2427/2263 2788/2428/2264
f 2788/2428/2264 2809/2449/2284 2808/2448/2283
f 2809/2449/2284 2788/2428/2264 2789/2429/2265
f 2789/2429/2265 2810/2450/2285 2809/2449/2284
f 2810/2450/2285 2789/2429/2265 2790/2430/2266
f 2790/2430/2266 2811/2451/2286 2810/2450/2285
f 2811/2451/2286 2790/2430/2266 2791/2431/2267
f 2791/2431/2267 2812/2452/2287 2811/2451/2286
f 2812/2452/2287 2791/2431/2267 2792/2432/2268
f 2792/2432/2268 2813/2453/2288 2812/2452/2287
f 2813/2453/2288 2792/2432/2268 2793/2433/2269
f 2793/2433/2269 2814/2454/2289 2813/2453/2288
f 2814/2454/2289 2793/2433/2269 2794/2434/2270
f 2794/2434/2270 2815/2455/2290 2814/2454/2289
f 2815/2455/2290 2794/2434/2270 2795/2435/2271
f 2795/2435/2271 2816/2456/2291 2815/2455/2290
f 2816/2456/2291 2795/2435/2271 2796/2436/2252
f 2796/2436/2252 2817/2457/2272 2816/2456/2291
f 2421/2061/1908 2420/2060/1907 2818/2458/2292
f 2423/2063/1910 2421/2061/1908 2819/2459/2292
f 2425/2065/1912 2423/2063/1910 2820/2460/2292
f 2427/2067/1914 2425/2065/1912 2821/2461/2292
f 2429/2069/1916 2427/2067/1914 2822/2462/2292
f 2431/2071/1918 2429/2069/1916 2823/2463/2292
f 2433/2073/1920 2431/2071/1918 2824/2464/2292
f 2435/2075/1922 2433/2073/1920 2825/2465/2292
f 2437/2077/1924 2435/2075/1922 2826/2466/2292
f 2439/2079/1926 2437/2077/1924 2827/2467/2292
f 2441/2081/1928 2439/2079/1926 2828/2468/2293
f 2443/2083/1930 2441/2081/1928 2829/2469/2293
f 2445/2085/1932 2443/2083/1930 2830/2470/2293
f 2447/2087/1934 2445/2085/1932 2831/2471/2292
f 2449/2089/1936 2447/2087/1934 2832/2472/2293
f 2451/2091/1938 2449/2089/1936 2833/2473/2293
f 2453/2093/1940 2451/2091/1938 2834/2474/2293
f 2455/2095/1942 2453/2093/1940 2835/2475/2293
f 2457/2097/1944 2455/2095/1942 2836/2476/2292
f 2459/2099/1907 2457/2097/1944 2837/2477/2292
f 2797/2437/2272 2798/2438/2273 2838/2478/2294
f 2798/2438/2273 2799/2439/2274 2839/2479/2295
f 2799/2439/2274 2800/2440/2275 2840/2480/2295
f 2800/2440/2275 2801/2441/2276 2841/2481/2295
f 2801/2441/2276 2802/2442/2277 2842/2482/2295
f 2802/2442/2277 2803/2443/2278 2843/2483/2295
f 2803/2443/2278 2804/2444/2279 2844/2484/2295
f 2804/2444/2279 2805/2445/2280 2845/2485/2295
f 2805/2445/2280 2806/2446/2281 2846/2486/2294
f 2806/2446/2281 2807/2447/2282 2847/2487/2294
f 2807/2447/2282 2808/2448/2283 2848/2488/2294
f 2808/2448/2283 2809/2449/2284 2849/2489/2294
f 2809/2449/2284 2810/2450/2285 2850/2490/2294
f 2810/2450/2285 2811/2451/2286 2851/2491/2295
f 2811/2451/2286 2812/2452/2287 2852/2492/2295
f 2812/2452/2287 2813/2453/2288 2853/2493/2294
f 2813/2453/2288 2814/2454/2289 2854/2494/2294
f 2814/2454/2289 2815/2455/2290 2855/2495/2294
f 2815/2455/2290 2816/2456/2291 2856/2496/2294
f 2816/2456/2291 2817/2457/2272 2857/2497/2294
f 2858/2498/2296 2859/2499/2296 2860/2500/2297
f 2860/2500/2297 2861/2501/2297 2858/2498/2296
f 2861/2501/2297 2860/2500/2297 2862/2502/2298
f 2862/2502/2298 2863/2503/2298 2861/2501/2297
f 2863/2503/2298 2862/2502/2298 2864/2504/2299
f 2864/2504/2299 2865/2505/2299 2863/2503/2298
f 2865/2505/2299 2864/2504/2299 2866/2506/2300
f 2866/2506/2300 2867/2507/2300 2865/2505/2299
f 2867/2507/2300 2866/2506/2300 2868/2508/2301
f 2868/2508/2301 2869/2509/2301 2867/2507/2300
f 2869/2509/2301 2868/2508/2301 2870/2510/2302
f 2870/2510/2302 2871/2511/2302 2869/2509/2301
f 2871/2511/2302 2870/2510/2302 2872/2512/2303
f 2872/2512/2303 2873/2513/2303 2871/2511/2302
f 2873/2513/2303 2872/2512/2303 2874/2514/2304
f 2874/2514/2304 2875/2515/2304 2873/2513/2303
f 2875/2515/2304 2874/2514/2304 2876/2516/194
f 2876/2516/194 2877/2517/194 2875/2515/2304
f 2877/2517/194 2876/2516/194 2878/2518/2305
f 2878/2518/2305 2879/2519/2305 2877/2517/194
f 2879/2519/2305 2878/2518/2305 2880/2520/2306
f 2880/2520/2306 2881/2521/2306 2879/2519/2305
f 2881/2521/2306 2880/2520/2306 2882/2522/2307
f 2882/2522/2307 2883/2523/2307 2881/2521/2306
f 2883/2523/2307 2882/2522/2307 2884/2524/2308
f 2884/2524/2308 2885/2525/2308 2883/2523/2307
f 2885/2525/2308 2884/2524/2308 2886/2526/2309
f 2886/2526/2309 2887/2527/2309 2885/2525/2308
f 2887/2527/2309 2886/2526/2309 2888/2528/2310
f 2888/2528/2310 2889/2529/2310 2887/2527/2309
f 2889/2529/2310 2888/2528/2310 2890/2530/2311
f 2890/2530/2311 2891/2531/2311 2889/2529/2310
f 2891/2531/2311 2890/2530/2311 2892/2532/2312
f 2892/2532/2312 2893/2533/2312 2891/2531/2311
f 2893/2533/2312 2892/2532/2312 2894/2534/2313
f 2894/2534/2313 2895/2535/2313 2893/2533/2312
f 2895/2535/2313 2894/2534/2313 2896/2536/204
f 2896/2536/204 2897/2537/204 2895/2535/2313
f 2897/2537/204 2896/2536/204 2898/2538/2314
f 2898/2538/2314 2899/2539/2315 2897/2537/204
f 2900/2540/2296 2901/2541/2296 2902/2542/2297
f 2902/2542/2297 2903/2543/2297 2900/2540/2296
f 2903/2543/2297 2902/2542/2297 2904/2544/2298
f 2904/2544/2298 2905/2545/2298 2903/2543/2297
f 2905/2545/2298 2904/2544/2298 2906/2546/2299
f 2906/2546/2299 2907/2547/2299 2905/2545/2298
f 2907/2547/2299 2906/2546/2299 2908/2548/2300
f 2908/2548/2300 2909/2549/2300 2907/2547/2299
f 2909/2549/2300 2908/2548/2300 2910/2550/2301
f 2910/2550/2301 2911/2551/2301 2909/2549/2300
f 2911/2551/2301 2910/2550/2301 2912/2552/2302
f 2912/2552/2302 2913/2553/2302 2911/2551/2301
f 2913/2553/2302 2912/2552/2302 2914/2554/2303
f 2914/2554/2303 2915/2555/2303 2913/2553/2302
f 2915/2555/2303 2914/2554/2303 2916/2556/2304
f 2916/2556/2304 2917/2557/2304 2915/2555/2303
f 2917/2557/2304 2916/2556/2304 2918/2558/194
f 2918/2558/194 2919/2559/194 2917/2557/2304
f 2919/2559/194 2918/2558/194 2920/2560/2305
f 2920/2560/2305 2921/2561/2305 2919/2559/194
f 2921/2561/2305 2920/2560/2305 2922/2562/2306
f 2922/2562/2306 2923/2563/2306 2921/2561/2305
f 2923/2563/2306 2922/2562/2306 2924/2564/2307
f 2924/2564/2307 2925/2565/2307 2923/2563/2306
f 2925/2565/2307 2924/2564/2307 2926/2566/2308
f 2926/2566/2308 2927/2567/2308 2925/2565/2307
f 2927/2567/2308 2926/2566/2308 2928/2568/2309
f 2928/2568/2309 2929/2569/2309 2927/2567/2308
f 2929/2569/2309 2928/2568/2309 2930/2570/2310
f 2930/2570/2310 2931/2571/2310 2929/2569/2309
f 2931/2571/2310 2930/2570/2310 2932/2572/2311
f 2932/2572/2311 2933/2573/2311 2931/2571/2310
f 2933/2573/2311 2932/2572/2311 2934/2574/2312
f 2934/2574/2312 2935/2575/2312 2933/2573/2311
f 2935/2575/2312 2934/2574/2312 2936/2576/2313
f 2936/2576/2313 2937/2577/2313 2935/2575/2312
f 2937/2577/2313 2936/2576/2313 2938/2578/204
f 2938/2578/204 2939/2579/204 2937/2577/2313
f 2939/2579/204 2938/2578/204 2940/2580/2314
f 2940/2580/2314 2941/2581/2314 2939/2579/204
f 2942/2582/2296 2900/2540/2296 2903/2543/2297
f 2903/2543/2297 2943/2583/2297 2942/2582/2296
f 2943/2583/2297 2903/2543/2297 2905/2545/2298
f 2905/2545/2298 2944/2584/2298 2943/2583/2297
f 2944/2584/2298 2905/2545/2298 2907/2547/2299
f 2907/2547/2299 2945/2585/2299 2944/2584/2298
f 2945/2585/2299 2907/2547/2299 2909/2549/2300
f 2909/2549/2300 2946/2586/2300 2945/2585/2299
f 2946/2586/2300 2909/2549/2300 2911/2551/2301
f 2911/2551/2301 2947/2587/2301 2946/2586/2300
f 2947/2587/2301 2911/2551/2301 2913/2553/2302
f 2913/2553/2302 2948/2588/2302 2947/2587/2301
f 2948/2588/2302 2913/2553/2302 2915/2555/2303
f 2915/2555/2303 2949/2589/2303 2948/2588/2302
f 2949/2589/2303 2915/2555/2303 2917/2557/2304
f 2917/2557/2304 2950/2590/2304 2949/2589/2303
f 2950/2590/2304 2917/2557/2304 2919/2559/194
f 2919/2559/194 2951/2591/194 2950/2590/2304
f 2951/2591/194 2919/2559/194 2921/2561/2305
f 2921/2561/2305 2952/2592/2305 2951/2591/194
f 2952/2592/2305 2921/2561/2305 2923/2563/2306
f 2923/2563/2306 2953/2593/2306 2952/2592/2305
f 2953/2593/2306 2923/2563/2306 2925/2565/2307
f 2925/2565/2307 2954/2594/2307 2953/2593/2306
f 2954/2594/2307 2925/2565/2307 2927/2567/2308
f 2927/2567/2308 2955/2595/2308 2954/2594/2307
f 2955/2595/2308 2927/2567/2308 2929/2569/2309
f 2929/2569/2309 2956/2596/2309 2955/2595/2308
f 2956/2596/2309 2929/2569/2309 2931/2571/2310
f 2931/2571/2310 2957/2597/2310 2956/2596/2309
f 2957/2597/2310 2931/2571/2310 2933/2573/2311
f 2933/2573/2311 2958/2598/2311 2957/2597/2310
f 2958/2598/2311 2933/2573/2311 2935/2575/2312
f 2935/2575/2312 2959/2599/2312 2958/2598/2311
f 2959/2599/2312 2935/2575/2312 2937/2577/2313
f 2937/2577/2313 2960/2600/2313 2959/2599/2312
f 2960/2600/2313 2937/2577/2313 2939/2579/204
f 2939/2579/204 2961/2601/204 2960/2600/2313
f 2961/2601/204 2939/2579/204 2941/2581/2314
f 2941/2581/2314 2962/2602/2314 2961/2601/204
f 2963/2603/2296 2942/2582/2296 2943/2583/2297
f 2943/2583/2297 2964/2604/2297 2963/2603/2296
f 2964/2604/2297 2943/2583/2297 2944/2584/2298
f 2944/2584/2298 2965/2605/2298 2964/2604/2297
f 2965/2605/2298 2944/2584/2298 2945/2585/2299
f 2945/2585/2299 2966/2606/2299 2965/2605/2298
f 2966/2606/2299 2945/2585/2299 2946/2586/2300
f 2946/2586/2300 2967/2607/2300 2966/2606/2299
f 2967/2607/2300 2946/2586/2300 2947/2587/2301
f 2947/2587/2301 2968/2608/2301 2967/2607/2300
f 2968/2608/2301 2947/2587/2301 2948/2588/2302
f 2948/2588/2302 2969/2609/2302 2968/2608/2301
f 2969/2609/2302 2948/2588/2302 2949/2589/2303
f 2949/2589/2303 2970/2610/2303 2969/2609/2302
f 2970/2610/2303 2949/2589/2303 2950/2590/2304
f 2950/2590/2304 2971/2611/2304 2970/2610/2303
f 2971/2611/2304 2950/2590/2304 2951/2591/194
f 2951/2591/194 2972/2612/194 2971/2611/2304
f 2972/2612/194 2951/2591/194 2952/2592/2305
f 2952/2592/2305 2973/2613/2305 2972/2612/194
f 2973/2613/2305 2952/2592/2305 2953/2593/2306
f 2953/2593/2306 2974/2614/2306 2973/2613/2305
f 2974/2614/2306 2953/2593/2306 2954/2594/2307
f 2954/2594/2307 2975/2615/2307 2974/2614/2306
f 2975/2615/2307 2954/2594/2307 2955/2595/2308
f 2955/2595/2308 2976/2616/2308 2975/2615/2307
f 2976/2616/2308 2955/2595/2308 2956/2596/2309
f 2956/2596/2309 2977/2617/2309 2976/2616/2308
f 2977/2617/2309 2956/2596/2309 2957/2597/2310
f 2957/2597/2310 2978/2618/2310 2977/2617/2309
f 2978/2618/2310 2957/2597/2310 2958/2598/2311
f 2958/2598/2311 2979/2619/2311 2978/2618/2310
f 2979/2619/2311 2958/2598/2311 2959/2599/2312
f 2959/2599/2312 2980/2620/2312 2979/2619/2311
f 2980/2620/2312 2959/2599/2312 2960/2600/2313
f 2960/2600/2313 2981/2621/2313 2980/2620/2312
f 2981/2621/2313 2960/2600/2313 2961/2601/204
f 2961/2601/204 2982/2622/204 2981/2621/2313
f 2982/2622/204 2961/2601/204 2962/2602/2314
f 2962/2602/2314 2983/2623/2314 2982/2622/204
f 2984/2624/2296 2963/2603/2296 2964/2604/2297
f 2964/2604/2297 2985/2625/2297 2984/2624/2296
f 2985/2625/2297 2964/2604/2297 2965/2605/2298
f 2965/2605/2298 2986/2626/2298 2985/2625/2297
f 2986/2626/2298 2965/2605/2298 2966/2606/2299
f 2966/2606/2299 2987/2627/2299 2986/2626/2298
f 2987/2627/2299 2966/2606/2299 2967/2607/2300
f 2967/2607/2300 2988/2628/2300 2987/2627/2299
f 2988/2628/2300 2967/2607/2300 2968/2608/2301
f 2968/2608/2301 2989/2629/2301 2988/2628/2300
f 2989/2629/2301 2968/2608/2301 2969/2609/2302
f 2969/2609/2302 2990/2630/2302 2989/2629/2301
f 2990/2630/2302 2969/2609/2302 2970/2610/2303
f 2970/2610/2303 2991/2631/2303 2990/2630/2302
f 2991/2631/2303 2970/2610/2303 2971/2611/2304
f 2971/2611/2304 2992/2632/2304 2991/2631/2303
f 2992/2632/2304 2971/2611/2304 2972/2612/194
f 2972/2612/194 2993/2633/194 2992/2632/2304
f 2993/2633/194 2972/2612/194 2973/2613/2305
f 2973/2613/2305 2994/2634/2305 2993/2633/194
f 2994/2634/2305 2973/2613/2305 2974/2614/2306
f 2974/2614/2306 2995/2635/2306 2994/2634/2305
f 2995/2635/2306 2974/2614/2306 2975/2615/2307
f 2975/2615/2307 2996/2636/2307 2995/2635/2306
f 2996/2636/2307 2975/2615/2307 2976/2616/2308
f 2976/2616/2308 2997/2637/2308 2996/2636/2307
f 2997/2637/2308 2976/2616/2308 2977/2617/2309
f 2977/2617/2309 2998/2638/2309 2997/2637/2308
f 2998/2638/2309 2977/2617/2309 2978/2618/2310
f 2978/2618/2310 2999/2639/2310 2998/2638/2309
f 2999/2639/2310 2978/2618/2310 2979/2619/2311
f 2979/2619/2311 3000/2640/2311 2999/2639/2310
f 3000/2640/2311 2979/2619/2311 2980/2620/2312
f 2980/2620/2312 3001/2641/2312 3000/2640/2311
f 3001/2641/2312 2980/2620/2312 2981/2621/2313
f 2981/2621/2313 3002/2642/2313 3001/2641/2312
f 3002/2642/2313 2981/2621/2313 2982/2622/204
f 2982/2622/204 3003/2643/204 3002/2642/2313
f 3003/2643/204 2982/2622/204 2983/2623/2314
f 2983/2623/2314 3004/2644/2314 3003/2643/204
f 3005/2645/2316 2984/2624/2296 2985/2625/2297
f 2985/2625/2297 3006/2646/2317 3005/2645/2316
f 3006/2646/2317 2985/2625/2297 2986/2626/2298
f 2986/2626/2298 3007/2647/2318 3006/2646/2317
f 3007/2647/2318 2986/2626/2298 2987/2627/2299
f 2987/2627/2299 3008/2648/2319 3007/2647/2318
f 3008/2648/2319 2987/2627/2299 2988/2628/2300
f 2988/2628/2300 3009/2649/2320 3008/2648/2319
f 3009/2649/2320 2988/2628/2300 2989/2629/2301
f 2989/2629/2301 3010/2650/2321 3009/2649/2320
f 3010/2650/2321 2989/2629/2301 2990/2630/2302
f 2990/2630/2302 3011/2651/2322 3010/2650/2321
f 3011/2651/2322 2990/2630/2302 2991/2631/2303
f 2991/2631/2303 3012/2652/2323 3011/2651/2322
f 3012/2652/2323 2991/2631/2303 2992/2632/2304
f 2992/2632/2304 3013/2653/2324 3012/2652/2323
f 3013/2653/2324 2992/2632/2304 2993/2633/194
f 2993/2633/194 3014/2654/2325 3013/2653/2324
f 3014/2654/2325 2993/2633/194 2994/2634/2305
f 2994/2634/2305 3015/2655/2326 3014/2654/2325
f 3015/2655/2326 2994/2634/2305 2995/2635/2306
f 2995/2635/2306 3016/2656/2327 3015/2655/2326
f 3016/2656/2327 2995/2635/2306 2996/2636/2307
f 2996/2636/2307 3017/2657/2328 3016/2656/2327
f 3017/2657/2328 2996/2636/2307 2997/2637/2308
f 2997/2637/2308 3018/2658/2329 3017/2657/2328
f 3018/2658/2329 2997/2637/2308 2998/2638/2309
f 2998/2638/2309 3019/2659/2330 3018/2658/2329
f 3019/2659/2330 2998/2638/2309 2999/2639/2310
f 2999/2639/2310 3020/2660/2331 3019/2659/2330
f 3020/2660/2331 2999/2639/2310 3000/2640/2311
f 3000/2640/2311 3021/2661/2332 3020/2660/2331
f 3021/2661/2332 3000/2640/2311 3001/2641/2312
f 3001/2641/2312 3022/2662/2333 3021/2661/2332
f 3022/2662/2333 3001/2641/2312 3002/2642/2313
f 3002/2642/2313 3023/2663/2334 3022/2662/2333
f 3023/2663/2334 3002/2642/2313 3003/2643/204
f 3003/2643/204 3024/2664/2335 3023/2663/2334
f 3024/2664/2335 3003/2643/204 3004/2644/2314
f 3004/2644/2314 3025/2665/2336 3024/2664/2335
f 3026/2666/2337 3027/2667/2338 3028/2668/2339
f 3027/2667/2338 3029/2669/2340 3028/2668/2339
f 3029/2669/2340 3030/2670/2341 3028/2668/2339
f 3030/2670/2341 3031/2671/2342 3028/2668/2339
f 3031/2671/2342 3032/2672/2343 3028/2668/2339
f 3032/2672/2343 3033/2673/2344 3028/2668/2339
f 3033/2673/2344 3034/2674/2345 3028/2668/2339
f 3034/2674/2345 3035/2675/2346 3028/2668/2339
f 3035/2675/2346 3036/2676/2347 3028/2668/2339
f 3036/2676/2347 3037/2677/2348 3028/2668/2339
f 3037/2677/2348 3038/2678/2349 3028/2668/2339
f 3038/2678/2349 3039/2679/2350 3028/2668/2339
f 3039/2679/2350 3040/2680/2351 3028/2668/2339
f 3040/2680/2351 3041/2681/2352 3028/2668/2339
f 3041/2681/2352 3042/2682/2353 3028/2668/2339
f 3042/2682/2353 3043/2683/2354 3028/2668/2339
f 3043/2683/2354 3044/2684/2355 3028/2668/2339
f 3044/2684/2355 3045/2685/2356 3028/2668/2339
f 3045/2685/2356 3046/2686/2357 3028/2668/2339
f 3046/2686/2357 3026/2666/2337 3028/2668/2339
f 3047/2687/2358 3048/2688/2359 3026/2666/2337
f 3026/2666/2337 3046/2686/2357 3047/2687/2358
f 3049/2689/2360 3050/2690/2361 3048/2688/2359
f 3048/2688/2359 3047/2687/2358 3049/2689/2360
f 3024/2664/2335 3025/2665/2336 3051/2691/2362
f 3051/2691/2362 3052/2692/2363 3024/2664/2335
f 3052/2692/2363 3051/2691/2362 3053/2693/2364
f 3053/2693/2364 3054/2694/2365 3052/2692/2363
f 3027/2667/2338 3026/2666/2337 3048/2688/2359
f 3048/2688/2359 3055/2695/2366 3027/2667/2338
f 3055/2695/2366 3048/2688/2359 3050/2690/2361
f 3050/2690/2361 3056/2696/2367 3055/2695/2366
f 3057/2697/2368 3058/2698/2369 3059/2699/2370
f 3059/2699/2370 3060/2700/2371 3057/2697/2368
f 3060/2700/2371 3059/2699/2370 3005/2645/2316
f 3005/2645/2316 3006/2646/2317 3060/2700/2371
f 3029/2669/2340 3027/2667/2338 3055/2695/2366
f 3055/2695/2366 3061/2701/2372 3029/2669/2340
f 3061/2701/2372 3055/2695/2366 3056/2696/2367
f 3056/2696/2367 3062/2702/2373 3061/2701/2372
f 3063/2703/2374 3057/2697/2368 3060/2700/2371
f 3060/2700/2371 3064/2704/2375 3063/2703/2374
f 3064/2704/2375 3060/2700/2371 3006/2646/2317
f 3006/2646/2317 3007/2647/2318 3064/2704/2375
f 3030/2670/2341 3029/2669/2340 3061/2701/2372
f 3061/2701/2372 3065/2705/2376 3030/2670/2341
f 3065/2705/2376 3061/2701/2372 3062/2702/2373
f 3062/2702/2373 3066/2706/2377 3065/2705/2376
f 3067/2707/2377 3063/2703/2374 3064/2704/2375
f 3064/2704/2375 3068/2708/2378 3067/2707/2377
f 3068/2708/2378 3064/2704/2375 3007/2647/2318
f 3007/2647/2318 3008/2648/2319 3068/2708/2378
f 3031/2671/2342 3030/2670/2341 3065/2705/2376
f 3065/2705/2376 3069/2709/2379 3031/2671/2342
f 3069/2709/2379 3065/2705/2376 3066/2706/2377
f 3066/2706/2377 3070/2710/2380 3069/2709/2379
f 3071/2711/2381 3067/2707/2377 3068/2708/2378
f 3068/2708/2378 3072/2712/2382 3071/2711/2381
f 3072/2712/2382 3068/2708/2378 3008/2648/2319
f 3008/2648/2319 3009/2649/2320 3072/2712/2382
f 3032/2672/2343 3031/2671/2342 3069/2709/2379
f 3069/2709/2379 3073/2713/2383 3032/2672/2343
f 3073/2713/2383 3069/2709/2379 3070/2710/2380
f 3070/2710/2380 3074/2714/2384 3073/2713/2383
f 3075/2715/2385 3071/2711/2381 3072/2712/2382
f 3072/2712/2382 3076/2716/2386 3075/2715/2385
f 3076/2716/2386 3072/2712/2382 3009/2649/2320
f 3009/2649/2320 3010/2650/2321 3076/2716/2386
f 3033/2673/2344 3032/2672/2343 3073/2713/2383
f 3073/2713/2383 3077/2717/2387 3033/2673/2344
f 3077/2717/2387 3073/2713/2383 3074/2714/2384
f 3074/2714/2384 3078/2718/2388 3077/2717/2387
f 3079/2719/2389 3075/2715/2385 3076/2716/2386
f 3076/2716/2386 3080/2720/2390 3079/2719/2389
f 3080/2720/2390 3076/2716/2386 3010/2650/2321
f 3010/2650/2321 3011/2651/2322 3080/2720/2390
f 3034/2674/2345 3033/2673/2344 3077/2717/2387
f 3077/2717/2387 3081/2721/2391 3034/2674/2345
f 3081/2721/2391 3077/2717/2387 3078/2718/2388
f 3078/2718/2388 3082/2722/2392 3081/2721/2391
f 3083/2723/2393 3079/2719/2389 3080/2720/2390
f 3080/2720/2390 3084/2724/2394 3083/2723/2393
f 3084/2724/2394 3080/2720/2390 3011/2651/2322
f 3011/2651/2322 3012/2652/2323 3084/2724/2394
f 3035/2675/2346 3034/2674/2345 3081/2721/2391
f 3081/2721/2391 3085/2725/2395 3035/2675/2346
f 3085/2725/2395 3081/2721/2391 3082/2722/2392
f 3082/2722/2392 3086/2726/2396 3085/2725/2395
f 3087/2727/2397 3083/2723/2393 3084/2724/2394
f 3084/2724/2394 3088/2728/2398 3087/2727/2397
f 3088/2728/2398 3084/2724/2394 3012/2652/2323
f 3012/2652/2323 3013/2653/2324 3088/2728/2398
f 3036/2676/2347 3035/2675/2346 3085/2725/2395
f 3085/2725/2395 3089/2729/2399 3036/2676/2347
f 3089/2729/2399 3085/2725/2395 3086/2726/2396
f 3086/2726/2396 3090/2730/2400 3089/2729/2399
f 3091/2731/2400 3087/2727/2397 3088/2728/2398
f 3088/2728/2398 3092/2732/2401 3091/2731/2400
f 3092/2732/2401 3088/2728/2398 3013/2653/2324
f 3013/2653/2324 3014/2654/2325 3092/2732/2401
f 3037/2677/2348 3036/2676/2347 3089/2729/2399
f 3089/2729/2399 3093/2733/2402 3037/2677/2348
f 3093/2733/2402 3089/2729/2399 3090/2730/2400
f 3090/2730/2400 3094/2734/2403 3093/2733/2402
f 3095/2735/2404 3091/2731/2400 3092/2732/2401
f 3092/2732/2401 3096/2736/2405 3095/2735/2404
f 3096/2736/2405 3092/2732/2401 3014/2654/2325
f 3014/2654/2325 3015/2655/2326 3096/2736/2405
f 3038/2678/2349 3037/2677/2348 3093/2733/2402
f 3093/2733/2402 3097/2737/2406 3038/2678/2349
f 3097/2737/2406 3093/2733/2402 3094/2734/2403
f 3094/2734/2403 3098/2738/2407 3097/2737/2406
f 3099/2739/2407 3095/2735/2404 3096/2736/2405
f 3096/2736/2405 3100/2740/2408 3099/2739/2407
f 3100/2740/2408 3096/2736/2405 3015/2655/2326
f 3015/2655/2326 3016/2656/2327 3100/2740/2408
f 3039/2679/2350 3038/2678/2349 3097/2737/2406
f 3097/2737/2406 3101/2741/2409 3039/2679/2350
f 3101/2741/2409 3097/2737/2406 3098/2738/2407
f 3098/2738/2407 3102/2742/2410 3101/2741/2409
f 3103/2743/2411 3099/2739/2407 3100/2740/2408
f 3100/2740/2408 3104/2744/2412 3103/2743/2411
f 3104/2744/2412 3100/2740/2408 3016/2656/2327
f 3016/2656/2327 3017/2657/2328 3104/2744/2412
f 3040/2680/2351 3039/2679/2350 3101/2741/2409
f 3101/2741/2409 3105/2745/2413 3040/2680/2351
f 3105/2745/2413 3101/2741/2409 3102/2742/2410
f 3102/2742/2410 3106/2746/2414 3105/2745/2413
f 3107/2747/2415 3103/2743/2411 3104/2744/2412
f 3104/2744/2412 3108/2748/2416 3107/2747/2415
f 3108/2748/2416 3104/2744/2412 3017/2657/2328
f 3017/2657/2328 3018/2658/2329 3108/2748/2416
f 3041/2681/2352 3040/2680/2351 3105/2745/2413
f 3105/2745/2413 3109/2749/2417 3041/2681/2352
f 3109/2749/2417 3105/2745/2413 3106/2746/2414
f 3106/2746/2414 3110/2750/2418 3109/2749/2417
f 3111/2751/2418 3107/2747/2415 3108/2748/2416
f 3108/2748/2416 3112/2752/2419 3111/2751/2418
f 3112/2752/2419 3108/2748/2416 3018/2658/2329
f 3018/2658/2329 3019/2659/2330 3112/2752/2419
f 3042/2682/2353 3041/2681/2352 3109/2749/2417
f 3109/2749/2417 3113/2753/2420 3042/2682/2353
f 3113/2753/2420 3109/2749/2417 3110/2750/2418
f 3110/2750/2418 3114/2754/2421 3113/2753/2420
f 3115/2755/2422 3111/2751/2418 3112/2752/2419
f 3112/2752/2419 3116/2756/2423 3115/2755/2422
f 3116/2756/2423 3112/2752/2419 3019/2659/2330
f 3019/2659/2330 3020/2660/2331 3116/2756/2423
f 3043/2683/2354 3042/2682/2353 3113/2753/2420
f 3113/2753/2420 3117/2757/2424 3043/2683/2354
f 3117/2757/2424 3113/2753/2420 3114/2754/2421
f 3114/2754/2421 3118/2758/2425 3117/2757/2424
f 3119/2759/2426 3115/2755/2422 3116/2756/2423
f 3116/2756/2423 3120/2760/2427 3119/2759/2426
f 3120/2760/2427 3116/2756/2423 3020/2660/2331
f 3020/2660/2331 3021/2661/2332 3120/2760/2427
f 3044/2684/2355 3043/2683/2354 3117/2757/2424
f 3117/2757/2424 3121/2761/2428 3044/2684/2355
f 3121/2761/2428 3117/2757/2424 3118/2758/2425
f 3118/2758/2425 3122/2762/2429 3121/2761/2428
f 3123/2763/2429 3119/2759/2426 3120/2760/2427
f 3120/2760/2427 3124/2764/2430 3123/2763/2429
f 3124/2764/2430 3120/2760/2427 3021/2661/2332
f 3021/2661/2332 3022/2662/2333 3124/2764/2430
f 3045/2685/2356 3044/2684/2355 3121/2761/2428
f 3121/2761/2428 3125/2765/2431 3045/2685/2356
f 3125/2765/2431 3121/2761/2428 3122/2762/2429
f 3122/2762/2429 3126/2766/2432 3125/2765/2431
f 3127/2767/2432 3123/2763/2429 3124/2764/2430
f 3124/2764/2430 3128/2768/2433 3127/2767/2432
f 3128/2768/2433 3124/2764/2430 3022/2662/2333
f 3022/2662/2333 3023/2663/2334 3128/2768/2433
f 3046/2686/2357 3045/2685/2356 3125/2765/2431
f 3125/2765/2431 3047/2687/2358 3046/2686/2357
f 3047/2687/2358 3125/2765/2431 3126/2766/2432
f 3126/2766/2432 3049/2689/2360 3047/2687/2358
f 3054/2694/2365 3127/2767/2432 3128/2768/2433
f 3128/2768/2433 3052/2692/2363 3054/2694/2365
f 3052/2692/2363 3128/2768/2433 3023/2663/2334
f 3023/2663/2334 3024/2664/2335 3052/2692/2363
f 3129/2769/2434 3130/2770/2435 3131/2771/2436
f 3131/2771/2436 3132/2772/2437 3129/2769/2434
f 3132/2772/2437 3131/2771/2436 3133/2773/2438
f 3133/2773/2438 3134/2774/2439 3132/2772/2437
f 3134/2774/2439 3133/2773/2438 3135/2775/2440
f 3135/2775/2440 3136/2776/2441 3134/2774/2439
f 3136/2776/2441 3135/2775/2440 3137/2777/2442
f 3137/2777/2442 3138/2778/2443 3136/2776/2441
f 3138/2778/2443 3137/2777/2442 3139/2779/2444
f 3139/2779/2444 3140/2780/2445 3138/2778/2443
f 3140/2780/2445 3139/2779/2444 3141/2542/2446
f 3141/2542/2446 3142/2541/2447 3140/2780/2445
f 3142/2541/2447 3141/2542/2446 3143/2542/2448
f 3143/2542/2448 3144/2541/2449 3142/2541/2447
f 3144/2541/2449 3143/2542/2448 3145/2542/2450
f 3145/2542/2450 3146/2541/2451 3144/2541/2449
f 3146/2541/2451 3145/2542/2450 3147/2542/2452
f 3147/2542/2452 3148/2541/2453 3146/2541/2451
f 3148/2541/2453 3147/2542/2452 3149/2542/2454
f 3149/2542/2454 3150/2541/2455 3148/2541/2453
f 3150/2541/2455 3149/2542/2454 3151/2542/2456
f 3151/2542/2456 3152/2541/2457 3150/2541/2455
f 3152/2541/2457 3151/2542/2456 3153/2542/2458
f 3153/2542/2458 3154/2541/2459 3152/2541/2457
f 3129/2769/2434 3155/2781/2296 3156/2782/2297
f 3156/2782/2297 3130/2770/2435 3129/2769/2434
f 3130/2770/2435 3156/2782/2297 3157/2783/2298
f 3157/2783/2298 3158/2784/2460 3130/2770/2435
f 3158/2784/2460 3157/2783/2298 3159/2785/2299
f 3159/2785/2299 3160/2786/2461 3158/2784/2460
f 3160/2786/2461 3159/2785/2299 3161/2787/2300
f 3161/2787/2300 3162/2788/2462 3160/2786/2461
f 3162/2788/2462 3161/2787/2300 3163/2789/2301
f 3163/2789/2301 3164/2790/2463 3162/2788/2462
f 3164/2790/2463 3163/2789/2301 3165/2791/2302
f 3165/2791/2302 3166/2792/2464 3164/2790/2463
f 3166/2792/2464 3165/2791/2302 3167/2793/2303
f 3167/2793/2303 3168/2794/2465 3166/2792/2464
f 3168/2794/2465 3167/2793/2303 3169/2795/2304
f 3169/2795/2304 3170/2796/2466 3168/2794/2465
f 3170/2796/2466 3169/2795/2304 3171/2797/194
f 3171/2797/194 3172/2798/2467 3170/2796/2466
f 3172/2798/2467 3171/2797/194 3173/2799/2305
f 3173/2799/2305 3174/2800/2468 3172/2798/2467
f 3174/2800/2468 3173/2799/2305 3175/2801/2306
f 3175/2801/2306 3176/2802/2469 3174/2800/2468
f 3176/2802/2469 3175/2801/2306 3177/2803/2307
f 3177/2803/2307 3178/2804/2470 3176/2802/2469
f 3178/2804/2470 3177/2803/2307 3179/2805/2308
f 3179/2805/2308 3180/2806/2471 3178/2804/2470
f 3180/2806/2471 3179/2805/2308 3181/2807/2309
f 3181/2807/2309 3182/2808/2472 3180/2806/2471
f 3182/2808/2472 3181/2807/2309 3183/2809/2310
f 3183/2809/2310 3184/2810/2473 3182/2808/2472
f 3184/2810/2473 3183/2809/2310 3185/2811/2311
f 3185/2811/2311 3186/2812/2474 3184/2810/2473
f 3186/2812/2474 3185/2811/2311 3187/2813/2312
f 3187/2813/2312 3188/2814/2475 3186/2812/2474
f 3188/2814/2475 3187/2813/2312 3189/2815/2313
f 3189/2815/2313 3190/2816/2476 3188/2814/2475
f 3190/2816/2476 3189/2815/2313 3191/2817/204
f 3191/2817/204 3192/2818/2477 3190/2816/2476
f 3192/2818/2477 3191/2817/204 3193/2819/2314
f 3193/2819/2314 3194/2820/2478 3192/2818/2477
f 3153/2542/2458 3195/2542/2479 3196/2541/2480
f 3196/2541/2480 3154/2541/2459 3153/2542/2458
f 3197/2544/2481 3198/2544/2482 3195/2542/2479
f 3195/2542/2479 3153/2542/2458 3197/2544/2481
f 3199/2546/2483 3200/2546/2484 3198/2544/2482
f 3198/2544/2482 3197/2544/2481 3199/2546/2483
f 3201/2548/2485 3202/2548/2486 3200/2546/2484
f 3200/2546/2484 3199/2546/2483 3201/2548/2485
f 3203/2550/2487 3204/2550/2488 3202/2548/2486
f 3202/2548/2486 3201/2548/2485 3203/2550/2487
f 3205/2552/2489 3206/2552/2490 3204/2550/2488
f 3204/2550/2488 3203/2550/2487 3205/2552/2489
f 3207/2554/2491 3208/2554/2492 3206/2552/2490
f 3206/2552/2490 3205/2552/2489 3207/2554/2491
f 3209/2556/2493 3210/2556/2494 3208/2554/2492
f 3208/2554/2492 3207/2554/2491 3209/2556/2493
f 3211/2558/2495 3212/2558/2496 3210/2556/2494
f 3210/2556/2494 3209/2556/2493 3211/2558/2495
f 3213/2560/2497 3214/2560/2498 3212/2558/2496
f 3212/2558/2496 3211/2558/2495 3213/2560/2497
f 3215/2562/2499 3216/2562/2500 3214/2560/2498
f 3214/2560/2498 3213/2560/2497 3215/2562/2499
f 3217/2564/2501 3218/2564/2502 3216/2562/2500
f 3216/2562/2500 3215/2562/2499 3217/2564/2501
f 3219/2566/2503 3220/2566/2504 3218/2564/2502
f 3218/2564/2502 3217/2564/2501 3219/2566/2503
f 3221/2568/2505 3222/2568/2506 3220/2566/2504
f 3220/2566/2504 3219/2566/2503 3221/2568/2505
f 3223/2570/2507 3224/2570/2508 3222/2568/2506
f 3222/2568/2506 3221/2568/2505 3223/2570/2507
f 3225/2572/2509 3226/2572/2510 3224/2570/2508
f 3224/2570/2508 3223/2570/2507 3225/2572/2509
f 3227/2574/2511 3228/2574/2512 3226/2572/2510
f 3226/2572/2510 3225/2572/2509 3227/2574/2511
f 3229/2576/2513 3230/2576/2514 3228/2574/2512
f 3228/2574/2512 3227/2574/2511 3229/2576/2513
f 3231/2578/2515 3232/2578/2516 3230/2576/2514
f 3230/2576/2514 3229/2576/2513 3231/2578/2515
f 3233/2580/2517 3234/2580/2518 3232/2578/2516
f 3232/2578/2516 3231/2578/2515 3233/2580/2517
f 3235/2821/2519 3131/2771/2436 3130/2770/2435
f 3130/2770/2435 3158/2784/2460 3235/2821/2519
f 3236/2822/2520 3133/2773/2438 3131/2771/2436
f 3131/2771/2436 3235/2821/2519 3236/2822/2520
f 3237/2823/2521 3135/2775/2440 3133/2773/2438
f 3133/2773/2438 3236/2822/2520 3237/2823/2521
f 3238/2824/2522 3137/2777/2442 3135/2775/2440
f 3135/2775/2440 3237/2823/2521 3238/2824/2522
f 3239/2825/2523 3139/2779/2444 3137/2777/2442
f 3137/2777/2442 3238/2824/2522 3239/2825/2523
f 3240/2544/2524 3141/2542/2446 3139/2779/2444
f 3139/2779/2444 3239/2825/2523 3240/2544/2524
f 3241/2544/2525 3143/2542/2448 3141/2542/2446
f 3141/2542/2446 3240/2544/2524 3241/2544/2525
f 3242/2544/2526 3145/2542/2450 3143/2542/2448
f 3143/2542/2448 3241/2544/2525 3242/2544/2526
f 3243/2544/2527 3147/2542/2452 3145/2542/2450
f 3145/2542/2450 3242/2544/2526 3243/2544/2527
f 3244/2544/2528 3149/2542/2454 3147/2542/2452
f 3147/2542/2452 3243/2544/2527 3244/2544/2528
f 3197/2544/2481 3153/2542/2458 3151/2542/2456
f 3151/2542/2456 3245/2544/2529 3197/2544/2481
f 3245/2544/2529 3151/2542/2456 3149/2542/2454
f 3149/2542/2454 3244/2544/2528 3245/2544/2529
f 3246/2826/2530 3235/2821/2519 3158/2784/2460
f 3158/2784/2460 3160/2786/2461 3246/2826/2530
f 3247/2827/2531 3236/2822/2520 3235/2821/2519
f 3235/2821/2519 3246/2826/2530 3247/2827/2531
f 3248/2828/2532 3237/2823/2521 3236/2822/2520
f 3236/2822/2520 3247/2827/2531 3248/2828/2532
f 3249/2829/2533 3238/2824/2522 3237/2823/2521
f 3237/2823/2521 3248/2828/2532 3249/2829/2533
f 3250/2830/2534 3239/2825/2523 3238/2824/2522
f 3238/2824/2522 3249/2829/2533 3250/2830/2534
f 3251/2546/2535 3240/2544/2524 3239/2825/2523
f 3239/2825/2523 3250/2830/2534 3251/2546/2535
f 3252/2546/2536 3241/2544/2525 3240/2544/2524
f 3240/2544/2524 3251/2546/2535 3252/2546/2536
f 3253/2546/2537 3242/2544/2526 3241/2544/2525
f 3241/2544/2525 3252/2546/2536 3253/2546/2537
f 3254/2546/2538 3243/2544/2527 3242/2544/2526
f 3242/2544/2526 3253/2546/2537 3254/2546/2538
f 3255/2546/2539 3244/2544/2528 3243/2544/2527
f 3243/2544/2527 3254/2546/2538 3255/2546/2539
f 3199/2546/2483 3197/2544/2481 3245/2544/2529
f 3245/2544/2529 3256/2546/2540 3199/2546/2483
f 3256/2546/2540 3245/2544/2529 3244/2544/2528
f 3244/2544/2528 3255/2546/2539 3256/2546/2540
f 3257/2831/2541 3246/2826/2530 3160/2786/2461
f 3160/2786/2461 3162/2788/2462 3257/2831/2541
f 3258/2832/2542 3247/2827/2531 3246/2826/2530
f 3246/2826/2530 3257/2831/2541 3258/2832/2542
f 3259/2833/2543 3248/2828/2532 3247/2827/2531
f 3247/2827/2531 3258/2832/2542 3259/2833/2543
f 3260/2834/2544 3249/2829/2533 3248/2828/2532
f 3248/2828/2532 3259/2833/2543 3260/2834/2544
f 3261/2835/2545 3250/2830/2534 3249/2829/2533
f 3249/2829/2533 3260/2834/2544 3261/2835/2545
f 3262/2548/2546 3251/2546/2535 3250/2830/2534
f 3250/2830/2534 3261/2835/2545 3262/2548/2546
f 3263/2548/2547 3252/2546/2536 3251/2546/2535
f 3251/2546/2535 3262/2548/2546 3263/2548/2547
f 3264/2548/2548 3253/2546/2537 3252/2546/2536
f 3252/2546/2536 3263/2548/2547 3264/2548/2548
f 3265/2548/2549 3254/2546/2538 3253/2546/2537
f 3253/2546/2537 3264/2548/2548 3265/2548/2549
f 3266/2548/2550 3255/2546/2539 3254/2546/2538
f 3254/2546/2538 3265/2548/2549 3266/2548/2550
f 3201/2548/2485 3199/2546/2483 3256/2546/2540
f 3256/2546/2540 3267/2548/2551 3201/2548/2485
f 3267/2548/2551 3256/2546/2540 3255/2546/2539
f 3255/2546/2539 3266/2548/2550 3267/2548/2551
f 3268/2836/2552 3257/2831/2541 3162/2788/2462
f 3162/2788/2462 3164/2790/2463 3268/2836/2552
f 3269/2837/2553 3258/2832/2542 3257/2831/2541
f 3257/2831/2541 3268/2836/2552 3269/2837/2553
f 3270/2838/2554 3259/2833/2543 3258/2832/2542
f 3258/2832/2542 3269/2837/2553 3270/2838/2554
f 3271/2839/2555 3260/2834/2544 3259/2833/2543
f 3259/2833/2543 3270/2838/2554 3271/2839/2555
f 3272/2840/2556 3261/2835/2545 3260/2834/2544
f 3260/2834/2544 3271/2839/2555 3272/2840/2556
f 3273/2550/2557 3262/2548/2546 3261/2835/2545
f 3261/2835/2545 3272/2840/2556 3273/2550/2557
f 3274/2550/2558 3263/2548/2547 3262/2548/2546
f 3262/2548/2546 3273/2550/2557 3274/2550/2558
f 3275/2550/2559 3264/2548/2548 3263/2548/2547
f 3263/2548/2547 3274/2550/2558 3275/2550/2559
f 3276/2550/2560 3265/2548/2549 3264/2548/2548
f 3264/2548/2548 3275/2550/2559 3276/2550/2560
f 3277/2550/2561 3266/2548/2550 3265/2548/2549
f 3265/2548/2549 3276/2550/2560 3277/2550/2561
f 3203/2550/2487 3201/2548/2485 3267/2548/2551
f 3267/2548/2551 3278/2550/2562 3203/2550/2487
f 3278/2550/2562 3267/2548/2551 3266/2548/2550
f 3266/2548/2550 3277/2550/2561 3278/2550/2562
f 3279/2841/2563 3268/2836/2552 3164/2790/2463
f 3164/2790/2463 3166/2792/2464 3279/2841/2563
f 3280/2842/2564 3269/2837/2553 3268/2836/2552
f 3268/2836/2552 3279/2841/2563 3280/2842/2564
f 3281/2843/2565 3270/2838/2554 3269/2837/2553
f 3269/2837/2553 3280/2842/2564 3281/2843/2565
f 3282/2844/2566 3271/2839/2555 3270/2838/2554
f 3270/2838/2554 3281/2843/2565 3282/2844/2566
f 3283/2845/2567 3272/2840/2556 3271/2839/2555
f 3271/2839/2555 3282/2844/2566 3283/2845/2567
f 3284/2552/2568 3273/2550/2557 3272/2840/2556
f 3272/2840/2556 3283/2845/2567 3284/2552/2568
f 3285/2552/2569 3274/2550/2558 3273/2550/2557
f 3273/2550/2557 3284/2552/2568 3285/2552/2569
f 3286/2552/2570 3275/2550/2559 3274/2550/2558
f 3274/2550/2558 3285/2552/2569 3286/2552/2570
f 3287/2552/2571 3276/2550/2560 3275/2550/2559
f 3275/2550/2559 3286/2552/2570 3287/2552/2571
f 3288/2552/2572 3277/2550/2561 3276/2550/2560
f 3276/2550/2560 3287/2552/2571 3288/2552/2572
f 3205/2552/2489 3203/2550/2487 3278/2550/2562
f 3278/2550/2562 3289/2552/2573 3205/2552/2489
f 3289/2552/2573 3278/2550/2562 3277/2550/2561
f 3277/2550/2561 3288/2552/2572 3289/2552/2573
f 3290/2846/2574 3279/2841/2563 3166/2792/2464
f 3166/2792/2464 3168/2794/2465 3290/2846/2574
f 3291/2847/2575 3280/2842/2564 3279/2841/2563
f 3279/2841/2563 3290/2846/2574 3291/2847/2575
f 3292/2848/2576 3281/2843/2565 3280/2842/2564
f 3280/2842/2564 3291/2847/2575 3292/2848/2576
f 3293/2849/2577 3282/2844/2566 3281/2843/2565
f 3281/2843/2565 3292/2848/2576 3293/2849/2577
f 3294/2850/2578 3283/2845/2567 3282/2844/2566
f 3282/2844/2566 3293/2849/2577 3294/2850/2578
f 3295/2554/2579 3284/2552/2568 3283/2845/2567
f 3283/2845/2567 3294/2850/2578 3295/2554/2579
f 3296/2554/2580 3285/2552/2569 3284/2552/2568
f 3284/2552/2568 3295/2554/2579 3296/2554/2580
f 3297/2554/2581 3286/2552/2570 3285/2552/2569
f 3285/2552/2569 3296/2554/2580 3297/2554/2581
f 3298/2554/2582 3287/2552/2571 3286/2552/2570
f 3286/2552/2570 3297/2554/2581 3298/2554/2582
f 3299/2554/2583 3288/2552/2572 3287/2552/2571
f 3287/2552/2571 3298/2554/2582 3299/2554/2583
f 3207/2554/2491 3205/2552/2489 3289/2552/2573
f 3289/2552/2573 3300/2554/2584 3207/2554/2491
f 3300/2554/2584 3289/2552/2573 3288/2552/2572
f 3288/2552/2572 3299/2554/2583 3300/2554/2584
f 3301/2851/2585 3290/2846/2574 3168/2794/2465
f 3168/2794/2465 3170/2796/2466 3301/2851/2585
f 3302/2852/2586 3291/2847/2575 3290/2846/2574
f 3290/2846/2574 3301/2851/2585 3302/2852/2586
f 3303/2853/2587 3292/2848/2576 3291/2847/2575
f 3291/2847/2575 3302/2852/2586 3303/2853/2587
f 3304/2854/2588 3293/2849/2577 3292/2848/2576
f 3292/2848/2576 3303/2853/2587 3304/2854/2588
f 3305/2855/2589 3294/2850/2578 3293/2849/2577
f 3293/2849/2577 3304/2854/2588 3305/2855/2589
f 3306/2556/2590 3295/2554/2579 3294/2850/2578
f 3294/2850/2578 3305/2855/2589 3306/2556/2590
f 3307/2556/2591 3296/2554/2580 3295/2554/2579
f 3295/2554/2579 3306/2556/2590 3307/2556/2591
f 3308/2556/2592 3297/2554/2581 3296/2554/2580
f 3296/2554/2580 3307/2556/2591 3308/2556/2592
f 3309/2556/2593 3298/2554/2582 3297/2554/2581
f 3297/2554/2581 3308/2556/2592 3309/2556/2593
f 3310/2556/2594 3299/2554/2583 3298/2554/2582
f 3298/2554/2582 3309/2556/2593 3310/2556/2594
f 3209/2556/2493 3207/2554/2491 3300/2554/2584
f 3300/2554/2584 3311/2556/2595 3209/2556/2493
f 3311/2556/2595 3300/2554/2584 3299/2554/2583
f 3299/2554/2583 3310/2556/2594 3311/2556/2595
f 3312/2856/2596 3301/2851/2585 3170/2796/2466
f 3170/2796/2466 3172/2798/2467 3312/2856/2596
f 3313/2857/2597 3302/2852/2586 3301/2851/2585
f 3301/2851/2585 3312/2856/2596 3313/2857/2597
f 3314/2858/2598 3303/2853/2587 3302/2852/2586
f 3302/2852/2586 3313/2857/2597 3314/2858/2598
f 3315/2859/2599 3304/2854/2588 3303/2853/2587
f 3303/2853/2587 3314/2858/2598 3315/2859/2599
f 3316/2860/2600 3305/2855/2589 3304/2854/2588
f 3304/2854/2588 3315/2859/2599 3316/2860/2600
f 3317/2558/2601 3306/2556/2590 3305/2855/2589
f 3305/2855/2589 3316/2860/2600 3317/2558/2601
f 3318/2558/2602 3307/2556/2591 3306/2556/2590
f 3306/2556/2590 3317/2558/2601 3318/2558/2602
f 3319/2558/2603 3308/2556/2592 3307/2556/2591
f 3307/2556/2591 3318/2558/2602 3319/2558/2603
f 3320/2558/2604 3309/2556/2593 3308/2556/2592
f 3308/2556/2592 3319/2558/2603 3320/2558/2604
f 3321/2558/2605 3310/2556/2594 3309/2556/2593
f 3309/2556/2593 3320/2558/2604 3321/2558/2605
f 3211/2558/2495 3209/2556/2493 3311/2556/2595
f 3311/2556/2595 3322/2558/2606 3211/2558/2495
f 3322/2558/2606 3311/2556/2595 3310/2556/2594
f 3310/2556/2594 3321/2558/2605 3322/2558/2606
f 3323/2861/2607 3312/2856/2596 3172/2798/2467
f 3172/2798/2467 3174/2800/2468 3323/2861/2607
f 3324/2862/2608 3313/2857/2597 3312/2856/2596
f 3312/2856/2596 3323/2861/2607 3324/2862/2608
f 3325/2863/2609 3314/2858/2598 3313/2857/2597
f 3313/2857/2597 3324/2862/2608 3325/2863/2609
f 3326/2864/2610 3315/2859/2599 3314/2858/2598
f 3314/2858/2598 3325/2863/2609 3326/2864/2610
f 3327/2865/2611 3316/2860/2600 3315/2859/2599
f 3315/2859/2599 3326/2864/2610 3327/2865/2611
f 3328/2560/2612 3317/2558/2601 3316/2860/2600
f 3316/2860/2600 3327/2865/2611 3328/2560/2612
f 3329/2560/2613 3318/2558/2602 3317/2558/2601
f 3317/2558/2601 3328/2560/2612 3329/2560/2613
f 3330/2560/2614 3319/2558/2603 3318/2558/2602
f 3318/2558/2602 3329/2560/2613 3330/2560/2614
f 3331/2560/2615 3320/2558/2604 3319/2558/2603
f 3319/2558/2603 3330/2560/2614 3331/2560/2615
f 3332/2560/2616 3321/2558/2605 3320/2558/2604
f 3320/2558/2604 3331/2560/2615 3332/2560/2616
f 3213/2560/2497 3211/2558/2495 3322/2558/2606
f 3322/2558/2606 3333/2560/2617 3213/2560/2497
f 3333/2560/2617 3322/2558/2606 3321/2558/2605
f 3321/2558/2605 3332/2560/2616 3333/2560/2617
f 3334/2866/2618 3323/2861/2607 3174/2800/2468
f 3174/2800/2468 3176/2802/2469 3334/2866/2618
f 3335/2867/2619 3324/2862/2608 3323/2861/2607
f 3323/2861/2607 3334/2866/2618 3335/2867/2619
f 3336/2868/2620 3325/2863/2609 3324/2862/2608
f 3324/2862/2608 3335/2867/2619 3336/2868/2620
f 3337/2869/2621 3326/2864/2610 3325/2863/2609
f 3325/2863/2609 3336/2868/2620 3337/2869/2621
f 3338/2870/2622 3327/2865/2611 3326/2864/2610
f 3326/2864/2610 3337/2869/2621 3338/2870/2622
f 3339/2562/2623 3328/2560/2612 3327/2865/2611
f 3327/2865/2611 3338/2870/2622 3339/2562/2623
f 3340/2562/2624 3329/2560/2613 3328/2560/2612
f 3328/2560/2612 3339/2562/2623 3340/2562/2624
f 3341/2562/2625 3330/2560/2614 3329/2560/2613
f 3329/2560/2613 3340/2562/2624 3341/2562/2625
f 3342/2562/2626 3331/2560/2615 3330/2560/2614
f 3330/2560/2614 3341/2562/2625 3342/2562/2626
f 3343/2562/2627 3332/2560/2616 3331/2560/2615
f 3331/2560/2615 3342/2562/2626 3343/2562/2627
f 3215/2562/2499 3213/2560/2497 3333/2560/2617
f 3333/2560/2617 3344/2562/2628 3215/2562/2499
f 3344/2562/2628 3333/2560/2617 3332/2560/2616
f 3332/2560/2616 3343/2562/2627 3344/2562/2628
f 3345/2871/2629 3334/2866/2618 3176/2802/2469
f 3176/2802/2469 3178/2804/2470 3345/2871/2629
f 3346/2872/2630 3335/2867/2619 3334/2866/2618
f 3334/2866/2618 3345/2871/2629 3346/2872/2630
f 3347/2873/2631 3336/2868/2620 3335/2867/2619
f 3335/2867/2619 3346/2872/2630 3347/2873/2631
f 3348/2874/2632 3337/2869/2621 3336/2868/2620
f 3336/2868/2620 3347/2873/2631 3348/2874/2632
f 3349/2875/2633 3338/2870/2622 3337/2869/2621
f 3337/2869/2621 3348/2874/2632 3349/2875/2633
f 3350/2564/2634 3339/2562/2623 3338/2870/2622
f 3338/2870/2622 3349/2875/2633 3350/2564/2634
f 3351/2564/2635 3340/2562/2624 3339/2562/2623
f 3339/2562/2623 3350/2564/2634 3351/2564/2635
f 3352/2564/2636 3341/2562/2625 3340/2562/2624
f 3340/2562/2624 3351/2564/2635 3352/2564/2636
f 3353/2564/2637 3342/2562/2626 3341/2562/2625
f 3341/2562/2625 3352/2564/2636 3353/2564/2637
f 3354/2564/2638 3343/2562/2627 3342/2562/2626
f 3342/2562/2626 3353/2564/2637 3354/2564/2638
f 3217/2564/2501 3215/2562/2499 3344/2562/2628
f 3344/2562/2628 3355/2564/2639 3217/2564/2501
f 3355/2564/2639 3344/2562/2628 3343/2562/2627
f 3343/2562/2627 3354/2564/2638 3355/2564/2639
f 3356/2876/2640 3345/2871/2629 3178/2804/2470
f 3178/2804/2470 3180/2806/2471 3356/2876/2640
f 3357/2877/2641 3346/2872/2630 3345/2871/2629
f 3345/2871/2629 3356/2876/2640 3357/2877/2641
f 3358/2878/2642 3347/2873/2631 3346/2872/2630
f 3346/2872/2630 3357/2877/2641 3358/2878/2642
f 3359/2879/2643 3348/2874/2632 3347/2873/2631
f 3347/2873/2631 3358/2878/2642 3359/2879/2643
f 3360/2880/2644 3349/2875/2633 3348/2874/2632
f 3348/2874/2632 3359/2879/2643 3360/2880/2644
f 3361/2566/2645 3350/2564/2634 3349/2875/2633
f 3349/2875/2633 3360/2880/2644 3361/2566/2645
f 3362/2566/2646 3351/2564/2635 3350/2564/2634
f 3350/2564/2634 3361/2566/2645 3362/2566/2646
f 3363/2566/2647 3352/2564/2636 3351/2564/2635
f 3351/2564/2635 3362/2566/2646 3363/2566/2647
f 3364/2566/2648 3353/2564/2637 3352/2564/2636
f 3352/2564/2636 3363/2566/2647 3364/2566/2648
f 3365/2566/2649 3354/2564/2638 3353/2564/2637
f 3353/2564/2637 3364/2566/2648 3365/2566/2649
f 3219/2566/2503 3217/2564/2501 3355/2564/2639
f 3355/2564/2639 3366/2566/2650 3219/2566/2503
f 3366/2566/2650 3355/2564/2639 3354/2564/2638
f 3354/2564/2638 3365/2566/2649 3366/2566/2650
f 3367/2881/2651 3356/2876/2640 3180/2806/2471
f 3180/2806/2471 3182/2808/2472 3367/2881/2651
f 3368/2882/2652 3357/2877/2641 3356/2876/2640
f 3356/2876/2640 3367/2881/2651 3368/2882/2652
f 3369/2883/2653 3358/2878/2642 3357/2877/2641
f 3357/2877/2641 3368/2882/2652 3369/2883/2653
f 3370/2884/2654 3359/2879/2643 3358/2878/2642
f 3358/2878/2642 3369/2883/2653 3370/2884/2654
f 3371/2885/2655 3360/2880/2644 3359/2879/2643
f 3359/2879/2643 3370/2884/2654 3371/2885/2655
f 3372/2568/2656 3361/2566/2645 3360/2880/2644
f 3360/2880/2644 3371/2885/2655 3372/2568/2656
f 3373/2568/2657 3362/2566/2646 3361/2566/2645
f 3361/2566/2645 3372/2568/2656 3373/2568/2657
f 3374/2568/2658 3363/2566/2647 3362/2566/2646
f 3362/2566/2646 3373/2568/2657 3374/2568/2658
f 3375/2568/2659 3364/2566/2648 3363/2566/2647
f 3363/2566/2647 3374/2568/2658 3375/2568/2659
f 3376/2568/2660 3365/2566/2649 3364/2566/2648
f 3364/2566/2648 3375/2568/2659 3376/2568/2660
f 3221/2568/2505 3219/2566/2503 3366/2566/2650
f 3366/2566/2650 3377/2568/2661 3221/2568/2505
f 3377/2568/2661 3366/2566/2650 3365/2566/2649
f 3365/2566/2649 3376/2568/2660 3377/2568/2661
f 3378/2886/2662 3367/2881/2651 3182/2808/2472
f 3182/2808/2472 3184/2810/2473 3378/2886/2662
f 3379/2887/2663 3368/2882/2652 3367/2881/2651
f 3367/2881/2651 3378/2886/2662 3379/2887/2663
f 3380/2888/2664 3369/2883/2653 3368/2882/2652
f 3368/2882/2652 3379/2887/2663 3380/2888/2664
f 3381/2889/2665 3370/2884/2654 3369/2883/2653
f 3369/2883/2653 3380/2888/2664 3381/2889/2665
f 3382/2890/2666 3371/2885/2655 3370/2884/2654
f 3370/2884/2654 3381/2889/2665 3382/2890/2666
f 3383/2570/2667 3372/2568/2656 3371/2885/2655
f 3371/2885/2655 3382/2890/2666 3383/2570/2667
f 3384/2570/2668 3373/2568/2657 3372/2568/2656
f 3372/2568/2656 3383/2570/2667 3384/2570/2668
f 3385/2570/2669 3374/2568/2658 3373/2568/2657
f 3373/2568/2657 3384/2570/2668 3385/2570/2669
f 3386/2570/2670 3375/2568/2659 3374/2568/2658
f 3374/2568/2658 3385/2570/2669 3386/2570/2670
f 3387/2570/2671 3376/2568/2660 3375/2568/2659
f 3375/2568/2659 3386/2570/2670 3387/2570/2671
f 3223/2570/2507 3221/2568/2505 3377/2568/2661
f 3377/2568/2661 3388/2570/2672 3223/2570/2507
f 3388/2570/2672 3377/2568/2661 3376/2568/2660
f 3376/2568/2660 3387/2570/2671 3388/2570/2672
f 3389/2891/2673 3378/2886/2662 3184/2810/2473
f 3184/2810/2473 3186/2812/2474 3389/2891/2673
f 3390/2892/2674 3379/2887/2663 3378/2886/2662
f 3378/2886/2662 3389/2891/2673 3390/2892/2674
f 3391/2893/2675 3380/2888/2664 3379/2887/2663
f 3379/2887/2663 3390/2892/2674 3391/2893/2675
f 3392/2894/2676 3381/2889/2665 3380/2888/2664
f 3380/2888/2664 3391/2893/2675 3392/2894/2676
f 3393/2895/2677 3382/2890/2666 3381/2889/2665
f 3381/2889/2665 3392/2894/2676 3393/2895/2677
f 3394/2572/2678 3383/2570/2667 3382/2890/2666
f 3382/2890/2666 3393/2895/2677 3394/2572/2678
f 3395/2572/2679 3384/2570/2668 3383/2570/2667
f 3383/2570/2667 3394/2572/2678 3395/2572/2679
f 3396/2572/2680 3385/2570/2669 3384/2570/2668
f 3384/2570/2668 3395/2572/2679 3396/2572/2680
f 3397/2572/2681 3386/2570/2670 3385/2570/2669
f 3385/2570/2669 3396/2572/2680 3397/2572/2681
f 3398/2572/2682 3387/2570/2671 3386/2570/2670
f 3386/2570/2670 3397/2572/2681 3398/2572/2682
f 3225/2572/2509 3223/2570/2507 3388/2570/2672
f 3388/2570/2672 3399/2572/2683 3225/2572/2509
f 3399/2572/2683 3388/2570/2672 3387/2570/2671
f 3387/2570/2671 3398/2572/2682 3399/2572/2683
f 3400/2896/2684 3389/2891/2673 3186/2812/2474
f 3186/2812/2474 3188/2814/2475 3400/2896/2684
f 3401/2897/2685 3390/2892/2674 3389/2891/2673
f 3389/2891/2673 3400/2896/2684 3401/2897/2685
f 3402/2898/2686 3391/2893/2675 3390/2892/2674
f 3390/2892/2674 3401/2897/2685 3402/2898/2686
f 3403/2899/2687 3392/2894/2676 3391/2893/2675
f 3391/2893/2675 3402/2898/2686 3403/2899/2687
f 3404/2900/2688 3393/2895/2677 3392/2894/2676
f 3392/2894/2676 3403/2899/2687 3404/2900/2688
f 3405/2574/2689 3394/2572/2678 3393/2895/2677
f 3393/2895/2677 3404/2900/2688 3405/2574/2689
f 3406/2574/2690 3395/2572/2679 3394/2572/2678
f 3394/2572/2678 3405/2574/2689 3406/2574/2690
f 3407/2574/2691 3396/2572/2680 3395/2572/2679
f 3395/2572/2679 3406/2574/2690 3407/2574/2691
f 3408/2574/2692 3397/2572/2681 3396/2572/2680
f 3396/2572/2680 3407/2574/2691 3408/2574/2692
f 3409/2574/2693 3398/2572/2682 3397/2572/2681
f 3397/2572/2681 3408/2574/2692 3409/2574/2693
f 3227/2574/2511 3225/2572/2509 3399/2572/2683
f 3399/2572/2683 3410/2574/2694 3227/2574/2511
f 3410/2574/2694 3399/2572/2683 3398/2572/2682
f 3398/2572/2682 3409/2574/2693 3410/2574/2694
f 3411/2901/2695 3400/2896/2684 3188/2814/2475
f 3188/2814/2475 3190/2816/2476 3411/2901/2695
f 3412/2902/2696 3401/2897/2685 3400/2896/2684
f 3400/2896/2684 3411/2901/2695 3412/2902/2696
f 3413/2903/2697 3402/2898/2686 3401/2897/2685
f 3401/2897/2685 3412/2902/2696 3413/2903/2697
f 3414/2904/2698 3403/2899/2687 3402/2898/2686
f 3402/2898/2686 3413/2903/2697 3414/2904/2698
f 3415/2905/2699 3404/2900/2688 3403/2899/2687
f 3403/2899/2687 3414/2904/2698 3415/2905/2699
f 3416/2576/2700 3405/2574/2689 3404/2900/2688
f 3404/2900/2688 3415/2905/2699 3416/2576/2700
f 3417/2576/2701 3406/2574/2690 3405/2574/2689
f 3405/2574/2689 3416/2576/2700 3417/2576/2701
f 3418/2576/2702 3407/2574/2691 3406/2574/2690
f 3406/2574/2690 3417/2576/2701 3418/2576/2702
f 3419/2576/2703 3408/2574/2692 3407/2574/2691
f 3407/2574/2691 3418/2576/2702 3419/2576/2703
f 3420/2576/2704 3409/2574/2693 3408/2574/2692
f 3408/2574/2692 3419/2576/2703 3420/2576/2704
f 3229/2576/2513 3227/2574/2511 3410/2574/2694
f 3410/2574/2694 3421/2576/2705 3229/2576/2513
f 3421/2576/2705 3410/2574/2694 3409/2574/2693
f 3409/2574/2693 3420/2576/2704 3421/2576/2705
f 3422/2906/2706 3411/2901/2695 3190/2816/2476
f 3190/2816/2476 3192/2818/2477 3422/2906/2706
f 3423/2907/2707 3412/2902/2696 3411/2901/2695
f 3411/2901/2695 3422/2906/2706 3423/2907/2707
f 3424/2908/2708 3413/2903/2697 3412/2902/2696
f 3412/2902/2696 3423/2907/2707 3424/2908/2708
f 3425/2909/2709 3414/2904/2698 3413/2903/2697
f 3413/2903/2697 3424/2908/2708 3425/2909/2709
f 3426/2910/2710 3415/2905/2699 3414/2904/2698
f 3414/2904/2698 3425/2909/2709 3426/2910/2710
f 3427/2578/2711 3416/2576/2700 3415/2905/2699
f 3415/2905/2699 3426/2910/2710 3427/2578/2711
f 3428/2578/2712 3417/2576/2701 3416/2576/2700
f 3416/2576/2700 3427/2578/2711 3428/2578/2712
f 3429/2578/2713 3418/2576/2702 3417/2576/2701
f 3417/2576/2701 3428/2578/2712 3429/2578/2713
f 3430/2578/2714 3419/2576/2703 3418/2576/2702
f 3418/2576/2702 3429/2578/2713 3430/2578/2714
f 3431/2578/2715 3420/2576/2704 3419/2576/2703
f 3419/2576/2703 3430/2578/2714 3431/2578/2715
f 3231/2578/2515 3229/2576/2513 3421/2576/2705
f 3421/2576/2705 3432/2578/2716 3231/2578/2515
f 3432/2578/2716 3421/2576/2705 3420/2576/2704
f 3420/2576/2704 3431/2578/2715 3432/2578/2716
f 3192/2818/2477 3194/2820/2478 3433/2911/2437
f 3433/2911/2437 3422/2906/2706 3192/2818/2477
f 3422/2906/2706 3433/2911/2437 3434/2912/2717
f 3434/2912/2717 3423/2907/2707 3422/2906/2706
f 3423/2907/2707 3434/2912/2717 3435/2913/2718
f 3435/2913/2718 3424/2908/2708 3423/2907/2707
f 3424/2908/2708 3435/2913/2718 3436/2914/2719
f 3436/2914/2719 3425/2909/2709 3424/2908/2708
f 3425/2909/2709 3436/2914/2719 3437/2915/2720
f 3437/2915/2720 3426/2910/2710 3425/2909/2709
f 3426/2910/2710 3437/2915/2720 3438/2580/2721
f 3438/2580/2721 3427/2578/2711 3426/2910/2710
f 3427/2578/2711 3438/2580/2721 3439/2580/2449
f 3439/2580/2449 3428/2578/2712 3427/2578/2711
f 3428/2578/2712 3439/2580/2449 3440/2580/2722
f 3440/2580/2722 3429/2578/2713 3428/2578/2712
f 3429/2578/2713 3440/2580/2722 3441/2580/2453
f 3441/2580/2453 3430/2578/2714 3429/2578/2713
f 3430/2578/2714 3441/2580/2453 3442/2580/2455
f 3442/2580/2455 3431/2578/2715 3430/2578/2714
f 3431/2578/2715 3442/2580/2455 3443/2580/2723
f 3443/2580/2723 3432/2578/2716 3431/2578/2715
f 3432/2578/2716 3443/2580/2723 3233/2580/2517
f 3233/2580/2517 3231/2578/2515 3432/2578/2716
f 3444/2916/2724 3445/2917/2725 3446/2918/2726
f 3446/2918/2726 3447/2919/2727 3444/2916/2724
f 3447/2919/2727 3446/2918/2726 3448/2920/2728
f 3448/2920/2728 3449/2921/2729 3447/2919/2727
f 3449/2921/2729 3448/2920/2728 3450/2922/2730
f 3450/2922/2730 3451/2923/2731 3449/2921/2729
f 3451/2923/2731 3450/2922/2730 3452/2924/2732
f 3452/2924/2732 3453/2925/2733 3451/2923/2731
f 3453/2925/2733 3452/2924/2732 3454/2926/2734
f 3454/2926/2734 3455/2927/2735 3453/2925/2733
f 3455/2927/2735 3454/2926/2734 3456/2498/2736
f 3456/2498/2736 3457/2501/2737 3455/2927/2735
f 3457/2501/2737 3456/2498/2736 3458/2498/2738
f 3458/2498/2738 3459/2501/2739 3457/2501/2737
f 3459/2501/2739 3458/2498/2738 3460/2498/2740
f 3460/2498/2740 3461/2501/2741 3459/2501/2739
f 3461/2501/2741 3460/2498/2740 3462/2498/2742
f 3462/2498/2742 3463/2501/2743 3461/2501/2741
f 3463/2501/2743 3462/2498/2742 3464/2498/2744
f 3464/2498/2744 3465/2501/2745 3463/2501/2743
f 3465/2501/2745 3464/2498/2744 3466/2498/2746
f 3466/2498/2746 3467/2501/2747 3465/2501/2745
f 3467/2501/2747 3466/2498/2746 3468/2498/2748
f 3468/2498/2748 3469/2501/2749 3467/2501/2747
f 3155/2781/2296 3445/2917/2725 3444/2916/2724
f 3444/2916/2724 3156/2782/2297 3155/2781/2296
f 3156/2782/2297 3444/2916/2724 3470/2928/2750
f 3470/2928/2750 3157/2783/2298 3156/2782/2297
f 3157/2783/2298 3470/2928/2750 3471/2929/2751
f 3471/2929/2751 3159/2785/2299 3157/2783/2298
f 3159/2785/2299 3471/2929/2751 3472/2930/2752
f 3472/2930/2752 3161/2787/2300 3159/2785/2299
f 3161/2787/2300 3472/2930/2752 3473/2931/2753
f 3473/2931/2753 3163/2789/2301 3161/2787/2300
f 3163/2789/2301 3473/2931/2753 3474/2932/2754
f 3474/2932/2754 3165/2791/2302 3163/2789/2301
f 3165/2791/2302 3474/2932/2754 3475/2933/2755
f 3475/2933/2755 3167/2793/2303 3165/2791/2302
f 3167/2793/2303 3475/2933/2755 3476/2934/2756
f 3476/2934/2756 3169/2795/2304 3167/2793/2303
f 3169/2795/2304 3476/2934/2756 3477/2935/2757
f 3477/2935/2757 3171/2797/194 3169/2795/2304
f 3171/2797/194 3477/2935/2757 3478/2936/2758
f 3478/2936/2758 3173/2799/2305 3171/2797/194
f 3173/2799/2305 3478/2936/2758 3479/2937/2759
f 3479/2937/2759 3175/2801/2306 3173/2799/2305
f 3175/2801/2306 3479/2937/2759 3480/2938/2760
f 3480/2938/2760 3177/2803/2307 3175/2801/2306
f 3177/2803/2307 3480/2938/2760 3481/2939/2761
f 3481/2939/2761 3179/2805/2308 3177/2803/2307
f 3179/2805/2308 3481/2939/2761 3482/2940/2762
f 3482/2940/2762 3181/2807/2309 3179/2805/2308
f 3181/2807/2309 3482/2940/2762 3483/2941/2763
f 3483/2941/2763 3183/2809/2310 3181/2807/2309
f 3183/2809/2310 3483/2941/2763 3484/2942/2764
f 3484/2942/2764 3185/2811/2311 3183/2809/2310
f 3185/2811/2311 3484/2942/2764 3485/2943/2765
f 3485/2943/2765 3187/2813/2312 3185/2811/2311
f 3187/2813/2312 3485/2943/2765 3486/2944/2766
f 3486/2944/2766 3189/2815/2313 3187/2813/2312
f 3189/2815/2313 3486/2944/2766 3487/2945/2767
f 3487/2945/2767 3191/2817/204 3189/2815/2313
f 3191/2817/204 3487/2945/2767 3488/2946/2768
f 3488/2946/2768 3193/2819/2314 3191/2817/204
f 3468/2498/2748 3489/2498/2769 3490/2501/2770
f 3490/2501/2770 3469/2501/2749 3468/2498/2748
f 3469/2501/2749 3490/2501/2770 3491/2503/2771
f 3491/2503/2771 3492/2503/2772 3469/2501/2749
f 3492/2503/2772 3491/2503/2771 3493/2505/2773
f 3493/2505/2773 3494/2505/2774 3492/2503/2772
f 3494/2505/2774 3493/2505/2773 3495/2507/2775
f 3495/2507/2775 3496/2507/2776 3494/2505/2774
f 3496/2507/2776 3495/2507/2775 3497/2509/2777
f 3497/2509/2777 3498/2947/2778 3496/2507/2776
f 3498/2947/2778 3497/2509/2777 3499/2511/2779
f 3499/2511/2779 3500/2511/2780 3498/2947/2778
f 3500/2511/2780 3499/2511/2779 3501/2513/2781
f 3501/2513/2781 3502/2513/2782 3500/2511/2780
f 3502/2513/2782 3501/2513/2781 3503/2515/2783
f 3503/2515/2783 3504/2515/2784 3502/2513/2782
f 3504/2515/2784 3503/2515/2783 3505/2517/2785
f 3505/2517/2785 3506/2517/2786 3504/2515/2784
f 3506/2517/2786 3505/2517/2785 3507/2519/2787
f 3507/2519/2787 3508/2519/2788 3506/2517/2786
f 3508/2519/2788 3507/2519/2787 3509/2521/2789
f 3509/2521/2789 3510/2521/2790 3508/2519/2788
f 3510/2521/2790 3509/2521/2789 3511/2523/2791
f 3511/2523/2791 3512/2523/2792 3510/2521/2790
f 3512/2523/2792 3511/2523/2791 3513/2525/2793
f 3513/2525/2793 3514/2525/2794 3512/2523/2792
f 3514/2525/2794 3513/2525/2793 3515/2527/2795
f 3515/2527/2795 3516/2527/2796 3514/2525/2794
f 3516/2527/2796 3515/2527/2795 3517/2529/2797
f 3517/2529/2797 3518/2529/2798 3516/2527/2796
f 3518/2529/2798 3517/2529/2797 3519/2531/2799
f 3519/2531/2799 3520/2948/2800 3518/2529/2798
f 3520/2948/2800 3519/2531/2799 3521/2533/2801
f 3521/2533/2801 3522/2533/2802 3520/2948/2800
f 3522/2533/2802 3521/2533/2801 3523/2535/2803
f 3523/2535/2803 3524/2535/2804 3522/2533/2802
f 3524/2535/2804 3523/2535/2803 3525/2537/2805
f 3525/2537/2805 3526/2537/2806 3524/2535/2804
f 3526/2537/2806 3525/2537/2805 3527/2539/2807
f 3527/2539/2807 3528/2539/2748 3526/2537/2806
f 3529/2503/2808 3467/2501/2747 3469/2501/2749
f 3469/2501/2749 3492/2503/2772 3529/2503/2808
f 3530/2503/2809 3465/2501/2745 3467/2501/2747
f 3467/2501/2747 3529/2503/2808 3530/2503/2809
f 3531/2503/2810 3463/2501/2743 3465/2501/2745
f 3465/2501/2745 3530/2503/2809 3531/2503/2810
f 3532/2503/2811 3461/2501/2741 3463/2501/2743
f 3463/2501/2743 3531/2503/2810 3532/2503/2811
f 3533/2503/2812 3459/2501/2739 3461/2501/2741
f 3461/2501/2741 3532/2503/2811 3533/2503/2812
f 3534/2503/2813 3457/2501/2737 3459/2501/2739
f 3459/2501/2739 3533/2503/2812 3534/2503/2813
f 3535/2949/2814 3455/2927/2735 3457/2501/2737
f 3457/2501/2737 3534/2503/2813 3535/2949/2814
f 3536/2950/2815 3453/2925/2733 3455/2927/2735
f 3455/2927/2735 3535/2949/2814 3536/2950/2815
f 3537/2951/2816 3451/2923/2731 3453/2925/2733
f 3453/2925/2733 3536/2950/2815 3537/2951/2816
f 3538/2952/2817 3449/2921/2729 3451/2923/2731
f 3451/2923/2731 3537/2951/2816 3538/2952/2817
f 3470/2928/2750 3444/2916/2724 3447/2919/2727
f 3447/2919/2727 3539/2953/2818 3470/2928/2750
f 3539/2953/2818 3447/2919/2727 3449/2921/2729
f 3449/2921/2729 3538/2952/2817 3539/2953/2818
f 3540/2505/2819 3529/2503/2808 3492/2503/2772
f 3492/2503/2772 3494/2505/2774 3540/2505/2819
f 3541/2505/2820 3530/2503/2809 3529/2503/2808
f 3529/2503/2808 3540/2505/2819 3541/2505/2820
f 3542/2505/2821 3531/2503/2810 3530/2503/2809
f 3530/2503/2809 3541/2505/2820 3542/2505/2821
f 3543/2505/2822 3532/2503/2811 3531/2503/2810
f 3531/2503/2810 3542/2505/2821 3543/2505/2822
f 3544/2505/2823 3533/2503/2812 3532/2503/2811
f 3532/2503/2811 3543/2505/2822 3544/2505/2823
f 3545/2505/2824 3534/2503/2813 3533/2503/2812
f 3533/2503/2812 3544/2505/2823 3545/2505/2824
f 3546/2954/2825 3535/2949/2814 3534/2503/2813
f 3534/2503/2813 3545/2505/2824 3546/2954/2825
f 3547/2955/2826 3536/2950/2815 3535/2949/2814
f 3535/2949/2814 3546/2954/2825 3547/2955/2826
f 3548/2956/2827 3537/2951/2816 3536/2950/2815
f 3536/2950/2815 3547/2955/2826 3548/2956/2827
f 3549/2957/2828 3538/2952/2817 3537/2951/2816
f 3537/2951/2816 3548/2956/2827 3549/2957/2828
f 3471/2929/2751 3470/2928/2750 3539/2953/2818
f 3539/2953/2818 3550/2958/2829 3471/2929/2751
f 3550/2958/2829 3539/2953/2818 3538/2952/2817
f 3538/2952/2817 3549/2957/2828 3550/2958/2829
f 3551/2507/2830 3540/2505/2819 3494/2505/2774
f 3494/2505/2774 3496/2507/2776 3551/2507/2830
f 3552/2507/2831 3541/2505/2820 3540/2505/2819
f 3540/2505/2819 3551/2507/2830 3552/2507/2831
f 3553/2507/2832 3542/2505/2821 3541/2505/2820
f 3541/2505/2820 3552/2507/2831 3553/2507/2832
f 3554/2507/2833 3543/2505/2822 3542/2505/2821
f 3542/2505/2821 3553/2507/2832 3554/2507/2833
f 3555/2507/2834 3544/2505/2823 3543/2505/2822
f 3543/2505/2822 3554/2507/2833 3555/2507/2834
f 3556/2507/2835 3545/2505/2824 3544/2505/2823
f 3544/2505/2823 3555/2507/2834 3556/2507/2835
f 3557/2959/2836 3546/2954/2825 3545/2505/2824
f 3545/2505/2824 3556/2507/2835 3557/2959/2836
f 3558/2960/2837 3547/2955/2826 3546/2954/2825
f 3546/2954/2825 3557/2959/2836 3558/2960/2837
f 3559/2961/2838 3548/2956/2827 3547/2955/2826
f 3547/2955/2826 3558/2960/2837 3559/2961/2838
f 3560/2962/2839 3549/2957/2828 3548/2956/2827
f 3548/2956/2827 3559/2961/2838 3560/2962/2839
f 3472/2930/2752 3471/2929/2751 3550/2958/2829
f 3550/2958/2829 3561/2963/2840 3472/2930/2752
f 3561/2963/2840 3550/2958/2829 3549/2957/2828
f 3549/2957/2828 3560/2962/2839 3561/2963/2840
f 3562/2947/2841 3551/2507/2830 3496/2507/2776
f 3496/2507/2776 3498/2947/2778 3562/2947/2841
f 3563/2947/2842 3552/2507/2831 3551/2507/2830
f 3551/2507/2830 3562/2947/2841 3563/2947/2842
f 3564/2509/2843 3553/2507/2832 3552/2507/2831
f 3552/2507/2831 3563/2947/2842 3564/2509/2843
f 3565/2509/2844 3554/2507/2833 3553/2507/2832
f 3553/2507/2832 3564/2509/2843 3565/2509/2844
f 3566/2509/2845 3555/2507/2834 3554/2507/2833
f 3554/2507/2833 3565/2509/2844 3566/2509/2845
f 3567/2509/2846 3556/2507/2835 3555/2507/2834
f 3555/2507/2834 3566/2509/2845 3567/2509/2846
f 3568/2964/2847 3557/2959/2836 3556/2507/2835
f 3556/2507/2835 3567/2509/2846 3568/2964/2847
f 3569/2965/2848 3558/2960/2837 3557/2959/2836
f 3557/2959/2836 3568/2964/2847 3569/2965/2848
f 3570/2966/2849 3559/2961/2838 3558/2960/2837
f 3558/2960/2837 3569/2965/2848 3570/2966/2849
f 3571/2967/2850 3560/2962/2839 3559/2961/2838
f 3559/2961/2838 3570/2966/2849 3571/2967/2850
f 3473/2931/2753 3472/2930/2752 3561/2963/2840
f 3561/2963/2840 3572/2968/2851 3473/2931/2753
f 3572/2968/2851 3561/2963/2840 3560/2962/2839
f 3560/2962/2839 3571/2967/2850 3572/2968/2851
f 3573/2511/2852 3562/2947/2841 3498/2947/2778
f 3498/2947/2778 3500/2511/2780 3573/2511/2852
f 3574/2511/2853 3563/2947/2842 3562/2947/2841
f 3562/2947/2841 3573/2511/2852 3574/2511/2853
f 3575/2511/2854 3564/2509/2843 3563/2947/2842
f 3563/2947/2842 3574/2511/2853 3575/2511/2854
f 3576/2511/2855 3565/2509/2844 3564/2509/2843
f 3564/2509/2843 3575/2511/2854 3576/2511/2855
f 3577/2511/2856 3566/2509/2845 3565/2509/2844
f 3565/2509/2844 3576/2511/2855 3577/2511/2856
f 3578/2511/2857 3567/2509/2846 3566/2509/2845
f 3566/2509/2845 3577/2511/2856 3578/2511/2857
f 3579/2969/2858 3568/2964/2847 3567/2509/2846
f 3567/2509/2846 3578/2511/2857 3579/2969/2858
f 3580/2970/2859 3569/2965/2848 3568/2964/2847
f 3568/2964/2847 3579/2969/2858 3580/2970/2859
f 3581/2971/2860 3570/2966/2849 3569/2965/2848
f 3569/2965/2848 3580/2970/2859 3581/2971/2860
f 3582/2972/2861 3571/2967/2850 3570/2966/2849
f 3570/2966/2849 3581/2971/2860 3582/2972/2861
f 3474/2932/2754 3473/2931/2753 3572/2968/2851
f 3572/2968/2851 3583/2973/2862 3474/2932/2754
f 3583/2973/2862 3572/2968/2851 3571/2967/2850
f 3571/2967/2850 3582/2972/2861 3583/2973/2862
f 3584/2513/2863 3573/2511/2852 3500/2511/2780
f 3500/2511/2780 3502/2513/2782 3584/2513/2863
f 3585/2513/2864 3574/2511/2853 3573/2511/2852
f 3573/2511/2852 3584/2513/2863 3585/2513/2864
f 3586/2513/2865 3575/2511/2854 3574/2511/2853
f 3574/2511/2853 3585/2513/2864 3586/2513/2865
f 3587/2513/2866 3576/2511/2855 3575/2511/2854
f 3575/2511/2854 3586/2513/2865 3587/2513/2866
f 3588/2513/2867 3577/2511/2856 3576/2511/2855
f 3576/2511/2855 3587/2513/2866 3588/2513/2867
f 3589/2513/2868 3578/2511/2857 3577/2511/2856
f 3577/2511/2856 3588/2513/2867 3589/2513/2868
f 3590/2974/2869 3579/2969/2858 3578/2511/2857
f 3578/2511/2857 3589/2513/2868 3590/2974/2869
f 3591/2975/2870 3580/2970/2859 3579/2969/2858
f 3579/2969/2858 3590/2974/2869 3591/2975/2870
f 3592/2976/2871 3581/2971/2860 3580/2970/2859
f 3580/2970/2859 3591/2975/2870 3592/2976/2871
f 3593/2977/2872 3582/2972/2861 3581/2971/2860
f 3581/2971/2860 3592/2976/2871 3593/2977/2872
f 3475/2933/2755 3474/2932/2754 3583/2973/2862
f 3583/2973/2862 3594/2978/2873 3475/2933/2755
f 3594/2978/2873 3583/2973/2862 3582/2972/2861
f 3582/2972/2861 3593/2977/2872 3594/2978/2873
f 3595/2515/2874 3584/2513/2863 3502/2513/2782
f 3502/2513/2782 3504/2515/2784 3595/2515/2874
f 3596/2515/2875 3585/2513/2864 3584/2513/2863
f 3584/2513/2863 3595/2515/2874 3596/2515/2875
f 3597/2515/2876 3586/2513/2865 3585/2513/2864
f 3585/2513/2864 3596/2515/2875 3597/2515/2876
f 3598/2515/2877 3587/2513/2866 3586/2513/2865
f 3586/2513/2865 3597/2515/2876 3598/2515/2877
f 3599/2515/2878 3588/2513/2867 3587/2513/2866
f 3587/2513/2866 3598/2515/2877 3599/2515/2878
f 3600/2515/2879 3589/2513/2868 3588/2513/2867
f 3588/2513/2867 3599/2515/2878 3600/2515/2879
f 3601/2979/2880 3590/2974/2869 3589/2513/2868
f 3589/2513/2868 3600/2515/2879 3601/2979/2880
f 3602/2980/2881 3591/2975/2870 3590/2974/2869
f 3590/2974/2869 3601/2979/2880 3602/2980/2881
f 3603/2981/2882 3592/2976/2871 3591/2975/2870
f 3591/2975/2870 3602/2980/2881 3603/2981/2882
f 3604/2982/2883 3593/2977/2872 3592/2976/2871
f 3592/2976/2871 3603/2981/2882 3604/2982/2883
f 3476/2934/2756 3475/2933/2755 3594/2978/2873
f 3594/2978/2873 3605/2983/2884 3476/2934/2756
f 3605/2983/2884 3594/2978/2873 3593/2977/2872
f 3593/2977/2872 3604/2982/2883 3605/2983/2884
f 3606/2517/2885 3595/2515/2874 3504/2515/2784
f 3504/2515/2784 3506/2517/2786 3606/2517/2885
f 3607/2517/2886 3596/2515/2875 3595/2515/2874
f 3595/2515/2874 3606/2517/2885 3607/2517/2886
f 3608/2517/2887 3597/2515/2876 3596/2515/2875
f 3596/2515/2875 3607/2517/2886 3608/2517/2887
f 3609/2517/2888 3598/2515/2877 3597/2515/2876
f 3597/2515/2876 3608/2517/2887 3609/2517/2888
f 3610/2517/2889 3599/2515/2878 3598/2515/2877
f 3598/2515/2877 3609/2517/2888 3610/2517/2889
f 3611/2517/2890 3600/2515/2879 3599/2515/2878
f 3599/2515/2878 3610/2517/2889 3611/2517/2890
f 3612/2984/2891 3601/2979/2880 3600/2515/2879
f 3600/2515/2879 3611/2517/2890 3612/2984/2891
f 3613/2985/2892 3602/2980/2881 3601/2979/2880
f 3601/2979/2880 3612/2984/2891 3613/2985/2892
f 3614/2986/2893 3603/2981/2882 3602/2980/2881
f 3602/2980/2881 3613/2985/2892 3614/2986/2893
f 3615/2987/2894 3604/2982/2883 3603/2981/2882
f 3603/2981/2882 3614/2986/2893 3615/2987/2894
f 3477/2935/2757 3476/2934/2756 3605/2983/2884
f 3605/2983/2884 3616/2988/2895 3477/2935/2757
f 3616/2988/2895 3605/2983/2884 3604/2982/2883
f 3604/2982/2883 3615/2987/2894 3616/2988/2895
f 3617/2519/2896 3606/2517/2885 3506/2517/2786
f 3506/2517/2786 3508/2519/2788 3617/2519/2896
f 3618/2519/2897 3607/2517/2886 3606/2517/2885
f 3606/2517/2885 3617/2519/2896 3618/2519/2897
f 3619/2519/2898 3608/2517/2887 3607/2517/2886
f 3607/2517/2886 3618/2519/2897 3619/2519/2898
f 3620/2519/2899 3609/2517/2888 3608/2517/2887
f 3608/2517/2887 3619/2519/2898 3620/2519/2899
f 3621/2519/2900 3610/2517/2889 3609/2517/2888
f 3609/2517/2888 3620/2519/2899 3621/2519/2900
f 3622/2519/2901 3611/2517/2890 3610/2517/2889
f 3610/2517/2889 3621/2519/2900 3622/2519/2901
f 3623/2989/2902 3612/2984/2891 3611/2517/2890
f 3611/2517/2890 3622/2519/2901 3623/2989/2902
f 3624/2990/2903 3613/2985/2892 3612/2984/2891
f 3612/2984/2891 3623/2989/2902 3624/2990/2903
f 3625/2991/2904 3614/2986/2893 3613/2985/2892
f 3613/2985/2892 3624/2990/2903 3625/2991/2904
f 3626/2992/2905 3615/2987/2894 3614/2986/2893
f 3614/2986/2893 3625/2991/2904 3626/2992/2905
f 3478/2936/2758 3477/2935/2757 3616/2988/2895
f 3616/2988/2895 3627/2993/2906 3478/2936/2758
f 3627/2993/2906 3616/2988/2895 3615/2987/2894
f 3615/2987/2894 3626/2992/2905 3627/2993/2906
f 3628/2521/2907 3617/2519/2896 3508/2519/2788
f 3508/2519/2788 3510/2521/2790 3628/2521/2907
f 3629/2521/2908 3618/2519/2897 3617/2519/2896
f 3617/2519/2896 3628/2521/2907 3629/2521/2908
f 3630/2521/2909 3619/2519/2898 3618/2519/2897
f 3618/2519/2897 3629/2521/2908 3630/2521/2909
f 3631/2521/2910 3620/2519/2899 3619/2519/2898
f 3619/2519/2898 3630/2521/2909 3631/2521/2910
f 3632/2521/2911 3621/2519/2900 3620/2519/2899
f 3620/2519/2899 3631/2521/2910 3632/2521/2911
f 3633/2521/2912 3622/2519/2901 3621/2519/2900
f 3621/2519/2900 3632/2521/2911 3633/2521/2912
f 3634/2994/2913 3623/2989/2902 3622/2519/2901
f 3622/2519/2901 3633/2521/2912 3634/2994/2913
f 3635/2995/2914 3624/2990/2903 3623/2989/2902
f 3623/2989/2902 3634/2994/2913 3635/2995/2914
f 3636/2996/2915 3625/2991/2904 3624/2990/2903
f 3624/2990/2903 3635/2995/2914 3636/2996/2915
f 3637/2997/2916 3626/2992/2905 3625/2991/2904
f 3625/2991/2904 3636/2996/2915 3637/2997/2916
f 3479/2937/2759 3478/2936/2758 3627/2993/2906
f 3627/2993/2906 3638/2998/2917 3479/2937/2759
f 3638/2998/2917 3627/2993/2906 3626/2992/2905
f 3626/2992/2905 3637/2997/2916 3638/2998/2917
f 3639/2523/2918 3628/2521/2907 3510/2521/2790
f 3510/2521/2790 3512/2523/2792 3639/2523/2918
f 3640/2523/2919 3629/2521/2908 3628/2521/2907
f 3628/2521/2907 3639/2523/2918 3640/2523/2919
f 3641/2523/2920 3630/2521/2909 3629/2521/2908
f 3629/2521/2908 3640/2523/2919 3641/2523/2920
f 3642/2523/2921 3631/2521/2910 3630/2521/2909
f 3630/2521/2909 3641/2523/2920 3642/2523/2921
f 3643/2523/2922 3632/2521/2911 3631/2521/2910
f 3631/2521/2910 3642/2523/2921 3643/2523/2922
f 3644/2523/2923 3633/2521/2912 3632/2521/2911
f 3632/2521/2911 3643/2523/2922 3644/2523/2923
f 3645/2999/2924 3634/2994/2913 3633/2521/2912
f 3633/2521/2912 3644/2523/2923 3645/2999/2924
f 3646/3000/2925 3635/2995/2914 3634/2994/2913
f 3634/2994/2913 3645/2999/2924 3646/3000/2925
f 3647/3001/2926 3636/2996/2915 3635/2995/2914
f 3635/2995/2914 3646/3000/2925 3647/3001/2926
f 3648/3002/2927 3637/2997/2916 3636/2996/2915
f 3636/2996/2915 3647/3001/2926 3648/3002/2927
f 3480/2938/2760 3479/2937/2759 3638/2998/2917
f 3638/2998/2917 3649/3003/2928 3480/2938/2760
f 3649/3003/2928 3638/2998/2917 3637/2997/2916
f 3637/2997/2916 3648/3002/2927 3649/3003/2928
f 3650/2525/2929 3639/2523/2918 3512/2523/2792
f 3512/2523/2792 3514/2525/2794 3650/2525/2929
f 3651/2525/2930 3640/2523/2919 3639/2523/2918
f 3639/2523/2918 3650/2525/2929 3651/2525/2930
f 3652/2525/2931 3641/2523/2920 3640/2523/2919
f 3640/2523/2919 3651/2525/2930 3652/2525/2931
f 3653/2525/2932 3642/2523/2921 3641/2523/2920
f 3641/2523/2920 3652/2525/2931 3653/2525/2932
f 3654/2525/2933 3643/2523/2922 3642/2523/2921
f 3642/2523/2921 3653/2525/2932 3654/2525/2933
f 3655/2525/2934 3644/2523/2923 3643/2523/2922
f 3643/2523/2922 3654/2525/2933 3655/2525/2934
f 3656/3004/2935 3645/2999/2924 3644/2523/2923
f 3644/2523/2923 3655/2525/2934 3656/3004/2935
f 3657/3005/2936 3646/3000/2925 3645/2999/2924
f 3645/2999/2924 3656/3004/2935 3657/3005/2936
f 3658/3006/2937 3647/3001/2926 3646/3000/2925
f 3646/3000/2925 3657/3005/2936 3658/3006/2937
f 3659/3007/2938 3648/3002/2927 3647/3001/2926
f 3647/3001/2926 3658/3006/2937 3659/3007/2938
f 3481/2939/2761 3480/2938/2760 3649/3003/2928
f 3649/3003/2928 3660/3008/2939 3481/2939/2761
f 3660/3008/2939 3649/3003/2928 3648/3002/2927
f 3648/3002/2927 3659/3007/2938 3660/3008/2939
f 3661/2527/2940 3650/2525/2929 3514/2525/2794
f 3514/2525/2794 3516/2527/2796 3661/2527/2940
f 3662/2527/2941 3651/2525/2930 3650/2525/2929
f 3650/2525/2929 3661/2527/2940 3662/2527/2941
f 3663/2527/2942 3652/2525/2931 3651/2525/2930
f 3651/2525/2930 3662/2527/2941 3663/2527/2942
f 3664/2527/2943 3653/2525/2932 3652/2525/2931
f 3652/2525/2931 3663/2527/2942 3664/2527/2943
f 3665/2527/2944 3654/2525/2933 3653/2525/2932
f 3653/2525/2932 3664/2527/2943 3665/2527/2944
f 3666/2527/2945 3655/2525/2934 3654/2525/2933
f 3654/2525/2933 3665/2527/2944 3666/2527/2945
f 3667/3009/2946 3656/3004/2935 3655/2525/2934
f 3655/2525/2934 3666/2527/2945 3667/3009/2946
f 3668/3010/2947 3657/3005/2936 3656/3004/2935
f 3656/3004/2935 3667/3009/2946 3668/3010/2947
f 3669/3011/2948 3658/3006/2937 3657/3005/2936
f 3657/3005/2936 3668/3010/2947 3669/3011/2948
f 3670/3012/2949 3659/3007/2938 3658/3006/2937
f 3658/3006/2937 3669/3011/2948 3670/3012/2949
f 3482/2940/2762 3481/2939/2761 3660/3008/2939
f 3660/3008/2939 3671/3013/2950 3482/2940/2762
f 3671/3013/2950 3660/3008/2939 3659/3007/2938
f 3659/3007/2938 3670/3012/2949 3671/3013/2950
f 3672/2529/2951 3661/2527/2940 3516/2527/2796
f 3516/2527/2796 3518/2529/2798 3672/2529/2951
f 3673/2529/2952 3662/2527/2941 3661/2527/2940
f 3661/2527/2940 3672/2529/2951 3673/2529/2952
f 3674/2529/2953 3663/2527/2942 3662/2527/2941
f 3662/2527/2941 3673/2529/2952 3674/2529/2953
f 3675/2529/2954 3664/2527/2943 3663/2527/2942
f 3663/2527/2942 3674/2529/2953 3675/2529/2954
f 3676/2529/2955 3665/2527/2944 3664/2527/2943
f 3664/2527/2943 3675/2529/2954 3676/2529/2955
f 3677/2529/2956 3666/2527/2945 3665/2527/2944
f 3665/2527/2944 3676/2529/2955 3677/2529/2956
f 3678/3014/2957 3667/3009/2946 3666/2527/2945
f 3666/2527/2945 3677/2529/2956 3678/3014/2957
f 3679/3015/2958 3668/3010/2947 3667/3009/2946
f 3667/3009/2946 3678/3014/2957 3679/3015/2958
f 3680/3016/2959 3669/3011/2948 3668/3010/2947
f 3668/3010/2947 3679/3015/2958 3680/3016/2959
f 3681/3017/2960 3670/3012/2949 3669/3011/2948
f 3669/3011/2948 3680/3016/2959 3681/3017/2960
f 3483/2941/2763 3482/2940/2762 3671/3013/2950
f 3671/3013/2950 3682/3018/2961 3483/2941/2763
f 3682/3018/2961 3671/3013/2950 3670/3012/2949
f 3670/3012/2949 3681/3017/2960 3682/3018/2961
f 3683/2948/2962 3672/2529/2951 3518/2529/2798
f 3518/2529/2798 3520/2948/2800 3683/2948/2962
f 3684/2948/2963 3673/2529/2952 3672/2529/2951
f 3672/2529/2951 3683/2948/2962 3684/2948/2963
f 3685/2531/2964 3674/2529/2953 3673/2529/2952
f 3673/2529/2952 3684/2948/2963 3685/2531/2964
f 3686/2531/2965 3675/2529/2954 3674/2529/2953
f 3674/2529/2953 3685/2531/2964 3686/2531/2965
f 3687/2531/2966 3676/2529/2955 3675/2529/2954
f 3675/2529/2954 3686/2531/2965 3687/2531/2966
f 3688/2531/2967 3677/2529/2956 3676/2529/2955
f 3676/2529/2955 3687/2531/2966 3688/2531/2967
f 3689/3019/2968 3678/3014/2957 3677/2529/2956
f 3677/2529/2956 3688/2531/2967 3689/3019/2968
f 3690/3020/2969 3679/3015/2958 3678/3014/2957
f 3678/3014/2957 3689/3019/2968 3690/3020/2969
f 3691/3021/2970 3680/3016/2959 3679/3015/2958
f 3679/3015/2958 3690/3020/2969 3691/3021/2970
f 3692/3022/2971 3681/3017/2960 3680/3016/2959
f 3680/3016/2959 3691/3021/2970 3692/3022/2971
f 3484/2942/2764 3483/2941/2763 3682/3018/2961
f 3682/3018/2961 3693/3023/2972 3484/2942/2764
f 3693/3023/2972 3682/3018/2961 3681/3017/2960
f 3681/3017/2960 3692/3022/2971 3693/3023/2972
f 3694/2533/2973 3683/2948/2962 3520/2948/2800
f 3520/2948/2800 3522/2533/2802 3694/2533/2973
f 3695/2533/2974 3684/2948/2963 3683/2948/2962
f 3683/2948/2962 3694/2533/2973 3695/2533/2974
f 3696/2533/2975 3685/2531/2964 3684/2948/2963
f 3684/2948/2963 3695/2533/2974 3696/2533/2975
f 3697/2533/2976 3686/2531/2965 3685/2531/2964
f 3685/2531/2964 3696/2533/2975 3697/2533/2976
f 3698/2533/2977 3687/2531/2966 3686/2531/2965
f 3686/2531/2965 3697/2533/2976 3698/2533/2977
f 3699/2533/2978 3688/2531/2967 3687/2531/2966
f 3687/2531/2966 3698/2533/2977 3699/2533/2978
f 3700/3024/2979 3689/3019/2968 3688/2531/2967
f 3688/2531/2967 3699/2533/2978 3700/3024/2979
f 3701/3025/2980 3690/3020/2969 3689/3019/2968
f 3689/3019/2968 3700/3024/2979 3701/3025/2980
f 3702/3026/2981 3691/3021/2970 3690/3020/2969
f 3690/3020/2969 3701/3025/2980 3702/3026/2981
f 3703/3027/2982 3692/3022/2971 3691/3021/2970
f 3691/3021/2970 3702/3026/2981 3703/3027/2982
f 3485/2943/2765 3484/2942/2764 3693/3023/2972
f 3693/3023/2972 3704/3028/2983 3485/2943/2765
f 3704/3028/2983 3693/3023/2972 3692/3022/2971
f 3692/3022/2971 3703/3027/2982 3704/3028/2983
f 3705/2535/2984 3694/2533/2973 3522/2533/2802
f 3522/2533/2802 3524/2535/2804 3705/2535/2984
f 3706/2535/2985 3695/2533/2974 3694/2533/2973
f 3694/2533/2973 3705/2535/2984 3706/2535/2985
f 3707/2535/2986 3696/2533/2975 3695/2533/2974
f 3695/2533/2974 3706/2535/2985 3707/2535/2986
f 3708/2535/2987 3697/2533/2976 3696/2533/2975
f 3696/2533/2975 3707/2535/2986 3708/2535/2987
f 3709/2535/2988 3698/2533/2977 3697/2533/2976
f 3697/2533/2976 3708/2535/2987 3709/2535/2988
f 3710/2535/2989 3699/2533/2978 3698/2533/2977
f 3698/2533/2977 3709/2535/2988 3710/2535/2989
f 3711/3029/2990 3700/3024/2979 3699/2533/2978
f 3699/2533/2978 3710/2535/2989 3711/3029/2990
f 3712/3030/2991 3701/3025/2980 3700/3024/2979
f 3700/3024/2979 3711/3029/2990 3712/3030/2991
f 3713/3031/2992 3702/3026/2981 3701/3025/2980
f 3701/3025/2980 3712/3030/2991 3713/3031/2992
f 3714/3032/2993 3703/3027/2982 3702/3026/2981
f 3702/3026/2981 3713/3031/2992 3714/3032/2993
f 3486/2944/2766 3485/2943/2765 3704/3028/2983
f 3704/3028/2983 3715/3033/2994 3486/2944/2766
f 3715/3033/2994 3704/3028/2983 3703/3027/2982
f 3703/3027/2982 3714/3032/2993 3715/3033/2994
f 3716/2537/2995 3705/2535/2984 3524/2535/2804
f 3524/2535/2804 3526/2537/2806 3716/2537/2995
f 3717/2537/2996 3706/2535/2985 3705/2535/2984
f 3705/2535/2984 3716/2537/2995 3717/2537/2996
f 3718/2537/2997 3707/2535/2986 3706/2535/2985
f 3706/2535/2985 3717/2537/2996 3718/2537/2997
f 3719/2537/2998 3708/2535/2987 3707/2535/2986
f 3707/2535/2986 3718/2537/2997 3719/2537/2998
f 3720/2537/2999 3709/2535/2988 3708/2535/2987
f 3708/2535/2987 3719/2537/2998 3720/2537/2999
f 3721/2537/3000 3710/2535/2989 3709/2535/2988
f 3709/2535/2988 3720/2537/2999 3721/2537/3000
f 3722/3034/3001 3711/3029/2990 3710/2535/2989
f 3710/2535/2989 3721/2537/3000 3722/3034/3001
f 3723/3035/3002 3712/3030/2991 3711/3029/2990
f 3711/3029/2990 3722/3034/3001 3723/3035/3002
f 3724/3036/3003 3713/3031/2992 3712/3030/2991
f 3712/3030/2991 3723/3035/3002 3724/3036/3003
f 3725/3037/3004 3714/3032/2993 3713/3031/2992
f 3713/3031/2992 3724/3036/3003 3725/3037/3004
f 3487/2945/2767 3486/2944/2766 3715/3033/2994
f 3715/3033/2994 3726/3038/3005 3487/2945/2767
f 3726/3038/3005 3715/3033/2994 3714/3032/2993
f 3714/3032/2993 3725/3037/3004 3726/3038/3005
f 3526/2537/2806 3528/2539/2748 3727/2539/3006
f 3727/2539/3006 3716/2537/2995 3526/2537/2806
f 3716/2537/2995 3727/2539/3006 3728/2539/2744
f 3728/2539/2744 3717/2537/2996 3716/2537/2995
f 3717/2537/2996 3728/2539/2744 3729/2539/3007
f 3729/2539/3007 3718/2537/2997 3717/2537/2996
f 3718/2537/2997 3729/2539/3007 3730/2539/2740
f 3730/2539/2740 3719/2537/2998 3718/2537/2997
f 3719/2537/2998 3730/2539/2740 3731/2539/2738
f 3731/2539/2738 3720/2537/2999 3719/2537/2998
f 3720/2537/2999 3731/2539/2738 3732/2539/3008
f 3732/2539/3008 3721/2537/3000 3720/2537/2999
f 3721/2537/3000 3732/2539/3008 3733/3039/3009
f 3733/3039/3009 3722/3034/3001 3721/2537/3000
f 3722/3034/3001 3733/3039/3009 3734/3040/3010
f 3734/3040/3010 3723/3035/3002 3722/3034/3001
f 3723/3035/3002 3734/3040/3010 3735/3041/2730
f 3735/3041/2730 3724/3036/3003 3723/3035/3002
f 3724/3036/3003 3735/3041/2730 3736/3042/3011
f 3736/3042/3011 3725/3037/3004 3724/3036/3003
f 3725/3037/3004 3736/3042/3011 3737/3043/3012
f 3737/3043/3012 3726/3038/3005 3725/3037/3004
f 3726/3038/3005 3737/3043/3012 3488/2946/2768
f 3488/2946/2768 3487/2945/2767 3726/3038/3005
