# Blender 5.0.1
# www.blender.org
o defaultMaterial
v 0.097694 0.000000 0.841312
v 0.150228 0.000000 0.836535
v 0.149246 0.008425 0.836535
v 0.146334 0.016527 0.836535
v 0.141595 0.023993 0.836535
v 0.135193 0.030538 0.836535
v 0.127337 0.035909 0.836535
v 0.118275 0.039900 0.836535
v 0.108289 0.042357 0.836535
v 0.092642 0.043588 0.836947
v 0.076040 0.039899 0.836535
v 0.065948 0.035909 0.836534
v 0.057013 0.030538 0.836535
v 0.049648 0.023993 0.836535
v 0.044172 0.016527 0.836535
v 0.040802 0.008425 0.836535
v 0.039666 0.000000 0.836534
v 0.199767 0.000000 0.823344
v 0.197806 0.016604 0.823344
v 0.191997 0.032570 0.823343
v 0.182575 0.047284 0.823343
v 0.170020 0.060182 0.823344
v 0.154838 0.070766 0.823343
v 0.137473 0.078631 0.823344
v 0.118308 0.083474 0.823344
v 0.086524 0.085845 0.823896
v 0.058307 0.079189 0.823450
v 0.034028 0.070766 0.823344
v 0.016588 0.060181 0.823344
v 0.002701 0.047284 0.823344
v -0.007277 0.032570 0.823343
v -0.013308 0.016604 0.823344
v -0.015327 0.000000 0.823344
v 0.245881 0.000000 0.803807
v 0.243034 0.024255 0.803807
v 0.234601 0.047578 0.803807
v 0.220907 0.069072 0.803807
v 0.202478 0.087912 0.803807
v 0.180050 0.103374 0.803807
v 0.154850 0.114863 0.803807
v 0.127395 0.121938 0.803808
v 0.080879 0.123199 0.804722
v 0.040772 0.116094 0.803942
v 0.005152 0.103374 0.803807
v -0.018428 0.087912 0.803807
v -0.036990 0.069072 0.803808
v -0.050518 0.047578 0.803807
v -0.058791 0.024255 0.803807
v -0.061582 0.000000 0.803807
v 0.286300 0.000000 0.777949
v 0.282676 0.031080 0.777949
v 0.271944 0.060965 0.777949
v 0.254514 0.088508 0.777949
v 0.231059 0.112649 0.777949
v 0.202478 0.132462 0.777949
v 0.170016 0.147183 0.777949
v 0.135207 0.156249 0.777949
v 0.076021 0.158295 0.777949
v 0.027840 0.149249 0.777949
v -0.017803 0.132461 0.777949
v -0.046406 0.112649 0.777949
v -0.069445 0.088508 0.777949
v -0.086667 0.060965 0.777948
v -0.097392 0.031080 0.777947
v -0.101016 0.000000 0.777948
v 0.319309 0.000000 0.742187
v 0.315047 0.036785 0.742186
v 0.302427 0.072155 0.742187
v 0.281932 0.104753 0.742186
v 0.254348 0.133326 0.742187
v 0.220732 0.156774 0.742186
v 0.182413 0.174198 0.742187
v 0.141381 0.184928 0.742186
v 0.073307 0.186142 0.742186
v 0.016239 0.176129 0.742187
v -0.033877 0.156774 0.742187
v -0.067083 0.133325 0.742186
v -0.094498 0.104753 0.742190
v -0.114992 0.072155 0.742195
v -0.127613 0.036784 0.742198
v -0.131874 0.000000 0.742199
v 0.343883 0.000000 0.696238
v 0.339148 0.041036 0.696239
v 0.325125 0.080495 0.696238
v 0.302353 0.116860 0.696238
v 0.271706 0.148734 0.696238
v 0.234350 0.174893 0.696238
v 0.191754 0.194331 0.696239
v 0.145816 0.206301 0.696238
v 0.073007 0.206895 0.696238
v 0.011205 0.196230 0.696239
v -0.042500 0.174893 0.696239
v -0.079667 0.148734 0.696238
v -0.110310 0.116859 0.696233
v -0.133082 0.080494 0.696229
v -0.147105 0.041036 0.696227
v -0.151840 0.000000 0.696227
v 0.361258 0.000000 0.642248
v 0.356231 0.046655 0.642248
v 0.341344 0.088404 0.642248
v 0.317169 0.126844 0.642248
v 0.284635 0.160698 0.642248
v 0.245075 0.188486 0.642248
v 0.199859 0.209127 0.642248
v 0.149639 0.221838 0.642248
v 0.076138 0.222062 0.642261
v 0.013642 0.211064 0.642272
v -0.042628 0.188485 0.642269
v -0.082450 0.160698 0.642209
v -0.114926 0.126843 0.642050
v -0.139057 0.088403 0.641911
v -0.153924 0.046654 0.641835
v -0.158946 0.000000 0.641813
v 0.371775 0.000000 0.584653
v 0.366592 0.047389 0.584653
v 0.351244 0.089692 0.584653
v 0.326320 0.128641 0.584653
v 0.290606 0.160975 0.584667
v 0.252071 0.191321 0.584653
v 0.205515 0.212305 0.584653
v 0.152224 0.225227 0.584653
v 0.080620 0.225506 0.584666
v 0.017715 0.213416 0.584678
v -0.037872 0.191321 0.584680
v -0.079205 0.163070 0.584623
v -0.112591 0.128640 0.584395
v -0.137382 0.089691 0.584174
v -0.152667 0.047389 0.584053
v -0.157833 0.000000 0.584019
v 0.357834 0.085383 0.531453
v 0.332599 0.124072 0.531378
v 0.294222 0.160778 0.531203
v 0.252628 0.187460 0.531075
v 0.205188 0.207196 0.531057
v 0.152246 0.219174 0.531162
v 0.083659 0.219898 0.531164
v 0.022021 0.205748 0.531166
v -0.030563 0.182606 0.531158
v -0.072036 0.153681 0.531261
v -0.103335 0.124074 0.531393
v -0.130393 0.085383 0.531525
v -0.146709 0.043461 0.531625
v -0.152082 0.000000 0.531663
v 0.378859 0.000000 0.531408
v 0.363554 0.000000 0.488601
v 0.358415 0.041775 0.488735
v 0.373511 0.043463 0.531434
v 0.344243 0.083283 0.488806
v 0.322761 0.121957 0.488350
v 0.283775 0.155060 0.488419
v 0.248338 0.178302 0.488319
v 0.200874 0.197529 0.487850
v 0.151866 0.207178 0.488082
v 0.084465 0.210742 0.488096
v 0.020995 0.194898 0.489636
v -0.023362 0.175386 0.489567
v -0.066094 0.144638 0.492204
v -0.090890 0.121734 0.494003
v -0.117645 0.083219 0.495697
v -0.132956 0.041810 0.496133
v -0.137669 0.000000 0.496273
v 0.363554 0.000000 0.488601
v 0.332156 0.000000 0.454906
v 0.328193 0.044711 0.454790
v 0.358415 0.041775 0.488735
v 0.315830 0.088937 0.454802
v 0.344243 0.083283 0.488806
v 0.295158 0.128753 0.455320
v 0.322761 0.121957 0.488350
v 0.263883 0.160579 0.456193
v 0.283775 0.155060 0.488419
v 0.227430 0.182318 0.456842
v 0.248338 0.178302 0.488319
v 0.184859 0.198853 0.456859
v 0.200874 0.197529 0.487850
v 0.134368 0.211817 0.456219
v 0.151866 0.207178 0.488082
v 0.066385 0.217708 0.455691
v 0.084465 0.210742 0.488096
v 0.020995 0.194898 0.489636
v -0.000794 0.207138 0.455192
v -0.049923 0.197729 0.459560
v -0.023362 0.175386 0.489567
v -0.095456 0.178549 0.465067
v -0.066094 0.144638 0.492204
v -0.142428 0.137435 0.468866
v -0.090890 0.121734 0.494003
v -0.162934 0.094000 0.472892
v -0.117645 0.083219 0.495697
v -0.178326 0.049641 0.474904
v -0.132956 0.041810 0.496133
v -0.185217 0.000000 0.475321
v -0.137669 0.000000 0.496273
v 0.305504 0.000000 0.418602
v 0.300502 0.047700 0.418632
v 0.292191 0.099199 0.418576
v 0.268875 0.136570 0.418365
v 0.242455 0.166671 0.418104
v 0.204736 0.193280 0.417744
v 0.153782 0.216569 0.418233
v 0.098658 0.238677 0.419039
v 0.032928 0.251402 0.419718
v -0.064808 0.216168 0.440442
v -0.039075 0.254083 0.416690
v -0.157863 0.246134 0.419061
v -0.137446 0.194718 0.440158
v -0.209637 0.158269 0.446302
v -0.210919 0.098522 0.464469
v -0.215233 0.049720 0.464952
v -0.220674 0.000000 0.465328
v -0.442641 0.029639 0.458326
v -0.407962 0.021263 0.460768
v -0.408243 0.042111 0.458047
v -0.430855 0.058277 0.456215
v -0.446600 0.000000 0.458999
v -0.411984 0.000000 0.461235
v -0.259525 0.218883 0.419417
v -0.352540 0.182725 0.421473
v -0.304538 0.144791 0.445318
v -0.421722 0.145057 0.429617
v -0.379044 0.115837 0.447986
v -0.455148 0.113605 0.435204
v -0.410741 0.087804 0.452596
v -0.481562 0.075769 0.437784
v -0.498159 0.037765 0.438810
v -0.503667 0.000000 0.439104
v 0.353006 0.000000 0.382422
v 0.347736 0.056389 0.382476
v 0.329722 0.118471 0.382441
v 0.295905 0.169198 0.382110
v 0.251213 0.209814 0.381798
v 0.198809 0.243014 0.381831
v 0.136080 0.269764 0.382136
v 0.076758 0.285729 0.382211
v 0.016303 0.299874 0.382072
v -0.049087 0.297337 0.382405
v -0.170248 0.287852 0.386596
v -0.279485 0.251252 0.388088
v -0.371467 0.208048 0.392661
v -0.436413 0.169224 0.399097
v -0.479560 0.135035 0.401240
v -0.510078 0.092166 0.401968
v -0.527922 0.044925 0.402160
v -0.533782 0.000000 0.402185
v 0.385295 0.000000 0.339583
v 0.379891 0.063180 0.339651
v 0.360677 0.131874 0.339581
v 0.324400 0.187121 0.339119
v 0.273919 0.235879 0.338728
v 0.211475 0.275894 0.338657
v 0.136944 0.305629 0.338755
v 0.073438 0.319902 0.338487
v 0.013002 0.332975 0.338457
v -0.052369 0.329629 0.339318
v -0.171977 0.319090 0.346629
v -0.284111 0.277131 0.351792
v -0.369603 0.225830 0.352114
v -0.431397 0.187971 0.352216
v -0.477961 0.149844 0.352334
v -0.509492 0.103905 0.352361
v -0.527764 0.049955 0.352356
v -0.533745 0.000000 0.352352
v 0.399996 0.000000 0.292254
v 0.394358 0.067435 0.292296
v 0.375067 0.139070 0.292240
v 0.339787 0.197573 0.291954
v 0.289894 0.249332 0.291761
v 0.225293 0.291812 0.291727
v 0.146378 0.323379 0.291764
v 0.070892 0.339944 0.291575
v 0.010023 0.352595 0.291626
v -0.055780 0.348772 0.292265
v -0.166163 0.338242 0.296719
v -0.275280 0.296072 0.299278
v -0.356387 0.241239 0.297853
v -0.421234 0.198828 0.297326
v -0.468874 0.157608 0.297266
v -0.501076 0.110095 0.297318
v -0.519570 0.052958 0.297382
v -0.525590 0.000000 0.297408
v 0.400646 0.000000 0.243968
v 0.394746 0.068681 0.243968
v 0.376376 0.139751 0.243968
v 0.343850 0.199523 0.243968
v 0.295337 0.252300 0.243968
v 0.229973 0.295613 0.243968
v 0.148811 0.327797 0.243969
v 0.064911 0.345901 0.243977
v 0.005215 0.354561 0.243987
v -0.059416 0.353524 0.243948
v -0.155779 0.343467 0.243621
v -0.252970 0.303873 0.243416
v -0.331910 0.245674 0.243518
v -0.396485 0.199449 0.243562
v -0.444750 0.156771 0.243568
v -0.477064 0.109258 0.243566
v -0.495229 0.053146 0.243562
v -0.500913 0.000000 0.243560
v 0.394312 0.000000 0.196420
v 0.388346 0.066943 0.196417
v 0.369959 0.133896 0.196422
v 0.337628 0.192745 0.196445
v 0.289394 0.244509 0.196460
v 0.224441 0.286990 0.196463
v 0.143924 0.318556 0.196460
v 0.060152 0.336360 0.196483
v 0.001098 0.344861 0.196477
v -0.060564 0.343836 0.196401
v -0.140851 0.334755 0.195925
v -0.224401 0.299630 0.195613
v -0.301292 0.239957 0.195695
v -0.364498 0.190471 0.195737
v -0.412113 0.147743 0.195743
v -0.444213 0.101723 0.195743
v -0.462202 0.050170 0.195742
v -0.467459 0.000000 0.195741
v 0.376333 0.000000 0.150991
v 0.370313 0.062794 0.150991
v 0.351748 0.123565 0.150991
v 0.319395 0.179175 0.150991
v 0.271978 0.227935 0.150991
v 0.209084 0.267951 0.150991
v 0.131936 0.297685 0.150991
v 0.051811 0.314469 0.150991
v -0.004461 0.322666 0.150991
v -0.063340 0.321318 0.150990
v -0.129283 0.313599 0.150984
v -0.200455 0.284007 0.150978
v -0.273728 0.227941 0.150979
v -0.335316 0.176236 0.150981
v -0.381278 0.134116 0.150981
v -0.412911 0.090548 0.150981
v -0.430853 0.044802 0.150981
v -0.435891 0.000000 0.150981
v 0.343554 0.000000 0.109287
v 0.337555 0.056504 0.109287
v 0.319247 0.110226 0.109287
v 0.287887 0.160240 0.109287
v 0.242819 0.204136 0.109287
v 0.184124 0.240149 0.109287
v 0.113176 0.266909 0.109287
v 0.040440 0.281972 0.109287
v -0.011153 0.289746 0.109287
v -0.065355 0.288043 0.109292
v -0.122259 0.281610 0.109313
v -0.183783 0.257599 0.109294
v -0.251179 0.210712 0.109105
v -0.307869 0.163016 0.108915
v -0.355299 0.118746 0.108818
v -0.385832 0.078227 0.108808
v -0.403441 0.038409 0.108814
v -0.408576 0.000000 0.108815
v 0.294322 0.000000 0.072902
v 0.288632 0.048083 0.072902
v 0.271445 0.093641 0.072902
v 0.242523 0.135824 0.072902
v 0.201822 0.173211 0.072902
v 0.149883 0.203838 0.072902
v 0.088153 0.226596 0.072902
v 0.026190 0.239275 0.072902
v -0.018930 0.246537 0.072902
v -0.066658 0.244433 0.072914
v -0.113841 0.239464 0.072962
v -0.164658 0.221606 0.072977
v -0.220835 0.187809 0.072670
v -0.272130 0.146795 0.072192
v -0.318514 0.103181 0.071783
v -0.348008 0.065517 0.071602
v -0.364936 0.032010 0.071549
v -0.370379 0.000000 0.071539
v 0.227576 0.000000 0.043164
v 0.222642 0.037753 0.043164
v 0.207865 0.073870 0.043164
v 0.183376 0.106806 0.043164
v 0.149552 0.135987 0.043164
v 0.107194 0.160091 0.043164
v 0.057094 0.178101 0.043164
v 0.009590 0.187674 0.043164
v -0.027781 0.192975 0.042656
v -0.064379 0.192113 0.043173
v -0.103069 0.188373 0.043211
v -0.142592 0.176116 0.043276
v -0.182376 0.154649 0.043190
v -0.224060 0.124448 0.042882
v -0.260923 0.090361 0.042505
v -0.288394 0.056931 0.042212
v -0.304935 0.027693 0.042044
v -0.310416 0.000000 0.041991
v 0.144358 0.000000 0.021142
v 0.140689 0.025971 0.021142
v 0.129769 0.051020 0.021142
v 0.111876 0.073948 0.021142
v 0.087509 0.093964 0.021142
v 0.056896 0.110483 0.021142
v 0.021026 0.122928 0.021142
v -0.011496 0.129399 0.021142
v -0.037144 0.132594 0.020657
v -0.062304 0.132415 0.021145
v -0.089897 0.129985 0.021156
v -0.118197 0.122238 0.021195
v -0.143438 0.109485 0.021217
v -0.167036 0.092150 0.021199
v -0.188636 0.071172 0.021143
v -0.206335 0.047788 0.021067
v -0.217794 0.023848 0.021005
v -0.221739 0.000000 0.020982
v 0.047428 0.000000 0.007614
v 0.045401 0.013256 0.007614
v 0.039389 0.026026 0.007614
v 0.029599 0.037811 0.007614
v 0.016412 0.048153 0.007614
v 0.000407 0.056644 0.007614
v -0.017638 0.062945 0.007614
v -0.036773 0.066791 0.007614
v -0.046615 0.068719 0.007495
v -0.060018 0.067690 0.007614
v -0.074116 0.066573 0.007614
v -0.090082 0.062697 0.007618
v -0.103788 0.056478 0.007623
v -0.115311 0.048069 0.007629
v -0.124609 0.037755 0.007632
v -0.131513 0.025958 0.007635
v -0.135790 0.013190 0.007636
v -0.137241 0.000000 0.007636
v -0.055950 0.000000 0.003051
v 0.205900 0.294012 0.239778
v 0.199755 0.297322 0.205687
v 0.199841 0.300443 0.207682
v 0.199980 0.303327 0.210923
v 0.200167 0.305859 0.215283
v 0.200395 0.307943 0.220597
v 0.200655 0.309495 0.226659
v 0.200937 0.310454 0.233236
v 0.201231 0.310783 0.240077
v 0.201525 0.310469 0.246918
v 0.201807 0.309523 0.253495
v 0.202067 0.307983 0.259557
v 0.202295 0.305910 0.264871
v 0.202482 0.303386 0.269231
v 0.199755 0.290852 0.205687
v 0.184643 0.288013 0.176385
v 0.184586 0.294352 0.175119
v 0.199726 0.294083 0.205013
v 0.184643 0.300717 0.176385
v 0.184811 0.306862 0.180131
v 0.185084 0.312547 0.186216
v 0.185451 0.317551 0.194405
v 0.185898 0.321673 0.204382
v 0.186408 0.324748 0.215766
v 0.186962 0.326651 0.228118
v 0.187538 0.327302 0.240963
v 0.188113 0.326676 0.253809
v 0.188667 0.324796 0.266161
v 0.189177 0.321742 0.277544
v 0.189624 0.317638 0.287522
v 0.189991 0.312648 0.295711
v 0.190264 0.306971 0.301795
v 0.202621 0.300509 0.272472
v 0.190432 0.300831 0.305542
v 0.202707 0.297391 0.274467
v 0.190489 0.294466 0.306807
v 0.202736 0.294153 0.275141
v 0.161501 0.285547 0.154932
v 0.161418 0.294757 0.153218
v 0.161501 0.304018 0.154932
v 0.161744 0.312973 0.160008
v 0.162139 0.321274 0.168251
v 0.162671 0.328594 0.179343
v 0.163319 0.334638 0.192860
v 0.164058 0.339156 0.208281
v 0.164860 0.341953 0.225014
v 0.165694 0.342909 0.242415
v 0.166528 0.341980 0.259817
v 0.167329 0.339208 0.276551
v 0.168067 0.334714 0.291972
v 0.168714 0.328689 0.305489
v 0.169246 0.321383 0.316582
v 0.169640 0.313091 0.324825
v 0.169883 0.304140 0.329901
v 0.169965 0.294878 0.331615
v 0.131653 0.283468 0.142570
v 0.131549 0.295201 0.140575
v 0.131653 0.307014 0.142570
v 0.131962 0.318454 0.148478
v 0.132462 0.329078 0.158072
v 0.133135 0.338470 0.170984
v 0.133953 0.346244 0.186720
v 0.134885 0.352068 0.204674
v 0.135895 0.355679 0.224157
v 0.136943 0.356910 0.244420
v 0.137990 0.355702 0.264684
v 0.138996 0.352111 0.284170
v 0.139922 0.346306 0.302128
v 0.140733 0.338547 0.317867
v 0.141398 0.329167 0.330784
v 0.141892 0.318549 0.340382
v 0.142197 0.307112 0.346292
v 0.142300 0.295297 0.348287
v 0.096590 0.281769 0.138673
v 0.096468 0.295577 0.136555
v 0.096589 0.309494 0.138673
v 0.096949 0.322988 0.144949
v 0.097531 0.335543 0.155143
v 0.098309 0.346668 0.168868
v 0.099252 0.355902 0.185600
v 0.100319 0.362838 0.204698
v 0.101468 0.367146 0.225429
v 0.102656 0.368612 0.246996
v 0.103836 0.367160 0.268567
v 0.104966 0.362864 0.289309
v 0.106004 0.355939 0.308424
v 0.106911 0.346714 0.325176
v 0.107655 0.335595 0.338921
v 0.108208 0.323044 0.349132
v 0.108548 0.309551 0.355419
v 0.108663 0.295633 0.357541
v 0.057750 0.280442 0.141328
v 0.057616 0.295790 0.139207
v 0.057750 0.311271 0.141328
v 0.058146 0.326297 0.147611
v 0.058782 0.340300 0.157826
v 0.059621 0.352733 0.171594
v 0.060622 0.363080 0.188399
v 0.061737 0.370869 0.207604
v 0.062919 0.375715 0.228474
v 0.064120 0.377362 0.250200
v 0.065299 0.375719 0.271940
v 0.066416 0.370876 0.292847
v 0.067434 0.363090 0.312108
v 0.068320 0.352746 0.328980
v 0.069045 0.340314 0.342814
v 0.069583 0.326312 0.353085
v 0.069914 0.311286 0.359406
v 0.070026 0.295805 0.361540
v 0.016257 0.295770 0.146165
v 0.016400 0.312208 0.148207
v 0.016819 0.328173 0.154264
v 0.017477 0.343066 0.164131
v 0.018323 0.356310 0.177465
v 0.019298 0.367350 0.193787
v 0.020342 0.375674 0.212493
v 0.021401 0.380858 0.232869
v 0.022435 0.382616 0.254119
v 0.023412 0.380849 0.275403
v 0.024309 0.375657 0.295872
v 0.025110 0.367326 0.314718
v 0.025799 0.356281 0.331206
v 0.026359 0.343033 0.344705
v 0.026774 0.328138 0.354713
v 0.027030 0.312173 0.360864
v 0.027117 0.295736 0.362939
v -0.026368 0.312221 0.157375
v -0.025947 0.328488 0.163084
v -0.025305 0.343669 0.172417
v -0.024520 0.357175 0.185087
v -0.023677 0.368439 0.200677
v -0.022853 0.376934 0.218634
v -0.022105 0.382222 0.238277
v -0.021463 0.384008 0.258827
v -0.020935 0.382189 0.279443
v -0.020510 0.376871 0.299274
v -0.020170 0.368351 0.317511
v -0.019898 0.357068 0.333431
v -0.019683 0.343550 0.346432
v -0.019525 0.328363 0.356044
v -0.019427 0.312096 0.361940
v -0.019394 0.295357 0.363927
v -0.069143 0.327204 0.173047
v -0.068579 0.342054 0.181783
v -0.067947 0.355256 0.193718
v -0.067362 0.366254 0.208507
v -0.066920 0.374538 0.225654
v -0.066677 0.379681 0.244519
v -0.066648 0.381402 0.264335
v -0.066806 0.379603 0.284259
v -0.067094 0.374387 0.303431
v -0.067446 0.366043 0.321038
v -0.067799 0.354999 0.336369
v -0.068104 0.341768 0.348847
v -0.068334 0.326906 0.358043
v -0.068474 0.310988 0.363668
v -0.068521 0.294612 0.365560
v -0.111728 0.324374 0.183991
v -0.111332 0.338290 0.192127
v -0.110971 0.350638 0.203310
v -0.110778 0.360901 0.217260
v -0.110860 0.368604 0.233537
v -0.111270 0.373365 0.251542
v -0.112000 0.374930 0.270530
v -0.112986 0.373214 0.289667
v -0.114125 0.368315 0.308094
v -0.115298 0.360494 0.325003
v -0.116394 0.350144 0.339698
v -0.117321 0.337737 0.351627
v -0.118016 0.323793 0.360395
v -0.118445 0.308857 0.365746
v -0.118590 0.293492 0.367545
v -0.152559 0.320138 0.196422
v -0.152436 0.332567 0.203939
v -0.152460 0.343565 0.214304
v -0.152762 0.352671 0.227278
v -0.153441 0.359473 0.242469
v -0.154537 0.363647 0.259323
v -0.156022 0.364981 0.277141
v -0.157802 0.363409 0.295131
v -0.159740 0.359016 0.312472
v -0.161678 0.352026 0.328392
v -0.163465 0.342776 0.342225
v -0.164974 0.331680 0.353450
v -0.166111 0.319200 0.361696
v -0.166814 0.305826 0.366726
v -0.167052 0.292068 0.368415
v -0.190401 0.314718 0.211196
v -0.190615 0.325186 0.217974
v -0.191072 0.334415 0.227307
v -0.191874 0.342021 0.238973
v -0.193091 0.347671 0.252616
v -0.194743 0.351105 0.267743
v -0.196781 0.352163 0.283735
v -0.199102 0.350796 0.299891
v -0.201558 0.347073 0.315484
v -0.203979 0.341174 0.329824
v -0.206201 0.333370 0.342311
v -0.208077 0.324002 0.352467
v -0.209495 0.313455 0.359941
v -0.210376 0.302147 0.364508
v -0.210674 0.290514 0.366044
v -0.246101 0.289083 0.358366
v -0.245800 0.280083 0.357069
v -0.210376 0.279000 0.364508
v -0.223924 0.308401 0.229096
v -0.224432 0.316533 0.234851
v -0.225232 0.323675 0.242731
v -0.226380 0.329533 0.252524
v -0.227905 0.333858 0.263917
v -0.229798 0.336462 0.276495
v -0.232004 0.337231 0.289759
v -0.234426 0.336132 0.303147
v -0.236932 0.333218 0.316081
v -0.239374 0.328620 0.328004
v -0.241604 0.322540 0.338424
v -0.243487 0.315236 0.346931
v -0.244912 0.307005 0.353217
v -0.245800 0.298173 0.357069
v -0.270615 0.288033 0.344185
v -0.270378 0.281855 0.343235
v -0.251645 0.301530 0.250353
v -0.252264 0.307064 0.254640
v -0.253153 0.311907 0.260469
v -0.254322 0.315862 0.267656
v -0.255764 0.318767 0.275954
v -0.257453 0.320502 0.285059
v -0.259335 0.320995 0.294618
v -0.261335 0.320226 0.304245
v -0.263360 0.318230 0.313545
v -0.265308 0.315090 0.322135
v -0.267072 0.310940 0.329666
v -0.268556 0.305949 0.335840
v -0.269679 0.300317 0.340419
v -0.270378 0.294267 0.343235
v -0.282780 0.287541 0.323758
v -0.282656 0.284395 0.323257
v -0.271851 0.294483 0.274223
v -0.272297 0.297273 0.276550
v -0.272911 0.299706 0.279693
v -0.273681 0.301687 0.283539
v -0.274587 0.303137 0.287949
v -0.275603 0.303999 0.292758
v -0.276694 0.304238 0.297780
v -0.277818 0.303845 0.302823
v -0.278930 0.302836 0.307686
v -0.279979 0.301252 0.312179
v -0.280918 0.299157 0.316124
v -0.281701 0.296633 0.319364
v -0.282290 0.293781 0.321773
v -0.282656 0.290711 0.323257
v -0.282651 0.287652 0.298878
v 0.466218 0.000000 0.548720
v 0.463286 0.000000 0.536740
v 0.463346 0.002637 0.537002
v 0.463492 0.005173 0.537694
v 0.463689 0.007510 0.538789
v 0.463897 0.009558 0.540243
v 0.464080 0.011239 0.541991
v 0.466218 0.000000 0.548720
v 0.464080 0.011239 0.541991
v 0.464215 0.012488 0.543952
v 0.464293 0.013257 0.546035
v 0.464318 0.013517 0.548149
v 0.464299 0.013257 0.550208
v 0.464251 0.012488 0.552137
v 0.464189 0.011239 0.553869
v 0.464123 0.009558 0.555352
v 0.464064 0.007509 0.556541
v 0.464018 0.005173 0.557405
v 0.463990 0.002637 0.557920
v 0.463982 0.000000 0.558074
v 0.453791 0.000000 0.526687
v 0.454092 0.005190 0.527203
v 0.454830 0.010181 0.528535
v 0.455826 0.014780 0.530572
v 0.456849 0.018812 0.533173
v 0.457658 0.022120 0.536185
v 0.457658 0.022120 0.536185
v 0.458186 0.024579 0.539502
v 0.458495 0.026092 0.542962
v 0.458633 0.026604 0.546386
v 0.458657 0.026092 0.549645
v 0.458615 0.024579 0.552648
v 0.458543 0.022120 0.555331
v 0.458467 0.018812 0.557633
v 0.458401 0.014780 0.559498
v 0.458353 0.010181 0.560869
v 0.458325 0.005190 0.561697
v 0.458316 0.000000 0.561957
v 0.445108 0.000000 0.517848
v 0.445316 0.007636 0.518766
v 0.445864 0.014979 0.521079
v 0.446671 0.021747 0.524438
v 0.447558 0.027678 0.528435
v 0.448318 0.032546 0.532694
v 0.448318 0.032546 0.532694
v 0.448797 0.036163 0.536932
v 0.449039 0.038391 0.541009
v 0.449144 0.039143 0.544812
v 0.449168 0.038391 0.548298
v 0.449151 0.036163 0.551474
v 0.449118 0.032546 0.554355
v 0.449087 0.027678 0.556924
v 0.449063 0.021747 0.559116
v 0.449051 0.014979 0.560817
v 0.449047 0.007636 0.561900
v 0.449046 0.000000 0.562264
v 0.436478 0.000000 0.509840
v 0.436447 0.010028 0.511382
v 0.436332 0.019671 0.515170
v 0.436103 0.028558 0.520401
v 0.435823 0.036348 0.526185
v 0.435585 0.042740 0.531815
v 0.435585 0.042740 0.531815
v 0.435448 0.047491 0.536870
v 0.435401 0.050416 0.541228
v 0.435401 0.051403 0.544986
v 0.435427 0.050416 0.548299
v 0.435464 0.047491 0.551304
v 0.435503 0.042740 0.554120
v 0.435538 0.036348 0.556820
v 0.435563 0.028558 0.559366
v 0.435578 0.019671 0.561554
v 0.435588 0.010028 0.563074
v 0.435592 0.000000 0.563631
v 0.418043 0.000000 0.502388
v 0.418042 0.012444 0.505235
v 0.418038 0.024411 0.511680
v 0.418027 0.035439 0.519389
v 0.418013 0.045105 0.526968
v 0.418008 0.053038 0.533660
v 0.418008 0.053038 0.533660
v 0.418018 0.058932 0.539357
v 0.418043 0.062562 0.544151
v 0.418084 0.063788 0.548310
v 0.418141 0.062562 0.552057
v 0.418214 0.058932 0.555548
v 0.418298 0.053038 0.558940
v 0.418385 0.045105 0.562394
v 0.418468 0.035439 0.565931
v 0.418537 0.024410 0.569220
v 0.418582 0.012444 0.571648
v 0.418598 0.000000 0.572591
v 0.400873 0.000000 0.495481
v 0.400873 0.014900 0.499329
v 0.400873 0.029227 0.508258
v 0.400876 0.042431 0.518659
v 0.400882 0.054005 0.528070
v 0.400899 0.063503 0.535528
v 0.400899 0.063503 0.535528
v 0.400934 0.070561 0.541383
v 0.400998 0.074907 0.546264
v 0.401101 0.076374 0.550709
v 0.401248 0.074907 0.554922
v 0.401440 0.070560 0.558959
v 0.401666 0.063503 0.562990
v 0.401909 0.054005 0.567386
v 0.402142 0.042431 0.572405
v 0.402336 0.029227 0.577584
v 0.402465 0.014900 0.581668
v 0.402510 0.000000 0.583327
v 0.386214 0.000000 0.491120
v 0.386214 0.017203 0.495785
v 0.386214 0.033745 0.506474
v 0.386216 0.048991 0.518722
v 0.386223 0.062354 0.528770
v 0.386243 0.073324 0.535983
v 0.386243 0.073324 0.535983
v 0.386289 0.081480 0.541503
v 0.386378 0.086515 0.546611
v 0.386526 0.088234 0.551894
v 0.386746 0.086569 0.557232
v 0.387042 0.081585 0.562313
v 0.387404 0.073463 0.567203
v 0.387807 0.062507 0.572595
v 0.388209 0.049132 0.579344
v 0.388555 0.033853 0.587221
v 0.388792 0.017261 0.593957
v 0.388876 0.000000 0.596828
v 0.374959 0.000000 0.488777
v 0.374959 0.019086 0.494527
v 0.374959 0.037437 0.506414
v 0.374963 0.054350 0.518731
v 0.374981 0.069172 0.527818
v 0.375036 0.081328 0.534089
v 0.375036 0.081328 0.534089
v 0.375164 0.090385 0.539492
v 0.375409 0.095938 0.545564
v 0.375811 0.097691 0.552661
v 0.376385 0.095683 0.560033
v 0.377112 0.090035 0.566733
v 0.377934 0.080954 0.572588
v 0.378769 0.068808 0.578640
v 0.379528 0.054056 0.586600
v 0.380133 0.037240 0.597073
v 0.380522 0.018989 0.607089
v 0.380657 0.000000 0.611666
v 0.350964 0.000000 0.487765
v 0.350964 0.022469 0.494502
v 0.350966 0.044075 0.507576
v 0.350981 0.063982 0.519210
v 0.351040 0.081412 0.528003
v 0.351213 0.095900 0.534688
v 0.351213 0.095900 0.534688
v 0.351610 0.106540 0.540696
v 0.352365 0.112513 0.547671
v 0.353615 0.113821 0.555776
v 0.355443 0.110643 0.564243
v 0.357833 0.103157 0.572119
v 0.360629 0.091597 0.578894
v 0.363542 0.076829 0.585609
v 0.366207 0.059662 0.594041
v 0.368298 0.040742 0.605817
v 0.369606 0.020665 0.618690
v 0.370048 0.000000 0.625051
v 0.327753 0.090117 0.531704
v 0.327918 0.106009 0.537800
v 0.327918 0.106009 0.537800
v 0.328283 0.117617 0.543644
v 0.329048 0.124510 0.551100
v 0.330369 0.126444 0.559851
v 0.332283 0.123233 0.568470
v 0.334993 0.115097 0.575892
v 0.338456 0.102291 0.582362
v 0.342410 0.085354 0.589806
v 0.346389 0.065896 0.599840
v 0.349796 0.044693 0.612638
v 0.352080 0.022545 0.626994
v 0.352883 0.000000 0.634272
v 0.317651 0.113787 0.547742
v 0.318127 0.120730 0.555311
v 0.318888 0.122968 0.564365
v 0.319999 0.120376 0.573094
v 0.321578 0.113046 0.580095
v 0.323700 0.101292 0.585889
v 0.290456 0.167981 0.628504
v 0.288434 0.161941 0.648893
v 0.291594 0.159402 0.648033
v 0.294634 0.157102 0.646407
v 0.297435 0.155129 0.644076
v 0.299890 0.153558 0.641132
v 0.301904 0.152451 0.637685
v 0.303402 0.151849 0.633870
v 0.304324 0.151777 0.629832
v 0.304635 0.152235 0.625728
v 0.304324 0.153208 0.621714
v 0.303402 0.154657 0.617945
v 0.301904 0.156528 0.614565
v 0.299890 0.158747 0.611706
v 0.297434 0.161230 0.609475
v 0.294634 0.163881 0.607960
v 0.291594 0.166599 0.607219
v 0.288434 0.169279 0.607279
v 0.285273 0.171818 0.608139
v 0.282234 0.174118 0.609765
v 0.279433 0.176091 0.612096
v 0.276978 0.177661 0.615041
v 0.274963 0.178769 0.618487
v 0.273466 0.179370 0.622302
v 0.272544 0.179443 0.626340
v 0.272232 0.178984 0.630445
v 0.272544 0.178012 0.634458
v 0.273466 0.176562 0.638228
v 0.274963 0.174692 0.641607
v 0.276978 0.172473 0.644467
v 0.279433 0.169990 0.646697
v 0.282234 0.167339 0.648212
v 0.285273 0.164621 0.648954
v 0.286384 0.157881 0.657870
v 0.290973 0.154195 0.656621
v 0.295385 0.150856 0.654260
v 0.299451 0.147991 0.650877
v 0.303016 0.145711 0.646601
v 0.305941 0.144103 0.641598
v 0.308114 0.143230 0.636059
v 0.309453 0.143124 0.630198
v 0.309905 0.143790 0.624239
v 0.309453 0.145202 0.618411
v 0.308114 0.147306 0.612940
v 0.305941 0.150022 0.608033
v 0.303016 0.153243 0.603882
v 0.299451 0.156848 0.600644
v 0.295385 0.160697 0.598444
v 0.290973 0.164643 0.597368
v 0.286384 0.168533 0.597455
v 0.281795 0.172219 0.598704
v 0.277383 0.175558 0.601065
v 0.273317 0.178423 0.604448
v 0.269752 0.180703 0.608724
v 0.266827 0.182311 0.613727
v 0.264654 0.183184 0.619266
v 0.263315 0.183290 0.625127
v 0.262863 0.182624 0.631086
v 0.263315 0.181212 0.636914
v 0.264654 0.179107 0.642385
v 0.266827 0.176392 0.647291
v 0.269753 0.173170 0.651443
v 0.273317 0.169566 0.654681
v 0.277383 0.165717 0.656881
v 0.281795 0.161771 0.657957
v 0.283523 0.153073 0.665517
v 0.289363 0.148382 0.663929
v 0.294979 0.144132 0.660923
v 0.300154 0.140486 0.656617
v 0.304691 0.137584 0.651175
v 0.308414 0.135538 0.644807
v 0.311180 0.134426 0.637758
v 0.312883 0.134291 0.630298
v 0.313459 0.135139 0.622713
v 0.312883 0.136936 0.615297
v 0.311180 0.139615 0.608332
v 0.308414 0.143070 0.602088
v 0.304691 0.147171 0.596804
v 0.300154 0.151759 0.592683
v 0.294979 0.156658 0.589883
v 0.289363 0.161680 0.588513
v 0.283523 0.166631 0.588624
v 0.277682 0.171322 0.590213
v 0.272067 0.175572 0.593219
v 0.266891 0.179219 0.597525
v 0.262355 0.182120 0.602966
v 0.258632 0.184166 0.609334
v 0.255865 0.185278 0.616384
v 0.254162 0.185413 0.623844
v 0.253587 0.184565 0.631429
v 0.254162 0.182768 0.638845
v 0.255865 0.180090 0.645810
v 0.258632 0.176634 0.652054
v 0.262355 0.172533 0.657338
v 0.266891 0.167945 0.661459
v 0.272067 0.163046 0.664258
v 0.277683 0.158024 0.665629
v 0.278725 0.146255 0.671287
v 0.285592 0.140739 0.669419
v 0.292196 0.135742 0.665885
v 0.298282 0.131454 0.660822
v 0.303616 0.128042 0.654423
v 0.307994 0.125636 0.646935
v 0.311247 0.124329 0.638646
v 0.313250 0.124171 0.629873
v 0.313926 0.125168 0.620955
v 0.313250 0.127281 0.612234
v 0.311247 0.130430 0.604045
v 0.307994 0.134494 0.596702
v 0.303616 0.139316 0.590489
v 0.298282 0.144710 0.585643
v 0.292196 0.150471 0.582351
v 0.285592 0.156376 0.580740
v 0.278725 0.162198 0.580871
v 0.271858 0.167714 0.582739
v 0.265254 0.172712 0.586273
v 0.259168 0.176999 0.591336
v 0.253834 0.180412 0.597735
v 0.249456 0.182818 0.605223
v 0.246203 0.184125 0.613513
v 0.244200 0.184283 0.622285
v 0.243524 0.183286 0.631203
v 0.244200 0.181173 0.639924
v 0.246204 0.178024 0.648114
v 0.249456 0.173960 0.655456
v 0.253834 0.169138 0.661669
v 0.259168 0.163743 0.666515
v 0.265254 0.157983 0.669807
v 0.271858 0.152078 0.671418
v -0.275092 0.045902 0.459270
v -0.276846 0.000000 0.462403
v -0.326083 0.037387 0.457818
v -0.361525 0.029060 0.459184
v -0.360173 0.000000 0.461327
v -0.327521 0.000000 0.461498
v -0.341519 0.077224 0.451523
v -0.382530 0.056880 0.455799
v -0.289363 0.093316 0.452407
v 0.149246 -0.008425 0.836535
v 0.146334 -0.016527 0.836535
v 0.141595 -0.023993 0.836535
v 0.135193 -0.030538 0.836535
v 0.127337 -0.035909 0.836535
v 0.118275 -0.039900 0.836535
v 0.108289 -0.042357 0.836535
v 0.076040 -0.039899 0.836535
v 0.092642 -0.043588 0.836947
v 0.065948 -0.035909 0.836534
v 0.057013 -0.030538 0.836535
v 0.049648 -0.023993 0.836535
v 0.044172 -0.016527 0.836535
v 0.040802 -0.008425 0.836535
v 0.039666 0.000000 0.836534
v 0.197806 -0.016604 0.823344
v 0.191997 -0.032570 0.823343
v 0.182575 -0.047284 0.823343
v 0.170020 -0.060182 0.823344
v 0.154838 -0.070766 0.823343
v 0.137473 -0.078631 0.823344
v 0.118308 -0.083474 0.823344
v 0.086524 -0.085845 0.823896
v 0.034028 -0.070766 0.823344
v 0.058307 -0.079189 0.823450
v 0.016588 -0.060181 0.823344
v 0.002701 -0.047284 0.823344
v -0.007277 -0.032570 0.823343
v -0.013308 -0.016604 0.823344
v -0.015327 0.000000 0.823344
v 0.243034 -0.024255 0.803807
v 0.234601 -0.047578 0.803807
v 0.220907 -0.069072 0.803807
v 0.202478 -0.087912 0.803807
v 0.180050 -0.103374 0.803807
v 0.154850 -0.114863 0.803807
v 0.127395 -0.121938 0.803808
v 0.080879 -0.123199 0.804722
v 0.005152 -0.103374 0.803807
v 0.040772 -0.116094 0.803942
v -0.018428 -0.087912 0.803807
v -0.036990 -0.069072 0.803808
v -0.050518 -0.047578 0.803807
v -0.058791 -0.024255 0.803807
v -0.061582 0.000000 0.803807
v 0.282676 -0.031080 0.777949
v 0.271944 -0.060965 0.777949
v 0.254514 -0.088508 0.777949
v 0.231059 -0.112649 0.777949
v 0.202478 -0.132462 0.777949
v 0.170016 -0.147183 0.777949
v 0.135207 -0.156249 0.777949
v 0.076021 -0.158295 0.777949
v -0.017803 -0.132461 0.777949
v 0.027840 -0.149249 0.777949
v -0.046406 -0.112649 0.777949
v -0.069445 -0.088508 0.777949
v -0.086667 -0.060965 0.777948
v -0.097392 -0.031080 0.777947
v -0.101016 0.000000 0.777948
v 0.315047 -0.036785 0.742186
v 0.302427 -0.072155 0.742187
v 0.281932 -0.104753 0.742186
v 0.254348 -0.133326 0.742187
v 0.220732 -0.156774 0.742186
v 0.182413 -0.174198 0.742187
v 0.141381 -0.184928 0.742186
v 0.073307 -0.186142 0.742186
v -0.033877 -0.156774 0.742187
v 0.016239 -0.176129 0.742187
v -0.067083 -0.133325 0.742186
v -0.094498 -0.104753 0.742190
v -0.114992 -0.072155 0.742195
v -0.127613 -0.036784 0.742198
v -0.131874 0.000000 0.742199
v 0.339148 -0.041036 0.696239
v 0.325125 -0.080495 0.696238
v 0.302353 -0.116860 0.696238
v 0.271706 -0.148734 0.696238
v 0.234350 -0.174893 0.696238
v 0.191754 -0.194331 0.696239
v 0.145816 -0.206301 0.696238
v 0.073007 -0.206895 0.696238
v -0.042500 -0.174893 0.696239
v 0.011205 -0.196230 0.696239
v -0.079667 -0.148734 0.696238
v -0.110310 -0.116859 0.696233
v -0.133082 -0.080494 0.696229
v -0.147105 -0.041036 0.696227
v -0.151840 0.000000 0.696227
v 0.356231 -0.046655 0.642248
v 0.341344 -0.088404 0.642248
v 0.317169 -0.126844 0.642248
v 0.284635 -0.160698 0.642248
v 0.245075 -0.188486 0.642248
v 0.199859 -0.209127 0.642248
v 0.149639 -0.221838 0.642248
v 0.076138 -0.222062 0.642261
v -0.042628 -0.188485 0.642269
v 0.013642 -0.211064 0.642272
v -0.082450 -0.160698 0.642209
v -0.114926 -0.126843 0.642050
v -0.139057 -0.088403 0.641911
v -0.153924 -0.046654 0.641835
v -0.158946 0.000000 0.641813
v 0.366592 -0.047389 0.584653
v 0.351244 -0.089692 0.584653
v 0.326320 -0.128641 0.584653
v 0.290606 -0.160975 0.584667
v 0.252071 -0.191321 0.584653
v 0.205515 -0.212305 0.584653
v 0.152224 -0.225227 0.584653
v 0.080620 -0.225506 0.584666
v -0.037872 -0.191321 0.584680
v 0.017715 -0.213416 0.584678
v -0.079205 -0.163070 0.584623
v -0.112591 -0.128640 0.584395
v -0.137382 -0.089691 0.584174
v -0.152667 -0.047389 0.584053
v -0.157833 0.000000 0.584019
v 0.332599 -0.124072 0.531378
v 0.357834 -0.085383 0.531453
v 0.294222 -0.160778 0.531203
v 0.252628 -0.187460 0.531075
v 0.205188 -0.207196 0.531057
v 0.152246 -0.219174 0.531162
v 0.083659 -0.219898 0.531164
v -0.030563 -0.182606 0.531158
v 0.022021 -0.205748 0.531166
v -0.072036 -0.153681 0.531261
v -0.103335 -0.124074 0.531393
v -0.130393 -0.085383 0.531525
v -0.146709 -0.043461 0.531625
v -0.152082 0.000000 0.531663
v 0.378859 0.000000 0.531408
v 0.373511 -0.043463 0.531434
v 0.358415 -0.041775 0.488735
v 0.363554 0.000000 0.488601
v 0.344243 -0.083283 0.488806
v 0.322761 -0.121957 0.488350
v 0.283775 -0.155060 0.488419
v 0.248338 -0.178302 0.488319
v 0.200874 -0.197529 0.487850
v 0.151866 -0.207178 0.488082
v 0.084465 -0.210742 0.488096
v -0.023362 -0.175386 0.489567
v 0.020995 -0.194898 0.489636
v -0.066094 -0.144638 0.492204
v -0.090890 -0.121734 0.494003
v -0.117645 -0.083219 0.495697
v -0.132956 -0.041810 0.496133
v -0.137669 0.000000 0.496273
v 0.358415 -0.041775 0.488735
v 0.328193 -0.044711 0.454790
v 0.344243 -0.083283 0.488806
v 0.315830 -0.088937 0.454802
v 0.322761 -0.121957 0.488350
v 0.295158 -0.128753 0.455320
v 0.283775 -0.155060 0.488419
v 0.263883 -0.160579 0.456193
v 0.248338 -0.178302 0.488319
v 0.227430 -0.182318 0.456842
v 0.200874 -0.197529 0.487850
v 0.184859 -0.198853 0.456859
v 0.151866 -0.207178 0.488082
v 0.134368 -0.211817 0.456219
v 0.084465 -0.210742 0.488096
v 0.066385 -0.217708 0.455691
v 0.020995 -0.194898 0.489636
v -0.023362 -0.175386 0.489567
v -0.049923 -0.197729 0.459560
v -0.000794 -0.207138 0.455192
v -0.066094 -0.144638 0.492204
v -0.095456 -0.178549 0.465067
v -0.090890 -0.121734 0.494003
v -0.142428 -0.137435 0.468866
v -0.117645 -0.083219 0.495697
v -0.162934 -0.094000 0.472892
v -0.132956 -0.041810 0.496133
v -0.178326 -0.049641 0.474904
v -0.137669 0.000000 0.496273
v -0.185217 0.000000 0.475321
v 0.300502 -0.047700 0.418632
v 0.292191 -0.099199 0.418576
v 0.268875 -0.136570 0.418365
v 0.242455 -0.166671 0.418104
v 0.204736 -0.193280 0.417744
v 0.153782 -0.216569 0.418233
v 0.098658 -0.238677 0.419039
v 0.032928 -0.251402 0.419718
v -0.064808 -0.216168 0.440442
v -0.137446 -0.194718 0.440158
v -0.157863 -0.246134 0.419061
v -0.039075 -0.254083 0.416690
v -0.209637 -0.158269 0.446302
v -0.210919 -0.098522 0.464469
v -0.215233 -0.049720 0.464952
v -0.220674 0.000000 0.465328
v -0.408243 -0.042111 0.458047
v -0.407962 -0.021263 0.460768
v -0.442641 -0.029639 0.458326
v -0.430855 -0.058277 0.456215
v -0.411984 0.000000 0.461235
v -0.446600 0.000000 0.458999
v -0.304538 -0.144791 0.445318
v -0.352540 -0.182725 0.421473
v -0.259525 -0.218883 0.419417
v -0.379044 -0.115837 0.447986
v -0.421722 -0.145057 0.429617
v -0.410741 -0.087804 0.452596
v -0.455148 -0.113605 0.435204
v -0.481562 -0.075769 0.437784
v -0.498159 -0.037765 0.438810
v -0.503667 0.000000 0.439104
v 0.347736 -0.056389 0.382476
v 0.329722 -0.118471 0.382441
v 0.295905 -0.169198 0.382110
v 0.251213 -0.209814 0.381798
v 0.198809 -0.243014 0.381831
v 0.136080 -0.269764 0.382136
v 0.076758 -0.285729 0.382211
v 0.016303 -0.299874 0.382072
v -0.170248 -0.287852 0.386596
v -0.049087 -0.297337 0.382405
v -0.279485 -0.251252 0.388088
v -0.371467 -0.208048 0.392661
v -0.436413 -0.169224 0.399097
v -0.479560 -0.135035 0.401240
v -0.510078 -0.092166 0.401968
v -0.527922 -0.044925 0.402160
v -0.533782 0.000000 0.402185
v 0.379891 -0.063180 0.339651
v 0.360677 -0.131874 0.339581
v 0.324400 -0.187121 0.339119
v 0.273919 -0.235879 0.338728
v 0.211475 -0.275894 0.338657
v 0.136944 -0.305629 0.338755
v 0.073438 -0.319902 0.338487
v 0.013002 -0.332975 0.338457
v -0.171977 -0.319090 0.346629
v -0.052369 -0.329629 0.339318
v -0.284111 -0.277131 0.351792
v -0.369603 -0.225830 0.352114
v -0.431397 -0.187971 0.352216
v -0.477961 -0.149844 0.352334
v -0.509492 -0.103905 0.352361
v -0.527764 -0.049955 0.352356
v -0.533745 0.000000 0.352352
v 0.394358 -0.067435 0.292296
v 0.375067 -0.139070 0.292240
v 0.339787 -0.197573 0.291954
v 0.289894 -0.249332 0.291761
v 0.225293 -0.291812 0.291727
v 0.146378 -0.323379 0.291764
v 0.070892 -0.339944 0.291575
v 0.010023 -0.352595 0.291626
v -0.166163 -0.338242 0.296719
v -0.055780 -0.348772 0.292265
v -0.275280 -0.296072 0.299278
v -0.356387 -0.241239 0.297853
v -0.421234 -0.198828 0.297326
v -0.468874 -0.157608 0.297266
v -0.501076 -0.110095 0.297318
v -0.519570 -0.052958 0.297382
v -0.525590 0.000000 0.297408
v 0.394746 -0.068681 0.243968
v 0.376376 -0.139751 0.243968
v 0.343850 -0.199523 0.243968
v 0.295337 -0.252300 0.243968
v 0.229973 -0.295613 0.243968
v 0.148811 -0.327797 0.243969
v 0.064911 -0.345901 0.243977
v 0.005215 -0.354561 0.243987
v -0.155779 -0.343467 0.243621
v -0.059416 -0.353524 0.243948
v -0.252970 -0.303873 0.243416
v -0.331910 -0.245674 0.243518
v -0.396485 -0.199449 0.243562
v -0.444750 -0.156771 0.243568
v -0.477064 -0.109258 0.243566
v -0.495229 -0.053146 0.243562
v -0.500913 0.000000 0.243560
v 0.388346 -0.066943 0.196417
v 0.369959 -0.133896 0.196422
v 0.337628 -0.192745 0.196445
v 0.289394 -0.244509 0.196460
v 0.224441 -0.286990 0.196463
v 0.143924 -0.318556 0.196460
v 0.060152 -0.336360 0.196483
v 0.001098 -0.344861 0.196477
v -0.140851 -0.334755 0.195925
v -0.060564 -0.343836 0.196401
v -0.224401 -0.299630 0.195613
v -0.301292 -0.239957 0.195695
v -0.364498 -0.190471 0.195737
v -0.412113 -0.147743 0.195743
v -0.444213 -0.101723 0.195743
v -0.462202 -0.050170 0.195742
v -0.467459 0.000000 0.195741
v 0.370313 -0.062794 0.150991
v 0.351748 -0.123565 0.150991
v 0.319395 -0.179175 0.150991
v 0.271978 -0.227935 0.150991
v 0.209084 -0.267951 0.150991
v 0.131936 -0.297685 0.150991
v 0.051811 -0.314469 0.150991
v -0.004461 -0.322666 0.150991
v -0.129283 -0.313599 0.150984
v -0.063340 -0.321318 0.150990
v -0.200455 -0.284007 0.150978
v -0.273728 -0.227941 0.150979
v -0.335316 -0.176236 0.150981
v -0.381278 -0.134116 0.150981
v -0.412911 -0.090548 0.150981
v -0.430853 -0.044802 0.150981
v -0.435891 0.000000 0.150981
v 0.337555 -0.056504 0.109287
v 0.319247 -0.110226 0.109287
v 0.287887 -0.160240 0.109287
v 0.242819 -0.204136 0.109287
v 0.184124 -0.240149 0.109287
v 0.113176 -0.266909 0.109287
v 0.040440 -0.281972 0.109287
v -0.011153 -0.289746 0.109287
v -0.122259 -0.281610 0.109313
v -0.065355 -0.288043 0.109292
v -0.183783 -0.257599 0.109294
v -0.251179 -0.210712 0.109105
v -0.307869 -0.163016 0.108915
v -0.355299 -0.118746 0.108818
v -0.385832 -0.078227 0.108808
v -0.403441 -0.038409 0.108814
v -0.408576 0.000000 0.108815
v 0.288632 -0.048083 0.072902
v 0.271445 -0.093641 0.072902
v 0.242523 -0.135824 0.072902
v 0.201822 -0.173211 0.072902
v 0.149883 -0.203838 0.072902
v 0.088153 -0.226596 0.072902
v 0.026190 -0.239275 0.072902
v -0.018930 -0.246537 0.072902
v -0.113841 -0.239464 0.072962
v -0.066658 -0.244433 0.072914
v -0.164658 -0.221606 0.072977
v -0.220835 -0.187809 0.072670
v -0.272130 -0.146795 0.072192
v -0.318514 -0.103181 0.071783
v -0.348008 -0.065517 0.071602
v -0.364936 -0.032010 0.071549
v -0.370379 0.000000 0.071539
v 0.222642 -0.037753 0.043164
v 0.207865 -0.073870 0.043164
v 0.183376 -0.106806 0.043164
v 0.149552 -0.135987 0.043164
v 0.107194 -0.160091 0.043164
v 0.057094 -0.178101 0.043164
v 0.009590 -0.187674 0.043164
v -0.027781 -0.192975 0.042656
v -0.103069 -0.188373 0.043211
v -0.064379 -0.192113 0.043173
v -0.142592 -0.176116 0.043276
v -0.182376 -0.154649 0.043190
v -0.224060 -0.124448 0.042882
v -0.260923 -0.090361 0.042505
v -0.288394 -0.056931 0.042212
v -0.304935 -0.027693 0.042044
v -0.310416 0.000000 0.041991
v 0.140689 -0.025971 0.021142
v 0.129769 -0.051020 0.021142
v 0.111876 -0.073948 0.021142
v 0.087509 -0.093964 0.021142
v 0.056896 -0.110483 0.021142
v 0.021026 -0.122928 0.021142
v -0.011496 -0.129399 0.021142
v -0.037144 -0.132594 0.020657
v -0.089897 -0.129985 0.021156
v -0.062304 -0.132415 0.021145
v -0.118197 -0.122238 0.021195
v -0.143438 -0.109485 0.021217
v -0.167036 -0.092150 0.021199
v -0.188636 -0.071172 0.021143
v -0.206335 -0.047788 0.021067
v -0.217794 -0.023848 0.021005
v -0.221739 0.000000 0.020982
v 0.045401 -0.013256 0.007614
v 0.039389 -0.026026 0.007614
v 0.029599 -0.037811 0.007614
v 0.016412 -0.048153 0.007614
v 0.000407 -0.056644 0.007614
v -0.017638 -0.062945 0.007614
v -0.036773 -0.066791 0.007614
v -0.046615 -0.068719 0.007495
v -0.074116 -0.066573 0.007614
v -0.060018 -0.067690 0.007614
v -0.090082 -0.062697 0.007618
v -0.103788 -0.056478 0.007623
v -0.115311 -0.048069 0.007629
v -0.124609 -0.037755 0.007632
v -0.131513 -0.025958 0.007635
v -0.135790 -0.013190 0.007636
v -0.137241 0.000000 0.007636
v 0.205900 -0.294012 0.239778
v 0.199841 -0.300443 0.207682
v 0.199755 -0.297322 0.205687
v 0.199980 -0.303327 0.210923
v 0.200167 -0.305859 0.215283
v 0.200395 -0.307943 0.220597
v 0.200655 -0.309495 0.226659
v 0.200937 -0.310454 0.233236
v 0.201231 -0.310783 0.240077
v 0.201525 -0.310469 0.246918
v 0.201807 -0.309523 0.253495
v 0.202067 -0.307983 0.259557
v 0.202295 -0.305910 0.264871
v 0.202482 -0.303386 0.269231
v 0.199755 -0.290852 0.205687
v 0.199726 -0.294083 0.205013
v 0.184586 -0.294352 0.175119
v 0.184643 -0.288013 0.176385
v 0.184643 -0.300717 0.176385
v 0.184811 -0.306862 0.180131
v 0.185084 -0.312547 0.186216
v 0.185451 -0.317551 0.194405
v 0.185898 -0.321673 0.204382
v 0.186408 -0.324748 0.215766
v 0.186962 -0.326651 0.228118
v 0.187538 -0.327302 0.240963
v 0.188113 -0.326676 0.253809
v 0.188667 -0.324796 0.266161
v 0.189177 -0.321742 0.277544
v 0.189624 -0.317638 0.287522
v 0.189991 -0.312648 0.295711
v 0.202621 -0.300509 0.272472
v 0.190264 -0.306971 0.301795
v 0.202707 -0.297391 0.274467
v 0.190432 -0.300831 0.305542
v 0.202736 -0.294153 0.275141
v 0.190489 -0.294466 0.306807
v 0.161418 -0.294757 0.153218
v 0.161501 -0.285547 0.154932
v 0.161501 -0.304018 0.154932
v 0.161744 -0.312973 0.160008
v 0.162139 -0.321274 0.168251
v 0.162671 -0.328594 0.179343
v 0.163319 -0.334638 0.192860
v 0.164058 -0.339156 0.208281
v 0.164860 -0.341953 0.225014
v 0.165694 -0.342909 0.242415
v 0.166528 -0.341980 0.259817
v 0.167329 -0.339208 0.276551
v 0.168067 -0.334714 0.291972
v 0.168714 -0.328689 0.305489
v 0.169246 -0.321383 0.316582
v 0.169640 -0.313091 0.324825
v 0.169883 -0.304140 0.329901
v 0.169965 -0.294878 0.331615
v 0.131549 -0.295201 0.140575
v 0.131653 -0.283468 0.142570
v 0.131653 -0.307014 0.142570
v 0.131962 -0.318454 0.148478
v 0.132462 -0.329078 0.158072
v 0.133135 -0.338470 0.170984
v 0.133953 -0.346244 0.186720
v 0.134885 -0.352068 0.204674
v 0.135895 -0.355679 0.224157
v 0.136943 -0.356910 0.244420
v 0.137990 -0.355702 0.264684
v 0.138996 -0.352111 0.284170
v 0.139922 -0.346306 0.302128
v 0.140733 -0.338547 0.317867
v 0.141398 -0.329167 0.330784
v 0.141892 -0.318549 0.340382
v 0.142197 -0.307112 0.346292
v 0.142300 -0.295297 0.348287
v 0.096468 -0.295577 0.136555
v 0.096590 -0.281769 0.138673
v 0.096589 -0.309494 0.138673
v 0.096949 -0.322988 0.144949
v 0.097531 -0.335543 0.155143
v 0.098309 -0.346668 0.168868
v 0.099252 -0.355902 0.185600
v 0.100319 -0.362838 0.204698
v 0.101468 -0.367146 0.225429
v 0.102656 -0.368612 0.246996
v 0.103836 -0.367160 0.268567
v 0.104966 -0.362864 0.289309
v 0.106004 -0.355939 0.308424
v 0.106911 -0.346714 0.325176
v 0.107655 -0.335595 0.338921
v 0.108208 -0.323044 0.349132
v 0.108548 -0.309551 0.355419
v 0.108663 -0.295633 0.357541
v 0.057616 -0.295790 0.139207
v 0.057750 -0.280442 0.141328
v 0.057750 -0.311271 0.141328
v 0.058146 -0.326297 0.147611
v 0.058782 -0.340300 0.157826
v 0.059621 -0.352733 0.171594
v 0.060622 -0.363080 0.188399
v 0.061737 -0.370869 0.207604
v 0.062919 -0.375715 0.228474
v 0.064120 -0.377362 0.250200
v 0.065299 -0.375719 0.271940
v 0.066416 -0.370876 0.292847
v 0.067434 -0.363090 0.312108
v 0.068320 -0.352746 0.328980
v 0.069045 -0.340314 0.342814
v 0.069583 -0.326312 0.353085
v 0.069914 -0.311286 0.359406
v 0.070026 -0.295805 0.361540
v 0.016400 -0.312208 0.148207
v 0.016257 -0.295770 0.146165
v 0.016819 -0.328173 0.154264
v 0.017477 -0.343066 0.164131
v 0.018323 -0.356310 0.177465
v 0.019298 -0.367350 0.193787
v 0.020342 -0.375674 0.212493
v 0.021401 -0.380858 0.232869
v 0.022435 -0.382616 0.254119
v 0.023412 -0.380849 0.275403
v 0.024309 -0.375657 0.295872
v 0.025110 -0.367326 0.314718
v 0.025799 -0.356281 0.331206
v 0.026359 -0.343033 0.344705
v 0.026774 -0.328138 0.354713
v 0.027030 -0.312173 0.360864
v 0.027117 -0.295736 0.362939
v -0.025947 -0.328488 0.163084
v -0.026368 -0.312221 0.157375
v -0.025305 -0.343669 0.172417
v -0.024520 -0.357175 0.185087
v -0.023677 -0.368439 0.200677
v -0.022853 -0.376934 0.218634
v -0.022105 -0.382222 0.238277
v -0.021463 -0.384008 0.258827
v -0.020935 -0.382189 0.279443
v -0.020510 -0.376871 0.299274
v -0.020170 -0.368351 0.317511
v -0.019898 -0.357068 0.333431
v -0.019683 -0.343550 0.346432
v -0.019525 -0.328363 0.356044
v -0.019427 -0.312096 0.361940
v -0.019394 -0.295357 0.363927
v -0.068579 -0.342054 0.181783
v -0.069143 -0.327204 0.173047
v -0.067947 -0.355256 0.193718
v -0.067362 -0.366254 0.208507
v -0.066920 -0.374538 0.225654
v -0.066677 -0.379681 0.244519
v -0.066648 -0.381402 0.264335
v -0.066806 -0.379603 0.284259
v -0.067094 -0.374387 0.303431
v -0.067446 -0.366043 0.321038
v -0.067799 -0.354999 0.336369
v -0.068104 -0.341768 0.348847
v -0.068334 -0.326906 0.358043
v -0.068474 -0.310988 0.363668
v -0.068521 -0.294612 0.365560
v -0.111332 -0.338290 0.192127
v -0.111728 -0.324374 0.183991
v -0.110971 -0.350638 0.203310
v -0.110778 -0.360901 0.217260
v -0.110860 -0.368604 0.233537
v -0.111270 -0.373365 0.251542
v -0.112000 -0.374930 0.270530
v -0.112986 -0.373214 0.289667
v -0.114125 -0.368315 0.308094
v -0.115298 -0.360494 0.325003
v -0.116394 -0.350144 0.339698
v -0.117321 -0.337737 0.351627
v -0.118016 -0.323793 0.360395
v -0.118445 -0.308857 0.365746
v -0.118590 -0.293492 0.367545
v -0.152436 -0.332567 0.203939
v -0.152559 -0.320138 0.196422
v -0.152460 -0.343565 0.214304
v -0.152762 -0.352671 0.227278
v -0.153441 -0.359473 0.242469
v -0.154537 -0.363647 0.259323
v -0.156022 -0.364981 0.277141
v -0.157802 -0.363409 0.295131
v -0.159740 -0.359016 0.312472
v -0.161678 -0.352026 0.328392
v -0.163465 -0.342776 0.342225
v -0.164974 -0.331680 0.353450
v -0.166111 -0.319200 0.361696
v -0.166814 -0.305826 0.366726
v -0.167052 -0.292068 0.368415
v -0.190615 -0.325186 0.217974
v -0.190401 -0.314718 0.211196
v -0.191072 -0.334415 0.227307
v -0.191874 -0.342021 0.238973
v -0.193091 -0.347671 0.252616
v -0.194743 -0.351105 0.267743
v -0.196781 -0.352163 0.283735
v -0.199102 -0.350796 0.299891
v -0.201558 -0.347073 0.315484
v -0.203979 -0.341174 0.329824
v -0.206201 -0.333370 0.342311
v -0.208077 -0.324002 0.352467
v -0.209495 -0.313455 0.359941
v -0.210376 -0.302147 0.364508
v -0.210674 -0.290514 0.366044
v -0.210376 -0.279000 0.364508
v -0.245800 -0.280083 0.357069
v -0.246101 -0.289083 0.358366
v -0.224432 -0.316533 0.234851
v -0.223924 -0.308401 0.229096
v -0.225232 -0.323675 0.242731
v -0.226380 -0.329533 0.252524
v -0.227905 -0.333858 0.263917
v -0.229798 -0.336462 0.276495
v -0.232004 -0.337231 0.289759
v -0.234426 -0.336132 0.303147
v -0.236932 -0.333218 0.316081
v -0.239374 -0.328620 0.328004
v -0.241604 -0.322540 0.338424
v -0.243487 -0.315236 0.346931
v -0.244912 -0.307005 0.353217
v -0.245800 -0.298173 0.357069
v -0.270378 -0.281855 0.343235
v -0.270615 -0.288033 0.344185
v -0.252264 -0.307064 0.254640
v -0.251645 -0.301530 0.250353
v -0.253153 -0.311907 0.260469
v -0.254322 -0.315862 0.267656
v -0.255764 -0.318767 0.275954
v -0.257453 -0.320502 0.285059
v -0.259335 -0.320995 0.294618
v -0.261335 -0.320226 0.304245
v -0.263360 -0.318230 0.313545
v -0.265308 -0.315090 0.322135
v -0.267072 -0.310940 0.329666
v -0.268556 -0.305949 0.335840
v -0.269679 -0.300317 0.340419
v -0.270378 -0.294267 0.343235
v -0.282656 -0.284395 0.323257
v -0.282780 -0.287541 0.323758
v -0.272297 -0.297273 0.276550
v -0.271851 -0.294483 0.274223
v -0.272911 -0.299706 0.279693
v -0.273681 -0.301687 0.283539
v -0.274587 -0.303137 0.287949
v -0.275603 -0.303999 0.292758
v -0.276694 -0.304238 0.297780
v -0.277818 -0.303845 0.302823
v -0.278930 -0.302836 0.307686
v -0.279979 -0.301252 0.312179
v -0.280918 -0.299157 0.316124
v -0.281701 -0.296633 0.319364
v -0.282290 -0.293781 0.321773
v -0.282656 -0.290711 0.323257
v -0.282651 -0.287652 0.298878
v 0.463346 -0.002637 0.537002
v 0.463492 -0.005173 0.537694
v 0.463689 -0.007510 0.538789
v 0.463897 -0.009558 0.540243
v 0.464080 -0.011239 0.541991
v 0.464215 -0.012488 0.543952
v 0.464293 -0.013257 0.546035
v 0.464215 -0.012488 0.543952
v 0.464318 -0.013517 0.548149
v 0.464299 -0.013257 0.550208
v 0.464251 -0.012488 0.552137
v 0.464189 -0.011239 0.553869
v 0.464123 -0.009558 0.555352
v 0.464064 -0.007509 0.556541
v 0.464018 -0.005173 0.557405
v 0.463990 -0.002637 0.557920
v 0.454092 -0.005190 0.527203
v 0.454830 -0.010181 0.528535
v 0.455826 -0.014780 0.530572
v 0.456849 -0.018812 0.533173
v 0.457658 -0.022120 0.536185
v 0.458186 -0.024579 0.539502
v 0.458495 -0.026092 0.542962
v 0.458186 -0.024579 0.539502
v 0.458633 -0.026604 0.546386
v 0.458657 -0.026092 0.549645
v 0.458615 -0.024579 0.552648
v 0.458543 -0.022120 0.555331
v 0.458467 -0.018812 0.557633
v 0.458401 -0.014780 0.559498
v 0.458353 -0.010181 0.560869
v 0.458325 -0.005190 0.561697
v 0.445316 -0.007636 0.518766
v 0.445864 -0.014979 0.521079
v 0.446671 -0.021747 0.524438
v 0.447558 -0.027678 0.528435
v 0.448318 -0.032546 0.532694
v 0.448797 -0.036163 0.536932
v 0.449039 -0.038391 0.541009
v 0.448797 -0.036163 0.536932
v 0.449144 -0.039143 0.544812
v 0.449168 -0.038391 0.548298
v 0.449151 -0.036163 0.551474
v 0.449118 -0.032546 0.554355
v 0.449087 -0.027678 0.556924
v 0.449063 -0.021747 0.559116
v 0.449051 -0.014979 0.560817
v 0.449047 -0.007636 0.561900
v 0.436447 -0.010028 0.511382
v 0.436332 -0.019671 0.515170
v 0.436103 -0.028558 0.520401
v 0.435823 -0.036348 0.526185
v 0.435585 -0.042740 0.531815
v 0.435448 -0.047491 0.536870
v 0.435401 -0.050416 0.541228
v 0.435448 -0.047491 0.536870
v 0.435401 -0.051403 0.544986
v 0.435427 -0.050416 0.548299
v 0.435464 -0.047491 0.551304
v 0.435503 -0.042740 0.554120
v 0.435538 -0.036348 0.556820
v 0.435563 -0.028558 0.559366
v 0.435578 -0.019671 0.561554
v 0.435588 -0.010028 0.563074
v 0.418042 -0.012444 0.505235
v 0.418038 -0.024411 0.511680
v 0.418027 -0.035439 0.519389
v 0.418013 -0.045105 0.526968
v 0.418008 -0.053038 0.533660
v 0.418018 -0.058932 0.539357
v 0.418043 -0.062562 0.544151
v 0.418018 -0.058932 0.539357
v 0.418084 -0.063788 0.548310
v 0.418141 -0.062562 0.552057
v 0.418214 -0.058932 0.555548
v 0.418298 -0.053038 0.558940
v 0.418385 -0.045105 0.562394
v 0.418468 -0.035439 0.565931
v 0.418537 -0.024410 0.569220
v 0.418582 -0.012444 0.571648
v 0.400873 -0.014900 0.499329
v 0.400873 -0.029227 0.508258
v 0.400876 -0.042431 0.518659
v 0.400882 -0.054005 0.528070
v 0.400899 -0.063503 0.535528
v 0.400934 -0.070561 0.541383
v 0.400998 -0.074907 0.546264
v 0.400934 -0.070561 0.541383
v 0.401101 -0.076374 0.550709
v 0.401248 -0.074907 0.554922
v 0.401440 -0.070560 0.558959
v 0.401666 -0.063503 0.562990
v 0.401909 -0.054005 0.567386
v 0.402142 -0.042431 0.572405
v 0.402336 -0.029227 0.577584
v 0.402465 -0.014900 0.581668
v 0.386214 -0.017203 0.495785
v 0.386214 -0.033745 0.506474
v 0.386216 -0.048991 0.518722
v 0.386223 -0.062354 0.528770
v 0.386243 -0.073324 0.535983
v 0.386289 -0.081480 0.541503
v 0.386378 -0.086515 0.546611
v 0.386289 -0.081480 0.541503
v 0.386526 -0.088234 0.551894
v 0.386746 -0.086569 0.557232
v 0.387042 -0.081585 0.562313
v 0.387404 -0.073463 0.567203
v 0.387807 -0.062507 0.572595
v 0.388209 -0.049132 0.579344
v 0.388555 -0.033853 0.587221
v 0.388792 -0.017261 0.593957
v 0.374959 -0.019086 0.494527
v 0.374959 -0.037437 0.506414
v 0.374963 -0.054350 0.518731
v 0.374981 -0.069172 0.527818
v 0.375036 -0.081328 0.534089
v 0.375164 -0.090385 0.539492
v 0.375409 -0.095938 0.545564
v 0.375164 -0.090385 0.539492
v 0.375811 -0.097691 0.552661
v 0.376385 -0.095683 0.560033
v 0.377112 -0.090035 0.566733
v 0.377934 -0.080954 0.572588
v 0.378769 -0.068808 0.578640
v 0.379528 -0.054056 0.586600
v 0.380133 -0.037240 0.597073
v 0.380522 -0.018989 0.607089
v 0.350964 -0.022469 0.494502
v 0.350966 -0.044075 0.507576
v 0.350981 -0.063982 0.519210
v 0.351040 -0.081412 0.528003
v 0.351213 -0.095900 0.534688
v 0.351610 -0.106540 0.540696
v 0.352365 -0.112513 0.547671
v 0.351610 -0.106540 0.540696
v 0.353615 -0.113821 0.555776
v 0.355443 -0.110643 0.564243
v 0.357833 -0.103157 0.572119
v 0.360629 -0.091597 0.578894
v 0.363542 -0.076829 0.585609
v 0.366207 -0.059662 0.594041
v 0.368298 -0.040742 0.605817
v 0.369606 -0.020665 0.618690
v 0.327918 -0.106009 0.537800
v 0.327753 -0.090117 0.531704
v 0.328283 -0.117617 0.543644
v 0.329048 -0.124510 0.551100
v 0.328283 -0.117617 0.543644
v 0.330369 -0.126444 0.559851
v 0.332283 -0.123233 0.568470
v 0.334993 -0.115097 0.575892
v 0.338456 -0.102291 0.582362
v 0.342410 -0.085354 0.589806
v 0.346389 -0.065896 0.599840
v 0.349796 -0.044693 0.612638
v 0.352080 -0.022545 0.626994
v 0.318127 -0.120730 0.555311
v 0.317651 -0.113787 0.547742
v 0.318888 -0.122968 0.564365
v 0.319999 -0.120376 0.573094
v 0.321578 -0.113046 0.580095
v 0.323700 -0.101292 0.585889
v 0.290456 -0.167981 0.628504
v 0.291594 -0.159402 0.648033
v 0.288434 -0.161941 0.648893
v 0.294634 -0.157102 0.646407
v 0.297435 -0.155129 0.644076
v 0.299890 -0.153558 0.641132
v 0.301904 -0.152451 0.637685
v 0.303402 -0.151849 0.633870
v 0.304324 -0.151777 0.629832
v 0.304635 -0.152235 0.625728
v 0.304324 -0.153208 0.621714
v 0.303402 -0.154657 0.617945
v 0.301904 -0.156528 0.614565
v 0.299890 -0.158747 0.611706
v 0.297434 -0.161230 0.609475
v 0.294634 -0.163881 0.607960
v 0.291594 -0.166599 0.607219
v 0.288434 -0.169279 0.607279
v 0.285273 -0.171818 0.608139
v 0.282234 -0.174118 0.609765
v 0.279433 -0.176091 0.612096
v 0.276978 -0.177661 0.615041
v 0.274963 -0.178769 0.618487
v 0.273466 -0.179370 0.622302
v 0.272544 -0.179443 0.626340
v 0.272232 -0.178984 0.630445
v 0.272544 -0.178012 0.634458
v 0.273466 -0.176562 0.638228
v 0.274963 -0.174692 0.641607
v 0.276978 -0.172473 0.644467
v 0.279433 -0.169990 0.646697
v 0.282234 -0.167339 0.648212
v 0.285273 -0.164621 0.648954
v 0.290973 -0.154195 0.656621
v 0.286384 -0.157881 0.657870
v 0.295385 -0.150856 0.654260
v 0.299451 -0.147991 0.650877
v 0.303016 -0.145711 0.646601
v 0.305941 -0.144103 0.641598
v 0.308114 -0.143230 0.636059
v 0.309453 -0.143124 0.630198
v 0.309905 -0.143790 0.624239
v 0.309453 -0.145202 0.618411
v 0.308114 -0.147306 0.612940
v 0.305941 -0.150022 0.608033
v 0.303016 -0.153243 0.603882
v 0.299451 -0.156848 0.600644
v 0.295385 -0.160697 0.598444
v 0.290973 -0.164643 0.597368
v 0.286384 -0.168533 0.597455
v 0.281795 -0.172219 0.598704
v 0.277383 -0.175558 0.601065
v 0.273317 -0.178423 0.604448
v 0.269752 -0.180703 0.608724
v 0.266827 -0.182311 0.613727
v 0.264654 -0.183184 0.619266
v 0.263315 -0.183290 0.625127
v 0.262863 -0.182624 0.631086
v 0.263315 -0.181212 0.636914
v 0.264654 -0.179107 0.642385
v 0.266827 -0.176392 0.647291
v 0.269753 -0.173170 0.651443
v 0.273317 -0.169566 0.654681
v 0.277383 -0.165717 0.656881
v 0.281795 -0.161771 0.657957
v 0.289363 -0.148382 0.663929
v 0.283523 -0.153073 0.665517
v 0.294979 -0.144132 0.660923
v 0.300154 -0.140486 0.656617
v 0.304691 -0.137584 0.651175
v 0.308414 -0.135538 0.644807
v 0.311180 -0.134426 0.637758
v 0.312883 -0.134291 0.630298
v 0.313459 -0.135139 0.622713
v 0.312883 -0.136936 0.615297
v 0.311180 -0.139615 0.608332
v 0.308414 -0.143070 0.602088
v 0.304691 -0.147171 0.596804
v 0.300154 -0.151759 0.592683
v 0.294979 -0.156658 0.589883
v 0.289363 -0.161680 0.588513
v 0.283523 -0.166631 0.588624
v 0.277682 -0.171322 0.590213
v 0.272067 -0.175572 0.593219
v 0.266891 -0.179219 0.597525
v 0.262355 -0.182120 0.602966
v 0.258632 -0.184166 0.609334
v 0.255865 -0.185278 0.616384
v 0.254162 -0.185413 0.623844
v 0.253587 -0.184565 0.631429
v 0.254162 -0.182768 0.638845
v 0.255865 -0.180090 0.645810
v 0.258632 -0.176634 0.652054
v 0.262355 -0.172533 0.657338
v 0.266891 -0.167945 0.661459
v 0.272067 -0.163046 0.664258
v 0.277683 -0.158024 0.665629
v 0.285592 -0.140739 0.669419
v 0.278725 -0.146255 0.671287
v 0.292196 -0.135742 0.665885
v 0.298282 -0.131454 0.660822
v 0.303616 -0.128042 0.654423
v 0.307994 -0.125636 0.646935
v 0.311247 -0.124329 0.638646
v 0.313250 -0.124171 0.629873
v 0.313926 -0.125168 0.620955
v 0.313250 -0.127281 0.612234
v 0.311247 -0.130430 0.604045
v 0.307994 -0.134494 0.596702
v 0.303616 -0.139316 0.590489
v 0.298282 -0.144710 0.585643
v 0.292196 -0.150471 0.582351
v 0.285592 -0.156376 0.580740
v 0.278725 -0.162198 0.580871
v 0.271858 -0.167714 0.582739
v 0.265254 -0.172712 0.586273
v 0.259168 -0.176999 0.591336
v 0.253834 -0.180412 0.597735
v 0.249456 -0.182818 0.605223
v 0.246203 -0.184125 0.613513
v 0.244200 -0.184283 0.622285
v 0.243524 -0.183286 0.631203
v 0.244200 -0.181173 0.639924
v 0.246204 -0.178024 0.648114
v 0.249456 -0.173960 0.655456
v 0.253834 -0.169138 0.661669
v 0.259168 -0.163743 0.666515
v 0.265254 -0.157983 0.669807
v 0.271858 -0.152078 0.671418
v -0.276846 0.000000 0.462403
v -0.275092 -0.045902 0.459270
v -0.360173 0.000000 0.461327
v -0.361525 -0.029060 0.459184
v -0.326083 -0.037387 0.457818
v -0.327521 0.000000 0.461498
v -0.382530 -0.056880 0.455799
v -0.341519 -0.077224 0.451523
v -0.289363 -0.093316 0.452407
vn 0.0035 -0.0000 1.0000
vn 0.1794 -0.0000 0.9838
vn 0.1760 0.0418 0.9835
vn 0.1658 0.0814 0.9828
vn 0.1492 0.1185 0.9817
vn 0.1268 0.1507 0.9804
vn 0.0992 0.1768 0.9792
vn 0.0676 0.1963 0.9782
vn 0.0448 0.2063 0.9775
vn -0.0135 0.2063 0.9784
vn -0.0690 0.1930 0.9788
vn -0.0855 0.1786 0.9802
vn -0.1111 0.1514 0.9822
vn -0.1327 0.1188 0.9840
vn -0.1492 0.0817 0.9854
vn -0.1596 0.0416 0.9863
vn -0.1631 -0.0000 0.9866
vn 0.3282 -0.0000 0.9446
vn 0.3215 0.0766 0.9438
vn 0.3018 0.1497 0.9415
vn 0.2706 0.2152 0.9383
vn 0.2294 0.2720 0.9345
vn 0.1797 0.3181 0.9309
vn 0.1229 0.3518 0.9280
vn 0.0663 0.3740 0.9250
vn -0.0274 0.3776 0.9256
vn -0.1094 0.3535 0.9290
vn -0.1559 0.3226 0.9336
vn -0.2101 0.2718 0.9391
vn -0.2546 0.2140 0.9431
vn -0.2883 0.1476 0.9461
vn -0.3090 0.0755 0.9481
vn -0.3163 -0.0000 0.9487
vn 0.4698 -0.0000 0.8828
vn 0.4597 0.1089 0.8814
vn 0.4301 0.2121 0.8775
vn 0.3835 0.3049 0.8718
vn 0.3230 0.3833 0.8653
vn 0.2521 0.4456 0.8590
vn 0.1730 0.4907 0.8540
vn 0.0813 0.5242 0.8477
vn -0.0395 0.5286 0.8480
vn -0.1442 0.5036 0.8518
vn -0.2289 0.4564 0.8598
vn -0.3164 0.3851 0.8669
vn -0.3837 0.3058 0.8714
vn -0.4336 0.2126 0.8757
vn -0.4640 0.1092 0.8791
vn -0.4743 -0.0000 0.8803
vn 0.6458 -0.0000 0.7635
vn 0.6309 0.1485 0.7615
vn 0.5879 0.2880 0.7559
vn 0.5208 0.4116 0.7479
vn 0.4351 0.5144 0.7390
vn 0.3367 0.5941 0.7305
vn 0.2299 0.6507 0.7237
vn 0.0992 0.6919 0.7151
vn -0.0539 0.7021 0.7101
vn -0.1857 0.6737 0.7152
vn -0.3201 0.6133 0.7221
vn -0.4438 0.5218 0.7285
vn -0.5345 0.4178 0.7347
vn -0.6034 0.2932 0.7416
vn -0.6473 0.1518 0.7470
vn -0.6628 -0.0000 0.7488
vn 0.8168 -0.0000 0.5770
vn 0.7968 0.1866 0.5747
vn 0.7394 0.3605 0.5686
vn 0.6513 0.5122 0.5599
vn 0.5406 0.6363 0.5504
vn 0.4152 0.7310 0.5415
vn 0.2821 0.7966 0.5346
vn 0.1152 0.8434 0.5248
vn -0.0678 0.8538 0.5162
vn -0.2311 0.8254 0.5150
vn -0.4037 0.7560 0.5152
vn -0.5577 0.6503 0.5158
vn -0.6732 0.5260 0.5198
vn -0.7659 0.3719 0.5245
vn -0.8270 0.1931 0.5280
vn -0.8485 0.0001 0.5292
vn 0.9207 -0.0000 0.3904
vn 0.8968 0.2064 0.3914
vn 0.8285 0.4017 0.3901
vn 0.7268 0.5691 0.3845
vn 0.6010 0.7047 0.3772
vn 0.4598 0.8073 0.3699
vn 0.3098 0.8792 0.3620
vn 0.1210 0.9282 0.3519
vn -0.0780 0.9377 0.3387
vn -0.2585 0.9099 0.3244
vn -0.4522 0.8367 0.3090
vn -0.6223 0.7245 0.2962
vn -0.7556 0.5887 0.2874
vn -0.8649 0.4173 0.2790
vn -0.9382 0.2153 0.2710
vn -0.9638 -0.0000 0.2666
vn 0.9698 -0.0000 0.2438
vn 0.9442 0.2213 0.2438
vn 0.8711 0.4292 0.2388
vn 0.7593 0.6124 0.2203
vn 0.6335 0.7470 0.2017
vn 0.4895 0.8496 0.1962
vn 0.3222 0.9281 0.1869
vn 0.1218 0.9774 0.1727
vn -0.0852 0.9840 0.1561
vn -0.2699 0.9535 0.1344
vn -0.4676 0.8768 0.1124
vn -0.6431 0.7598 0.0957
vn -0.7823 0.6174 0.0831
vn -0.8953 0.4397 0.0720
vn -0.9719 0.2271 0.0617
vn -0.9984 -0.0000 0.0563
vn 0.9839 -0.0000 0.1790
vn 0.9595 0.2211 0.1746
vn 0.8720 0.4735 0.1242
vn 0.7643 0.6392 0.0854
vn 0.6388 0.7676 0.0533
vn 0.4980 0.8668 0.0232
vn 0.3208 0.9471 -0.0033
vn 0.1204 0.9925 -0.0195
vn -0.0930 0.9950 -0.0366
vn -0.2834 0.9567 -0.0657
vn -0.4692 0.8780 -0.0945
vn -0.6353 0.7651 -0.1056
vn -0.7734 0.6261 -0.0992
vn -0.8890 0.4494 -0.0875
vn -0.9697 0.2328 -0.0743
vn -0.9977 0.0001 -0.0675
vn 0.8706 0.4586 -0.1779
vn 0.7692 0.6316 -0.0970
vn 0.6186 0.7783 -0.1080
vn 0.4727 0.8703 -0.1381
vn 0.3008 0.9393 -0.1653
vn 0.1163 0.9779 -0.1740
vn -0.0976 0.9795 -0.1763
vn -0.2983 0.9353 -0.1904
vn -0.4748 0.8529 -0.2170
vn -0.6196 0.7501 -0.2312
vn -0.7453 0.6236 -0.2358
vn -0.8626 0.4444 -0.2418
vn -0.9429 0.2266 -0.2441
vn -0.9698 -0.0000 -0.2440
vn 0.9196 0.2184 -0.3265
vn 0.9415 -0.0000 -0.3370
vn 0.8596 -0.0000 -0.5109
vn 0.8493 0.1875 -0.4934
vn 0.8207 0.3635 -0.4408
vn 0.7369 0.5741 -0.3569
vn 0.5948 0.7610 -0.2590
vn 0.4609 0.8622 -0.2102
vn 0.3008 0.9383 -0.1709
vn 0.1447 0.9836 -0.1081
vn -0.0628 0.9980 -0.0009
vn -0.2742 0.9539 0.1223
vn -0.4022 0.8760 0.2661
vn -0.5499 0.7557 0.3556
vn -0.6708 0.6304 0.3907
vn -0.8022 0.4425 0.4009
vn -0.8850 0.2277 0.4061
vn -0.9131 -0.0000 0.4078
vn 0.8493 0.1875 -0.4935
vn 0.8596 -0.0000 -0.5110
vn 0.7712 -0.0000 -0.6366
vn 0.7783 0.1438 -0.6112
vn 0.8207 0.3634 -0.4408
vn 0.7807 0.3085 -0.5435
vn 0.7369 0.5741 -0.3570
vn 0.7200 0.5655 -0.4022
vn 0.5948 0.7610 -0.2591
vn 0.6023 0.7575 -0.2520
vn 0.4567 0.8824 -0.1129
vn 0.3231 0.9459 0.0280
vn 0.1447 0.9836 -0.1080
vn 0.1909 0.9560 0.2228
vn -0.0628 0.9980 -0.0008
vn -0.0170 0.8764 0.4813
vn -0.4021 0.8761 0.2661
vn -0.1388 0.7476 0.6495
vn -0.1832 0.6450 0.7419
vn -0.5499 0.7558 0.3555
vn -0.2344 0.5363 0.8108
vn -0.2695 0.3518 0.8964
vn -0.8022 0.4425 0.4008
vn -0.2938 0.1960 0.9356
vn -0.8850 0.2279 0.4060
vn -0.3169 0.0848 0.9447
vn -0.9131 -0.0000 0.4077
vn -0.3335 -0.0000 0.9428
vn 0.9879 -0.0000 0.1551
vn 0.9747 0.1580 0.1581
vn 0.8998 0.3833 0.2086
vn 0.7592 0.6041 0.2423
vn 0.5963 0.7380 0.3160
vn 0.4262 0.8044 0.4139
vn 0.3060 0.8054 0.5077
vn 0.1798 0.7498 0.6368
vn 0.0383 0.6701 0.7413
vn -0.1408 0.4522 0.8808
vn -0.1087 0.5660 0.8172
vn -0.0429 0.5956 0.8022
vn -0.0883 0.5128 0.8539
vn -0.1344 0.3215 0.9373
vn -0.1602 0.1530 0.9752
vn -0.1726 0.0540 0.9835
vn -0.1658 -0.0000 0.9862
vn -0.1445 0.1663 0.9754
vn -0.1882 0.0951 0.9775
vn -0.0171 0.0740 0.9971
vn -0.0032 0.1173 0.9931
vn -0.0299 -0.0000 0.9996
vn -0.2050 -0.0000 0.9788
vn -0.0854 0.2872 0.9541
vn -0.1539 0.4984 0.8532
vn -0.1956 0.5296 0.8254
vn -0.0769 0.2673 0.9605
vn -0.2752 0.5136 0.8127
vn -0.0980 0.2193 0.9707
vn -0.3780 0.4185 0.8258
vn -0.4786 0.2974 0.8261
vn -0.5514 0.1633 0.8181
vn -0.5790 -0.0000 0.8153
vn 0.7090 -0.0000 0.7052
vn 0.7026 0.1237 0.7008
vn 0.6565 0.2996 0.6922
vn 0.5573 0.4761 0.6802
vn 0.4478 0.5811 0.6796
vn 0.3361 0.6423 0.6888
vn 0.2434 0.6866 0.6851
vn 0.1749 0.7124 0.6796
vn 0.0654 0.7246 0.6861
vn -0.0269 0.7134 0.7002
vn -0.1298 0.7074 0.6948
vn -0.2811 0.7087 0.6470
vn -0.3721 0.7440 0.5550
vn -0.4761 0.7309 0.4890
vn -0.6510 0.6181 0.4407
vn -0.8107 0.4305 0.3968
vn -0.9068 0.2273 0.3550
vn -0.9411 -0.0000 0.3381
vn 0.8899 -0.0000 0.4562
vn 0.8729 0.1582 0.4616
vn 0.8012 0.3632 0.4756
vn 0.6716 0.5534 0.4926
vn 0.5332 0.6771 0.5072
vn 0.3916 0.7662 0.5094
vn 0.2556 0.8268 0.5010
vn 0.1905 0.8503 0.4906
vn 0.0737 0.8702 0.4871
vn -0.0457 0.8703 0.4904
vn -0.1812 0.8680 0.4623
vn -0.3950 0.8367 0.3794
vn -0.4915 0.8310 0.2604
vn -0.5697 0.8058 0.1617
vn -0.7291 0.6794 0.0828
vn -0.8901 0.4558 0.0048
vn -0.9729 0.2255 -0.0510
vn -0.9976 -0.0000 -0.0698
vn 0.9878 -0.0000 0.1558
vn 0.9718 0.1717 0.1619
vn 0.9022 0.3884 0.1875
vn 0.7701 0.5962 0.2267
vn 0.6139 0.7479 0.2527
vn 0.4448 0.8590 0.2536
vn 0.2840 0.9274 0.2436
vn 0.1972 0.9531 0.2295
vn 0.0717 0.9725 0.2216
vn -0.0620 0.9718 0.2275
vn -0.2199 0.9574 0.1872
vn -0.4607 0.8844 0.0751
vn -0.5528 0.8328 -0.0295
vn -0.5977 0.7955 -0.0995
vn -0.7312 0.6603 -0.1713
vn -0.8706 0.4335 -0.2327
vn -0.9407 0.2065 -0.2690
vn -0.9599 0.0001 -0.2804
vn 0.9981 -0.0000 -0.0612
vn 0.9829 0.1730 -0.0625
vn 0.9230 0.3798 -0.0614
vn 0.8035 0.5931 -0.0512
vn 0.6419 0.7655 -0.0446
vn 0.4602 0.8865 -0.0484
vn 0.2900 0.9555 -0.0539
vn 0.1840 0.9807 -0.0658
vn 0.0641 0.9956 -0.0680
vn -0.0642 0.9962 -0.0592
vn -0.2369 0.9665 -0.0985
vn -0.4701 0.8571 -0.2106
vn -0.5568 0.7703 -0.3108
vn -0.5760 0.7307 -0.3665
vn -0.6735 0.6039 -0.4262
vn -0.7892 0.3962 -0.4692
vn -0.8526 0.1862 -0.4883
vn -0.8696 -0.0000 -0.4937
vn 0.9672 -0.0000 -0.2541
vn 0.9488 0.1735 -0.2639
vn 0.8848 0.3637 -0.2912
vn 0.7651 0.5602 -0.3176
vn 0.6051 0.7237 -0.3317
vn 0.4309 0.8376 -0.3357
vn 0.2710 0.9032 -0.3328
vn 0.1657 0.9293 -0.3302
vn 0.0589 0.9445 -0.3233
vn -0.0595 0.9453 -0.3207
vn -0.2235 0.9107 -0.3474
vn -0.4428 0.7946 -0.4154
vn -0.5369 0.6949 -0.4784
vn -0.5485 0.6593 -0.5142
vn -0.6197 0.5564 -0.5535
vn -0.7254 0.3774 -0.5756
vn -0.7962 0.1822 -0.5769
vn -0.8178 -0.0000 -0.5755
vn 0.8661 -0.0000 -0.4999
vn 0.8446 0.1671 -0.5087
vn 0.7772 0.3372 -0.5313
vn 0.6643 0.5033 -0.5527
vn 0.5226 0.6421 -0.5608
vn 0.3739 0.7416 -0.5571
vn 0.2369 0.8026 -0.5475
vn 0.1471 0.8280 -0.5411
vn 0.0512 0.8439 -0.5341
vn -0.0582 0.8459 -0.5302
vn -0.2044 0.8210 -0.5330
vn -0.4076 0.7363 -0.5401
vn -0.5198 0.6607 -0.5415
vn -0.5468 0.6298 -0.5517
vn -0.6088 0.5483 -0.5734
vn -0.7129 0.3927 -0.5811
vn -0.7957 0.1996 -0.5718
vn -0.8253 -0.0000 -0.5647
vn 0.6967 -0.0000 -0.7173
vn 0.6771 0.1473 -0.7210
vn 0.6191 0.2912 -0.7293
vn 0.5288 0.4245 -0.7349
vn 0.4189 0.5370 -0.7323
vn 0.3040 0.6210 -0.7224
vn 0.1957 0.6761 -0.7104
vn 0.1251 0.6995 -0.7036
vn 0.0419 0.7162 -0.6966
vn -0.0524 0.7193 -0.6928
vn -0.1754 0.7074 -0.6847
vn -0.3512 0.6594 -0.6647
vn -0.4651 0.6125 -0.6392
vn -0.5114 0.5836 -0.6308
vn -0.5703 0.5140 -0.6407
vn -0.6591 0.3846 -0.6462
vn -0.7394 0.2064 -0.6408
vn -0.7713 -0.0000 -0.6365
vn 0.5062 -0.0000 -0.8624
vn 0.4919 0.1177 -0.8626
vn 0.4508 0.2316 -0.8620
vn 0.3885 0.3338 -0.8589
vn 0.3126 0.4207 -0.8517
vn 0.2313 0.4884 -0.8414
vn 0.1518 0.5350 -0.8311
vn 0.1003 0.5542 -0.8263
vn 0.0325 0.5704 -0.8207
vn -0.0430 0.5728 -0.8186
vn -0.1313 0.5673 -0.8130
vn -0.2600 0.5395 -0.8008
vn -0.3525 0.5060 -0.7872
vn -0.4037 0.4735 -0.7828
vn -0.4487 0.4145 -0.7918
vn -0.5029 0.3170 -0.8041
vn -0.5566 0.1781 -0.8115
vn -0.5805 0.0001 -0.8142
vn 0.3361 -0.0000 -0.9418
vn 0.3278 0.0854 -0.9409
vn 0.3029 0.1688 -0.9380
vn 0.2647 0.2436 -0.9331
vn 0.2170 0.3072 -0.9266
vn 0.1633 0.3579 -0.9193
vn 0.1091 0.3941 -0.9126
vn 0.0758 0.4082 -0.9097
vn 0.0236 0.4195 -0.9074
vn -0.0327 0.4233 -0.9054
vn -0.0882 0.4206 -0.9030
vn -0.1730 0.4001 -0.9000
vn -0.2349 0.3703 -0.8987
vn -0.2728 0.3347 -0.9020
vn -0.2973 0.2857 -0.9110
vn -0.3172 0.2162 -0.9234
vn -0.3373 0.1231 -0.9333
vn -0.3470 -0.0000 -0.9379
vn 0.2011 -0.0000 -0.9796
vn 0.1967 0.0552 -0.9789
vn 0.1831 0.1090 -0.9770
vn 0.1619 0.1582 -0.9740
vn 0.1349 0.2003 -0.9704
vn 0.1033 0.2341 -0.9667
vn 0.0701 0.2585 -0.9635
vn 0.0528 0.2669 -0.9623
vn 0.0154 0.2740 -0.9616
vn -0.0235 0.2783 -0.9602
vn -0.0523 0.2763 -0.9597
vn -0.1043 0.2623 -0.9593
vn -0.1451 0.2393 -0.9601
vn -0.1705 0.2094 -0.9628
vn -0.1854 0.1725 -0.9674
vn -0.1932 0.1265 -0.9730
vn -0.1966 0.0686 -0.9781
vn -0.1976 -0.0000 -0.9803
vn 0.0951 -0.0000 -0.9955
vn 0.0927 0.0281 -0.9953
vn 0.0865 0.0547 -0.9947
vn 0.0768 0.0789 -0.9939
vn 0.0644 0.0999 -0.9929
vn 0.0499 0.1169 -0.9919
vn 0.0341 0.1292 -0.9910
vn 0.0305 0.1296 -0.9911
vn 0.0082 0.1391 -0.9902
vn -0.0151 0.1360 -0.9906
vn -0.0237 0.1376 -0.9902
vn -0.0482 0.1302 -0.9903
vn -0.0709 0.1175 -0.9905
vn -0.0876 0.1008 -0.9910
vn -0.0984 0.0810 -0.9918
vn -0.1049 0.0574 -0.9928
vn -0.1085 0.0301 -0.9936
vn -0.1096 -0.0000 -0.9940
vn -0.0048 -0.0000 -1.0000
vn 0.9719 0.2292 -0.0532
vn 0.9163 0.1490 -0.3718
vn 0.9294 0.2217 -0.2952
vn 0.9162 0.3061 -0.2588
vn 0.9028 0.3711 -0.2175
vn 0.8913 0.4188 -0.1737
vn 0.8831 0.4511 -0.1290
vn 0.8788 0.4697 -0.0839
vn 0.8789 0.4754 -0.0387
vn 0.8835 0.4683 0.0059
vn 0.8924 0.4485 0.0501
vn 0.9050 0.4151 0.0933
vn 0.9205 0.3666 0.1350
vn 0.9005 0.3763 0.2181
vn 0.8923 -0.0003 -0.4515
vn 0.8888 -0.0833 -0.4506
vn 0.7987 -0.1087 -0.5918
vn 0.7913 -0.0002 -0.6114
vn 0.7830 0.2131 -0.5844
vn 0.7601 0.3909 -0.5191
vn 0.7327 0.5224 -0.4361
vn 0.7080 0.6136 -0.3495
vn 0.6894 0.6740 -0.2653
vn 0.6777 0.7118 -0.1846
vn 0.6729 0.7320 -0.1070
vn 0.6746 0.7375 -0.0316
vn 0.6825 0.7295 0.0438
vn 0.6971 0.7069 0.1197
vn 0.7184 0.6671 0.1974
vn 0.7464 0.6048 0.2775
vn 0.7802 0.5127 0.3585
vn 0.8983 0.3118 0.3095
vn 0.8155 0.3819 0.4349
vn 0.9234 0.1663 0.3460
vn 0.8441 0.2074 0.4945
vn 0.9300 0.0806 0.3587
vn 0.8511 0.1074 0.5139
vn 0.5408 -0.1471 -0.8282
vn 0.5378 -0.0008 -0.8430
vn 0.5337 0.2765 -0.7992
vn 0.5200 0.4974 -0.6944
vn 0.5062 0.6493 -0.5676
vn 0.4974 0.7461 -0.4426
vn 0.4944 0.8053 -0.3272
vn 0.4958 0.8399 -0.2209
vn 0.5001 0.8574 -0.1215
vn 0.5062 0.8621 -0.0253
vn 0.5138 0.8550 0.0705
vn 0.5235 0.8351 0.1691
vn 0.5367 0.7983 0.2733
vn 0.5550 0.7372 0.3853
vn 0.5797 0.6392 0.5053
vn 0.6090 0.4879 0.6254
vn 0.6349 0.2704 0.7237
vn 0.6402 0.1428 0.7548
vn 0.2494 -0.1589 -0.9553
vn 0.2522 -0.0004 -0.9677
vn 0.2587 0.2980 -0.9189
vn 0.2708 0.5360 -0.7996
vn 0.2882 0.6994 -0.6540
vn 0.3089 0.8030 -0.5097
vn 0.3302 0.8661 -0.3754
vn 0.3497 0.9026 -0.2512
vn 0.3657 0.9210 -0.1341
vn 0.3766 0.9262 -0.0202
vn 0.3826 0.9191 0.0937
vn 0.3844 0.8987 0.2108
vn 0.3835 0.8607 0.3350
vn 0.3821 0.7965 0.4686
vn 0.3825 0.6924 0.6118
vn 0.3861 0.5297 0.7552
vn 0.3909 0.2940 0.8723
vn 0.3895 0.1552 0.9079
vn 0.0220 -0.1510 -0.9883
vn 0.0252 -0.0002 -0.9997
vn 0.0386 0.2880 -0.9569
vn 0.0699 0.5259 -0.8477
vn 0.1109 0.6982 -0.7072
vn 0.1540 0.8139 -0.5602
vn 0.1942 0.8880 -0.4169
vn 0.2281 0.9326 -0.2797
vn 0.2530 0.9563 -0.1465
vn 0.2684 0.9632 -0.0152
vn 0.2738 0.9547 0.1164
vn 0.2700 0.9298 0.2504
vn 0.2586 0.8841 0.3892
vn 0.2420 0.8100 0.5342
vn 0.2232 0.6949 0.6836
vn 0.2054 0.5234 0.8270
vn 0.1924 0.2867 0.9385
vn 0.1857 0.1493 0.9712
vn -0.0654 -0.1441 -0.9874
vn -0.0978 0.0431 -0.9943
vn -0.1006 0.2652 -0.9589
vn -0.0653 0.4942 -0.8669
vn -0.0175 0.6713 -0.7410
vn 0.0332 0.7997 -0.5995
vn 0.0809 0.8878 -0.4531
vn 0.1211 0.9444 -0.3056
vn 0.1513 0.9758 -0.1579
vn 0.1700 0.9854 -0.0097
vn 0.1768 0.9744 0.1387
vn 0.1727 0.9422 0.2871
vn 0.1591 0.8857 0.4362
vn 0.1394 0.7985 0.5856
vn 0.1161 0.6719 0.7315
vn 0.0936 0.4956 0.8635
vn 0.0767 0.2668 0.9607
vn 0.0697 0.1371 0.9881
vn -0.1622 0.1290 -0.9783
vn -0.1645 0.2840 -0.9446
vn -0.1467 0.4596 -0.8759
vn -0.1049 0.6381 -0.7628
vn -0.0585 0.7759 -0.6281
vn -0.0138 0.8766 -0.4811
vn 0.0250 0.9450 -0.3262
vn 0.0555 0.9845 -0.1663
vn 0.0763 0.9971 -0.0040
vn 0.0870 0.9836 0.1581
vn 0.0888 0.9440 0.3177
vn 0.0827 0.8770 0.4733
vn 0.0710 0.7789 0.6231
vn 0.0564 0.6439 0.7630
vn 0.0421 0.4666 0.8835
vn 0.0317 0.2476 0.9683
vn 0.0278 0.1262 0.9916
vn -0.1922 0.3409 -0.9202
vn -0.1854 0.4676 -0.8643
vn -0.1651 0.6091 -0.7757
vn -0.1300 0.7526 -0.6456
vn -0.0949 0.8621 -0.4979
vn -0.0630 0.9390 -0.3382
vn -0.0356 0.9847 -0.1708
vn -0.0135 0.9999 0.0001
vn 0.0032 0.9853 0.1705
vn 0.0149 0.9415 0.3367
vn 0.0222 0.8680 0.4961
vn 0.0257 0.7629 0.6460
vn 0.0266 0.6230 0.7817
vn 0.0263 0.4460 0.8947
vn 0.0264 0.2344 0.9718
vn 0.0267 0.1189 0.9925
vn -0.2244 0.5038 -0.8341
vn -0.2148 0.5893 -0.7788
vn -0.1922 0.7351 -0.6501
vn -0.1684 0.8484 -0.5018
vn -0.1448 0.9290 -0.3406
vn -0.1217 0.9776 -0.1718
vn -0.0989 0.9951 0.0005
vn -0.0762 0.9821 0.1723
vn -0.0538 0.9388 0.3402
vn -0.0322 0.8645 0.5016
vn -0.0124 0.7574 0.6529
vn 0.0050 0.6151 0.7884
vn 0.0193 0.4374 0.8990
vn 0.0300 0.2287 0.9730
vn 0.0342 0.1157 0.9927
vn -0.2734 0.4942 -0.8252
vn -0.2688 0.5788 -0.7699
vn -0.2559 0.7236 -0.6410
vn -0.2406 0.8359 -0.4932
vn -0.2233 0.9154 -0.3349
vn -0.2035 0.9641 -0.1708
vn -0.1803 0.9836 -0.0047
vn -0.1536 0.9748 0.1615
vn -0.1237 0.9370 0.3267
vn -0.0918 0.8677 0.4885
vn -0.0594 0.7636 0.6429
vn -0.0289 0.6218 0.7826
vn -0.0025 0.4425 0.8968
vn 0.0172 0.2312 0.9727
vn 0.0246 0.1166 0.9929
vn -0.3401 0.4905 -0.8023
vn -0.3381 0.5727 -0.7468
vn -0.3292 0.7130 -0.6190
vn -0.3174 0.8207 -0.4752
vn -0.3024 0.8964 -0.3240
vn -0.2838 0.9435 -0.1711
vn -0.2610 0.9652 -0.0170
vn -0.2337 0.9624 0.1388
vn -0.2020 0.9332 0.2971
vn -0.1667 0.8738 0.4567
vn -0.1295 0.7781 0.6147
vn -0.0926 0.6409 0.7620
vn -0.0595 0.4605 0.8856
vn -0.0341 0.2418 0.9697
vn -0.0243 0.1232 0.9921
vn -0.4304 0.4834 -0.7623
vn -0.4287 0.5612 -0.7080
vn -0.4180 0.6945 -0.5856
vn -0.4043 0.7952 -0.4518
vn -0.3881 0.8665 -0.3141
vn -0.3696 0.9125 -0.1756
vn -0.3483 0.9367 -0.0367
vn -0.3241 0.9402 0.1046
vn -0.2971 0.9209 0.2522
vn -0.2673 0.8739 0.4059
vn -0.2358 0.7913 0.5641
vn -0.2040 0.6643 0.7191
vn -0.1744 0.4870 0.8558
vn -0.1503 0.2597 0.9539
vn -0.1637 0.0443 0.9855
vn -0.2060 -0.1398 0.9685
vn -0.3590 -0.0009 0.9334
vn -0.3491 -0.1438 0.9260
vn -0.5446 0.4583 -0.7024
vn -0.5430 0.5289 -0.6522
vn -0.5275 0.6527 -0.5438
vn -0.5100 0.7469 -0.4268
vn -0.4918 0.8148 -0.3070
vn -0.4739 0.8606 -0.1864
vn -0.4563 0.8874 -0.0654
vn -0.4393 0.8963 0.0597
vn -0.4232 0.8856 0.1913
vn -0.4082 0.8504 0.3319
vn -0.3950 0.7823 0.4817
vn -0.3841 0.6698 0.6355
vn -0.3755 0.5012 0.7796
vn -0.3678 0.2724 0.8891
vn -0.6920 -0.0020 0.7219
vn -0.6885 -0.1333 0.7129
vn -0.6809 0.3959 -0.6162
vn -0.6825 0.4539 -0.5729
vn -0.6657 0.5634 -0.4894
vn -0.6483 0.6490 -0.3981
vn -0.6323 0.7131 -0.3029
vn -0.6189 0.7580 -0.2061
vn -0.6091 0.7858 -0.1071
vn -0.6039 0.7971 -0.0046
vn -0.6040 0.7903 0.1032
vn -0.6106 0.7614 0.2181
vn -0.6242 0.7032 0.3405
vn -0.6444 0.6053 0.4673
vn -0.6681 0.4557 0.5882
vn -0.6874 0.2487 0.6823
vn -0.9585 -0.0012 0.2852
vn -0.9604 -0.0792 0.2670
vn -0.8346 0.2691 -0.4807
vn -0.8436 0.3010 -0.4447
vn -0.8367 0.3771 -0.3972
vn -0.8304 0.4385 -0.3437
vn -0.8260 0.4854 -0.2866
vn -0.8243 0.5185 -0.2271
vn -0.8263 0.5382 -0.1659
vn -0.8326 0.5442 -0.1030
vn -0.8437 0.5355 -0.0382
vn -0.8599 0.5096 0.0284
vn -0.8812 0.4630 0.0960
vn -0.9060 0.3908 0.1623
vn -0.9313 0.2884 0.2223
vn -0.9512 0.1550 0.2669
vn -0.9572 0.2383 -0.1644
vn 0.9765 -0.0074 -0.2153
vn 0.8707 -0.0000 -0.4917
vn 0.8744 0.0362 -0.4838
vn 0.8824 0.0728 -0.4648
vn 0.8959 0.1145 -0.4292
vn 0.9141 0.1601 -0.3726
vn 0.9129 0.1994 -0.3562
vn 0.9915 0.0044 0.1297
vn 0.9496 0.2102 -0.2325
vn 0.9483 0.2428 -0.2043
vn 0.9571 0.2690 -0.1073
vn 0.9588 0.2840 -0.0047
vn 0.9523 0.2875 0.1020
vn 0.9372 0.2786 0.2100
vn 0.9141 0.2564 0.3141
vn 0.8859 0.2210 0.4078
vn 0.8573 0.1737 0.4847
vn 0.8335 0.1175 0.5399
vn 0.8185 0.0570 0.5717
vn 0.8148 -0.0000 0.5798
vn 0.7175 -0.0000 -0.6965
vn 0.7171 0.0791 -0.6924
vn 0.7195 0.1522 -0.6776
vn 0.7307 0.2274 -0.6437
vn 0.7549 0.3043 -0.5809
vn 0.7526 0.3568 -0.5534
vn 0.8219 0.3984 -0.4071
vn 0.8250 0.4409 -0.3536
vn 0.8511 0.4870 -0.1961
vn 0.8560 0.5169 -0.0095
vn 0.8265 0.5252 0.2026
vn 0.7564 0.5048 0.4160
vn 0.6571 0.4557 0.6005
vn 0.5498 0.3844 0.7416
vn 0.4516 0.2980 0.8410
vn 0.3736 0.2017 0.9054
vn 0.3241 0.0998 0.9408
vn 0.3072 -0.0000 0.9516
vn 0.6866 -0.0000 -0.7271
vn 0.6738 0.1349 -0.7265
vn 0.6444 0.2499 -0.7227
vn 0.6148 0.3534 -0.7051
vn 0.6022 0.4442 -0.6634
vn 0.5766 0.5045 -0.6427
vn 0.6563 0.5411 -0.5258
vn 0.6562 0.5942 -0.4651
vn 0.7027 0.6545 -0.2792
vn 0.7247 0.6890 -0.0068
vn 0.6790 0.6641 0.3130
vn 0.5654 0.5866 0.5798
vn 0.4250 0.4922 0.7597
vn 0.2932 0.3963 0.8700
vn 0.1894 0.3011 0.9346
vn 0.1185 0.2041 0.9717
vn 0.0788 0.1030 0.9916
vn 0.0662 -0.0000 0.9978
vn 0.5129 -0.0000 -0.8584
vn 0.4912 0.2417 -0.8368
vn 0.4461 0.4014 -0.7999
vn 0.4077 0.5036 -0.7617
vn 0.3944 0.5718 -0.7194
vn 0.3584 0.6085 -0.7080
vn 0.4674 0.6407 -0.6092
vn 0.4677 0.6864 -0.5569
vn 0.5472 0.7569 -0.3573
vn 0.6149 0.7885 -0.0094
vn 0.6000 0.7014 0.3847
vn 0.5084 0.5590 0.6550
vn 0.4123 0.4394 0.7981
vn 0.3462 0.3533 0.8691
vn 0.3090 0.2813 0.9085
vn 0.2917 0.2035 0.9346
vn 0.2863 0.1094 0.9519
vn 0.2858 -0.0000 0.9583
vn 0.3605 -0.0000 -0.9328
vn 0.3365 0.3266 -0.8832
vn 0.2974 0.4990 -0.8140
vn 0.2736 0.5748 -0.7712
vn 0.2748 0.6087 -0.7443
vn 0.2798 0.6129 -0.7390
vn 0.3322 0.6577 -0.6761
vn 0.3762 0.6874 -0.6213
vn 0.4885 0.7721 -0.4064
vn 0.5879 0.8089 -0.0025
vn 0.5787 0.6936 0.4290
vn 0.5086 0.5233 0.6837
vn 0.4598 0.4080 0.7887
vn 0.4459 0.3438 0.8265
vn 0.4554 0.2936 0.8405
vn 0.4758 0.2264 0.8499
vn 0.4962 0.1281 0.8587
vn 0.5053 -0.0000 0.8630
vn 0.3197 -0.0000 -0.9475
vn 0.3060 0.3696 -0.8774
vn 0.2872 0.5425 -0.7894
vn 0.2763 0.5933 -0.7561
vn 0.2833 0.5911 -0.7552
vn 0.3013 0.5702 -0.7642
vn 0.3426 0.6050 -0.7187
vn 0.4035 0.6315 -0.6621
vn 0.5249 0.7331 -0.4325
vn 0.6159 0.7877 -0.0133
vn 0.5978 0.6853 0.4160
vn 0.5281 0.5215 0.6702
vn 0.4856 0.4153 0.7692
vn 0.4849 0.3700 0.7925
vn 0.5146 0.3402 0.7871
vn 0.5599 0.2796 0.7800
vn 0.6038 0.1656 0.7798
vn 0.6238 -0.0000 0.7816
vn 0.2284 -0.0000 -0.9736
vn 0.2247 0.3963 -0.8902
vn 0.2370 0.5615 -0.7928
vn 0.2729 0.5817 -0.7663
vn 0.3258 0.5374 -0.7778
vn 0.3750 0.4909 -0.7864
vn 0.4124 0.5257 -0.7440
vn 0.4843 0.5622 -0.6703
vn 0.5886 0.6903 -0.4208
vn 0.6526 0.7571 -0.0283
vn 0.6515 0.6725 0.3510
vn 0.6171 0.5165 0.5936
vn 0.5947 0.4075 0.6931
vn 0.6030 0.3709 0.7063
vn 0.6405 0.3597 0.6785
vn 0.6994 0.3104 0.6438
vn 0.7611 0.1893 0.6204
vn 0.7912 -0.0000 0.6116
vn 0.1107 -0.0000 -0.9939
vn 0.1214 0.4113 -0.9034
vn 0.1662 0.5512 -0.8177
vn 0.2332 0.5357 -0.8116
vn 0.2953 0.4732 -0.8300
vn 0.2826 0.4378 -0.8535
vn 0.4173 0.4719 -0.7767
vn 0.4340 0.5522 -0.7119
vn 0.5483 0.7169 -0.4306
vn 0.6213 0.7828 -0.0345
vn 0.6312 0.7051 0.3230
vn 0.6128 0.5521 0.5654
vn 0.6036 0.4303 0.6712
vn 0.6181 0.3917 0.6816
vn 0.6508 0.3996 0.6456
vn 0.7040 0.3739 0.6039
vn 0.7725 0.2501 0.5837
vn 0.8116 -0.0000 0.5842
vn 0.0427 -0.0000 -0.9991
vn 0.0689 0.4247 -0.9027
vn 0.1286 0.5345 -0.8353
vn 0.1861 0.4986 -0.8466
vn 0.1664 0.4292 -0.8877
vn 0.0877 0.4014 -0.9117
vn 0.2158 0.4743 -0.8535
vn 0.2672 0.5910 -0.7611
vn 0.4196 0.7903 -0.4464
vn 0.5226 0.8523 -0.0228
vn 0.5383 0.7630 0.3577
vn 0.4923 0.6031 0.6276
vn 0.4510 0.4760 0.7550
vn 0.4558 0.4445 0.7712
vn 0.4818 0.4720 0.7383
vn 0.5150 0.4808 0.7097
vn 0.5709 0.3575 0.7392
vn 0.6091 -0.0000 0.7931
vn 0.0217 0.3875 -0.9216
vn 0.0217 0.3874 -0.9216
vn 0.0971 0.4654 -0.8798
vn -0.0324 0.6849 -0.7279
vn -0.0341 0.8997 -0.4353
vn 0.0885 0.9959 0.0165
vn 0.2265 0.8671 0.4437
vn 0.2956 0.6295 0.7185
vn 0.3108 0.4888 0.8151
vn 0.3511 0.4533 0.8193
vn 0.3753 0.4909 0.7862
vn 0.3943 0.5198 0.7578
vn 0.4265 0.4040 0.8092
vn 0.4635 -0.0000 0.8861
vn -0.4607 0.6714 -0.5805
vn -0.4215 0.8261 -0.3739
vn -0.2299 0.9645 0.1302
vn 0.0164 0.8190 0.5736
vn 0.1536 0.5778 0.8016
vn 0.1853 0.4724 0.8617
vn 0.6393 0.7574 0.1328
vn 0.6235 0.6923 0.3633
vn 0.6590 0.6638 0.3536
vn 0.6932 0.6380 0.3354
vn 0.7247 0.6158 0.3092
vn 0.7523 0.5982 0.2760
vn 0.7750 0.5857 0.2372
vn 0.7918 0.5790 0.1943
vn 0.8022 0.5783 0.1488
vn 0.8056 0.5835 0.1027
vn 0.8020 0.5945 0.0575
vn 0.7916 0.6108 0.0152
vn 0.7748 0.6318 -0.0227
vn 0.7522 0.6567 -0.0548
vn 0.7247 0.6845 -0.0799
vn 0.6933 0.7141 -0.0970
vn 0.6592 0.7446 -0.1055
vn 0.6236 0.7746 -0.1050
vn 0.5880 0.8032 -0.0956
vn 0.5537 0.8291 -0.0775
vn 0.5220 0.8514 -0.0514
vn 0.4942 0.8692 -0.0182
vn 0.4714 0.8817 0.0207
vn 0.4544 0.8885 0.0638
vn 0.4440 0.8893 0.1095
vn 0.4406 0.8841 0.1559
vn 0.4443 0.8730 0.2012
vn 0.4548 0.8566 0.2437
vn 0.4718 0.8355 0.2817
vn 0.4946 0.8105 0.3137
vn 0.5223 0.7826 0.3387
vn 0.5538 0.7529 0.3557
vn 0.5880 0.7224 0.3640
vn 0.5884 0.6237 0.5146
vn 0.6480 0.5758 0.4985
vn 0.7054 0.5323 0.4680
vn 0.7583 0.4951 0.4241
vn 0.8047 0.4654 0.3686
vn 0.8428 0.4444 0.3035
vn 0.8711 0.4331 0.2313
vn 0.8886 0.4318 0.1550
vn 0.8944 0.4405 0.0774
vn 0.8884 0.4590 0.0016
vn 0.8709 0.4864 -0.0695
vn 0.8426 0.5218 -0.1332
vn 0.8045 0.5637 -0.1871
vn 0.7582 0.6104 -0.2291
vn 0.7054 0.6604 -0.2576
vn 0.6481 0.7115 -0.2716
vn 0.5885 0.7619 -0.2705
vn 0.5289 0.8097 -0.2543
vn 0.4715 0.8530 -0.2237
vn 0.4187 0.8902 -0.1798
vn 0.3723 0.9197 -0.1242
vn 0.3343 0.9406 -0.0592
vn 0.3061 0.9519 0.0128
vn 0.2888 0.9532 0.0890
vn 0.2830 0.9446 0.1665
vn 0.2890 0.9262 0.2421
vn 0.3065 0.8989 0.3132
vn 0.3347 0.8637 0.3768
vn 0.3727 0.8219 0.4307
vn 0.4189 0.7752 0.4728
vn 0.4717 0.7253 0.5014
vn 0.5289 0.6742 0.5155
vn 0.5039 0.4883 0.7125
vn 0.5961 0.4140 0.6879
vn 0.6850 0.3464 0.6409
vn 0.7671 0.2884 0.5730
vn 0.8391 0.2422 0.4870
vn 0.8983 0.2097 0.3861
vn 0.9423 0.1921 0.2743
vn 0.9693 0.1901 0.1559
vn 0.9784 0.2038 0.0355
vn 0.9691 0.2325 -0.0821
vn 0.9419 0.2753 -0.1923
vn 0.8979 0.3302 -0.2910
vn 0.8388 0.3953 -0.3744
vn 0.7669 0.4679 -0.4393
vn 0.6849 0.5453 -0.4833
vn 0.5960 0.6245 -0.5047
vn 0.5037 0.7026 -0.5027
vn 0.4114 0.7764 -0.4774
vn 0.3228 0.8432 -0.4298
vn 0.2411 0.9005 -0.3618
vn 0.1696 0.9461 -0.2758
vn 0.1111 0.9782 -0.1753
vn 0.0677 0.9956 -0.0641
vn 0.0411 0.9977 0.0535
vn 0.0323 0.9844 0.1731
vn 0.0415 0.9561 0.2899
vn 0.0685 0.9141 0.3997
vn 0.1121 0.8598 0.4982
vn 0.1706 0.7954 0.5816
vn 0.2419 0.7232 0.6469
vn 0.3233 0.6460 0.6915
vn 0.4118 0.5667 0.7137
vn 0.4403 0.3790 0.8139
vn 0.5499 0.2911 0.7829
vn 0.6549 0.2118 0.7254
vn 0.7513 0.1440 0.6440
vn 0.8357 0.0903 0.5418
vn 0.9048 0.0524 0.4226
vn 0.9562 0.0319 0.2910
vn 0.9880 0.0294 0.1517
vn 0.9989 0.0451 0.0101
vn 0.9886 0.0784 -0.1288
vn 0.9572 0.1281 -0.2595
vn 0.9059 0.1925 -0.3772
vn 0.8365 0.2692 -0.4773
vn 0.7517 0.3553 -0.5557
vn 0.6545 0.4475 -0.6094
vn 0.5489 0.5422 -0.6362
vn 0.4388 0.6358 -0.6350
vn 0.3285 0.7246 -0.6058
vn 0.2224 0.8052 -0.5497
vn 0.1244 0.8745 -0.4688
vn 0.0385 0.9297 -0.3664
vn -0.0321 0.9687 -0.2461
vn -0.0846 0.9900 -0.1128
vn -0.1170 0.9927 0.0285
vn -0.1280 0.9767 0.1723
vn -0.1170 0.9425 0.3130
vn -0.0845 0.8915 0.4452
vn -0.0316 0.8256 0.5634
vn 0.0394 0.7474 0.6632
vn 0.1257 0.6601 0.7406
vn 0.2240 0.5672 0.7926
vn 0.3302 0.4722 0.8173
vn -0.0759 0.0780 0.9941
vn -0.0523 -0.0000 0.9986
vn -0.0113 -0.0000 0.9999
vn -0.0175 0.1133 0.9934
vn 0.0117 0.1060 0.9943
vn 0.0089 -0.0000 1.0000
vn -0.0091 0.1266 0.9919
vn 0.0194 0.1321 0.9910
vn -0.0744 0.1305 0.9886
vn 0.1760 -0.0420 0.9835
vn 0.1658 -0.0814 0.9828
vn 0.1492 -0.1185 0.9817
vn 0.1268 -0.1506 0.9804
vn 0.0993 -0.1768 0.9792
vn 0.0675 -0.1964 0.9782
vn 0.0448 -0.2063 0.9775
vn -0.0690 -0.1930 0.9788
vn -0.0135 -0.2063 0.9784
vn -0.0855 -0.1786 0.9802
vn -0.1112 -0.1513 0.9822
vn -0.1327 -0.1188 0.9840
vn -0.1492 -0.0817 0.9854
vn -0.1596 -0.0416 0.9863
vn 0.3215 -0.0766 0.9438
vn 0.3018 -0.1497 0.9415
vn 0.2706 -0.2152 0.9383
vn 0.2293 -0.2722 0.9345
vn 0.1798 -0.3180 0.9309
vn 0.1229 -0.3518 0.9280
vn 0.0663 -0.3741 0.9250
vn -0.0274 -0.3776 0.9256
vn -0.1094 -0.3535 0.9290
vn -0.1559 -0.3226 0.9336
vn -0.2101 -0.2718 0.9391
vn -0.2546 -0.2140 0.9431
vn -0.2883 -0.1476 0.9461
vn -0.3090 -0.0755 0.9481
vn 0.4597 -0.1089 0.8814
vn 0.4301 -0.2121 0.8775
vn 0.3835 -0.3049 0.8718
vn 0.3230 -0.3833 0.8653
vn 0.2521 -0.4456 0.8590
vn 0.1730 -0.4907 0.8540
vn 0.0813 -0.5242 0.8477
vn -0.0395 -0.5286 0.8480
vn -0.1442 -0.5036 0.8518
vn -0.2289 -0.4564 0.8598
vn -0.3164 -0.3851 0.8669
vn -0.3837 -0.3058 0.8714
vn -0.4336 -0.2126 0.8757
vn -0.4640 -0.1092 0.8791
vn 0.6309 -0.1485 0.7615
vn 0.5879 -0.2880 0.7559
vn 0.5208 -0.4116 0.7479
vn 0.4352 -0.5141 0.7392
vn 0.3367 -0.5941 0.7305
vn 0.2302 -0.6504 0.7239
vn 0.0992 -0.6919 0.7151
vn -0.0539 -0.7021 0.7101
vn -0.1857 -0.6737 0.7152
vn -0.3201 -0.6133 0.7221
vn -0.4439 -0.5218 0.7285
vn -0.5346 -0.4178 0.7346
vn -0.6034 -0.2932 0.7416
vn -0.6473 -0.1518 0.7470
vn 0.7968 -0.1866 0.5747
vn 0.7394 -0.3605 0.5686
vn 0.6513 -0.5122 0.5599
vn 0.5406 -0.6363 0.5504
vn 0.4152 -0.7310 0.5415
vn 0.2821 -0.7966 0.5346
vn 0.1152 -0.8434 0.5248
vn -0.0678 -0.8538 0.5162
vn -0.2311 -0.8254 0.5150
vn -0.4037 -0.7560 0.5152
vn -0.5577 -0.6503 0.5158
vn -0.6731 -0.5260 0.5199
vn -0.7658 -0.3720 0.5246
vn -0.8270 -0.1931 0.5280
vn -0.8485 -0.0001 0.5292
vn 0.8968 -0.2064 0.3914
vn 0.8285 -0.4018 0.3900
vn 0.7268 -0.5691 0.3845
vn 0.6010 -0.7047 0.3772
vn 0.4598 -0.8073 0.3699
vn 0.3098 -0.8792 0.3620
vn 0.1210 -0.9282 0.3519
vn -0.0780 -0.9377 0.3387
vn -0.2585 -0.9099 0.3244
vn -0.4522 -0.8367 0.3090
vn -0.6224 -0.7245 0.2961
vn -0.7556 -0.5887 0.2874
vn -0.8649 -0.4173 0.2790
vn -0.9382 -0.2153 0.2710
vn 0.9442 -0.2213 0.2438
vn 0.8711 -0.4292 0.2388
vn 0.7593 -0.6124 0.2203
vn 0.6335 -0.7470 0.2017
vn 0.4895 -0.8496 0.1962
vn 0.3222 -0.9281 0.1869
vn 0.1218 -0.9774 0.1727
vn -0.0852 -0.9840 0.1561
vn -0.2699 -0.9535 0.1344
vn -0.4676 -0.8768 0.1124
vn -0.6431 -0.7598 0.0956
vn -0.7822 -0.6174 0.0832
vn -0.8953 -0.4397 0.0720
vn -0.9719 -0.2271 0.0617
vn 0.9595 -0.2210 0.1747
vn 0.8720 -0.4735 0.1242
vn 0.7643 -0.6392 0.0854
vn 0.6388 -0.7675 0.0534
vn 0.4980 -0.8668 0.0232
vn 0.3208 -0.9471 -0.0033
vn 0.1204 -0.9925 -0.0195
vn -0.0930 -0.9950 -0.0366
vn -0.2834 -0.9567 -0.0657
vn -0.4692 -0.8780 -0.0946
vn -0.6353 -0.7651 -0.1056
vn -0.7734 -0.6261 -0.0992
vn -0.8890 -0.4494 -0.0875
vn -0.9697 -0.2328 -0.0743
vn -0.9977 -0.0001 -0.0675
vn 0.8706 -0.4586 -0.1779
vn 0.7692 -0.6316 -0.0970
vn 0.6186 -0.7783 -0.1080
vn 0.4727 -0.8703 -0.1381
vn 0.3008 -0.9393 -0.1653
vn 0.1163 -0.9779 -0.1740
vn -0.0976 -0.9795 -0.1763
vn -0.2983 -0.9353 -0.1904
vn -0.4748 -0.8529 -0.2170
vn -0.6196 -0.7501 -0.2312
vn -0.7453 -0.6236 -0.2359
vn -0.8626 -0.4444 -0.2418
vn -0.9429 -0.2266 -0.2441
vn 0.9196 -0.2184 -0.3265
vn 0.8493 -0.1875 -0.4934
vn 0.8207 -0.3634 -0.4408
vn 0.7369 -0.5741 -0.3569
vn 0.5948 -0.7610 -0.2590
vn 0.4609 -0.8622 -0.2102
vn 0.3008 -0.9383 -0.1709
vn 0.1447 -0.9836 -0.1081
vn -0.0628 -0.9980 -0.0009
vn -0.2742 -0.9539 0.1223
vn -0.4022 -0.8760 0.2661
vn -0.5499 -0.7557 0.3556
vn -0.6708 -0.6304 0.3907
vn -0.8022 -0.4425 0.4009
vn -0.8850 -0.2278 0.4061
vn 0.8493 -0.1875 -0.4935
vn 0.7783 -0.1438 -0.6112
vn 0.7807 -0.3085 -0.5435
vn 0.7369 -0.5741 -0.3570
vn 0.7200 -0.5655 -0.4022
vn 0.5948 -0.7610 -0.2591
vn 0.6023 -0.7575 -0.2519
vn 0.4567 -0.8824 -0.1129
vn 0.3231 -0.9459 0.0280
vn 0.1447 -0.9836 -0.1080
vn 0.1909 -0.9560 0.2228
vn -0.0628 -0.9980 -0.0008
vn -0.0170 -0.8764 0.4813
vn -0.1388 -0.7476 0.6495
vn -0.1832 -0.6450 0.7419
vn -0.5500 -0.7558 0.3555
vn -0.2344 -0.5363 0.8108
vn -0.6709 -0.6303 0.3907
vn -0.2695 -0.3518 0.8964
vn -0.8023 -0.4424 0.4008
vn -0.2938 -0.1960 0.9356
vn -0.8850 -0.2278 0.4060
vn -0.3170 -0.0847 0.9446
vn 0.9747 -0.1580 0.1581
vn 0.8998 -0.3833 0.2086
vn 0.7592 -0.6041 0.2423
vn 0.5963 -0.7380 0.3160
vn 0.4262 -0.8044 0.4139
vn 0.3060 -0.8054 0.5077
vn 0.1797 -0.7498 0.6368
vn 0.0383 -0.6701 0.7413
vn -0.0429 -0.5956 0.8022
vn -0.1087 -0.5660 0.8172
vn -0.1408 -0.4522 0.8808
vn -0.0883 -0.5128 0.8539
vn -0.1344 -0.3215 0.9373
vn -0.1602 -0.1530 0.9752
vn -0.1726 -0.0540 0.9835
vn -0.1445 -0.1663 0.9754
vn -0.0032 -0.1173 0.9931
vn -0.0171 -0.0740 0.9971
vn -0.1882 -0.0951 0.9775
vn -0.1539 -0.4984 0.8532
vn -0.0854 -0.2872 0.9541
vn -0.1957 -0.5296 0.8253
vn -0.0769 -0.2673 0.9605
vn -0.2752 -0.5136 0.8127
vn -0.0980 -0.2193 0.9707
vn -0.3780 -0.4185 0.8258
vn -0.4786 -0.2974 0.8261
vn -0.5514 -0.1633 0.8181
vn 0.7026 -0.1236 0.7008
vn 0.6565 -0.2996 0.6922
vn 0.5573 -0.4761 0.6802
vn 0.4478 -0.5811 0.6796
vn 0.3361 -0.6423 0.6888
vn 0.2434 -0.6866 0.6851
vn 0.1749 -0.7124 0.6796
vn 0.0654 -0.7246 0.6861
vn -0.0269 -0.7134 0.7002
vn -0.1298 -0.7074 0.6948
vn -0.2811 -0.7087 0.6470
vn -0.3721 -0.7440 0.5550
vn -0.4761 -0.7309 0.4890
vn -0.6510 -0.6181 0.4407
vn -0.8107 -0.4305 0.3968
vn -0.9068 -0.2273 0.3550
vn 0.8729 -0.1582 0.4616
vn 0.8012 -0.3632 0.4756
vn 0.6716 -0.5534 0.4926
vn 0.5332 -0.6771 0.5071
vn 0.3916 -0.7662 0.5094
vn 0.2556 -0.8268 0.5010
vn 0.1905 -0.8503 0.4906
vn 0.0737 -0.8702 0.4871
vn -0.0457 -0.8703 0.4904
vn -0.1812 -0.8680 0.4623
vn -0.3950 -0.8367 0.3794
vn -0.4915 -0.8310 0.2604
vn -0.5697 -0.8058 0.1617
vn -0.7291 -0.6794 0.0827
vn -0.8901 -0.4558 0.0049
vn -0.9729 -0.2255 -0.0510
vn 0.9718 -0.1717 0.1619
vn 0.9022 -0.3884 0.1875
vn 0.7701 -0.5962 0.2267
vn 0.6139 -0.7479 0.2527
vn 0.4448 -0.8590 0.2536
vn 0.2840 -0.9273 0.2437
vn 0.1972 -0.9531 0.2295
vn 0.0717 -0.9725 0.2216
vn -0.0620 -0.9718 0.2275
vn -0.2199 -0.9574 0.1872
vn -0.4607 -0.8844 0.0751
vn -0.5528 -0.8328 -0.0295
vn -0.5977 -0.7955 -0.0995
vn -0.7312 -0.6603 -0.1713
vn -0.8706 -0.4336 -0.2326
vn -0.9407 -0.2065 -0.2690
vn -0.9599 -0.0001 -0.2804
vn 0.9829 -0.1731 -0.0625
vn 0.9229 -0.3801 -0.0616
vn 0.8035 -0.5931 -0.0512
vn 0.6419 -0.7655 -0.0446
vn 0.4602 -0.8865 -0.0484
vn 0.2900 -0.9555 -0.0539
vn 0.1840 -0.9807 -0.0658
vn 0.0641 -0.9956 -0.0680
vn -0.0642 -0.9962 -0.0592
vn -0.2369 -0.9665 -0.0985
vn -0.4701 -0.8571 -0.2106
vn -0.5568 -0.7703 -0.3108
vn -0.5760 -0.7307 -0.3665
vn -0.6735 -0.6039 -0.4262
vn -0.7892 -0.3962 -0.4692
vn -0.8526 -0.1862 -0.4883
vn 0.9488 -0.1735 -0.2639
vn 0.8848 -0.3637 -0.2912
vn 0.7651 -0.5602 -0.3176
vn 0.6051 -0.7237 -0.3317
vn 0.4309 -0.8376 -0.3357
vn 0.2710 -0.9032 -0.3328
vn 0.1657 -0.9293 -0.3302
vn 0.0589 -0.9445 -0.3233
vn -0.0595 -0.9453 -0.3207
vn -0.2235 -0.9107 -0.3473
vn -0.4428 -0.7946 -0.4154
vn -0.5369 -0.6949 -0.4784
vn -0.5485 -0.6593 -0.5142
vn -0.6197 -0.5564 -0.5535
vn -0.7254 -0.3773 -0.5757
vn -0.7962 -0.1822 -0.5769
vn 0.8446 -0.1671 -0.5087
vn 0.7772 -0.3372 -0.5313
vn 0.6643 -0.5033 -0.5527
vn 0.5226 -0.6421 -0.5609
vn 0.3739 -0.7416 -0.5570
vn 0.2369 -0.8026 -0.5475
vn 0.1470 -0.8280 -0.5412
vn 0.0512 -0.8439 -0.5341
vn -0.0582 -0.8459 -0.5302
vn -0.2044 -0.8210 -0.5330
vn -0.4076 -0.7363 -0.5401
vn -0.5198 -0.6607 -0.5415
vn -0.5468 -0.6298 -0.5517
vn -0.6088 -0.5483 -0.5734
vn -0.7129 -0.3927 -0.5811
vn -0.7957 -0.1996 -0.5718
vn 0.6771 -0.1473 -0.7210
vn 0.6191 -0.2912 -0.7293
vn 0.5289 -0.4245 -0.7349
vn 0.4189 -0.5370 -0.7323
vn 0.3040 -0.6210 -0.7224
vn 0.1957 -0.6761 -0.7104
vn 0.1251 -0.6995 -0.7036
vn 0.0419 -0.7162 -0.6966
vn -0.0524 -0.7193 -0.6928
vn -0.1754 -0.7074 -0.6847
vn -0.3512 -0.6594 -0.6647
vn -0.4651 -0.6125 -0.6392
vn -0.5114 -0.5835 -0.6309
vn -0.5703 -0.5140 -0.6407
vn -0.6591 -0.3846 -0.6462
vn -0.7394 -0.2064 -0.6408
vn 0.4919 -0.1177 -0.8626
vn 0.4508 -0.2316 -0.8620
vn 0.3884 -0.3338 -0.8589
vn 0.3126 -0.4207 -0.8517
vn 0.2314 -0.4884 -0.8414
vn 0.1518 -0.5351 -0.8310
vn 0.1003 -0.5542 -0.8263
vn 0.0325 -0.5704 -0.8207
vn -0.0430 -0.5728 -0.8186
vn -0.1313 -0.5673 -0.8130
vn -0.2599 -0.5395 -0.8009
vn -0.3525 -0.5060 -0.7872
vn -0.4037 -0.4735 -0.7828
vn -0.4487 -0.4145 -0.7918
vn -0.5028 -0.3166 -0.8043
vn -0.5566 -0.1781 -0.8115
vn -0.5805 -0.0001 -0.8142
vn 0.3277 -0.0855 -0.9409
vn 0.3028 -0.1688 -0.9380
vn 0.2646 -0.2436 -0.9331
vn 0.2170 -0.3072 -0.9266
vn 0.1633 -0.3579 -0.9193
vn 0.1092 -0.3941 -0.9126
vn 0.0758 -0.4082 -0.9097
vn 0.0236 -0.4195 -0.9074
vn -0.0324 -0.4235 -0.9053
vn -0.0882 -0.4206 -0.9030
vn -0.1730 -0.4001 -0.9000
vn -0.2349 -0.3703 -0.8987
vn -0.2728 -0.3347 -0.9020
vn -0.2973 -0.2857 -0.9111
vn -0.3172 -0.2162 -0.9234
vn -0.3373 -0.1231 -0.9333
vn 0.1966 -0.0553 -0.9789
vn 0.1831 -0.1090 -0.9770
vn 0.1620 -0.1581 -0.9740
vn 0.1349 -0.2003 -0.9704
vn 0.1032 -0.2341 -0.9667
vn 0.0699 -0.2585 -0.9635
vn 0.0528 -0.2669 -0.9623
vn 0.0154 -0.2740 -0.9616
vn -0.0232 -0.2784 -0.9602
vn -0.0523 -0.2763 -0.9597
vn -0.1043 -0.2623 -0.9593
vn -0.1451 -0.2393 -0.9601
vn -0.1706 -0.2094 -0.9628
vn -0.1854 -0.1725 -0.9674
vn -0.1932 -0.1265 -0.9730
vn -0.1966 -0.0686 -0.9781
vn 0.0927 -0.0281 -0.9953
vn 0.0865 -0.0546 -0.9947
vn 0.0768 -0.0789 -0.9939
vn 0.0645 -0.0998 -0.9929
vn 0.0499 -0.1169 -0.9919
vn 0.0341 -0.1292 -0.9910
vn 0.0304 -0.1296 -0.9911
vn 0.0082 -0.1391 -0.9902
vn -0.0151 -0.1360 -0.9906
vn -0.0237 -0.1376 -0.9902
vn -0.0482 -0.1302 -0.9903
vn -0.0709 -0.1175 -0.9905
vn -0.0876 -0.1009 -0.9910
vn -0.0984 -0.0809 -0.9919
vn -0.1049 -0.0574 -0.9928
vn -0.1085 -0.0301 -0.9936
vn 0.9719 -0.2292 -0.0532
vn 0.9294 -0.2217 -0.2952
vn 0.9163 -0.1490 -0.3718
vn 0.9162 -0.3061 -0.2588
vn 0.9028 -0.3711 -0.2174
vn 0.8913 -0.4188 -0.1737
vn 0.8831 -0.4511 -0.1290
vn 0.8788 -0.4697 -0.0839
vn 0.8789 -0.4754 -0.0387
vn 0.8835 -0.4683 0.0057
vn 0.8924 -0.4485 0.0501
vn 0.9050 -0.4151 0.0933
vn 0.9205 -0.3666 0.1350
vn 0.9005 -0.3763 0.2181
vn 0.7987 0.1088 -0.5918
vn 0.8888 0.0833 -0.4506
vn 0.8923 0.0003 -0.4515
vn 0.7913 0.0002 -0.6114
vn 0.7830 -0.2131 -0.5844
vn 0.7601 -0.3909 -0.5191
vn 0.7327 -0.5224 -0.4361
vn 0.7080 -0.6136 -0.3495
vn 0.6894 -0.6740 -0.2653
vn 0.6777 -0.7118 -0.1846
vn 0.6729 -0.7320 -0.1070
vn 0.6746 -0.7375 -0.0316
vn 0.6826 -0.7295 0.0438
vn 0.6971 -0.7069 0.1197
vn 0.7184 -0.6671 0.1974
vn 0.7464 -0.6048 0.2775
vn 0.7802 -0.5127 0.3585
vn 0.8983 -0.3118 0.3095
vn 0.8155 -0.3819 0.4349
vn 0.9234 -0.1663 0.3460
vn 0.8441 -0.2074 0.4945
vn 0.9300 -0.0806 0.3587
vn 0.8511 -0.1075 0.5139
vn 0.5409 0.1472 -0.8281
vn 0.5378 0.0008 -0.8430
vn 0.5337 -0.2765 -0.7992
vn 0.5200 -0.4974 -0.6944
vn 0.5062 -0.6493 -0.5676
vn 0.4974 -0.7461 -0.4427
vn 0.4944 -0.8053 -0.3272
vn 0.4958 -0.8399 -0.2210
vn 0.5000 -0.8575 -0.1210
vn 0.5062 -0.8621 -0.0253
vn 0.5138 -0.8550 0.0705
vn 0.5235 -0.8351 0.1691
vn 0.5367 -0.7983 0.2733
vn 0.5550 -0.7372 0.3853
vn 0.5797 -0.6392 0.5052
vn 0.6090 -0.4879 0.6254
vn 0.6349 -0.2703 0.7238
vn 0.6403 -0.1430 0.7547
vn 0.2494 0.1589 -0.9553
vn 0.2522 0.0004 -0.9677
vn 0.2587 -0.2980 -0.9188
vn 0.2708 -0.5360 -0.7996
vn 0.2882 -0.6994 -0.6540
vn 0.3089 -0.8030 -0.5096
vn 0.3302 -0.8661 -0.3754
vn 0.3497 -0.9026 -0.2512
vn 0.3657 -0.9210 -0.1341
vn 0.3765 -0.9262 -0.0202
vn 0.3826 -0.9192 0.0937
vn 0.3844 -0.8987 0.2108
vn 0.3835 -0.8607 0.3349
vn 0.3821 -0.7965 0.4686
vn 0.3825 -0.6924 0.6118
vn 0.3861 -0.5296 0.7553
vn 0.3909 -0.2940 0.8723
vn 0.3895 -0.1552 0.9078
vn 0.0220 0.1510 -0.9883
vn 0.0252 0.0002 -0.9997
vn 0.0386 -0.2880 -0.9569
vn 0.0699 -0.5259 -0.8477
vn 0.1109 -0.6982 -0.7072
vn 0.1540 -0.8139 -0.5603
vn 0.1942 -0.8880 -0.4169
vn 0.2281 -0.9326 -0.2797
vn 0.2530 -0.9563 -0.1464
vn 0.2684 -0.9632 -0.0152
vn 0.2738 -0.9547 0.1164
vn 0.2699 -0.9297 0.2504
vn 0.2586 -0.8841 0.3892
vn 0.2420 -0.8100 0.5342
vn 0.2232 -0.6949 0.6836
vn 0.2054 -0.5234 0.8270
vn 0.1924 -0.2867 0.9385
vn 0.1857 -0.1493 0.9712
vn -0.0654 0.1441 -0.9874
vn -0.0978 -0.0431 -0.9943
vn -0.1006 -0.2653 -0.9589
vn -0.0653 -0.4942 -0.8669
vn -0.0175 -0.6713 -0.7410
vn 0.0332 -0.7997 -0.5995
vn 0.0809 -0.8877 -0.4532
vn 0.1211 -0.9444 -0.3056
vn 0.1513 -0.9758 -0.1579
vn 0.1699 -0.9854 -0.0096
vn 0.1768 -0.9744 0.1387
vn 0.1727 -0.9422 0.2871
vn 0.1593 -0.8856 0.4363
vn 0.1394 -0.7985 0.5856
vn 0.1161 -0.6718 0.7315
vn 0.0936 -0.4956 0.8635
vn 0.0767 -0.2668 0.9607
vn 0.0697 -0.1371 0.9881
vn -0.1622 -0.1289 -0.9783
vn -0.1645 -0.2840 -0.9446
vn -0.1467 -0.4596 -0.8759
vn -0.1049 -0.6381 -0.7627
vn -0.0585 -0.7759 -0.6282
vn -0.0139 -0.8766 -0.4810
vn 0.0250 -0.9450 -0.3262
vn 0.0555 -0.9845 -0.1663
vn 0.0763 -0.9971 -0.0040
vn 0.0870 -0.9836 0.1581
vn 0.0887 -0.9440 0.3178
vn 0.0827 -0.8770 0.4733
vn 0.0710 -0.7789 0.6231
vn 0.0564 -0.6439 0.7630
vn 0.0421 -0.4666 0.8835
vn 0.0317 -0.2476 0.9683
vn 0.0278 -0.1262 0.9916
vn -0.1922 -0.3409 -0.9202
vn -0.1854 -0.4676 -0.8643
vn -0.1651 -0.6091 -0.7757
vn -0.1300 -0.7526 -0.6456
vn -0.0949 -0.8621 -0.4978
vn -0.0630 -0.9390 -0.3382
vn -0.0356 -0.9847 -0.1708
vn -0.0135 -0.9999 0.0001
vn 0.0032 -0.9853 0.1705
vn 0.0149 -0.9415 0.3368
vn 0.0222 -0.8680 0.4961
vn 0.0257 -0.7630 0.6459
vn 0.0266 -0.6230 0.7817
vn 0.0263 -0.4460 0.8947
vn 0.0264 -0.2344 0.9718
vn 0.0267 -0.1189 0.9925
vn -0.2244 -0.5038 -0.8341
vn -0.2148 -0.5893 -0.7789
vn -0.1922 -0.7351 -0.6501
vn -0.1684 -0.8484 -0.5018
vn -0.1448 -0.9290 -0.3406
vn -0.1217 -0.9776 -0.1718
vn -0.0989 -0.9951 0.0005
vn -0.0762 -0.9821 0.1723
vn -0.0537 -0.9388 0.3402
vn -0.0322 -0.8645 0.5016
vn -0.0124 -0.7574 0.6529
vn 0.0050 -0.6151 0.7884
vn 0.0193 -0.4374 0.8990
vn 0.0300 -0.2287 0.9730
vn 0.0342 -0.1157 0.9927
vn -0.2734 -0.4942 -0.8252
vn -0.2688 -0.5788 -0.7699
vn -0.2559 -0.7237 -0.6410
vn -0.2406 -0.8359 -0.4933
vn -0.2233 -0.9154 -0.3349
vn -0.2035 -0.9641 -0.1708
vn -0.1803 -0.9836 -0.0047
vn -0.1536 -0.9748 0.1615
vn -0.1237 -0.9370 0.3267
vn -0.0918 -0.8677 0.4885
vn -0.0594 -0.7636 0.6429
vn -0.0289 -0.6218 0.7826
vn -0.0025 -0.4425 0.8968
vn 0.0172 -0.2312 0.9728
vn 0.0246 -0.1166 0.9929
vn -0.3401 -0.4905 -0.8023
vn -0.3381 -0.5727 -0.7468
vn -0.3293 -0.7132 -0.6188
vn -0.3174 -0.8207 -0.4752
vn -0.3024 -0.8964 -0.3240
vn -0.2838 -0.9435 -0.1711
vn -0.2610 -0.9652 -0.0171
vn -0.2337 -0.9623 0.1389
vn -0.2020 -0.9332 0.2971
vn -0.1667 -0.8738 0.4569
vn -0.1295 -0.7781 0.6147
vn -0.0926 -0.6409 0.7620
vn -0.0595 -0.4605 0.8856
vn -0.0341 -0.2418 0.9697
vn -0.0243 -0.1232 0.9921
vn -0.4304 -0.4833 -0.7623
vn -0.4287 -0.5612 -0.7080
vn -0.4180 -0.6945 -0.5856
vn -0.4043 -0.7952 -0.4518
vn -0.3881 -0.8665 -0.3140
vn -0.3696 -0.9125 -0.1756
vn -0.3483 -0.9367 -0.0367
vn -0.3241 -0.9402 0.1046
vn -0.2971 -0.9210 0.2521
vn -0.2673 -0.8739 0.4060
vn -0.2357 -0.7914 0.5640
vn -0.2040 -0.6643 0.7191
vn -0.1744 -0.4870 0.8558
vn -0.1503 -0.2597 0.9539
vn -0.1637 -0.0443 0.9855
vn -0.3590 0.0009 0.9334
vn -0.2060 0.1398 0.9685
vn -0.3491 0.1438 0.9260
vn -0.5446 -0.4583 -0.7024
vn -0.5430 -0.5289 -0.6522
vn -0.5275 -0.6527 -0.5438
vn -0.5100 -0.7469 -0.4268
vn -0.4918 -0.8147 -0.3071
vn -0.4739 -0.8606 -0.1864
vn -0.4562 -0.8874 -0.0656
vn -0.4393 -0.8963 0.0596
vn -0.4232 -0.8856 0.1913
vn -0.4082 -0.8504 0.3319
vn -0.3950 -0.7823 0.4817
vn -0.3841 -0.6698 0.6355
vn -0.3755 -0.5012 0.7796
vn -0.3678 -0.2724 0.8891
vn -0.6920 0.0020 0.7219
vn -0.6885 0.1334 0.7129
vn -0.6809 -0.3959 -0.6162
vn -0.6825 -0.4539 -0.5729
vn -0.6657 -0.5634 -0.4894
vn -0.6483 -0.6490 -0.3981
vn -0.6323 -0.7131 -0.3029
vn -0.6189 -0.7580 -0.2061
vn -0.6091 -0.7858 -0.1071
vn -0.6038 -0.7971 -0.0046
vn -0.6040 -0.7903 0.1032
vn -0.6106 -0.7614 0.2181
vn -0.6242 -0.7032 0.3405
vn -0.6444 -0.6053 0.4673
vn -0.6681 -0.4557 0.5882
vn -0.6874 -0.2487 0.6823
vn -0.9585 0.0012 0.2852
vn -0.9604 0.0790 0.2671
vn -0.8346 -0.2692 -0.4807
vn -0.8436 -0.3010 -0.4447
vn -0.8367 -0.3771 -0.3971
vn -0.8304 -0.4385 -0.3437
vn -0.8260 -0.4854 -0.2866
vn -0.8243 -0.5185 -0.2271
vn -0.8263 -0.5382 -0.1659
vn -0.8326 -0.5442 -0.1030
vn -0.8437 -0.5355 -0.0382
vn -0.8599 -0.5096 0.0284
vn -0.8811 -0.4630 0.0959
vn -0.9060 -0.3908 0.1623
vn -0.9313 -0.2884 0.2223
vn -0.9512 -0.1550 0.2669
vn -0.9572 -0.2383 -0.1644
vn 0.8744 -0.0362 -0.4838
vn 0.8824 -0.0728 -0.4648
vn 0.8960 -0.1144 -0.4290
vn 0.9141 -0.1601 -0.3726
vn 0.9332 -0.2052 -0.2951
vn 0.9352 -0.2401 -0.2603
vn 0.9571 -0.2690 -0.1073
vn 0.9582 -0.2447 -0.1482
vn 0.9588 -0.2840 -0.0047
vn 0.9523 -0.2875 0.1020
vn 0.9372 -0.2786 0.2100
vn 0.9141 -0.2564 0.3141
vn 0.8859 -0.2210 0.4078
vn 0.8573 -0.1737 0.4847
vn 0.8335 -0.1175 0.5399
vn 0.8185 -0.0570 0.5717
vn 0.7171 -0.0791 -0.6924
vn 0.7195 -0.1522 -0.6776
vn 0.7307 -0.2274 -0.6437
vn 0.7549 -0.3043 -0.5809
vn 0.7893 -0.3785 -0.4834
vn 0.7940 -0.4265 -0.4331
vn 0.8505 -0.4524 -0.2682
vn 0.8511 -0.4870 -0.1961
vn 0.8560 -0.5169 -0.0095
vn 0.8265 -0.5252 0.2026
vn 0.7564 -0.5048 0.4160
vn 0.6571 -0.4557 0.6005
vn 0.5498 -0.3844 0.7416
vn 0.4516 -0.2980 0.8410
vn 0.3737 -0.2017 0.9053
vn 0.3241 -0.0998 0.9408
vn 0.6738 -0.1349 -0.7265
vn 0.6444 -0.2499 -0.7227
vn 0.6148 -0.3534 -0.7051
vn 0.6022 -0.4442 -0.6634
vn 0.6175 -0.5239 -0.5868
vn 0.6054 -0.5760 -0.5493
vn 0.7021 -0.6068 -0.3725
vn 0.7027 -0.6545 -0.2792
vn 0.7247 -0.6890 -0.0068
vn 0.6790 -0.6641 0.3130
vn 0.5654 -0.5866 0.5798
vn 0.4250 -0.4922 0.7597
vn 0.2932 -0.3963 0.8700
vn 0.1894 -0.3011 0.9346
vn 0.1185 -0.2041 0.9717
vn 0.0788 -0.1030 0.9916
vn 0.4912 -0.2417 -0.8368
vn 0.4461 -0.4014 -0.7999
vn 0.4077 -0.5036 -0.7617
vn 0.3944 -0.5718 -0.7194
vn 0.4140 -0.6263 -0.6605
vn 0.3994 -0.6585 -0.6378
vn 0.5315 -0.7063 -0.4675
vn 0.5472 -0.7569 -0.3573
vn 0.6149 -0.7885 -0.0094
vn 0.6000 -0.7014 0.3847
vn 0.5084 -0.5590 0.6550
vn 0.4123 -0.4394 0.7981
vn 0.3462 -0.3533 0.8691
vn 0.3090 -0.2813 0.9085
vn 0.2917 -0.2035 0.9346
vn 0.2863 -0.1093 0.9519
vn 0.3367 -0.3265 -0.8832
vn 0.2974 -0.4990 -0.8140
vn 0.2736 -0.5748 -0.7712
vn 0.2748 -0.6087 -0.7443
vn 0.3063 -0.6359 -0.7084
vn 0.3289 -0.6426 -0.6920
vn 0.4194 -0.7255 -0.5457
vn 0.4885 -0.7721 -0.4064
vn 0.5879 -0.8089 -0.0025
vn 0.5787 -0.6936 0.4290
vn 0.5086 -0.5233 0.6837
vn 0.4599 -0.4080 0.7887
vn 0.4459 -0.3438 0.8265
vn 0.4554 -0.2936 0.8405
vn 0.4758 -0.2264 0.8499
vn 0.4962 -0.1281 0.8587
vn 0.3060 -0.3697 -0.8773
vn 0.2872 -0.5425 -0.7894
vn 0.2763 -0.5933 -0.7561
vn 0.2833 -0.5911 -0.7552
vn 0.3223 -0.5881 -0.7418
vn 0.3613 -0.5776 -0.7320
vn 0.4406 -0.6780 -0.5884
vn 0.5249 -0.7331 -0.4325
vn 0.6159 -0.7877 -0.0132
vn 0.5978 -0.6853 0.4160
vn 0.5281 -0.5215 0.6702
vn 0.4856 -0.4153 0.7692
vn 0.4849 -0.3700 0.7925
vn 0.5146 -0.3402 0.7871
vn 0.5598 -0.2795 0.7800
vn 0.6038 -0.1656 0.7798
vn 0.2247 -0.3964 -0.8902
vn 0.2370 -0.5615 -0.7928
vn 0.2729 -0.5817 -0.7663
vn 0.3259 -0.5374 -0.7778
vn 0.3944 -0.5090 -0.7651
vn 0.4501 -0.4944 -0.7436
vn 0.5115 -0.6202 -0.5948
vn 0.5886 -0.6903 -0.4208
vn 0.6527 -0.7571 -0.0283
vn 0.6515 -0.6725 0.3510
vn 0.6171 -0.5165 0.5936
vn 0.5947 -0.4075 0.6931
vn 0.6030 -0.3709 0.7063
vn 0.6405 -0.3597 0.6785
vn 0.6994 -0.3105 0.6437
vn 0.7611 -0.1893 0.6204
vn 0.1214 -0.4113 -0.9034
vn 0.1662 -0.5512 -0.8177
vn 0.2332 -0.5357 -0.8116
vn 0.2952 -0.4732 -0.8300
vn 0.3504 -0.4561 -0.8180
vn 0.3431 -0.4755 -0.8101
vn 0.5170 -0.6179 -0.5923
vn 0.5483 -0.7169 -0.4306
vn 0.6213 -0.7828 -0.0345
vn 0.6312 -0.7051 0.3230
vn 0.6128 -0.5521 0.5653
vn 0.6036 -0.4303 0.6712
vn 0.6181 -0.3917 0.6816
vn 0.6508 -0.3996 0.6456
vn 0.7040 -0.3739 0.6039
vn 0.7725 -0.2501 0.5837
vn 0.0688 -0.4247 -0.9027
vn 0.1286 -0.5345 -0.8353
vn 0.1861 -0.4986 -0.8466
vn 0.1664 -0.4292 -0.8877
vn 0.1544 -0.4404 -0.8844
vn 0.1550 -0.4706 -0.8686
vn 0.3618 -0.6821 -0.6354
vn 0.4196 -0.7903 -0.4464
vn 0.5226 -0.8523 -0.0228
vn 0.5383 -0.7630 0.3577
vn 0.4923 -0.6031 0.6276
vn 0.4510 -0.4760 0.7550
vn 0.4558 -0.4445 0.7712
vn 0.4818 -0.4720 0.7383
vn 0.5150 -0.4808 0.7097
vn 0.5709 -0.3575 0.7392
vn 0.0217 -0.3875 -0.9216
vn 0.0712 -0.4391 -0.8956
vn 0.0971 -0.4654 -0.8798
vn -0.0721 -0.7409 -0.6677
vn -0.0341 -0.8996 -0.4353
vn 0.0885 -0.9959 0.0165
vn 0.2265 -0.8670 0.4438
vn 0.2956 -0.6295 0.7185
vn 0.3108 -0.4888 0.8151
vn 0.3514 -0.4535 0.8191
vn 0.3753 -0.4909 0.7862
vn 0.3943 -0.5198 0.7578
vn 0.4265 -0.4040 0.8092
vn -0.4607 -0.6714 -0.5805
vn -0.4215 -0.8261 -0.3739
vn -0.2299 -0.9645 0.1302
vn 0.0164 -0.8190 0.5736
vn 0.1536 -0.5778 0.8016
vn 0.1853 -0.4724 0.8617
vn 0.6393 -0.7574 0.1328
vn 0.6590 -0.6638 0.3536
vn 0.6235 -0.6923 0.3633
vn 0.6932 -0.6380 0.3354
vn 0.7247 -0.6158 0.3092
vn 0.7523 -0.5982 0.2760
vn 0.7750 -0.5857 0.2372
vn 0.7918 -0.5790 0.1943
vn 0.8022 -0.5783 0.1488
vn 0.8056 -0.5835 0.1027
vn 0.8020 -0.5945 0.0575
vn 0.7916 -0.6108 0.0152
vn 0.7748 -0.6318 -0.0227
vn 0.7522 -0.6567 -0.0548
vn 0.7247 -0.6845 -0.0799
vn 0.6933 -0.7141 -0.0970
vn 0.6592 -0.7446 -0.1055
vn 0.6236 -0.7746 -0.1050
vn 0.5880 -0.8032 -0.0956
vn 0.5537 -0.8291 -0.0775
vn 0.5220 -0.8514 -0.0514
vn 0.4942 -0.8692 -0.0182
vn 0.4714 -0.8817 0.0207
vn 0.4544 -0.8885 0.0638
vn 0.4440 -0.8893 0.1095
vn 0.4406 -0.8841 0.1559
vn 0.4443 -0.8730 0.2012
vn 0.4548 -0.8566 0.2437
vn 0.4718 -0.8355 0.2817
vn 0.4946 -0.8105 0.3137
vn 0.5223 -0.7826 0.3387
vn 0.5538 -0.7529 0.3557
vn 0.5880 -0.7224 0.3640
vn 0.5884 -0.6237 0.5146
vn 0.6480 -0.5758 0.4985
vn 0.7054 -0.5323 0.4680
vn 0.7583 -0.4951 0.4241
vn 0.8047 -0.4654 0.3686
vn 0.8428 -0.4444 0.3035
vn 0.8711 -0.4331 0.2313
vn 0.8886 -0.4318 0.1550
vn 0.8944 -0.4405 0.0774
vn 0.8884 -0.4590 0.0016
vn 0.8709 -0.4864 -0.0695
vn 0.8426 -0.5218 -0.1332
vn 0.8045 -0.5637 -0.1871
vn 0.7582 -0.6104 -0.2291
vn 0.7054 -0.6604 -0.2576
vn 0.6481 -0.7115 -0.2716
vn 0.5885 -0.7619 -0.2705
vn 0.5289 -0.8097 -0.2543
vn 0.4715 -0.8530 -0.2237
vn 0.4187 -0.8902 -0.1798
vn 0.3723 -0.9197 -0.1242
vn 0.3343 -0.9406 -0.0592
vn 0.3061 -0.9519 0.0128
vn 0.2888 -0.9532 0.0890
vn 0.2830 -0.9446 0.1665
vn 0.2890 -0.9262 0.2421
vn 0.3065 -0.8989 0.3132
vn 0.3347 -0.8637 0.3768
vn 0.3727 -0.8219 0.4307
vn 0.4189 -0.7752 0.4728
vn 0.4717 -0.7253 0.5014
vn 0.5289 -0.6742 0.5155
vn 0.5039 -0.4883 0.7125
vn 0.5961 -0.4140 0.6879
vn 0.6850 -0.3464 0.6409
vn 0.7671 -0.2884 0.5730
vn 0.8391 -0.2422 0.4870
vn 0.8983 -0.2097 0.3861
vn 0.9423 -0.1921 0.2743
vn 0.9693 -0.1901 0.1559
vn 0.9784 -0.2038 0.0355
vn 0.9691 -0.2325 -0.0821
vn 0.9419 -0.2753 -0.1923
vn 0.8979 -0.3302 -0.2910
vn 0.8388 -0.3953 -0.3744
vn 0.7669 -0.4679 -0.4393
vn 0.6849 -0.5453 -0.4833
vn 0.5960 -0.6245 -0.5047
vn 0.5037 -0.7026 -0.5027
vn 0.4114 -0.7764 -0.4774
vn 0.3228 -0.8432 -0.4298
vn 0.2411 -0.9005 -0.3618
vn 0.1696 -0.9461 -0.2758
vn 0.1111 -0.9782 -0.1753
vn 0.0677 -0.9956 -0.0641
vn 0.0411 -0.9977 0.0535
vn 0.0323 -0.9844 0.1731
vn 0.0415 -0.9561 0.2899
vn 0.0685 -0.9141 0.3997
vn 0.1121 -0.8598 0.4982
vn 0.1706 -0.7954 0.5816
vn 0.2419 -0.7232 0.6469
vn 0.3233 -0.6460 0.6915
vn 0.4118 -0.5667 0.7137
vn 0.4403 -0.3790 0.8139
vn 0.5499 -0.2911 0.7829
vn 0.6549 -0.2118 0.7254
vn 0.7513 -0.1440 0.6440
vn 0.8357 -0.0903 0.5418
vn 0.9048 -0.0524 0.4226
vn 0.9562 -0.0319 0.2910
vn 0.9880 -0.0294 0.1517
vn 0.9989 -0.0451 0.0101
vn 0.9886 -0.0784 -0.1288
vn 0.9572 -0.1281 -0.2595
vn 0.9059 -0.1925 -0.3772
vn 0.8365 -0.2692 -0.4773
vn 0.7517 -0.3553 -0.5557
vn 0.6545 -0.4475 -0.6094
vn 0.5489 -0.5422 -0.6362
vn 0.4388 -0.6358 -0.6350
vn 0.3285 -0.7246 -0.6058
vn 0.2224 -0.8052 -0.5497
vn 0.1244 -0.8745 -0.4688
vn 0.0385 -0.9297 -0.3664
vn -0.0321 -0.9687 -0.2461
vn -0.0846 -0.9900 -0.1128
vn -0.1170 -0.9927 0.0285
vn -0.1280 -0.9767 0.1723
vn -0.1170 -0.9425 0.3130
vn -0.0845 -0.8915 0.4452
vn -0.0316 -0.8256 0.5634
vn 0.0394 -0.7474 0.6632
vn 0.1257 -0.6601 0.7406
vn 0.2240 -0.5672 0.7926
vn 0.3302 -0.4722 0.8173
vn -0.0759 -0.0780 0.9941
vn 0.0117 -0.1060 0.9943
vn -0.0175 -0.1133 0.9934
vn 0.0193 -0.1321 0.9910
vn -0.0091 -0.1266 0.9919
vn -0.0744 -0.1305 0.9886
vt 0.730502 0.806669
vt 0.739699 0.779045
vt 0.736045 0.778152
vt 0.732260 0.777866
vt 0.728402 0.778197
vt 0.724528 0.779153
vt 0.720693 0.780741
vt 0.716957 0.782967
vt 0.713390 0.785824
vt 0.708204 0.791132
vt 0.704327 0.798539
vt 0.702410 0.803610
vt 0.701088 0.808840
vt 0.700437 0.814086
vt 0.700558 0.819234
vt 0.701629 0.824159
vt 0.703973 0.828628
vt 0.748333 0.752810
vt 0.741163 0.751060
vt 0.733728 0.750473
vt 0.726148 0.751056
vt 0.718583 0.752761
vt 0.711178 0.755568
vt 0.704042 0.759510
vt 0.697241 0.764641
vt 0.686740 0.775073
vt 0.680183 0.787274
vt 0.674877 0.798634
vt 0.672093 0.808543
vt 0.670745 0.818413
vt 0.670924 0.828146
vt 0.672746 0.837688
vt 0.676593 0.846842
vt 0.756821 0.727130
vt 0.746062 0.724510
vt 0.734945 0.723635
vt 0.723682 0.724509
vt 0.712484 0.727098
vt 0.701572 0.731322
vt 0.691271 0.736951
vt 0.681629 0.744049
vt 0.667354 0.759862
vt 0.656981 0.775548
vt 0.649078 0.791661
vt 0.645326 0.804904
vt 0.643394 0.818334
vt 0.643185 0.832048
vt 0.644829 0.845981
vt 0.648759 0.859952
vt 0.765000 0.702519
vt 0.750524 0.699009
vt 0.735658 0.697897
vt 0.720746 0.699157
vt 0.706098 0.702653
vt 0.691999 0.708205
vt 0.678742 0.715576
vt 0.666615 0.724470
vt 0.648236 0.743889
vt 0.636231 0.762347
vt 0.626080 0.782511
vt 0.621383 0.798309
vt 0.618419 0.814774
vt 0.617018 0.832005
vt 0.617327 0.849882
vt 0.619779 0.868303
vt 0.773274 0.677553
vt 0.754712 0.673073
vt 0.735798 0.671775
vt 0.717056 0.673599
vt 0.698893 0.678193
vt 0.681655 0.685177
vt 0.665623 0.694249
vt 0.651148 0.705007
vt 0.630248 0.727604
vt 0.615526 0.748978
vt 0.604378 0.770932
vt 0.598383 0.789035
vt 0.593956 0.808274
vt 0.590915 0.828481
vt 0.589273 0.849573
vt 0.588963 0.871593
vt 0.782096 0.650928
vt 0.758759 0.645270
vt 0.735263 0.643799
vt 0.712369 0.646527
vt 0.690520 0.652539
vt 0.670076 0.661142
vt 0.651298 0.671987
vt 0.634422 0.684806
vt 0.611608 0.709391
vt 0.595036 0.732700
vt 0.582489 0.756550
vt 0.574825 0.776971
vt 0.568810 0.798576
vt 0.564028 0.821182
vt 0.560082 0.844724
vt 0.556274 0.869104
vt 0.791622 0.622178
vt 0.760734 0.614620
vt 0.731960 0.613021
vt 0.704954 0.617475
vt 0.679718 0.625257
vt 0.656509 0.635416
vt 0.635359 0.647886
vt 0.615975 0.662943
vt 0.591989 0.688279
vt 0.574366 0.712437
vt 0.560144 0.738050
vt 0.550698 0.760423
vt 0.542930 0.783922
vt 0.536369 0.808311
vt 0.530201 0.833405
vt 0.522680 0.860698
vt 0.801457 0.592505
vt 0.764612 0.583454
vt 0.726764 0.580398
vt 0.696560 0.588110
vt 0.668957 0.597554
vt 0.643170 0.608992
vt 0.619527 0.623060
vt 0.597104 0.640645
vt 0.571655 0.666759
vt 0.551930 0.692926
vt 0.536237 0.719839
vt 0.524942 0.744380
vt 0.515605 0.769605
vt 0.507699 0.795292
vt 0.499992 0.821153
vt 0.490300 0.848525
vt 0.712186 0.550053
vt 0.686660 0.561193
vt 0.656622 0.572422
vt 0.629622 0.584709
vt 0.603549 0.600349
vt 0.578811 0.619940
vt 0.551702 0.647403
vt 0.529396 0.675884
vt 0.511855 0.704622
vt 0.498703 0.732183
vt 0.489547 0.757082
vt 0.480940 0.784786
vt 0.472622 0.811269
vt 0.462916 0.836346
vt 0.735179 0.536115
vt 0.757240 0.521070
vt 0.742920 0.501435
vt 0.721746 0.515945
vt 0.699070 0.529434
vt 0.674474 0.540553
vt 0.644857 0.551881
vt 0.618856 0.563963
vt 0.589725 0.581230
vt 0.563513 0.601823
vt 0.534194 0.632061
vt 0.509332 0.664891
vt 0.492443 0.692621
vt 0.478408 0.724462
vt 0.470955 0.747026
vt 0.462359 0.776382
vt 0.453756 0.803258
vt 0.444106 0.827527
vt 0.335947 0.016100
vt 0.292627 0.033629
vt 0.303414 0.055146
vt 0.346358 0.037480
vt 0.381381 0.005256
vt 0.391598 0.026624
vt 0.426118 0.000500
vt 0.436052 0.021225
vt 0.472336 0.001781
vt 0.478620 0.021031
vt 0.512267 0.005814
vt 0.517921 0.024863
vt 0.554801 0.014526
vt 0.557049 0.032627
vt 0.594430 0.026575
vt 0.596378 0.045987
vt 0.640960 0.044451
vt 0.641361 0.065094
vt 0.722556 0.077205
vt 0.686700 0.061870
vt 0.684776 0.084934
vt 0.716979 0.101902
vt 0.761383 0.090277
vt 0.748878 0.117317
vt 0.788338 0.100046
vt 0.788579 0.132591
vt 0.820624 0.108158
vt 0.821697 0.136308
vt 0.849604 0.109636
vt 0.852600 0.136881
vt 0.875732 0.104514
vt 0.883918 0.130866
vt 0.313453 0.075171
vt 0.355775 0.057648
vt 0.403232 0.046590
vt 0.445833 0.042003
vt 0.484845 0.042380
vt 0.524308 0.047652
vt 0.565204 0.058563
vt 0.603539 0.075942
vt 0.642617 0.097451
vt 0.750145 0.144716
vt 0.712447 0.118736
vt 0.680760 0.124886
vt 0.731215 0.171191
vt 0.793235 0.173683
vt 0.830227 0.163139
vt 0.860707 0.157396
vt 0.891301 0.149983
vt 0.895541 0.278513
vt 0.913664 0.284081
vt 0.915195 0.261619
vt 0.902522 0.263638
vt 0.928606 0.261349
vt 0.932144 0.285114
vt 0.823936 0.220919
vt 0.772667 0.213609
vt 0.810838 0.253909
vt 0.854231 0.255312
vt 0.843642 0.282929
vt 0.875698 0.269280
vt 0.865305 0.296843
vt 0.888129 0.309681
vt 0.909931 0.319564
vt 0.932355 0.324858
vt 0.326156 0.100508
vt 0.365604 0.084218
vt 0.411307 0.072940
vt 0.454235 0.069094
vt 0.495149 0.071649
vt 0.534349 0.080646
vt 0.573370 0.094980
vt 0.606305 0.110291
vt 0.635982 0.130411
vt 0.667085 0.149708
vt 0.715329 0.193177
vt 0.760303 0.235158
vt 0.799045 0.273147
vt 0.829447 0.299185
vt 0.851296 0.317736
vt 0.874446 0.334159
vt 0.899072 0.348506
vt 0.923793 0.359759
vt 0.337352 0.122838
vt 0.374370 0.107787
vt 0.417381 0.098098
vt 0.456191 0.095066
vt 0.495643 0.098581
vt 0.534518 0.108581
vt 0.573245 0.124118
vt 0.602211 0.138325
vt 0.627370 0.155280
vt 0.654500 0.171666
vt 0.700453 0.210461
vt 0.746535 0.250543
vt 0.782927 0.287598
vt 0.808653 0.314177
vt 0.831100 0.335541
vt 0.854067 0.355292
vt 0.879951 0.375651
vt 0.904705 0.393597
vt 0.347861 0.143797
vt 0.382805 0.129590
vt 0.422905 0.120707
vt 0.458482 0.118563
vt 0.494222 0.122248
vt 0.530196 0.131738
vt 0.566961 0.147346
vt 0.597738 0.163362
vt 0.620336 0.177477
vt 0.644610 0.192500
vt 0.684547 0.226672
vt 0.726394 0.266263
vt 0.759330 0.303917
vt 0.785854 0.332393
vt 0.808361 0.355204
vt 0.830103 0.377156
vt 0.854293 0.402021
vt 0.876725 0.425426
vt 0.358401 0.164814
vt 0.390998 0.151466
vt 0.427485 0.143095
vt 0.460012 0.141077
vt 0.492689 0.144286
vt 0.526402 0.153191
vt 0.561652 0.168844
vt 0.594052 0.186839
vt 0.614523 0.198554
vt 0.636268 0.213037
vt 0.668666 0.242536
vt 0.703120 0.279405
vt 0.733993 0.318725
vt 0.760347 0.348988
vt 0.782499 0.373581
vt 0.802527 0.397634
vt 0.823143 0.425165
vt 0.841595 0.452154
vt 0.369259 0.186469
vt 0.398553 0.174346
vt 0.430247 0.166736
vt 0.460166 0.164607
vt 0.490599 0.167363
vt 0.522477 0.175831
vt 0.556137 0.191181
vt 0.587324 0.209591
vt 0.606989 0.220547
vt 0.626728 0.234042
vt 0.653287 0.257035
vt 0.681335 0.289856
vt 0.709238 0.331694
vt 0.734332 0.364715
vt 0.755336 0.390923
vt 0.773344 0.416446
vt 0.789807 0.444196
vt 0.803572 0.472060
vt 0.380797 0.209484
vt 0.406364 0.198890
vt 0.433180 0.192465
vt 0.460380 0.190576
vt 0.488562 0.193338
vt 0.518426 0.201568
vt 0.550135 0.216255
vt 0.579649 0.234231
vt 0.598345 0.244787
vt 0.616892 0.258069
vt 0.638396 0.275671
vt 0.661337 0.303784
vt 0.685904 0.345019
vt 0.709207 0.380513
vt 0.728292 0.407695
vt 0.743919 0.433503
vt 0.756446 0.459709
vt 0.765670 0.485951
vt 0.393757 0.235340
vt 0.415413 0.226510
vt 0.437962 0.221468
vt 0.461979 0.220212
vt 0.487455 0.223254
vt 0.514717 0.231239
vt 0.543753 0.244816
vt 0.570645 0.261323
vt 0.588058 0.271390
vt 0.605174 0.284435
vt 0.623726 0.299233
vt 0.643031 0.322938
vt 0.664206 0.359474
vt 0.683949 0.393337
vt 0.702084 0.423074
vt 0.715003 0.447992
vt 0.724008 0.471501
vt 0.729171 0.494588
vt 0.408929 0.265637
vt 0.426557 0.258667
vt 0.445214 0.255033
vt 0.465499 0.254733
vt 0.487657 0.258048
vt 0.511482 0.265539
vt 0.536838 0.277506
vt 0.559973 0.291741
vt 0.575730 0.300902
vt 0.590986 0.313393
vt 0.606451 0.325806
vt 0.622279 0.344651
vt 0.639470 0.372775
vt 0.655869 0.403208
vt 0.671826 0.433627
vt 0.682447 0.457691
vt 0.688914 0.478031
vt 0.691028 0.497581
vt 0.427008 0.301673
vt 0.440763 0.296458
vt 0.455768 0.294022
vt 0.471989 0.294556
vt 0.489815 0.297992
vt 0.509081 0.304551
vt 0.529754 0.314541
vt 0.547429 0.325717
vt 0.560586 0.334200
vt 0.572572 0.343915
vt 0.585641 0.354594
vt 0.598095 0.368922
vt 0.609983 0.387678
vt 0.622646 0.411196
vt 0.633979 0.435584
vt 0.642408 0.457893
vt 0.647219 0.476484
vt 0.647234 0.493667
vt 0.448062 0.343742
vt 0.458015 0.340112
vt 0.469046 0.338647
vt 0.480954 0.339439
vt 0.493708 0.342471
vt 0.507513 0.347841
vt 0.522312 0.355484
vt 0.534338 0.363506
vt 0.543204 0.369903
vt 0.551583 0.376824
vt 0.561080 0.384886
vt 0.570192 0.395245
vt 0.577496 0.407012
vt 0.583871 0.420613
vt 0.589419 0.435736
vt 0.593463 0.451577
vt 0.595010 0.466930
vt 0.592956 0.481563
vt 0.471813 0.391276
vt 0.477363 0.389327
vt 0.483527 0.388722
vt 0.490217 0.389430
vt 0.497325 0.391385
vt 0.504710 0.394489
vt 0.512194 0.398624
vt 0.519526 0.403633
vt 0.522872 0.405887
vt 0.526960 0.410322
vt 0.531813 0.414634
vt 0.537037 0.420566
vt 0.541095 0.426815
vt 0.544081 0.433528
vt 0.546021 0.440748
vt 0.546848 0.448389
vt 0.546383 0.456259
vt 0.544222 0.464077
vt 0.497460 0.442420
vt 0.001013 0.924507
vt 0.009166 0.944619
vt 0.010023 0.941961
vt 0.010667 0.939307
vt 0.011091 0.936430
vt 0.011312 0.933265
vt 0.011317 0.929813
vt 0.011064 0.926135
vt 0.010518 0.922346
vt 0.009691 0.918582
vt 0.008645 0.914955
vt 0.007453 0.911512
vt 0.006146 0.908199
vt 0.004703 0.904773
vt 0.008494 0.947907
vt 0.006953 0.949404
vt 0.016657 0.964948
vt 0.019473 0.962433
vt 0.021140 0.958950
vt 0.022224 0.954964
vt 0.022982 0.950507
vt 0.023439 0.945477
vt 0.023595 0.939847
vt 0.023424 0.933669
vt 0.022885 0.927081
vt 0.021957 0.920290
vt 0.020681 0.913531
vt 0.019150 0.907014
vt 0.017484 0.900884
vt 0.015787 0.895199
vt 0.014136 0.889912
vt 0.003529 0.900363
vt 0.012395 0.885091
vt 0.002155 0.897575
vt 0.010160 0.881197
vt 0.000500 0.896151
vt 0.007128 0.878720
vt 0.029560 0.978057
vt 0.032862 0.973779
vt 0.035005 0.969089
vt 0.036414 0.963878
vt 0.037329 0.957986
vt 0.037834 0.951300
vt 0.037934 0.943812
vt 0.037607 0.935626
vt 0.036839 0.926936
vt 0.035646 0.917995
vt 0.034085 0.909078
vt 0.032247 0.900444
vt 0.030242 0.892315
vt 0.028178 0.884856
vt 0.025984 0.878108
vt 0.023585 0.872106
vt 0.020666 0.867051
vt 0.016813 0.863064
vt 0.045674 0.987994
vt 0.048623 0.981721
vt 0.050881 0.975544
vt 0.052508 0.969025
vt 0.053582 0.961861
vt 0.054148 0.953900
vt 0.054210 0.945130
vt 0.053771 0.935656
vt 0.052849 0.925677
vt 0.051483 0.915443
vt 0.049735 0.905221
vt 0.047682 0.895268
vt 0.045403 0.885805
vt 0.042949 0.876985
vt 0.040318 0.869019
vt 0.037496 0.861916
vt 0.034204 0.855561
vt 0.030150 0.849802
vt 0.064538 0.994710
vt 0.066908 0.986788
vt 0.069084 0.979113
vt 0.070712 0.971215
vt 0.071759 0.962828
vt 0.072261 0.953844
vt 0.072189 0.944238
vt 0.071603 0.934054
vt 0.070547 0.923458
vt 0.069068 0.912657
vt 0.067224 0.901864
vt 0.065078 0.891290
vt 0.062690 0.881124
vt 0.060104 0.871520
vt 0.057337 0.862554
vt 0.054329 0.854240
vt 0.051008 0.846476
vt 0.047276 0.838990
vt 0.084583 0.999500
vt 0.087570 0.990080
vt 0.089606 0.980692
vt 0.091039 0.971387
vt 0.091805 0.961920
vt 0.091981 0.952110
vt 0.091571 0.941872
vt 0.090731 0.931293
vt 0.089513 0.920497
vt 0.087963 0.909593
vt 0.086121 0.898699
vt 0.084031 0.887935
vt 0.081734 0.877420
vt 0.079264 0.867258
vt 0.076637 0.857521
vt 0.073849 0.848215
vt 0.070893 0.839249
vt 0.067805 0.830402
vt 0.110199 0.990806
vt 0.112162 0.980159
vt 0.113179 0.969601
vt 0.113406 0.959222
vt 0.112939 0.948809
vt 0.111983 0.938269
vt 0.110793 0.927603
vt 0.109397 0.916872
vt 0.107828 0.906105
vt 0.106103 0.895335
vt 0.104239 0.884600
vt 0.102254 0.873960
vt 0.100168 0.863486
vt 0.097994 0.853242
vt 0.095741 0.843251
vt 0.093429 0.833463
vt 0.091117 0.823744
vt 0.135819 0.977105
vt 0.136810 0.965810
vt 0.136105 0.954831
vt 0.134660 0.944100
vt 0.133095 0.933530
vt 0.131521 0.923068
vt 0.129969 0.912560
vt 0.128454 0.902014
vt 0.126967 0.891429
vt 0.125493 0.880814
vt 0.124021 0.870205
vt 0.122546 0.859660
vt 0.121065 0.849237
vt 0.119578 0.838967
vt 0.118084 0.828828
vt 0.116595 0.818746
vt 0.162064 0.957625
vt 0.159142 0.947890
vt 0.156741 0.937974
vt 0.154611 0.927929
vt 0.152687 0.917761
vt 0.151044 0.907522
vt 0.149668 0.897203
vt 0.148521 0.886817
vt 0.147560 0.876392
vt 0.146740 0.865978
vt 0.146027 0.855632
vt 0.145393 0.845399
vt 0.144813 0.835296
vt 0.144244 0.825302
vt 0.143619 0.815353
vt 0.185439 0.947615
vt 0.181651 0.938957
vt 0.178546 0.930029
vt 0.175986 0.920807
vt 0.173915 0.911300
vt 0.172318 0.901539
vt 0.171170 0.891585
vt 0.170424 0.881522
vt 0.170020 0.871452
vt 0.169891 0.861466
vt 0.169976 0.851636
vt 0.170225 0.841989
vt 0.170594 0.832512
vt 0.171008 0.823154
vt 0.171307 0.813824
vt 0.207003 0.935934
vt 0.202884 0.928529
vt 0.199522 0.920731
vt 0.196842 0.912484
vt 0.194791 0.903787
vt 0.193339 0.894697
vt 0.192453 0.885329
vt 0.192084 0.875840
vt 0.192169 0.866402
vt 0.192630 0.857158
vt 0.193395 0.848200
vt 0.194401 0.839549
vt 0.195612 0.831157
vt 0.197000 0.822923
vt 0.198327 0.814697
vt 0.226211 0.922587
vt 0.222195 0.916579
vt 0.218973 0.910033
vt 0.216462 0.902919
vt 0.214606 0.895259
vt 0.213369 0.887142
vt 0.212722 0.878721
vt 0.212627 0.870198
vt 0.213027 0.861787
vt 0.213849 0.853673
vt 0.215018 0.845976
vt 0.216475 0.838731
vt 0.218202 0.831880
vt 0.220274 0.825290
vt 0.223135 0.818834
vt 0.227509 0.812775
vt 0.241410 0.826378
vt 0.244382 0.822053
vt 0.242392 0.907663
vt 0.238874 0.903146
vt 0.236115 0.897985
vt 0.234002 0.892220
vt 0.232465 0.885913
vt 0.231471 0.879172
vt 0.231002 0.872158
vt 0.231034 0.865076
vt 0.231527 0.858150
vt 0.232418 0.851579
vt 0.233632 0.845511
vt 0.235109 0.840012
vt 0.236831 0.835064
vt 0.238871 0.830571
vt 0.254444 0.834907
vt 0.257006 0.832547
vt 0.254887 0.891545
vt 0.252219 0.888573
vt 0.250176 0.884961
vt 0.248625 0.880821
vt 0.247493 0.876243
vt 0.246751 0.871322
vt 0.246400 0.866191
vt 0.246441 0.861021
vt 0.246850 0.856003
vt 0.247572 0.851314
vt 0.248532 0.847084
vt 0.249668 0.843376
vt 0.250971 0.840174
vt 0.252511 0.837397
vt 0.262890 0.845521
vt 0.264434 0.844713
vt 0.263235 0.875135
vt 0.261753 0.873682
vt 0.260634 0.871761
vt 0.259784 0.869512
vt 0.259154 0.867007
vt 0.258740 0.864311
vt 0.258558 0.861510
vt 0.258618 0.858719
vt 0.258894 0.856060
vt 0.259322 0.853634
vt 0.259834 0.851494
vt 0.260396 0.849642
vt 0.261034 0.848048
vt 0.261825 0.846677
vt 0.268221 0.859341
vt 0.373705 0.884256
vt 0.373461 0.890556
vt 0.375058 0.890525
vt 0.376610 0.890305
vt 0.378069 0.889905
vt 0.379389 0.889330
vt 0.380510 0.888566
vt 0.788134 0.089820
vt 0.796116 0.091541
vt 0.796400 0.090332
vt 0.796377 0.089193
vt 0.796119 0.088143
vt 0.795644 0.087205
vt 0.794961 0.086403
vt 0.794088 0.085757
vt 0.793056 0.085278
vt 0.791906 0.084962
vt 0.790685 0.084783
vt 0.789430 0.084705
vt 0.788154 0.084691
vt 0.373092 0.897478
vt 0.376216 0.897389
vt 0.379253 0.896885
vt 0.382100 0.896045
vt 0.384677 0.894970
vt 0.386914 0.893740
vt 0.804485 0.091893
vt 0.804773 0.089674
vt 0.804671 0.087761
vt 0.804211 0.086156
vt 0.803382 0.084851
vt 0.802164 0.083821
vt 0.800557 0.083026
vt 0.798584 0.082412
vt 0.796293 0.081936
vt 0.793754 0.081575
vt 0.791045 0.081331
vt 0.788244 0.081231
vt 0.372719 0.903607
vt 0.377215 0.903550
vt 0.381638 0.902973
vt 0.385863 0.901981
vt 0.389748 0.900730
vt 0.393161 0.899382
vt 0.812859 0.090039
vt 0.812989 0.086967
vt 0.812844 0.084535
vt 0.812313 0.082701
vt 0.811287 0.081354
vt 0.809667 0.080335
vt 0.807395 0.079487
vt 0.804481 0.078716
vt 0.800995 0.077998
vt 0.797048 0.077370
vt 0.792777 0.076910
vt 0.788338 0.076702
vt 0.372351 0.909330
vt 0.378111 0.909334
vt 0.383914 0.908779
vt 0.389639 0.907905
vt 0.395002 0.906904
vt 0.399702 0.905920
vt 0.821194 0.085996
vt 0.821247 0.082093
vt 0.821103 0.079197
vt 0.820572 0.077230
vt 0.819421 0.075907
vt 0.817415 0.074871
vt 0.814449 0.073895
vt 0.810545 0.072902
vt 0.805815 0.071915
vt 0.800425 0.071024
vt 0.794575 0.070360
vt 0.788479 0.070046
vt 0.371641 0.918923
vt 0.379094 0.918852
vt 0.386819 0.917912
vt 0.394349 0.916645
vt 0.401185 0.915370
vt 0.406974 0.914316
vt 0.830335 0.080070
vt 0.830183 0.075410
vt 0.829889 0.072023
vt 0.829181 0.069764
vt 0.827716 0.068222
vt 0.825166 0.066951
vt 0.821403 0.065713
vt 0.816461 0.064418
vt 0.810481 0.063077
vt 0.803685 0.061814
vt 0.796346 0.060841
vt 0.788747 0.060370
vt 0.370951 0.927827
vt 0.379914 0.927760
vt 0.389490 0.926589
vt 0.398883 0.925034
vt 0.407215 0.923598
vt 0.414017 0.922549
vt 0.839202 0.074392
vt 0.839283 0.069144
vt 0.839024 0.065411
vt 0.838171 0.062904
vt 0.836352 0.061125
vt 0.833219 0.059610
vt 0.828632 0.058112
vt 0.822625 0.056484
vt 0.815342 0.054660
vt 0.807055 0.052790
vt 0.798142 0.051263
vt 0.788952 0.050517
vt 0.370404 0.935120
vt 0.380860 0.935084
vt 0.392108 0.933871
vt 0.403115 0.932179
vt 0.412571 0.930747
vt 0.420080 0.929826
vt 0.847477 0.069995
vt 0.847820 0.064315
vt 0.847569 0.060199
vt 0.846481 0.057245
vt 0.844236 0.054995
vt 0.840554 0.053121
vt 0.835275 0.051377
vt 0.828364 0.049461
vt 0.819897 0.047096
vt 0.810165 0.044325
vt 0.799758 0.041859
vt 0.789166 0.040638
vt 0.369998 0.940544
vt 0.381799 0.940499
vt 0.394455 0.939311
vt 0.406445 0.937714
vt 0.416499 0.936533
vt 0.424466 0.935849
vt 0.854555 0.066897
vt 0.854819 0.060871
vt 0.854322 0.056425
vt 0.852745 0.052955
vt 0.849911 0.050121
vt 0.845701 0.047868
vt 0.839881 0.045977
vt 0.832286 0.043977
vt 0.822923 0.041262
vt 0.812101 0.037537
vt 0.800672 0.033767
vt 0.789358 0.031826
vt 0.369212 0.952276
vt 0.384034 0.952232
vt 0.399200 0.950883
vt 0.412762 0.949323
vt 0.424167 0.948213
vt 0.433486 0.947445
vt 0.867810 0.059265
vt 0.867416 0.052306
vt 0.866338 0.047561
vt 0.864106 0.044095
vt 0.860376 0.041329
vt 0.854875 0.039172
vt 0.847383 0.037539
vt 0.837972 0.036005
vt 0.826932 0.033770
vt 0.814568 0.030087
vt 0.801719 0.025606
vt 0.789547 0.023143
vt 0.430544 0.959316
vt 0.440541 0.958518
vt 0.879073 0.051787
vt 0.878330 0.043967
vt 0.876417 0.038801
vt 0.874245 0.035224
vt 0.870805 0.032435
vt 0.865062 0.030210
vt 0.856597 0.028201
vt 0.845255 0.026569
vt 0.832455 0.024271
vt 0.818500 0.020706
vt 0.803851 0.016061
vt 0.789756 0.013447
vt 0.884257 0.040868
vt 0.881244 0.035287
vt 0.877721 0.030158
vt 0.873009 0.026197
vt 0.866911 0.023349
vt 0.859251 0.020765
vt 0.793841 0.560216
vt 0.792115 0.549260
vt 0.789959 0.549681
vt 0.787937 0.550510
vt 0.786127 0.551714
vt 0.784603 0.553249
vt 0.783423 0.555055
vt 0.782635 0.557062
vt 0.782270 0.559191
vt 0.782343 0.561360
vt 0.782851 0.563485
vt 0.783774 0.565482
vt 0.785077 0.567272
vt 0.786706 0.568787
vt 0.788598 0.569968
vt 0.790677 0.570770
vt 0.792860 0.571165
vt 0.795061 0.571141
vt 0.797196 0.570699
vt 0.799184 0.569858
vt 0.800960 0.568651
vt 0.802460 0.567125
vt 0.803626 0.565354
vt 0.804404 0.563395
vt 0.804775 0.561313
vt 0.804723 0.559182
vt 0.804247 0.557081
vt 0.803359 0.555089
vt 0.802088 0.553285
vt 0.800476 0.551741
vt 0.798586 0.550522
vt 0.796502 0.549681
vt 0.794319 0.549262
vt 0.791186 0.544095
vt 0.788009 0.544711
vt 0.785030 0.545929
vt 0.782366 0.547701
vt 0.780121 0.549960
vt 0.778384 0.552617
vt 0.777223 0.555571
vt 0.776685 0.558704
vt 0.776791 0.561896
vt 0.777537 0.565020
vt 0.778894 0.567955
vt 0.780807 0.570587
vt 0.783201 0.572812
vt 0.785981 0.574547
vt 0.789036 0.575725
vt 0.792247 0.576304
vt 0.795485 0.576268
vt 0.798624 0.575615
vt 0.801548 0.574371
vt 0.804152 0.572590
vt 0.806346 0.570346
vt 0.808063 0.567727
vt 0.809213 0.564817
vt 0.809749 0.561734
vt 0.809660 0.558594
vt 0.808946 0.555510
vt 0.807633 0.552600
vt 0.805769 0.549972
vt 0.803421 0.547730
vt 0.800680 0.545962
vt 0.797647 0.544731
vt 0.794439 0.544103
vt 0.790184 0.539186
vt 0.786045 0.539994
vt 0.782164 0.541585
vt 0.778693 0.543898
vt 0.775769 0.546844
vt 0.773506 0.550310
vt 0.771993 0.554160
vt 0.771291 0.558244
vt 0.771426 0.562402
vt 0.772395 0.566472
vt 0.774157 0.570295
vt 0.776643 0.573722
vt 0.779755 0.576621
vt 0.783370 0.578881
vt 0.787348 0.580417
vt 0.791535 0.581173
vt 0.795774 0.581121
vt 0.799897 0.580254
vt 0.803731 0.578610
vt 0.807124 0.576272
vt 0.809962 0.573346
vt 0.812168 0.569938
vt 0.813651 0.566154
vt 0.814347 0.562136
vt 0.814228 0.558040
vt 0.813296 0.554019
vt 0.811585 0.550228
vt 0.809156 0.546809
vt 0.806102 0.543895
vt 0.802536 0.541597
vt 0.798593 0.540007
vt 0.794421 0.539192
vt 0.788871 0.533818
vt 0.783702 0.534868
vt 0.778865 0.536891
vt 0.774545 0.539809
vt 0.770909 0.543510
vt 0.768095 0.547850
vt 0.766214 0.552663
vt 0.765337 0.557762
vt 0.765499 0.562951
vt 0.766691 0.568030
vt 0.768868 0.572802
vt 0.771944 0.577087
vt 0.775800 0.580720
vt 0.780289 0.583564
vt 0.785241 0.585512
vt 0.790469 0.586488
vt 0.795774 0.586451
vt 0.800949 0.585396
vt 0.805783 0.583364
vt 0.810086 0.580445
vt 0.813704 0.576760
vt 0.816512 0.572445
vt 0.818401 0.567651
vt 0.819290 0.562560
vt 0.819141 0.557371
vt 0.817956 0.552286
vt 0.815782 0.547504
vt 0.812706 0.543210
vt 0.808848 0.539568
vt 0.804355 0.536715
vt 0.799400 0.534761
vt 0.794172 0.533782
vt 0.876206 0.188667
vt 0.903553 0.179897
vt 0.914537 0.208851
vt 0.892124 0.215608
vt 0.904061 0.235494
vt 0.921317 0.229969
vt 0.870734 0.229979
vt 0.890073 0.250220
vt 0.850500 0.203995
vt 0.743164 0.780534
vt 0.746386 0.782603
vt 0.749311 0.785233
vt 0.751885 0.788410
vt 0.754025 0.792016
vt 0.755652 0.796067
vt 0.756744 0.800481
vt 0.756333 0.815927
vt 0.757678 0.807745
vt 0.754832 0.821090
vt 0.752768 0.826041
vt 0.750161 0.830616
vt 0.746994 0.834660
vt 0.743198 0.837963
vt 0.738650 0.840146
vt 0.755125 0.755694
vt 0.761432 0.759669
vt 0.767142 0.764643
vt 0.772143 0.770486
vt 0.776447 0.777154
vt 0.779857 0.784653
vt 0.782268 0.792865
vt 0.784484 0.807516
vt 0.782453 0.821221
vt 0.779919 0.833493
vt 0.776228 0.843095
vt 0.771412 0.851810
vt 0.765454 0.859506
vt 0.758294 0.866070
vt 0.749742 0.871114
vt 0.767009 0.731443
vt 0.776422 0.737351
vt 0.784925 0.744781
vt 0.792389 0.753556
vt 0.798627 0.763484
vt 0.803555 0.774173
vt 0.807070 0.785639
vt 0.809101 0.806860
vt 0.808063 0.825643
vt 0.804781 0.843289
vt 0.799878 0.856150
vt 0.793405 0.868075
vt 0.785381 0.879200
vt 0.775739 0.889398
vt 0.764244 0.898261
vt 0.778713 0.708351
vt 0.791323 0.716351
vt 0.802517 0.726309
vt 0.812182 0.737877
vt 0.820176 0.750746
vt 0.826395 0.764549
vt 0.830810 0.778912
vt 0.833970 0.805458
vt 0.832586 0.827433
vt 0.828692 0.849672
vt 0.823024 0.865151
vt 0.815572 0.880126
vt 0.806399 0.894784
vt 0.795469 0.908952
vt 0.782516 0.922287
vt 0.790837 0.685051
vt 0.806782 0.695313
vt 0.820716 0.707975
vt 0.832525 0.722500
vt 0.842203 0.738380
vt 0.849650 0.755244
vt 0.854841 0.772521
vt 0.858124 0.803127
vt 0.857176 0.829064
vt 0.853012 0.853334
vt 0.847008 0.871441
vt 0.839100 0.889513
vt 0.829442 0.907518
vt 0.818175 0.925434
vt 0.805313 0.943308
vt 0.804191 0.660332
vt 0.823913 0.673188
vt 0.840644 0.689051
vt 0.854575 0.706919
vt 0.865842 0.726023
vt 0.874433 0.745936
vt 0.880321 0.766297
vt 0.883951 0.799640
vt 0.883334 0.828233
vt 0.879161 0.854855
vt 0.873116 0.875803
vt 0.865064 0.896745
vt 0.855368 0.917722
vt 0.844502 0.938954
vt 0.833025 0.960791
vt 0.820909 0.634567
vt 0.844940 0.650471
vt 0.863940 0.670171
vt 0.879535 0.691482
vt 0.892088 0.713487
vt 0.901611 0.736117
vt 0.908175 0.759769
vt 0.912296 0.794414
vt 0.912016 0.824316
vt 0.908136 0.853351
vt 0.902357 0.876937
vt 0.894560 0.900427
vt 0.885255 0.923905
vt 0.875229 0.947716
vt 0.864972 0.974101
vt 0.836412 0.607254
vt 0.868587 0.627405
vt 0.888208 0.651625
vt 0.904710 0.675683
vt 0.918567 0.700253
vt 0.929136 0.725654
vt 0.936627 0.753146
vt 0.941459 0.789289
vt 0.941667 0.822057
vt 0.938194 0.853016
vt 0.932600 0.879443
vt 0.925024 0.905250
vt 0.916025 0.930577
vt 0.906772 0.955925
vt 0.898208 0.983670
vt 0.898396 0.611767
vt 0.912221 0.635943
vt 0.929611 0.662885
vt 0.943934 0.688860
vt 0.955514 0.716971
vt 0.963665 0.747456
vt 0.969023 0.785671
vt 0.969922 0.821838
vt 0.966847 0.855366
vt 0.960960 0.885314
vt 0.953383 0.910739
vt 0.943754 0.938121
vt 0.934626 0.964336
vt 0.927445 0.990249
vt 0.902764 0.554416
vt 0.879554 0.561618
vt 0.888270 0.586859
vt 0.911089 0.578697
vt 0.921227 0.603056
vt 0.934319 0.626661
vt 0.951313 0.653431
vt 0.964957 0.678645
vt 0.978018 0.709886
vt 0.986754 0.742053
vt 0.992227 0.783813
vt 0.992583 0.824994
vt 0.989590 0.857334
vt 0.981847 0.891305
vt 0.974274 0.913829
vt 0.963670 0.942475
vt 0.954542 0.969169
vt 0.947801 0.994401
vt 0.252662 0.057849
vt 0.263564 0.078983
vt 0.216787 0.087765
vt 0.227794 0.108736
vt 0.186205 0.120763
vt 0.196866 0.141123
vt 0.159571 0.158561
vt 0.171235 0.175114
vt 0.138903 0.192969
vt 0.150781 0.208897
vt 0.120422 0.232264
vt 0.133578 0.244896
vt 0.106352 0.271234
vt 0.120738 0.284408
vt 0.092823 0.319225
vt 0.109114 0.331898
vt 0.099080 0.378563
vt 0.079440 0.366304
vt 0.070283 0.404195
vt 0.093410 0.414502
vt 0.057522 0.443117
vt 0.086670 0.449277
vt 0.049219 0.470554
vt 0.075149 0.490222
vt 0.036396 0.501275
vt 0.058308 0.518978
vt 0.020238 0.525377
vt 0.040274 0.544080
vt 0.000500 0.543247
vt 0.016715 0.565572
vt 0.274089 0.098595
vt 0.236832 0.130003
vt 0.207663 0.161391
vt 0.184616 0.192874
vt 0.165219 0.227647
vt 0.149480 0.266945
vt 0.140459 0.308062
vt 0.134308 0.352235
vt 0.133512 0.399212
vt 0.109613 0.420936
vt 0.107865 0.466683
vt 0.140402 0.467354
vt 0.105284 0.518538
vt 0.074700 0.541865
vt 0.051860 0.562847
vt 0.027614 0.582925
vt 0.128054 0.663222
vt 0.111957 0.659905
vt 0.102758 0.668836
vt 0.121641 0.681075
vt 0.094499 0.679394
vt 0.111368 0.696488
vt 0.149577 0.525951
vt 0.124757 0.571399
vt 0.159022 0.580650
vt 0.134183 0.616251
vt 0.162638 0.624302
vt 0.132527 0.641806
vt 0.160818 0.649993
vt 0.157435 0.675980
vt 0.152269 0.699360
vt 0.143087 0.720485
vt 0.289500 0.122367
vt 0.253115 0.152238
vt 0.224344 0.184331
vt 0.201907 0.218639
vt 0.185652 0.255428
vt 0.173774 0.295269
vt 0.166330 0.330823
vt 0.164697 0.366641
vt 0.161565 0.403111
vt 0.167521 0.467781
vt 0.174236 0.528938
vt 0.181486 0.582715
vt 0.184148 0.622659
vt 0.185929 0.651273
vt 0.185221 0.679657
vt 0.181961 0.707979
vt 0.176198 0.734527
vt 0.303143 0.143490
vt 0.269642 0.172154
vt 0.243989 0.201435
vt 0.223198 0.235147
vt 0.207942 0.272272
vt 0.197189 0.312592
vt 0.191239 0.344309
vt 0.189775 0.374619
vt 0.186681 0.406167
vt 0.190269 0.466204
vt 0.194797 0.527113
vt 0.202703 0.578449
vt 0.208596 0.614970
vt 0.212273 0.645745
vt 0.214342 0.675968
vt 0.215153 0.708885
vt 0.214738 0.739455
vt 0.315570 0.163293
vt 0.284457 0.190104
vt 0.261451 0.217326
vt 0.243022 0.248166
vt 0.229098 0.282661
vt 0.219549 0.321443
vt 0.213968 0.355698
vt 0.211764 0.382260
vt 0.209285 0.410707
vt 0.212772 0.463159
vt 0.219441 0.520383
vt 0.229892 0.569310
vt 0.236827 0.607607
vt 0.241627 0.639294
vt 0.246196 0.669854
vt 0.251636 0.704116
vt 0.256963 0.736093
vt 0.328200 0.182944
vt 0.299661 0.207167
vt 0.278582 0.232016
vt 0.261610 0.260119
vt 0.248581 0.292452
vt 0.239933 0.330035
vt 0.234975 0.366781
vt 0.232122 0.390207
vt 0.230726 0.416309
vt 0.234981 0.459926
vt 0.243897 0.509601
vt 0.256914 0.557872
vt 0.265381 0.597104
vt 0.271821 0.629576
vt 0.279101 0.660020
vt 0.288816 0.693016
vt 0.299393 0.723952
vt 0.342017 0.202686
vt 0.316958 0.223523
vt 0.297350 0.246213
vt 0.281368 0.272246
vt 0.269108 0.302846
vt 0.261106 0.338954
vt 0.257216 0.374988
vt 0.254238 0.397324
vt 0.253255 0.421231
vt 0.255794 0.456280
vt 0.265303 0.498400
vt 0.282114 0.545802
vt 0.293543 0.585677
vt 0.301965 0.618196
vt 0.311632 0.647904
vt 0.324009 0.677703
vt 0.338091 0.705409
vt 0.357015 0.223630
vt 0.335830 0.241269
vt 0.318034 0.261917
vt 0.303417 0.286155
vt 0.292227 0.314990
vt 0.284746 0.349095
vt 0.281522 0.383561
vt 0.278813 0.404895
vt 0.278382 0.427727
vt 0.279627 0.455501
vt 0.288424 0.490712
vt 0.306748 0.535084
vt 0.321229 0.575006
vt 0.331579 0.606573
vt 0.342900 0.634544
vt 0.356397 0.660266
vt 0.371899 0.683364
vt 0.373733 0.247413
vt 0.356227 0.262461
vt 0.340807 0.280917
vt 0.328024 0.303199
vt 0.318151 0.329882
vt 0.311457 0.361180
vt 0.308585 0.392560
vt 0.306250 0.412585
vt 0.306518 0.434130
vt 0.307280 0.457847
vt 0.314719 0.487510
vt 0.331307 0.526354
vt 0.346612 0.562453
vt 0.359578 0.594787
vt 0.371808 0.620057
vt 0.385254 0.641343
vt 0.400658 0.659300
vt 0.392793 0.275602
vt 0.378694 0.288411
vt 0.366249 0.304478
vt 0.355739 0.324251
vt 0.347516 0.347789
vt 0.341899 0.375207
vt 0.339347 0.402198
vt 0.337277 0.420304
vt 0.338209 0.440028
vt 0.338898 0.459888
vt 0.344522 0.483876
vt 0.356758 0.514505
vt 0.371317 0.545874
vt 0.386135 0.576874
vt 0.399059 0.599790
vt 0.411486 0.617146
vt 0.425882 0.630541
vt 0.414602 0.309568
vt 0.403684 0.320114
vt 0.394439 0.333376
vt 0.386533 0.349742
vt 0.380228 0.369161
vt 0.375843 0.391683
vt 0.374090 0.412491
vt 0.373025 0.428117
vt 0.373656 0.443562
vt 0.374399 0.460462
vt 0.378427 0.479045
vt 0.386337 0.499820
vt 0.397596 0.524057
vt 0.410353 0.547741
vt 0.423183 0.567846
vt 0.435202 0.582825
vt 0.448959 0.593121
vt 0.439198 0.349548
vt 0.431424 0.357514
vt 0.424934 0.367538
vt 0.419744 0.379547
vt 0.415828 0.393815
vt 0.413045 0.410275
vt 0.412207 0.424676
vt 0.412013 0.435588
vt 0.412550 0.446528
vt 0.413360 0.459008
vt 0.416217 0.472513
vt 0.421275 0.485417
vt 0.428354 0.498667
vt 0.437150 0.512157
vt 0.447422 0.524868
vt 0.458798 0.535286
vt 0.471751 0.542395
vt 0.466931 0.394569
vt 0.462751 0.399168
vt 0.459302 0.404987
vt 0.456602 0.411906
vt 0.454657 0.419766
vt 0.453483 0.428318
vt 0.453119 0.437247
vt 0.452953 0.441245
vt 0.454109 0.447065
vt 0.454710 0.453512
vt 0.456397 0.461324
vt 0.459015 0.468287
vt 0.462567 0.474605
vt 0.467167 0.480422
vt 0.472776 0.485622
vt 0.479348 0.489939
vt 0.486903 0.492876
vt 0.371874 0.890352
vt 0.370351 0.889963
vt 0.368942 0.889406
vt 0.367685 0.888699
vt 0.366621 0.887860
vt 0.365810 0.886888
vt 0.779797 0.089083
vt 0.779808 0.090248
vt 0.780075 0.088032
vt 0.780580 0.087104
vt 0.781289 0.086317
vt 0.782184 0.085687
vt 0.783234 0.085222
vt 0.784399 0.084917
vt 0.785630 0.084750
vt 0.786884 0.084684
vt 0.369999 0.897023
vt 0.367045 0.896165
vt 0.364323 0.894998
vt 0.361898 0.893639
vt 0.359818 0.892189
vt 0.358139 0.890644
vt 0.771278 0.089339
vt 0.771452 0.087354
vt 0.771997 0.085717
vt 0.772902 0.084407
vt 0.774181 0.083394
vt 0.775835 0.082634
vt 0.777846 0.082075
vt 0.780164 0.081668
vt 0.782722 0.081387
vt 0.785441 0.081225
vt 0.368266 0.902984
vt 0.363956 0.901855
vt 0.359908 0.900339
vt 0.356243 0.898607
vt 0.353069 0.896840
vt 0.350472 0.895158
vt 0.762944 0.086214
vt 0.763313 0.083738
vt 0.763996 0.081878
vt 0.765126 0.080533
vt 0.766823 0.079547
vt 0.769155 0.078769
vt 0.772117 0.078100
vt 0.775641 0.077512
vt 0.779614 0.077033
vt 0.783898 0.076727
vt 0.366632 0.908561
vt 0.360947 0.907246
vt 0.355411 0.905610
vt 0.350277 0.903871
vt 0.345829 0.902199
vt 0.342265 0.900709
vt 0.754825 0.080759
vt 0.755295 0.077893
vt 0.756006 0.075933
vt 0.757266 0.074638
vt 0.759348 0.073674
vt 0.762376 0.072818
vt 0.766332 0.071990
vt 0.771106 0.071202
vt 0.776527 0.070529
vt 0.782387 0.070090
vt 0.364274 0.917791
vt 0.356759 0.915808
vt 0.349507 0.913489
vt 0.342969 0.911207
vt 0.337472 0.909224
vt 0.333156 0.907626
vt 0.746435 0.073388
vt 0.747031 0.070087
vt 0.747881 0.067896
vt 0.749423 0.066450
vt 0.752026 0.065321
vt 0.755838 0.064275
vt 0.760830 0.063215
vt 0.766864 0.062142
vt 0.773717 0.061169
vt 0.781116 0.060496
vt 0.362114 0.926460
vt 0.352827 0.923961
vt 0.343785 0.921044
vt 0.335792 0.918336
vt 0.329287 0.916176
vt 0.324346 0.914538
vt 0.738002 0.066514
vt 0.738379 0.062872
vt 0.739292 0.060496
vt 0.741152 0.058883
vt 0.744326 0.057575
vt 0.748960 0.056331
vt 0.755028 0.055000
vt 0.762387 0.053513
vt 0.770754 0.052008
vt 0.779734 0.050865
vt 0.360079 0.933582
vt 0.349147 0.930761
vt 0.338527 0.927429
vt 0.329415 0.924523
vt 0.322167 0.922373
vt 0.316727 0.920772
vt 0.729766 0.061457
vt 0.729959 0.057418
vt 0.731103 0.054588
vt 0.733435 0.052495
vt 0.737211 0.050820
vt 0.742584 0.049334
vt 0.749594 0.047742
vt 0.758171 0.045760
vt 0.768021 0.043417
vt 0.778529 0.041402
vt 0.358338 0.938843
vt 0.346010 0.935792
vt 0.334396 0.932370
vt 0.324644 0.929604
vt 0.316890 0.927629
vt 0.310987 0.926019
vt 0.722605 0.058089
vt 0.723127 0.053566
vt 0.724882 0.050142
vt 0.727903 0.047433
vt 0.732273 0.045377
vt 0.738219 0.043759
vt 0.745925 0.042107
vt 0.755411 0.039808
vt 0.766389 0.036555
vt 0.777970 0.033280
vt 0.354475 0.950172
vt 0.339586 0.946525
vt 0.326370 0.942861
vt 0.315248 0.939937
vt 0.306173 0.937669
vt 0.299331 0.935751
vt 0.709675 0.049098
vt 0.711228 0.044278
vt 0.713827 0.040838
vt 0.717832 0.038202
vt 0.723528 0.036289
vt 0.731141 0.035010
vt 0.740627 0.033902
vt 0.751749 0.032153
vt 0.764255 0.029007
vt 0.777281 0.025082
vt 0.307148 0.949857
vt 0.297412 0.947443
vt 0.290077 0.945464
vt 0.699407 0.039085
vt 0.702053 0.034384
vt 0.704544 0.031033
vt 0.708156 0.028510
vt 0.713986 0.026677
vt 0.722500 0.025204
vt 0.733809 0.024140
vt 0.746656 0.022421
vt 0.760735 0.019466
vt 0.775562 0.015454
vt 0.693952 0.035268
vt 0.697657 0.030246
vt 0.701565 0.025624
vt 0.706452 0.022106
vt 0.712631 0.019699
vt 0.720407 0.017629
vt 0.044249 0.610635
vt 0.067640 0.593971
vt 0.060874 0.636752
vt 0.073734 0.654806
vt 0.088487 0.644290
vt 0.079699 0.622836
vt 0.108656 0.641906
vt 0.104013 0.614305
vt 0.095303 0.582550
s 1
f 1/1/1 2/2/2 3/3/3
f 1/1/1 3/3/3 4/4/4
f 1/1/1 4/4/4 5/5/5
f 1/1/1 5/5/5 6/6/6
f 1/1/1 6/6/6 7/7/7
f 1/1/1 7/7/7 8/8/8
f 1/1/1 8/8/8 9/9/9
f 1/1/1 10/10/10 11/11/11
f 1/1/1 11/11/11 12/12/12
f 1/1/1 12/12/12 13/13/13
f 1/1/1 13/13/13 14/14/14
f 1/1/1 14/14/14 15/15/15
f 1/1/1 15/15/15 16/16/16
f 1/1/1 16/16/16 17/17/17
f 3/3/3 2/2/2 18/18/18
f 18/18/18 19/19/19 3/3/3
f 4/4/4 3/3/3 19/19/19
f 19/19/19 20/20/20 4/4/4
f 5/5/5 4/4/4 20/20/20
f 20/20/20 21/21/21 5/5/5
f 6/6/6 5/5/5 21/21/21
f 21/21/21 22/22/22 6/6/6
f 7/7/7 6/6/6 22/22/22
f 22/22/22 23/23/23 7/7/7
f 8/8/8 7/7/7 23/23/23
f 23/23/23 24/24/24 8/8/8
f 9/9/9 8/8/8 24/24/24
f 24/24/24 25/25/25 9/9/9
f 10/10/10 9/9/9 25/25/25
f 25/25/25 26/26/26 10/10/10
f 12/12/12 11/11/11 27/27/27
f 27/27/27 28/28/28 12/12/12
f 13/13/13 12/12/12 28/28/28
f 28/28/28 29/29/29 13/13/13
f 14/14/14 13/13/13 29/29/29
f 29/29/29 30/30/30 14/14/14
f 15/15/15 14/14/14 30/30/30
f 30/30/30 31/31/31 15/15/15
f 16/16/16 15/15/15 31/31/31
f 31/31/31 32/32/32 16/16/16
f 17/17/17 16/16/16 32/32/32
f 32/32/32 33/33/33 17/17/17
f 19/19/19 18/18/18 34/34/34
f 34/34/34 35/35/35 19/19/19
f 20/20/20 19/19/19 35/35/35
f 35/35/35 36/36/36 20/20/20
f 21/21/21 20/20/20 36/36/36
f 36/36/36 37/37/37 21/21/21
f 22/22/22 21/21/21 37/37/37
f 37/37/37 38/38/38 22/22/22
f 23/23/23 22/22/22 38/38/38
f 38/38/38 39/39/39 23/23/23
f 24/24/24 23/23/23 39/39/39
f 39/39/39 40/40/40 24/24/24
f 25/25/25 24/24/24 40/40/40
f 40/40/40 41/41/41 25/25/25
f 26/26/26 25/25/25 41/41/41
f 41/41/41 42/42/42 26/26/26
f 28/28/28 27/27/27 43/43/43
f 43/43/43 44/44/44 28/28/28
f 29/29/29 28/28/28 44/44/44
f 44/44/44 45/45/45 29/29/29
f 30/30/30 29/29/29 45/45/45
f 45/45/45 46/46/46 30/30/30
f 31/31/31 30/30/30 46/46/46
f 46/46/46 47/47/47 31/31/31
f 32/32/32 31/31/31 47/47/47
f 47/47/47 48/48/48 32/32/32
f 33/33/33 32/32/32 48/48/48
f 48/48/48 49/49/49 33/33/33
f 35/35/35 34/34/34 50/50/50
f 50/50/50 51/51/51 35/35/35
f 36/36/36 35/35/35 51/51/51
f 51/51/51 52/52/52 36/36/36
f 37/37/37 36/36/36 52/52/52
f 52/52/52 53/53/53 37/37/37
f 38/38/38 37/37/37 53/53/53
f 53/53/53 54/54/54 38/38/38
f 39/39/39 38/38/38 54/54/54
f 54/54/54 55/55/55 39/39/39
f 40/40/40 39/39/39 55/55/55
f 55/55/55 56/56/56 40/40/40
f 41/41/41 40/40/40 56/56/56
f 56/56/56 57/57/57 41/41/41
f 42/42/42 41/41/41 57/57/57
f 57/57/57 58/58/58 42/42/42
f 44/44/44 43/43/43 59/59/59
f 59/59/59 60/60/60 44/44/44
f 45/45/45 44/44/44 60/60/60
f 60/60/60 61/61/61 45/45/45
f 46/46/46 45/45/45 61/61/61
f 61/61/61 62/62/62 46/46/46
f 47/47/47 46/46/46 62/62/62
f 62/62/62 63/63/63 47/47/47
f 48/48/48 47/47/47 63/63/63
f 63/63/63 64/64/64 48/48/48
f 49/49/49 48/48/48 64/64/64
f 64/64/64 65/65/65 49/49/49
f 51/51/51 50/50/50 66/66/66
f 66/66/66 67/67/67 51/51/51
f 52/52/52 51/51/51 67/67/67
f 67/67/67 68/68/68 52/52/52
f 53/53/53 52/52/52 68/68/68
f 68/68/68 69/69/69 53/53/53
f 54/54/54 53/53/53 69/69/69
f 69/69/69 70/70/70 54/54/54
f 55/55/55 54/54/54 70/70/70
f 70/70/70 71/71/71 55/55/55
f 56/56/56 55/55/55 71/71/71
f 71/71/71 72/72/72 56/56/56
f 57/57/57 56/56/56 72/72/72
f 72/72/72 73/73/73 57/57/57
f 58/58/58 57/57/57 73/73/73
f 73/73/73 74/74/74 58/58/58
f 60/60/60 59/59/59 75/75/75
f 75/75/75 76/76/76 60/60/60
f 61/61/61 60/60/60 76/76/76
f 76/76/76 77/77/77 61/61/61
f 62/62/62 61/61/61 77/77/77
f 77/77/77 78/78/78 62/62/62
f 63/63/63 62/62/62 78/78/78
f 78/78/78 79/79/79 63/63/63
f 64/64/64 63/63/63 79/79/79
f 79/79/79 80/80/80 64/64/64
f 65/65/65 64/64/64 80/80/80
f 80/80/80 81/81/81 65/65/65
f 67/67/67 66/66/66 82/82/82
f 82/82/82 83/83/83 67/67/67
f 68/68/68 67/67/67 83/83/83
f 83/83/83 84/84/84 68/68/68
f 69/69/69 68/68/68 84/84/84
f 84/84/84 85/85/85 69/69/69
f 70/70/70 69/69/69 85/85/85
f 85/85/85 86/86/86 70/70/70
f 71/71/71 70/70/70 86/86/86
f 86/86/86 87/87/87 71/71/71
f 72/72/72 71/71/71 87/87/87
f 87/87/87 88/88/88 72/72/72
f 73/73/73 72/72/72 88/88/88
f 88/88/88 89/89/89 73/73/73
f 74/74/74 73/73/73 89/89/89
f 89/89/89 90/90/90 74/74/74
f 76/76/76 75/75/75 91/91/91
f 91/91/91 92/92/92 76/76/76
f 77/77/77 76/76/76 92/92/92
f 92/92/92 93/93/93 77/77/77
f 78/78/78 77/77/77 93/93/93
f 93/93/93 94/94/94 78/78/78
f 79/79/79 78/78/78 94/94/94
f 94/94/94 95/95/95 79/79/79
f 80/80/80 79/79/79 95/95/95
f 95/95/95 96/96/96 80/80/80
f 81/81/81 80/80/80 96/96/96
f 96/96/96 97/97/97 81/81/81
f 83/83/83 82/82/82 98/98/98
f 98/98/98 99/99/99 83/83/83
f 84/84/84 83/83/83 99/99/99
f 99/99/99 100/100/100 84/84/84
f 85/85/85 84/84/84 100/100/100
f 100/100/100 101/101/101 85/85/85
f 86/86/86 85/85/85 101/101/101
f 101/101/101 102/102/102 86/86/86
f 87/87/87 86/86/86 102/102/102
f 102/102/102 103/103/103 87/87/87
f 88/88/88 87/87/87 103/103/103
f 103/103/103 104/104/104 88/88/88
f 89/89/89 88/88/88 104/104/104
f 104/104/104 105/105/105 89/89/89
f 90/90/90 89/89/89 105/105/105
f 105/105/105 106/106/106 90/90/90
f 92/92/92 91/91/91 107/107/107
f 107/107/107 108/108/108 92/92/92
f 93/93/93 92/92/92 108/108/108
f 108/108/108 109/109/109 93/93/93
f 94/94/94 93/93/93 109/109/109
f 109/109/109 110/110/110 94/94/94
f 95/95/95 94/94/94 110/110/110
f 110/110/110 111/111/111 95/95/95
f 96/96/96 95/95/95 111/111/111
f 111/111/111 112/112/112 96/96/96
f 97/97/97 96/96/96 112/112/112
f 112/112/112 113/113/113 97/97/97
f 99/99/99 98/98/98 114/114/114
f 114/114/114 115/115/115 99/99/99
f 100/100/100 99/99/99 115/115/115
f 115/115/115 116/116/116 100/100/100
f 101/101/101 100/100/100 116/116/116
f 116/116/116 117/117/117 101/101/101
f 102/102/102 101/101/101 117/117/117
f 117/117/117 118/118/118 102/102/102
f 103/103/103 102/102/102 118/118/118
f 118/118/118 119/119/119 103/103/103
f 104/104/104 103/103/103 119/119/119
f 119/119/119 120/120/120 104/104/104
f 105/105/105 104/104/104 120/120/120
f 120/120/120 121/121/121 105/105/105
f 106/106/106 105/105/105 121/121/121
f 121/121/121 122/122/122 106/106/106
f 108/108/108 107/107/107 123/123/123
f 123/123/123 124/124/124 108/108/108
f 109/109/109 108/108/108 124/124/124
f 124/124/124 125/125/125 109/109/109
f 110/110/110 109/109/109 125/125/125
f 125/125/125 126/126/126 110/110/110
f 111/111/111 110/110/110 126/126/126
f 126/126/126 127/127/127 111/111/111
f 112/112/112 111/111/111 127/127/127
f 127/127/127 128/128/128 112/112/112
f 113/113/113 112/112/112 128/128/128
f 128/128/128 129/129/129 113/113/113
f 117/117/117 116/116/116 130/130/130
f 130/130/130 131/131/131 117/117/117
f 118/118/118 117/117/117 131/131/131
f 131/131/131 132/132/132 118/118/118
f 119/119/119 118/118/118 132/132/132
f 132/132/132 133/133/133 119/119/119
f 120/120/120 119/119/119 133/133/133
f 133/133/133 134/134/134 120/120/120
f 121/121/121 120/120/120 134/134/134
f 134/134/134 135/135/135 121/121/121
f 122/122/122 121/121/121 135/135/135
f 135/135/135 136/136/136 122/122/122
f 124/124/124 123/123/123 137/137/137
f 137/137/137 138/138/138 124/124/124
f 125/125/125 124/124/124 138/138/138
f 138/138/138 139/139/139 125/125/125
f 126/126/126 125/125/125 139/139/139
f 139/139/139 140/140/140 126/126/126
f 127/127/127 126/126/126 140/140/140
f 140/140/140 141/141/141 127/127/127
f 128/128/128 127/127/127 141/141/141
f 141/141/141 142/142/142 128/128/128
f 129/129/129 128/128/128 142/142/142
f 142/142/142 143/143/143 129/129/129
f 147/144/144 144/145/145 145/146/146
f 145/146/146 146/147/147 147/144/144
f 130/130/130 147/144/144 146/147/147
f 146/147/147 148/148/148 130/130/130
f 131/131/131 130/130/130 148/148/148
f 148/148/148 149/149/149 131/131/131
f 132/132/132 131/131/131 149/149/149
f 149/149/149 150/150/150 132/132/132
f 133/133/133 132/132/132 150/150/150
f 150/150/150 151/151/151 133/133/133
f 134/134/134 133/133/133 151/151/151
f 151/151/151 152/152/152 134/134/134
f 135/135/135 134/134/134 152/152/152
f 152/152/152 153/153/153 135/135/135
f 136/136/136 135/135/135 153/153/153
f 153/153/153 154/154/154 136/136/136
f 138/138/138 137/137/137 155/155/155
f 155/155/155 156/156/156 138/138/138
f 139/139/139 138/138/138 156/156/156
f 156/156/156 157/157/157 139/139/139
f 140/140/140 139/139/139 157/157/157
f 157/157/157 158/158/158 140/140/140
f 141/141/141 140/140/140 158/158/158
f 158/158/158 159/159/159 141/141/141
f 142/142/142 141/141/141 159/159/159
f 159/159/159 160/160/160 142/142/142
f 143/143/143 142/142/142 160/160/160
f 160/160/160 161/161/161 143/143/143
f 165/162/162 162/163/163 163/164/164
f 163/164/164 164/165/165 165/162/162
f 167/166/166 165/162/162 164/165/165
f 164/165/165 166/167/167 167/166/166
f 169/168/168 167/166/166 166/167/167
f 166/167/167 168/169/169 169/168/168
f 171/170/170 169/168/168 168/169/169
f 168/169/169 170/171/171 171/170/170
f 173/172/151 171/170/170 170/171/171
f 170/171/171 172/173/172 173/172/151
f 175/174/152 173/172/151 172/173/172
f 172/173/172 174/175/173 175/174/152
f 177/176/174 175/174/152 174/175/173
f 174/175/173 176/177/175 177/176/174
f 179/178/176 177/176/174 176/177/175
f 176/177/175 178/179/177 179/178/176
f 183/180/178 180/181/155 181/182/179
f 181/182/179 182/183/180 183/180/178
f 185/184/181 183/180/178 182/183/180
f 182/183/180 184/185/182 185/184/181
f 187/186/158 185/184/181 184/185/182
f 184/185/182 186/187/183 187/186/158
f 189/188/184 187/186/158 186/187/183
f 186/187/183 188/189/185 189/188/184
f 191/190/186 189/188/184 188/189/185
f 188/189/185 190/191/187 191/190/186
f 193/192/188 191/190/186 190/191/187
f 190/191/187 192/193/189 193/192/188
f 164/165/165 163/164/164 194/194/190
f 194/194/190 195/195/191 164/165/165
f 166/167/167 164/165/165 195/195/191
f 195/195/191 196/196/192 166/167/167
f 168/169/169 166/167/167 196/196/192
f 196/196/192 197/197/193 168/169/169
f 170/171/171 168/169/169 197/197/193
f 197/197/193 198/198/194 170/171/171
f 172/173/172 170/171/171 198/198/194
f 198/198/194 199/199/195 172/173/172
f 174/175/173 172/173/172 199/199/195
f 199/199/195 200/200/196 174/175/173
f 176/177/175 174/175/173 200/200/196
f 200/200/196 201/201/197 176/177/175
f 178/179/177 176/177/175 201/201/197
f 201/201/197 202/202/198 178/179/177
f 206/203/199 203/204/200 204/205/201
f 204/205/201 205/206/202 206/203/199
f 186/187/183 184/185/182 206/203/199
f 206/203/199 207/207/203 186/187/183
f 188/189/185 186/187/183 207/207/203
f 207/207/203 208/208/204 188/189/185
f 190/191/187 188/189/185 208/208/204
f 208/208/204 209/209/205 190/191/187
f 192/193/189 190/191/187 209/209/205
f 209/209/205 210/210/206 192/193/189
f 214/211/207 211/212/208 212/213/209
f 212/213/209 213/214/210 214/211/207
f 216/215/211 212/213/209 211/212/208
f 211/212/208 215/216/212 216/215/211
f 219/217/213 207/207/203 217/218/214
f 217/218/214 218/219/215 219/217/213
f 221/220/216 219/217/213 218/219/215
f 218/219/215 220/221/217 221/220/216
f 223/222/218 221/220/216 220/221/217
f 220/221/217 222/223/219 223/222/218
f 214/211/207 223/222/218 222/223/219
f 222/223/219 224/224/220 214/211/207
f 211/212/208 214/211/207 224/224/220
f 224/224/220 225/225/221 211/212/208
f 215/216/212 211/212/208 225/225/221
f 225/225/221 226/226/222 215/216/212
f 195/195/191 194/194/190 227/227/223
f 227/227/223 228/228/224 195/195/191
f 196/196/192 195/195/191 228/228/224
f 228/228/224 229/229/225 196/196/192
f 197/197/193 196/196/192 229/229/225
f 229/229/225 230/230/226 197/197/193
f 198/198/194 197/197/193 230/230/226
f 230/230/226 231/231/227 198/198/194
f 199/199/195 198/198/194 231/231/227
f 231/231/227 232/232/228 199/199/195
f 200/200/196 199/199/195 232/232/228
f 232/232/228 233/233/229 200/200/196
f 201/201/197 200/200/196 233/233/229
f 233/233/229 234/234/230 201/201/197
f 202/202/198 201/201/197 234/234/230
f 234/234/230 235/235/231 202/202/198
f 205/206/202 204/205/201 236/236/232
f 236/236/232 237/237/233 205/206/202
f 217/218/214 205/206/202 237/237/233
f 237/237/233 238/238/234 217/218/214
f 218/219/215 217/218/214 238/238/234
f 238/238/234 239/239/235 218/219/215
f 220/221/217 218/219/215 239/239/235
f 239/239/235 240/240/236 220/221/217
f 222/223/219 220/221/217 240/240/236
f 240/240/236 241/241/237 222/223/219
f 224/224/220 222/223/219 241/241/237
f 241/241/237 242/242/238 224/224/220
f 225/225/221 224/224/220 242/242/238
f 242/242/238 243/243/239 225/225/221
f 226/226/222 225/225/221 243/243/239
f 243/243/239 244/244/240 226/226/222
f 228/228/224 227/227/223 245/245/241
f 245/245/241 246/246/242 228/228/224
f 229/229/225 228/228/224 246/246/242
f 246/246/242 247/247/243 229/229/225
f 230/230/226 229/229/225 247/247/243
f 247/247/243 248/248/244 230/230/226
f 231/231/227 230/230/226 248/248/244
f 248/248/244 249/249/245 231/231/227
f 232/232/228 231/231/227 249/249/245
f 249/249/245 250/250/246 232/232/228
f 233/233/229 232/232/228 250/250/246
f 250/250/246 251/251/247 233/233/229
f 234/234/230 233/233/229 251/251/247
f 251/251/247 252/252/248 234/234/230
f 234/234/230 252/252/248 253/253/249
f 253/253/249 235/235/231 234/234/230
f 237/237/233 236/236/232 254/254/250
f 254/254/250 255/255/251 237/237/233
f 238/238/234 237/237/233 255/255/251
f 255/255/251 256/256/252 238/238/234
f 239/239/235 238/238/234 256/256/252
f 256/256/252 257/257/253 239/239/235
f 240/240/236 239/239/235 257/257/253
f 257/257/253 258/258/254 240/240/236
f 241/241/237 240/240/236 258/258/254
f 258/258/254 259/259/255 241/241/237
f 242/242/238 241/241/237 259/259/255
f 259/259/255 260/260/256 242/242/238
f 243/243/239 242/242/238 260/260/256
f 260/260/256 261/261/257 243/243/239
f 244/244/240 243/243/239 261/261/257
f 261/261/257 262/262/258 244/244/240
f 246/246/242 245/245/241 263/263/259
f 263/263/259 264/264/260 246/246/242
f 247/247/243 246/246/242 264/264/260
f 264/264/260 265/265/261 247/247/243
f 248/248/244 247/247/243 265/265/261
f 265/265/261 266/266/262 248/248/244
f 249/249/245 248/248/244 266/266/262
f 266/266/262 267/267/263 249/249/245
f 250/250/246 249/249/245 267/267/263
f 267/267/263 268/268/264 250/250/246
f 251/251/247 250/250/246 268/268/264
f 268/268/264 269/269/265 251/251/247
f 252/252/248 251/251/247 269/269/265
f 269/269/265 270/270/266 252/252/248
f 252/252/248 270/270/266 271/271/267
f 271/271/267 253/253/249 252/252/248
f 255/255/251 254/254/250 272/272/268
f 272/272/268 273/273/269 255/255/251
f 256/256/252 255/255/251 273/273/269
f 273/273/269 274/274/270 256/256/252
f 257/257/253 256/256/252 274/274/270
f 274/274/270 275/275/271 257/257/253
f 258/258/254 257/257/253 275/275/271
f 275/275/271 276/276/272 258/258/254
f 259/259/255 258/258/254 276/276/272
f 276/276/272 277/277/273 259/259/255
f 260/260/256 259/259/255 277/277/273
f 277/277/273 278/278/274 260/260/256
f 261/261/257 260/260/256 278/278/274
f 278/278/274 279/279/275 261/261/257
f 262/262/258 261/261/257 279/279/275
f 279/279/275 280/280/276 262/262/258
f 264/264/260 263/263/259 281/281/277
f 281/281/277 282/282/278 264/264/260
f 265/265/261 264/264/260 282/282/278
f 282/282/278 283/283/279 265/265/261
f 266/266/262 265/265/261 283/283/279
f 283/283/279 284/284/280 266/266/262
f 267/267/263 266/266/262 284/284/280
f 284/284/280 285/285/281 267/267/263
f 268/268/264 267/267/263 285/285/281
f 285/285/281 286/286/282 268/268/264
f 269/269/265 268/268/264 286/286/282
f 286/286/282 287/287/283 269/269/265
f 270/270/266 269/269/265 287/287/283
f 287/287/283 288/288/284 270/270/266
f 270/270/266 288/288/284 289/289/285
f 289/289/285 271/271/267 270/270/266
f 273/273/269 272/272/268 290/290/286
f 290/290/286 291/291/287 273/273/269
f 274/274/270 273/273/269 291/291/287
f 291/291/287 292/292/288 274/274/270
f 275/275/271 274/274/270 292/292/288
f 292/292/288 293/293/289 275/275/271
f 276/276/272 275/275/271 293/293/289
f 293/293/289 294/294/290 276/276/272
f 277/277/273 276/276/272 294/294/290
f 294/294/290 295/295/291 277/277/273
f 278/278/274 277/277/273 295/295/291
f 295/295/291 296/296/292 278/278/274
f 279/279/275 278/278/274 296/296/292
f 296/296/292 297/297/293 279/279/275
f 280/280/276 279/279/275 297/297/293
f 297/297/293 298/298/294 280/280/276
f 282/282/278 281/281/277 299/299/295
f 299/299/295 300/300/296 282/282/278
f 283/283/279 282/282/278 300/300/296
f 300/300/296 301/301/297 283/283/279
f 284/284/280 283/283/279 301/301/297
f 301/301/297 302/302/298 284/284/280
f 285/285/281 284/284/280 302/302/298
f 302/302/298 303/303/299 285/285/281
f 286/286/282 285/285/281 303/303/299
f 303/303/299 304/304/300 286/286/282
f 287/287/283 286/286/282 304/304/300
f 304/304/300 305/305/301 287/287/283
f 288/288/284 287/287/283 305/305/301
f 305/305/301 306/306/302 288/288/284
f 288/288/284 306/306/302 307/307/303
f 307/307/303 289/289/285 288/288/284
f 291/291/287 290/290/286 308/308/304
f 308/308/304 309/309/305 291/291/287
f 292/292/288 291/291/287 309/309/305
f 309/309/305 310/310/306 292/292/288
f 293/293/289 292/292/288 310/310/306
f 310/310/306 311/311/307 293/293/289
f 294/294/290 293/293/289 311/311/307
f 311/311/307 312/312/308 294/294/290
f 295/295/291 294/294/290 312/312/308
f 312/312/308 313/313/309 295/295/291
f 296/296/292 295/295/291 313/313/309
f 313/313/309 314/314/310 296/296/292
f 297/297/293 296/296/292 314/314/310
f 314/314/310 315/315/311 297/297/293
f 298/298/294 297/297/293 315/315/311
f 315/315/311 316/316/312 298/298/294
f 300/300/296 299/299/295 317/317/313
f 317/317/313 318/318/314 300/300/296
f 301/301/297 300/300/296 318/318/314
f 318/318/314 319/319/315 301/301/297
f 302/302/298 301/301/297 319/319/315
f 319/319/315 320/320/316 302/302/298
f 303/303/299 302/302/298 320/320/316
f 320/320/316 321/321/317 303/303/299
f 304/304/300 303/303/299 321/321/317
f 321/321/317 322/322/318 304/304/300
f 305/305/301 304/304/300 322/322/318
f 322/322/318 323/323/319 305/305/301
f 306/306/302 305/305/301 323/323/319
f 323/323/319 324/324/320 306/306/302
f 306/306/302 324/324/320 325/325/321
f 325/325/321 307/307/303 306/306/302
f 309/309/305 308/308/304 326/326/322
f 326/326/322 327/327/323 309/309/305
f 310/310/306 309/309/305 327/327/323
f 327/327/323 328/328/324 310/310/306
f 311/311/307 310/310/306 328/328/324
f 328/328/324 329/329/325 311/311/307
f 312/312/308 311/311/307 329/329/325
f 329/329/325 330/330/326 312/312/308
f 313/313/309 312/312/308 330/330/326
f 330/330/326 331/331/327 313/313/309
f 314/314/310 313/313/309 331/331/327
f 331/331/327 332/332/328 314/314/310
f 315/315/311 314/314/310 332/332/328
f 332/332/328 333/333/329 315/315/311
f 316/316/312 315/315/311 333/333/329
f 333/333/329 334/334/330 316/316/312
f 318/318/314 317/317/313 335/335/331
f 335/335/331 336/336/332 318/318/314
f 319/319/315 318/318/314 336/336/332
f 336/336/332 337/337/333 319/319/315
f 320/320/316 319/319/315 337/337/333
f 337/337/333 338/338/334 320/320/316
f 321/321/317 320/320/316 338/338/334
f 338/338/334 339/339/335 321/321/317
f 322/322/318 321/321/317 339/339/335
f 339/339/335 340/340/336 322/322/318
f 323/323/319 322/322/318 340/340/336
f 340/340/336 341/341/337 323/323/319
f 324/324/320 323/323/319 341/341/337
f 341/341/337 342/342/338 324/324/320
f 325/325/321 324/324/320 342/342/338
f 342/342/338 343/343/339 325/325/321
f 327/327/323 326/326/322 344/344/340
f 344/344/340 345/345/341 327/327/323
f 328/328/324 327/327/323 345/345/341
f 345/345/341 346/346/342 328/328/324
f 329/329/325 328/328/324 346/346/342
f 346/346/342 347/347/343 329/329/325
f 330/330/326 329/329/325 347/347/343
f 347/347/343 348/348/344 330/330/326
f 331/331/327 330/330/326 348/348/344
f 348/348/344 349/349/345 331/331/327
f 332/332/328 331/331/327 349/349/345
f 349/349/345 350/350/346 332/332/328
f 333/333/329 332/332/328 350/350/346
f 350/350/346 351/351/347 333/333/329
f 334/334/330 333/333/329 351/351/347
f 351/351/347 352/352/348 334/334/330
f 336/336/332 335/335/331 353/353/349
f 353/353/349 354/354/350 336/336/332
f 337/337/333 336/336/332 354/354/350
f 354/354/350 355/355/351 337/337/333
f 338/338/334 337/337/333 355/355/351
f 355/355/351 356/356/352 338/338/334
f 339/339/335 338/338/334 356/356/352
f 356/356/352 357/357/353 339/339/335
f 340/340/336 339/339/335 357/357/353
f 357/357/353 358/358/354 340/340/336
f 341/341/337 340/340/336 358/358/354
f 358/358/354 359/359/355 341/341/337
f 342/342/338 341/341/337 359/359/355
f 359/359/355 360/360/356 342/342/338
f 343/343/339 342/342/338 360/360/356
f 360/360/356 361/361/357 343/343/339
f 345/345/341 344/344/340 362/362/358
f 362/362/358 363/363/359 345/345/341
f 346/346/342 345/345/341 363/363/359
f 363/363/359 364/364/360 346/346/342
f 347/347/343 346/346/342 364/364/360
f 364/364/360 365/365/361 347/347/343
f 348/348/344 347/347/343 365/365/361
f 365/365/361 366/366/362 348/348/344
f 349/349/345 348/348/344 366/366/362
f 366/366/362 367/367/363 349/349/345
f 350/350/346 349/349/345 367/367/363
f 367/367/363 368/368/364 350/350/346
f 351/351/347 350/350/346 368/368/364
f 368/368/364 369/369/365 351/351/347
f 352/352/348 351/351/347 369/369/365
f 369/369/365 370/370/366 352/352/348
f 354/354/350 353/353/349 371/371/367
f 371/371/367 372/372/368 354/354/350
f 355/355/351 354/354/350 372/372/368
f 372/372/368 373/373/369 355/355/351
f 356/356/352 355/355/351 373/373/369
f 373/373/369 374/374/370 356/356/352
f 357/357/353 356/356/352 374/374/370
f 374/374/370 375/375/371 357/357/353
f 358/358/354 357/357/353 375/375/371
f 375/375/371 376/376/372 358/358/354
f 359/359/355 358/358/354 376/376/372
f 376/376/372 377/377/373 359/359/355
f 360/360/356 359/359/355 377/377/373
f 377/377/373 378/378/374 360/360/356
f 361/361/357 360/360/356 378/378/374
f 378/378/374 379/379/375 361/361/357
f 363/363/359 362/362/358 380/380/376
f 380/380/376 381/381/377 363/363/359
f 364/364/360 363/363/359 381/381/377
f 381/381/377 382/382/378 364/364/360
f 365/365/361 364/364/360 382/382/378
f 382/382/378 383/383/379 365/365/361
f 366/366/362 365/365/361 383/383/379
f 383/383/379 384/384/380 366/366/362
f 367/367/363 366/366/362 384/384/380
f 384/384/380 385/385/381 367/367/363
f 368/368/364 367/367/363 385/385/381
f 385/385/381 386/386/382 368/368/364
f 369/369/365 368/368/364 386/386/382
f 386/386/382 387/387/383 369/369/365
f 370/370/366 369/369/365 387/387/383
f 387/387/383 388/388/384 370/370/366
f 372/372/368 371/371/367 389/389/385
f 389/389/385 390/390/386 372/372/368
f 373/373/369 372/372/368 390/390/386
f 390/390/386 391/391/387 373/373/369
f 374/374/370 373/373/369 391/391/387
f 391/391/387 392/392/388 374/374/370
f 375/375/371 374/374/370 392/392/388
f 392/392/388 393/393/389 375/375/371
f 376/376/372 375/375/371 393/393/389
f 393/393/389 394/394/390 376/376/372
f 377/377/373 376/376/372 394/394/390
f 394/394/390 395/395/391 377/377/373
f 378/378/374 377/377/373 395/395/391
f 395/395/391 396/396/392 378/378/374
f 379/379/375 378/378/374 396/396/392
f 396/396/392 397/397/393 379/379/375
f 381/381/377 380/380/376 398/398/394
f 398/398/394 399/399/395 381/381/377
f 382/382/378 381/381/377 399/399/395
f 399/399/395 400/400/396 382/382/378
f 383/383/379 382/382/378 400/400/396
f 400/400/396 401/401/397 383/383/379
f 384/384/380 383/383/379 401/401/397
f 401/401/397 402/402/398 384/384/380
f 385/385/381 384/384/380 402/402/398
f 402/402/398 403/403/399 385/385/381
f 386/386/382 385/385/381 403/403/399
f 403/403/399 404/404/400 386/386/382
f 387/387/383 386/386/382 404/404/400
f 404/404/400 405/405/401 387/387/383
f 388/388/384 387/387/383 405/405/401
f 405/405/401 406/406/402 388/388/384
f 390/390/386 389/389/385 407/407/403
f 407/407/403 408/408/404 390/390/386
f 391/391/387 390/390/386 408/408/404
f 408/408/404 409/409/405 391/391/387
f 392/392/388 391/391/387 409/409/405
f 409/409/405 410/410/406 392/392/388
f 393/393/389 392/392/388 410/410/406
f 410/410/406 411/411/407 393/393/389
f 394/394/390 393/393/389 411/411/407
f 411/411/407 412/412/408 394/394/390
f 395/395/391 394/394/390 412/412/408
f 412/412/408 413/413/409 395/395/391
f 396/396/392 395/395/391 413/413/409
f 413/413/409 414/414/410 396/396/392
f 397/397/393 396/396/392 414/414/410
f 414/414/410 415/415/411 397/397/393
f 399/399/395 398/398/394 416/416/412
f 416/416/412 417/417/413 399/399/395
f 400/400/396 399/399/395 417/417/413
f 417/417/413 418/418/414 400/400/396
f 401/401/397 400/400/396 418/418/414
f 418/418/414 419/419/415 401/401/397
f 402/402/398 401/401/397 419/419/415
f 419/419/415 420/420/416 402/402/398
f 403/403/399 402/402/398 420/420/416
f 420/420/416 421/421/417 403/403/399
f 404/404/400 403/403/399 421/421/417
f 421/421/417 422/422/418 404/404/400
f 405/405/401 404/404/400 422/422/418
f 422/422/418 423/423/419 405/405/401
f 406/406/402 405/405/401 423/423/419
f 423/423/419 424/424/420 406/406/402
f 425/425/421 408/408/404 407/407/403
f 425/425/421 409/409/405 408/408/404
f 425/425/421 410/410/406 409/409/405
f 425/425/421 411/411/407 410/410/406
f 425/425/421 412/412/408 411/411/407
f 425/425/421 413/413/409 412/412/408
f 425/425/421 414/414/410 413/413/409
f 425/425/421 415/415/411 414/414/410
f 425/425/421 417/417/413 416/416/412
f 425/425/421 418/418/414 417/417/413
f 425/425/421 419/419/415 418/418/414
f 425/425/421 420/420/416 419/419/415
f 425/425/421 421/421/417 420/420/416
f 425/425/421 422/422/418 421/421/417
f 425/425/421 423/423/419 422/422/418
f 425/425/421 424/424/420 423/423/419
f 426/426/422 427/427/423 428/428/424
f 426/426/422 428/428/424 429/429/425
f 426/426/422 429/429/425 430/430/426
f 426/426/422 430/430/426 431/431/427
f 426/426/422 431/431/427 432/432/428
f 426/426/422 432/432/428 433/433/429
f 426/426/422 433/433/429 434/434/430
f 426/426/422 434/434/430 435/435/431
f 426/426/422 435/435/431 436/436/432
f 426/426/422 436/436/432 437/437/433
f 426/426/422 437/437/433 438/438/434
f 426/426/422 438/438/434 439/439/435
f 443/440/436 440/441/437 441/442/438
f 441/442/438 442/443/439 443/440/436
f 427/427/423 443/440/436 442/443/439
f 442/443/439 444/444/440 427/427/423
f 428/428/424 427/427/423 444/444/440
f 444/444/440 445/445/441 428/428/424
f 429/429/425 428/428/424 445/445/441
f 445/445/441 446/446/442 429/429/425
f 430/430/426 429/429/425 446/446/442
f 446/446/442 447/447/443 430/430/426
f 431/431/427 430/430/426 447/447/443
f 447/447/443 448/448/444 431/431/427
f 432/432/428 431/431/427 448/448/444
f 448/448/444 449/449/445 432/432/428
f 433/433/429 432/432/428 449/449/445
f 449/449/445 450/450/446 433/433/429
f 434/434/430 433/433/429 450/450/446
f 450/450/446 451/451/447 434/434/430
f 435/435/431 434/434/430 451/451/447
f 451/451/447 452/452/448 435/435/431
f 436/436/432 435/435/431 452/452/448
f 452/452/448 453/453/449 436/436/432
f 437/437/433 436/436/432 453/453/449
f 453/453/449 454/454/450 437/437/433
f 438/438/434 437/437/433 454/454/450
f 454/454/450 455/455/451 438/438/434
f 439/439/435 438/438/434 455/455/451
f 455/455/451 456/456/452 439/439/435
f 458/457/453 439/439/435 456/456/452
f 456/456/452 457/458/454 458/457/453
f 460/459/455 458/457/453 457/458/454
f 457/458/454 459/460/456 460/459/455
f 462/461/457 460/459/455 459/460/456
f 459/460/456 461/462/458 462/461/457
f 442/443/439 441/442/438 463/463/459
f 463/463/459 464/464/460 442/443/439
f 444/444/440 442/443/439 464/464/460
f 464/464/460 465/465/461 444/444/440
f 445/445/441 444/444/440 465/465/461
f 465/465/461 466/466/462 445/445/441
f 446/446/442 445/445/441 466/466/462
f 466/466/462 467/467/463 446/446/442
f 447/447/443 446/446/442 467/467/463
f 467/467/463 468/468/464 447/447/443
f 448/448/444 447/447/443 468/468/464
f 468/468/464 469/469/465 448/448/444
f 449/449/445 448/448/444 469/469/465
f 469/469/465 470/470/466 449/449/445
f 450/450/446 449/449/445 470/470/466
f 470/470/466 471/471/467 450/450/446
f 451/451/447 450/450/446 471/471/467
f 471/471/467 472/472/468 451/451/447
f 452/452/448 451/451/447 472/472/468
f 472/472/468 473/473/469 452/452/448
f 453/453/449 452/452/448 473/473/469
f 473/473/469 474/474/470 453/453/449
f 454/454/450 453/453/449 474/474/470
f 474/474/470 475/475/471 454/454/450
f 455/455/451 454/454/450 475/475/471
f 475/475/471 476/476/472 455/455/451
f 456/456/452 455/455/451 476/476/472
f 476/476/472 477/477/473 456/456/452
f 457/458/454 456/456/452 477/477/473
f 477/477/473 478/478/474 457/458/454
f 459/460/456 457/458/454 478/478/474
f 478/478/474 479/479/475 459/460/456
f 461/462/458 459/460/456 479/479/475
f 479/479/475 480/480/476 461/462/458
f 464/464/460 463/463/459 481/481/477
f 481/481/477 482/482/478 464/464/460
f 465/465/461 464/464/460 482/482/478
f 482/482/478 483/483/479 465/465/461
f 466/466/462 465/465/461 483/483/479
f 483/483/479 484/484/480 466/466/462
f 467/467/463 466/466/462 484/484/480
f 484/484/480 485/485/481 467/467/463
f 468/468/464 467/467/463 485/485/481
f 485/485/481 486/486/482 468/468/464
f 469/469/465 468/468/464 486/486/482
f 486/486/482 487/487/483 469/469/465
f 470/470/466 469/469/465 487/487/483
f 487/487/483 488/488/484 470/470/466
f 471/471/467 470/470/466 488/488/484
f 488/488/484 489/489/485 471/471/467
f 472/472/468 471/471/467 489/489/485
f 489/489/485 490/490/486 472/472/468
f 473/473/469 472/472/468 490/490/486
f 490/490/486 491/491/487 473/473/469
f 474/474/470 473/473/469 491/491/487
f 491/491/487 492/492/488 474/474/470
f 475/475/471 474/474/470 492/492/488
f 492/492/488 493/493/489 475/475/471
f 476/476/472 475/475/471 493/493/489
f 493/493/489 494/494/490 476/476/472
f 477/477/473 476/476/472 494/494/490
f 494/494/490 495/495/491 477/477/473
f 478/478/474 477/477/473 495/495/491
f 495/495/491 496/496/492 478/478/474
f 479/479/475 478/478/474 496/496/492
f 496/496/492 497/497/493 479/479/475
f 480/480/476 479/479/475 497/497/493
f 497/497/493 498/498/494 480/480/476
f 482/482/478 481/481/477 499/499/495
f 499/499/495 500/500/496 482/482/478
f 483/483/479 482/482/478 500/500/496
f 500/500/496 501/501/497 483/483/479
f 484/484/480 483/483/479 501/501/497
f 501/501/497 502/502/498 484/484/480
f 485/485/481 484/484/480 502/502/498
f 502/502/498 503/503/499 485/485/481
f 486/486/482 485/485/481 503/503/499
f 503/503/499 504/504/500 486/486/482
f 487/487/483 486/486/482 504/504/500
f 504/504/500 505/505/501 487/487/483
f 488/488/484 487/487/483 505/505/501
f 505/505/501 506/506/502 488/488/484
f 489/489/485 488/488/484 506/506/502
f 506/506/502 507/507/503 489/489/485
f 490/490/486 489/489/485 507/507/503
f 507/507/503 508/508/504 490/490/486
f 491/491/487 490/490/486 508/508/504
f 508/508/504 509/509/505 491/491/487
f 492/492/488 491/491/487 509/509/505
f 509/509/505 510/510/506 492/492/488
f 493/493/489 492/492/488 510/510/506
f 510/510/506 511/511/507 493/493/489
f 494/494/490 493/493/489 511/511/507
f 511/511/507 512/512/508 494/494/490
f 495/495/491 494/494/490 512/512/508
f 512/512/508 513/513/509 495/495/491
f 496/496/492 495/495/491 513/513/509
f 513/513/509 514/514/510 496/496/492
f 497/497/493 496/496/492 514/514/510
f 514/514/510 515/515/511 497/497/493
f 498/498/494 497/497/493 515/515/511
f 515/515/511 516/516/512 498/498/494
f 500/500/496 499/499/495 517/517/513
f 517/517/513 518/518/514 500/500/496
f 501/501/497 500/500/496 518/518/514
f 518/518/514 519/519/515 501/501/497
f 502/502/498 501/501/497 519/519/515
f 519/519/515 520/520/516 502/502/498
f 503/503/499 502/502/498 520/520/516
f 520/520/516 521/521/517 503/503/499
f 504/504/500 503/503/499 521/521/517
f 521/521/517 522/522/518 504/504/500
f 505/505/501 504/504/500 522/522/518
f 522/522/518 523/523/519 505/505/501
f 506/506/502 505/505/501 523/523/519
f 523/523/519 524/524/520 506/506/502
f 507/507/503 506/506/502 524/524/520
f 524/524/520 525/525/521 507/507/503
f 508/508/504 507/507/503 525/525/521
f 525/525/521 526/526/522 508/508/504
f 509/509/505 508/508/504 526/526/522
f 526/526/522 527/527/523 509/509/505
f 510/510/506 509/509/505 527/527/523
f 527/527/523 528/528/524 510/510/506
f 511/511/507 510/510/506 528/528/524
f 528/528/524 529/529/525 511/511/507
f 512/512/508 511/511/507 529/529/525
f 529/529/525 530/530/526 512/512/508
f 513/513/509 512/512/508 530/530/526
f 530/530/526 531/531/527 513/513/509
f 514/514/510 513/513/509 531/531/527
f 531/531/527 532/532/528 514/514/510
f 515/515/511 514/514/510 532/532/528
f 532/532/528 533/533/529 515/515/511
f 516/516/512 515/515/511 533/533/529
f 533/533/529 534/534/530 516/516/512
f 519/519/515 518/518/514 535/535/531
f 535/535/531 536/536/532 519/519/515
f 520/520/516 519/519/515 536/536/532
f 536/536/532 537/537/533 520/520/516
f 521/521/517 520/520/516 537/537/533
f 537/537/533 538/538/534 521/521/517
f 522/522/518 521/521/517 538/538/534
f 538/538/534 539/539/535 522/522/518
f 523/523/519 522/522/518 539/539/535
f 539/539/535 540/540/536 523/523/519
f 524/524/520 523/523/519 540/540/536
f 540/540/536 541/541/537 524/524/520
f 525/525/521 524/524/520 541/541/537
f 541/541/537 542/542/538 525/525/521
f 526/526/522 525/525/521 542/542/538
f 542/542/538 543/543/539 526/526/522
f 527/527/523 526/526/522 543/543/539
f 543/543/539 544/544/540 527/527/523
f 528/528/524 527/527/523 544/544/540
f 544/544/540 545/545/541 528/528/524
f 529/529/525 528/528/524 545/545/541
f 545/545/541 546/546/542 529/529/525
f 530/530/526 529/529/525 546/546/542
f 546/546/542 547/547/543 530/530/526
f 531/531/527 530/530/526 547/547/543
f 547/547/543 548/548/544 531/531/527
f 532/532/528 531/531/527 548/548/544
f 548/548/544 549/549/545 532/532/528
f 533/533/529 532/532/528 549/549/545
f 549/549/545 550/550/546 533/533/529
f 534/534/530 533/533/529 550/550/546
f 550/550/546 551/551/547 534/534/530
f 537/537/533 536/536/532 552/552/548
f 552/552/548 553/553/549 537/537/533
f 538/538/534 537/537/533 553/553/549
f 553/553/549 554/554/550 538/538/534
f 539/539/535 538/538/534 554/554/550
f 554/554/550 555/555/551 539/539/535
f 540/540/536 539/539/535 555/555/551
f 555/555/551 556/556/552 540/540/536
f 541/541/537 540/540/536 556/556/552
f 556/556/552 557/557/553 541/541/537
f 542/542/538 541/541/537 557/557/553
f 557/557/553 558/558/554 542/542/538
f 543/543/539 542/542/538 558/558/554
f 558/558/554 559/559/555 543/543/539
f 544/544/540 543/543/539 559/559/555
f 559/559/555 560/560/556 544/544/540
f 545/545/541 544/544/540 560/560/556
f 560/560/556 561/561/557 545/545/541
f 546/546/542 545/545/541 561/561/557
f 561/561/557 562/562/558 546/546/542
f 547/547/543 546/546/542 562/562/558
f 562/562/558 563/563/559 547/547/543
f 548/548/544 547/547/543 563/563/559
f 563/563/559 564/564/560 548/548/544
f 549/549/545 548/548/544 564/564/560
f 564/564/560 565/565/561 549/549/545
f 550/550/546 549/549/545 565/565/561
f 565/565/561 566/566/562 550/550/546
f 551/551/547 550/550/546 566/566/562
f 566/566/562 567/567/563 551/551/547
f 554/554/550 553/553/549 568/568/564
f 568/568/564 569/569/565 554/554/550
f 555/555/551 554/554/550 569/569/565
f 569/569/565 570/570/566 555/555/551
f 556/556/552 555/555/551 570/570/566
f 570/570/566 571/571/567 556/556/552
f 557/557/553 556/556/552 571/571/567
f 571/571/567 572/572/568 557/557/553
f 558/558/554 557/557/553 572/572/568
f 572/572/568 573/573/569 558/558/554
f 559/559/555 558/558/554 573/573/569
f 573/573/569 574/574/570 559/559/555
f 560/560/556 559/559/555 574/574/570
f 574/574/570 575/575/571 560/560/556
f 561/561/557 560/560/556 575/575/571
f 575/575/571 576/576/572 561/561/557
f 562/562/558 561/561/557 576/576/572
f 576/576/572 577/577/573 562/562/558
f 563/563/559 562/562/558 577/577/573
f 577/577/573 578/578/574 563/563/559
f 564/564/560 563/563/559 578/578/574
f 578/578/574 579/579/575 564/564/560
f 565/565/561 564/564/560 579/579/575
f 579/579/575 580/580/576 565/565/561
f 566/566/562 565/565/561 580/580/576
f 580/580/576 581/581/577 566/566/562
f 567/567/563 566/566/562 581/581/577
f 581/581/577 582/582/578 567/567/563
f 569/569/565 568/568/564 583/583/579
f 583/583/579 584/584/580 569/569/565
f 570/570/566 569/569/565 584/584/580
f 584/584/580 585/585/581 570/570/566
f 571/571/567 570/570/566 585/585/581
f 585/585/581 586/586/582 571/571/567
f 572/572/568 571/571/567 586/586/582
f 586/586/582 587/587/583 572/572/568
f 573/573/569 572/572/568 587/587/583
f 587/587/583 588/588/584 573/573/569
f 574/574/570 573/573/569 588/588/584
f 588/588/584 589/589/585 574/574/570
f 575/575/571 574/574/570 589/589/585
f 589/589/585 590/590/586 575/575/571
f 576/576/572 575/575/571 590/590/586
f 590/590/586 591/591/587 576/576/572
f 577/577/573 576/576/572 591/591/587
f 591/591/587 592/592/588 577/577/573
f 578/578/574 577/577/573 592/592/588
f 592/592/588 593/593/589 578/578/574
f 579/579/575 578/578/574 593/593/589
f 593/593/589 594/594/590 579/579/575
f 580/580/576 579/579/575 594/594/590
f 594/594/590 595/595/591 580/580/576
f 581/581/577 580/580/576 595/595/591
f 595/595/591 596/596/592 581/581/577
f 582/582/578 581/581/577 596/596/592
f 596/596/592 597/597/593 582/582/578
f 584/584/580 583/583/579 598/598/594
f 598/598/594 599/599/595 584/584/580
f 585/585/581 584/584/580 599/599/595
f 599/599/595 600/600/596 585/585/581
f 586/586/582 585/585/581 600/600/596
f 600/600/596 601/601/597 586/586/582
f 587/587/583 586/586/582 601/601/597
f 601/601/597 602/602/598 587/587/583
f 588/588/584 587/587/583 602/602/598
f 602/602/598 603/603/599 588/588/584
f 589/589/585 588/588/584 603/603/599
f 603/603/599 604/604/600 589/589/585
f 590/590/586 589/589/585 604/604/600
f 604/604/600 605/605/601 590/590/586
f 591/591/587 590/590/586 605/605/601
f 605/605/601 606/606/602 591/591/587
f 592/592/588 591/591/587 606/606/602
f 606/606/602 607/607/603 592/592/588
f 593/593/589 592/592/588 607/607/603
f 607/607/603 608/608/604 593/593/589
f 594/594/590 593/593/589 608/608/604
f 608/608/604 609/609/605 594/594/590
f 595/595/591 594/594/590 609/609/605
f 609/609/605 610/610/606 595/595/591
f 596/596/592 595/595/591 610/610/606
f 610/610/606 611/611/607 596/596/592
f 597/597/593 596/596/592 611/611/607
f 611/611/607 612/612/608 597/597/593
f 599/599/595 598/598/594 613/613/609
f 613/613/609 614/614/610 599/599/595
f 600/600/596 599/599/595 614/614/610
f 614/614/610 615/615/611 600/600/596
f 601/601/597 600/600/596 615/615/611
f 615/615/611 616/616/612 601/601/597
f 602/602/598 601/601/597 616/616/612
f 616/616/612 617/617/613 602/602/598
f 603/603/599 602/602/598 617/617/613
f 617/617/613 618/618/614 603/603/599
f 604/604/600 603/603/599 618/618/614
f 618/618/614 619/619/615 604/604/600
f 605/605/601 604/604/600 619/619/615
f 619/619/615 620/620/616 605/605/601
f 606/606/602 605/605/601 620/620/616
f 620/620/616 621/621/617 606/606/602
f 607/607/603 606/606/602 621/621/617
f 621/621/617 622/622/618 607/607/603
f 608/608/604 607/607/603 622/622/618
f 622/622/618 623/623/619 608/608/604
f 609/609/605 608/608/604 623/623/619
f 623/623/619 624/624/620 609/609/605
f 610/610/606 609/609/605 624/624/620
f 624/624/620 625/625/621 610/610/606
f 611/611/607 610/610/606 625/625/621
f 625/625/621 626/626/622 611/611/607
f 612/612/608 611/611/607 626/626/622
f 626/626/622 627/627/623 612/612/608
f 630/628/624 627/627/623 628/629/625
f 628/629/625 629/630/626 630/628/624
f 614/614/610 613/613/609 631/631/627
f 631/631/627 632/632/628 614/614/610
f 615/615/611 614/614/610 632/632/628
f 632/632/628 633/633/629 615/615/611
f 616/616/612 615/615/611 633/633/629
f 633/633/629 634/634/630 616/616/612
f 617/617/613 616/616/612 634/634/630
f 634/634/630 635/635/631 617/617/613
f 618/618/614 617/617/613 635/635/631
f 635/635/631 636/636/632 618/618/614
f 619/619/615 618/618/614 636/636/632
f 636/636/632 637/637/633 619/619/615
f 620/620/616 619/619/615 637/637/633
f 637/637/633 638/638/634 620/620/616
f 621/621/617 620/620/616 638/638/634
f 638/638/634 639/639/635 621/621/617
f 622/622/618 621/621/617 639/639/635
f 639/639/635 640/640/636 622/622/618
f 623/623/619 622/622/618 640/640/636
f 640/640/636 641/641/637 623/623/619
f 624/624/620 623/623/619 641/641/637
f 641/641/637 642/642/638 624/624/620
f 625/625/621 624/624/620 642/642/638
f 642/642/638 643/643/639 625/625/621
f 626/626/622 625/625/621 643/643/639
f 643/643/639 644/644/640 626/626/622
f 627/627/623 626/626/622 644/644/640
f 644/644/640 628/629/625 627/627/623
f 629/630/626 628/629/625 645/645/641
f 645/645/641 646/646/642 629/630/626
f 632/632/628 631/631/627 647/647/643
f 647/647/643 648/648/644 632/632/628
f 633/633/629 632/632/628 648/648/644
f 648/648/644 649/649/645 633/633/629
f 634/634/630 633/633/629 649/649/645
f 649/649/645 650/650/646 634/634/630
f 635/635/631 634/634/630 650/650/646
f 650/650/646 651/651/647 635/635/631
f 636/636/632 635/635/631 651/651/647
f 651/651/647 652/652/648 636/636/632
f 637/637/633 636/636/632 652/652/648
f 652/652/648 653/653/649 637/637/633
f 638/638/634 637/637/633 653/653/649
f 653/653/649 654/654/650 638/638/634
f 639/639/635 638/638/634 654/654/650
f 654/654/650 655/655/651 639/639/635
f 640/640/636 639/639/635 655/655/651
f 655/655/651 656/656/652 640/640/636
f 641/641/637 640/640/636 656/656/652
f 656/656/652 657/657/653 641/641/637
f 642/642/638 641/641/637 657/657/653
f 657/657/653 658/658/654 642/642/638
f 643/643/639 642/642/638 658/658/654
f 658/658/654 659/659/655 643/643/639
f 644/644/640 643/643/639 659/659/655
f 659/659/655 660/660/656 644/644/640
f 628/629/625 644/644/640 660/660/656
f 660/660/656 645/645/641 628/629/625
f 646/646/642 645/645/641 661/661/657
f 661/661/657 662/662/658 646/646/642
f 648/648/644 647/647/643 663/663/659
f 663/663/659 664/664/660 648/648/644
f 649/649/645 648/648/644 664/664/660
f 664/664/660 665/665/661 649/649/645
f 650/650/646 649/649/645 665/665/661
f 665/665/661 666/666/662 650/650/646
f 651/651/647 650/650/646 666/666/662
f 666/666/662 667/667/663 651/651/647
f 652/652/648 651/651/647 667/667/663
f 667/667/663 668/668/664 652/652/648
f 653/653/649 652/652/648 668/668/664
f 668/668/664 669/669/665 653/653/649
f 654/654/650 653/653/649 669/669/665
f 669/669/665 670/670/666 654/654/650
f 655/655/651 654/654/650 670/670/666
f 670/670/666 671/671/667 655/655/651
f 656/656/652 655/655/651 671/671/667
f 671/671/667 672/672/668 656/656/652
f 657/657/653 656/656/652 672/672/668
f 672/672/668 673/673/669 657/657/653
f 658/658/654 657/657/653 673/673/669
f 673/673/669 674/674/670 658/658/654
f 659/659/655 658/658/654 674/674/670
f 674/674/670 675/675/671 659/659/655
f 660/660/656 659/659/655 675/675/671
f 675/675/671 676/676/672 660/660/656
f 645/645/641 660/660/656 676/676/672
f 676/676/672 661/661/657 645/645/641
f 677/677/673 662/662/658 661/661/657
f 677/677/673 664/664/660 663/663/659
f 677/677/673 665/665/661 664/664/660
f 677/677/673 666/666/662 665/665/661
f 677/677/673 667/667/663 666/666/662
f 677/677/673 668/668/664 667/667/663
f 677/677/673 669/669/665 668/668/664
f 677/677/673 670/670/666 669/669/665
f 677/677/673 671/671/667 670/670/666
f 677/677/673 672/672/668 671/671/667
f 677/677/673 673/673/669 672/672/668
f 677/677/673 674/674/670 673/673/669
f 677/677/673 675/675/671 674/674/670
f 677/677/673 676/676/672 675/675/671
f 677/677/673 661/661/657 676/676/672
f 678/678/674 679/679/675 680/680/676
f 678/678/674 680/680/676 681/681/677
f 678/678/674 681/681/677 682/682/678
f 678/678/674 682/682/678 683/683/679
f 678/678/674 683/683/679 684/684/680
f 685/685/681 686/686/682 687/687/683
f 685/685/681 687/687/683 688/688/684
f 685/685/681 688/688/684 689/689/685
f 685/685/681 689/689/685 690/690/686
f 685/685/681 690/690/686 691/691/687
f 685/685/681 691/691/687 692/692/688
f 685/685/681 692/692/688 693/693/689
f 685/685/681 693/693/689 694/694/690
f 685/685/681 694/694/690 695/695/691
f 685/685/681 695/695/691 696/696/692
f 685/685/681 696/696/692 697/697/693
f 680/680/676 679/679/675 698/698/694
f 698/698/694 699/699/695 680/680/676
f 681/681/677 680/680/676 699/699/695
f 699/699/695 700/700/696 681/681/677
f 682/682/678 681/681/677 700/700/696
f 700/700/696 701/701/697 682/682/678
f 683/683/679 682/682/678 701/701/697
f 701/701/697 702/702/698 683/683/679
f 684/684/680 683/683/679 702/702/698
f 702/702/698 703/703/699 684/684/680
f 687/687/683 686/686/682 704/704/700
f 704/704/700 705/705/701 687/687/683
f 688/688/684 687/687/683 705/705/701
f 705/705/701 706/706/702 688/688/684
f 689/689/685 688/688/684 706/706/702
f 706/706/702 707/707/703 689/689/685
f 690/690/686 689/689/685 707/707/703
f 707/707/703 708/708/704 690/690/686
f 691/691/687 690/690/686 708/708/704
f 708/708/704 709/709/705 691/691/687
f 692/692/688 691/691/687 709/709/705
f 709/709/705 710/710/706 692/692/688
f 693/693/689 692/692/688 710/710/706
f 710/710/706 711/711/707 693/693/689
f 694/694/690 693/693/689 711/711/707
f 711/711/707 712/712/708 694/694/690
f 695/695/691 694/694/690 712/712/708
f 712/712/708 713/713/709 695/695/691
f 696/696/692 695/695/691 713/713/709
f 713/713/709 714/714/710 696/696/692
f 697/697/693 696/696/692 714/714/710
f 714/714/710 715/715/711 697/697/693
f 699/699/695 698/698/694 716/716/712
f 716/716/712 717/717/713 699/699/695
f 700/700/696 699/699/695 717/717/713
f 717/717/713 718/718/714 700/700/696
f 701/701/697 700/700/696 718/718/714
f 718/718/714 719/719/715 701/701/697
f 702/702/698 701/701/697 719/719/715
f 719/719/715 720/720/716 702/702/698
f 703/703/699 702/702/698 720/720/716
f 720/720/716 721/721/717 703/703/699
f 705/705/701 704/704/700 722/722/718
f 722/722/718 723/723/719 705/705/701
f 706/706/702 705/705/701 723/723/719
f 723/723/719 724/724/720 706/706/702
f 707/707/703 706/706/702 724/724/720
f 724/724/720 725/725/721 707/707/703
f 708/708/704 707/707/703 725/725/721
f 725/725/721 726/726/722 708/708/704
f 709/709/705 708/708/704 726/726/722
f 726/726/722 727/727/723 709/709/705
f 710/710/706 709/709/705 727/727/723
f 727/727/723 728/728/724 710/710/706
f 711/711/707 710/710/706 728/728/724
f 728/728/724 729/729/725 711/711/707
f 712/712/708 711/711/707 729/729/725
f 729/729/725 730/730/726 712/712/708
f 713/713/709 712/712/708 730/730/726
f 730/730/726 731/731/727 713/713/709
f 714/714/710 713/713/709 731/731/727
f 731/731/727 732/732/728 714/714/710
f 715/715/711 714/714/710 732/732/728
f 732/732/728 733/733/729 715/715/711
f 717/717/713 716/716/712 734/734/730
f 734/734/730 735/735/731 717/717/713
f 718/718/714 717/717/713 735/735/731
f 735/735/731 736/736/732 718/718/714
f 719/719/715 718/718/714 736/736/732
f 736/736/732 737/737/733 719/719/715
f 720/720/716 719/719/715 737/737/733
f 737/737/733 738/738/734 720/720/716
f 721/721/717 720/720/716 738/738/734
f 738/738/734 739/739/735 721/721/717
f 723/723/719 722/722/718 740/740/736
f 740/740/736 741/741/737 723/723/719
f 724/724/720 723/723/719 741/741/737
f 741/741/737 742/742/738 724/724/720
f 725/725/721 724/724/720 742/742/738
f 742/742/738 743/743/739 725/725/721
f 726/726/722 725/725/721 743/743/739
f 743/743/739 744/744/740 726/726/722
f 727/727/723 726/726/722 744/744/740
f 744/744/740 745/745/741 727/727/723
f 728/728/724 727/727/723 745/745/741
f 745/745/741 746/746/742 728/728/724
f 729/729/725 728/728/724 746/746/742
f 746/746/742 747/747/743 729/729/725
f 730/730/726 729/729/725 747/747/743
f 747/747/743 748/748/744 730/730/726
f 731/731/727 730/730/726 748/748/744
f 748/748/744 749/749/745 731/731/727
f 732/732/728 731/731/727 749/749/745
f 749/749/745 750/750/746 732/732/728
f 733/733/729 732/732/728 750/750/746
f 750/750/746 751/751/747 733/733/729
f 735/735/731 734/734/730 752/752/748
f 752/752/748 753/753/749 735/735/731
f 736/736/732 735/735/731 753/753/749
f 753/753/749 754/754/750 736/736/732
f 737/737/733 736/736/732 754/754/750
f 754/754/750 755/755/751 737/737/733
f 738/738/734 737/737/733 755/755/751
f 755/755/751 756/756/752 738/738/734
f 739/739/735 738/738/734 756/756/752
f 756/756/752 757/757/753 739/739/735
f 741/741/737 740/740/736 758/758/754
f 758/758/754 759/759/755 741/741/737
f 742/742/738 741/741/737 759/759/755
f 759/759/755 760/760/756 742/742/738
f 743/743/739 742/742/738 760/760/756
f 760/760/756 761/761/757 743/743/739
f 744/744/740 743/743/739 761/761/757
f 761/761/757 762/762/758 744/744/740
f 745/745/741 744/744/740 762/762/758
f 762/762/758 763/763/759 745/745/741
f 746/746/742 745/745/741 763/763/759
f 763/763/759 764/764/760 746/746/742
f 747/747/743 746/746/742 764/764/760
f 764/764/760 765/765/761 747/747/743
f 748/748/744 747/747/743 765/765/761
f 765/765/761 766/766/762 748/748/744
f 749/749/745 748/748/744 766/766/762
f 766/766/762 767/767/763 749/749/745
f 750/750/746 749/749/745 767/767/763
f 767/767/763 768/768/764 750/750/746
f 751/751/747 750/750/746 768/768/764
f 768/768/764 769/769/765 751/751/747
f 753/753/749 752/752/748 770/770/766
f 770/770/766 771/771/767 753/753/749
f 754/754/750 753/753/749 771/771/767
f 771/771/767 772/772/768 754/754/750
f 755/755/751 754/754/750 772/772/768
f 772/772/768 773/773/769 755/755/751
f 756/756/752 755/755/751 773/773/769
f 773/773/769 774/774/770 756/756/752
f 757/757/753 756/756/752 774/774/770
f 774/774/770 775/775/771 757/757/753
f 759/759/755 758/758/754 776/776/772
f 776/776/772 777/777/773 759/759/755
f 760/760/756 759/759/755 777/777/773
f 777/777/773 778/778/774 760/760/756
f 761/761/757 760/760/756 778/778/774
f 778/778/774 779/779/775 761/761/757
f 762/762/758 761/761/757 779/779/775
f 779/779/775 780/780/776 762/762/758
f 763/763/759 762/762/758 780/780/776
f 780/780/776 781/781/777 763/763/759
f 764/764/760 763/763/759 781/781/777
f 781/781/777 782/782/778 764/764/760
f 765/765/761 764/764/760 782/782/778
f 782/782/778 783/783/779 765/765/761
f 766/766/762 765/765/761 783/783/779
f 783/783/779 784/784/780 766/766/762
f 767/767/763 766/766/762 784/784/780
f 784/784/780 785/785/781 767/767/763
f 768/768/764 767/767/763 785/785/781
f 785/785/781 786/786/782 768/768/764
f 769/769/765 768/768/764 786/786/782
f 786/786/782 787/787/783 769/769/765
f 771/771/767 770/770/766 788/788/784
f 788/788/784 789/789/785 771/771/767
f 772/772/768 771/771/767 789/789/785
f 789/789/785 790/790/786 772/772/768
f 773/773/769 772/772/768 790/790/786
f 790/790/786 791/791/787 773/773/769
f 774/774/770 773/773/769 791/791/787
f 791/791/787 792/792/788 774/774/770
f 775/775/771 774/774/770 792/792/788
f 792/792/788 793/793/789 775/775/771
f 777/777/773 776/776/772 794/794/790
f 794/794/790 795/795/791 777/777/773
f 778/778/774 777/777/773 795/795/791
f 795/795/791 796/796/792 778/778/774
f 779/779/775 778/778/774 796/796/792
f 796/796/792 797/797/793 779/779/775
f 780/780/776 779/779/775 797/797/793
f 797/797/793 798/798/794 780/780/776
f 781/781/777 780/780/776 798/798/794
f 798/798/794 799/799/795 781/781/777
f 782/782/778 781/781/777 799/799/795
f 799/799/795 800/800/796 782/782/778
f 783/783/779 782/782/778 800/800/796
f 800/800/796 801/801/797 783/783/779
f 784/784/780 783/783/779 801/801/797
f 801/801/797 802/802/798 784/784/780
f 785/785/781 784/784/780 802/802/798
f 802/802/798 803/803/799 785/785/781
f 786/786/782 785/785/781 803/803/799
f 803/803/799 804/804/800 786/786/782
f 787/787/783 786/786/782 804/804/800
f 804/804/800 805/805/801 787/787/783
f 789/789/785 788/788/784 806/806/802
f 806/806/802 807/807/803 789/789/785
f 790/790/786 789/789/785 807/807/803
f 807/807/803 808/808/804 790/790/786
f 791/791/787 790/790/786 808/808/804
f 808/808/804 809/809/805 791/791/787
f 792/792/788 791/791/787 809/809/805
f 809/809/805 810/810/806 792/792/788
f 793/793/789 792/792/788 810/810/806
f 810/810/806 811/811/807 793/793/789
f 795/795/791 794/794/790 812/812/808
f 812/812/808 813/813/809 795/795/791
f 796/796/792 795/795/791 813/813/809
f 813/813/809 814/814/810 796/796/792
f 797/797/793 796/796/792 814/814/810
f 814/814/810 815/815/811 797/797/793
f 798/798/794 797/797/793 815/815/811
f 815/815/811 816/816/812 798/798/794
f 799/799/795 798/798/794 816/816/812
f 816/816/812 817/817/813 799/799/795
f 800/800/796 799/799/795 817/817/813
f 817/817/813 818/818/814 800/800/796
f 801/801/797 800/800/796 818/818/814
f 818/818/814 819/819/815 801/801/797
f 802/802/798 801/801/797 819/819/815
f 819/819/815 820/820/816 802/802/798
f 803/803/799 802/802/798 820/820/816
f 820/820/816 821/821/817 803/803/799
f 804/804/800 803/803/799 821/821/817
f 821/821/817 822/822/818 804/804/800
f 805/805/801 804/804/800 822/822/818
f 822/822/818 823/823/819 805/805/801
f 807/807/803 806/806/802 824/824/820
f 824/824/820 825/825/821 807/807/803
f 808/808/804 807/807/803 825/825/821
f 825/825/821 826/826/822 808/808/804
f 809/809/805 808/808/804 826/826/822
f 826/826/822 827/827/823 809/809/805
f 810/810/806 809/809/805 827/827/823
f 827/827/823 828/828/824 810/810/806
f 811/811/807 810/810/806 828/828/824
f 828/828/824 829/829/825 811/811/807
f 813/813/809 812/812/808 830/830/826
f 830/830/826 831/831/827 813/813/809
f 814/814/810 813/813/809 831/831/827
f 831/831/827 832/832/828 814/814/810
f 815/815/811 814/814/810 832/832/828
f 832/832/828 833/833/829 815/815/811
f 816/816/812 815/815/811 833/833/829
f 833/833/829 834/834/830 816/816/812
f 817/817/813 816/816/812 834/834/830
f 834/834/830 835/835/831 817/817/813
f 818/818/814 817/817/813 835/835/831
f 835/835/831 836/836/832 818/818/814
f 819/819/815 818/818/814 836/836/832
f 836/836/832 837/837/833 819/819/815
f 820/820/816 819/819/815 837/837/833
f 837/837/833 838/838/834 820/820/816
f 821/821/817 820/820/816 838/838/834
f 838/838/834 839/839/835 821/821/817
f 822/822/818 821/821/817 839/839/835
f 839/839/835 840/840/836 822/822/818
f 823/823/819 822/822/818 840/840/836
f 840/840/836 841/841/837 823/823/819
f 829/829/825 828/828/824 842/842/838
f 842/842/838 843/843/839 829/829/825
f 831/831/827 830/830/826 844/844/840
f 844/844/840 845/845/841 831/831/827
f 832/832/828 831/831/827 845/845/841
f 845/845/841 846/846/842 832/832/828
f 833/833/829 832/832/828 846/846/842
f 846/846/842 847/847/843 833/833/829
f 834/834/830 833/833/829 847/847/843
f 847/847/843 848/848/844 834/834/830
f 835/835/831 834/834/830 848/848/844
f 848/848/844 849/849/845 835/835/831
f 836/836/832 835/835/831 849/849/845
f 849/849/845 850/850/846 836/836/832
f 837/837/833 836/836/832 850/850/846
f 850/850/846 851/851/847 837/837/833
f 838/838/834 837/837/833 851/851/847
f 851/851/847 852/852/848 838/838/834
f 839/839/835 838/838/834 852/852/848
f 852/852/848 853/853/849 839/839/835
f 840/840/836 839/839/835 853/853/849
f 853/853/849 854/854/850 840/840/836
f 841/841/837 840/840/836 854/854/850
f 854/854/850 855/855/851 841/841/837
f 846/846/842 845/845/841 856/856/852
f 856/856/852 857/857/853 846/846/842
f 847/847/843 846/846/842 857/857/853
f 857/857/853 858/858/854 847/847/843
f 848/848/844 847/847/843 858/858/854
f 858/858/854 859/859/855 848/848/844
f 849/849/845 848/848/844 859/859/855
f 859/859/855 860/860/856 849/849/845
f 850/850/846 849/849/845 860/860/856
f 860/860/856 861/861/857 850/850/846
f 862/862/858 863/863/859 864/864/860
f 862/862/858 864/864/860 865/865/861
f 862/862/858 865/865/861 866/866/862
f 862/862/858 866/866/862 867/867/863
f 862/862/858 867/867/863 868/868/864
f 862/862/858 868/868/864 869/869/865
f 862/862/858 869/869/865 870/870/866
f 862/862/858 870/870/866 871/871/867
f 862/862/858 871/871/867 872/872/868
f 862/862/858 872/872/868 873/873/869
f 862/862/858 873/873/869 874/874/870
f 862/862/858 874/874/870 875/875/871
f 862/862/858 875/875/871 876/876/872
f 862/862/858 876/876/872 877/877/873
f 862/862/858 877/877/873 878/878/874
f 862/862/858 878/878/874 879/879/875
f 862/862/858 879/879/875 880/880/876
f 862/862/858 880/880/876 881/881/877
f 862/862/858 881/881/877 882/882/878
f 862/862/858 882/882/878 883/883/879
f 862/862/858 883/883/879 884/884/880
f 862/862/858 884/884/880 885/885/881
f 862/862/858 885/885/881 886/886/882
f 862/862/858 886/886/882 887/887/883
f 862/862/858 887/887/883 888/888/884
f 862/862/858 888/888/884 889/889/885
f 862/862/858 889/889/885 890/890/886
f 862/862/858 890/890/886 891/891/887
f 862/862/858 891/891/887 892/892/888
f 862/862/858 892/892/888 893/893/889
f 862/862/858 893/893/889 894/894/890
f 862/862/858 894/894/890 863/863/859
f 864/864/860 863/863/859 895/895/891
f 895/895/891 896/896/892 864/864/860
f 865/865/861 864/864/860 896/896/892
f 896/896/892 897/897/893 865/865/861
f 866/866/862 865/865/861 897/897/893
f 897/897/893 898/898/894 866/866/862
f 867/867/863 866/866/862 898/898/894
f 898/898/894 899/899/895 867/867/863
f 868/868/864 867/867/863 899/899/895
f 899/899/895 900/900/896 868/868/864
f 869/869/865 868/868/864 900/900/896
f 900/900/896 901/901/897 869/869/865
f 870/870/866 869/869/865 901/901/897
f 901/901/897 902/902/898 870/870/866
f 871/871/867 870/870/866 902/902/898
f 902/902/898 903/903/899 871/871/867
f 872/872/868 871/871/867 903/903/899
f 903/903/899 904/904/900 872/872/868
f 873/873/869 872/872/868 904/904/900
f 904/904/900 905/905/901 873/873/869
f 874/874/870 873/873/869 905/905/901
f 905/905/901 906/906/902 874/874/870
f 875/875/871 874/874/870 906/906/902
f 906/906/902 907/907/903 875/875/871
f 876/876/872 875/875/871 907/907/903
f 907/907/903 908/908/904 876/876/872
f 877/877/873 876/876/872 908/908/904
f 908/908/904 909/909/905 877/877/873
f 878/878/874 877/877/873 909/909/905
f 909/909/905 910/910/906 878/878/874
f 879/879/875 878/878/874 910/910/906
f 910/910/906 911/911/907 879/879/875
f 880/880/876 879/879/875 911/911/907
f 911/911/907 912/912/908 880/880/876
f 881/881/877 880/880/876 912/912/908
f 912/912/908 913/913/909 881/881/877
f 882/882/878 881/881/877 913/913/909
f 913/913/909 914/914/910 882/882/878
f 883/883/879 882/882/878 914/914/910
f 914/914/910 915/915/911 883/883/879
f 884/884/880 883/883/879 915/915/911
f 915/915/911 916/916/912 884/884/880
f 885/885/881 884/884/880 916/916/912
f 916/916/912 917/917/913 885/885/881
f 886/886/882 885/885/881 917/917/913
f 917/917/913 918/918/914 886/886/882
f 887/887/883 886/886/882 918/918/914
f 918/918/914 919/919/915 887/887/883
f 888/888/884 887/887/883 919/919/915
f 919/919/915 920/920/916 888/888/884
f 889/889/885 888/888/884 920/920/916
f 920/920/916 921/921/917 889/889/885
f 890/890/886 889/889/885 921/921/917
f 921/921/917 922/922/918 890/890/886
f 891/891/887 890/890/886 922/922/918
f 922/922/918 923/923/919 891/891/887
f 892/892/888 891/891/887 923/923/919
f 923/923/919 924/924/920 892/892/888
f 893/893/889 892/892/888 924/924/920
f 924/924/920 925/925/921 893/893/889
f 894/894/890 893/893/889 925/925/921
f 925/925/921 926/926/922 894/894/890
f 863/863/859 894/894/890 926/926/922
f 926/926/922 895/895/891 863/863/859
f 896/896/892 895/895/891 927/927/923
f 927/927/923 928/928/924 896/896/892
f 897/897/893 896/896/892 928/928/924
f 928/928/924 929/929/925 897/897/893
f 898/898/894 897/897/893 929/929/925
f 929/929/925 930/930/926 898/898/894
f 899/899/895 898/898/894 930/930/926
f 930/930/926 931/931/927 899/899/895
f 900/900/896 899/899/895 931/931/927
f 931/931/927 932/932/928 900/900/896
f 901/901/897 900/900/896 932/932/928
f 932/932/928 933/933/929 901/901/897
f 902/902/898 901/901/897 933/933/929
f 933/933/929 934/934/930 902/902/898
f 903/903/899 902/902/898 934/934/930
f 934/934/930 935/935/931 903/903/899
f 904/904/900 903/903/899 935/935/931
f 935/935/931 936/936/932 904/904/900
f 905/905/901 904/904/900 936/936/932
f 936/936/932 937/937/933 905/905/901
f 906/906/902 905/905/901 937/937/933
f 937/937/933 938/938/934 906/906/902
f 907/907/903 906/906/902 938/938/934
f 938/938/934 939/939/935 907/907/903
f 908/908/904 907/907/903 939/939/935
f 939/939/935 940/940/936 908/908/904
f 909/909/905 908/908/904 940/940/936
f 940/940/936 941/941/937 909/909/905
f 910/910/906 909/909/905 941/941/937
f 941/941/937 942/942/938 910/910/906
f 911/911/907 910/910/906 942/942/938
f 942/942/938 943/943/939 911/911/907
f 912/912/908 911/911/907 943/943/939
f 943/943/939 944/944/940 912/912/908
f 913/913/909 912/912/908 944/944/940
f 944/944/940 945/945/941 913/913/909
f 914/914/910 913/913/909 945/945/941
f 945/945/941 946/946/942 914/914/910
f 915/915/911 914/914/910 946/946/942
f 946/946/942 947/947/943 915/915/911
f 916/916/912 915/915/911 947/947/943
f 947/947/943 948/948/944 916/916/912
f 917/917/913 916/916/912 948/948/944
f 948/948/944 949/949/945 917/917/913
f 918/918/914 917/917/913 949/949/945
f 949/949/945 950/950/946 918/918/914
f 919/919/915 918/918/914 950/950/946
f 950/950/946 951/951/947 919/919/915
f 920/920/916 919/919/915 951/951/947
f 951/951/947 952/952/948 920/920/916
f 921/921/917 920/920/916 952/952/948
f 952/952/948 953/953/949 921/921/917
f 922/922/918 921/921/917 953/953/949
f 953/953/949 954/954/950 922/922/918
f 923/923/919 922/922/918 954/954/950
f 954/954/950 955/955/951 923/923/919
f 924/924/920 923/923/919 955/955/951
f 955/955/951 956/956/952 924/924/920
f 925/925/921 924/924/920 956/956/952
f 956/956/952 957/957/953 925/925/921
f 926/926/922 925/925/921 957/957/953
f 957/957/953 958/958/954 926/926/922
f 895/895/891 926/926/922 958/958/954
f 958/958/954 927/927/923 895/895/891
f 928/928/924 927/927/923 959/959/955
f 959/959/955 960/960/956 928/928/924
f 929/929/925 928/928/924 960/960/956
f 960/960/956 961/961/957 929/929/925
f 930/930/926 929/929/925 961/961/957
f 961/961/957 962/962/958 930/930/926
f 931/931/927 930/930/926 962/962/958
f 962/962/958 963/963/959 931/931/927
f 932/932/928 931/931/927 963/963/959
f 963/963/959 964/964/960 932/932/928
f 933/933/929 932/932/928 964/964/960
f 964/964/960 965/965/961 933/933/929
f 934/934/930 933/933/929 965/965/961
f 965/965/961 966/966/962 934/934/930
f 935/935/931 934/934/930 966/966/962
f 966/966/962 967/967/963 935/935/931
f 936/936/932 935/935/931 967/967/963
f 967/967/963 968/968/964 936/936/932
f 937/937/933 936/936/932 968/968/964
f 968/968/964 969/969/965 937/937/933
f 938/938/934 937/937/933 969/969/965
f 969/969/965 970/970/966 938/938/934
f 939/939/935 938/938/934 970/970/966
f 970/970/966 971/971/967 939/939/935
f 940/940/936 939/939/935 971/971/967
f 971/971/967 972/972/968 940/940/936
f 941/941/937 940/940/936 972/972/968
f 972/972/968 973/973/969 941/941/937
f 942/942/938 941/941/937 973/973/969
f 973/973/969 974/974/970 942/942/938
f 943/943/939 942/942/938 974/974/970
f 974/974/970 975/975/971 943/943/939
f 944/944/940 943/943/939 975/975/971
f 975/975/971 976/976/972 944/944/940
f 945/945/941 944/944/940 976/976/972
f 976/976/972 977/977/973 945/945/941
f 946/946/942 945/945/941 977/977/973
f 977/977/973 978/978/974 946/946/942
f 947/947/943 946/946/942 978/978/974
f 978/978/974 979/979/975 947/947/943
f 948/948/944 947/947/943 979/979/975
f 979/979/975 980/980/976 948/948/944
f 949/949/945 948/948/944 980/980/976
f 980/980/976 981/981/977 949/949/945
f 950/950/946 949/949/945 981/981/977
f 981/981/977 982/982/978 950/950/946
f 951/951/947 950/950/946 982/982/978
f 982/982/978 983/983/979 951/951/947
f 952/952/948 951/951/947 983/983/979
f 983/983/979 984/984/980 952/952/948
f 953/953/949 952/952/948 984/984/980
f 984/984/980 985/985/981 953/953/949
f 954/954/950 953/953/949 985/985/981
f 985/985/981 986/986/982 954/954/950
f 955/955/951 954/954/950 986/986/982
f 986/986/982 987/987/983 955/955/951
f 956/956/952 955/955/951 987/987/983
f 987/987/983 988/988/984 956/956/952
f 957/957/953 956/956/952 988/988/984
f 988/988/984 989/989/985 957/957/953
f 958/958/954 957/957/953 989/989/985
f 989/989/985 990/990/986 958/958/954
f 927/927/923 958/958/954 990/990/986
f 990/990/986 959/959/955 927/927/923
f 210/210/206 209/209/205 991/991/987
f 991/991/987 992/992/988 210/210/206
f 996/993/989 993/994/990 994/995/991
f 994/995/991 995/996/992 996/993/989
f 993/994/990 997/997/993 998/998/994
f 998/998/994 994/995/991 993/994/990
f 995/996/992 994/995/991 212/213/209
f 212/213/209 216/215/211 995/996/992
f 994/995/991 998/998/994 213/214/210
f 213/214/210 212/213/209 994/995/991
f 205/206/202 217/218/214 207/207/203
f 207/207/203 206/203/199 205/206/202
f 209/209/205 208/208/204 999/999/995
f 999/999/995 991/991/987 209/209/205
f 997/997/993 993/994/990 991/991/987
f 991/991/987 999/999/995 997/997/993
f 992/992/988 991/991/987 993/994/990
f 993/994/990 996/993/989 992/992/988
f 208/208/204 207/207/203 219/217/213
f 219/217/213 999/999/995 208/208/204
f 999/999/995 219/217/213 221/220/216
f 221/220/216 997/997/993 999/999/995
f 998/998/994 997/997/993 221/220/216
f 221/220/216 223/222/218 998/998/994
f 213/214/210 998/998/994 223/222/218
f 223/222/218 214/211/207 213/214/210
f 26/26/26 27/27/27 11/11/11
f 11/11/11 10/10/10 26/26/26
f 42/42/42 43/43/43 27/27/27
f 27/27/27 26/26/26 42/42/42
f 58/58/58 59/59/59 43/43/43
f 43/43/43 42/42/42 58/58/58
f 74/74/74 75/75/75 59/59/59
f 59/59/59 58/58/58 74/74/74
f 90/90/90 91/91/91 75/75/75
f 75/75/75 74/74/74 90/90/90
f 106/106/106 107/107/107 91/91/91
f 91/91/91 90/90/90 106/106/106
f 122/122/122 123/123/123 107/107/107
f 107/107/107 106/106/106 122/122/122
f 136/136/136 137/137/137 123/123/123
f 123/123/123 122/122/122 136/136/136
f 154/154/154 155/155/155 137/137/137
f 137/137/137 136/136/136 154/154/154
f 178/179/177 181/182/179 180/181/155
f 180/181/155 179/178/176 178/179/177
f 202/202/198 204/205/201 181/182/179
f 181/182/179 178/179/177 202/202/198
f 235/235/231 236/236/232 204/205/201
f 204/205/201 202/202/198 235/235/231
f 235/235/231 253/253/249 254/254/250
f 254/254/250 236/236/232 235/235/231
f 253/253/249 271/271/267 272/272/268
f 272/272/268 254/254/250 253/253/249
f 271/271/267 289/289/285 290/290/286
f 290/290/286 272/272/268 271/271/267
f 289/289/285 307/307/303 308/308/304
f 308/308/304 290/290/286 289/289/285
f 307/307/303 325/325/321 326/326/322
f 326/326/322 308/308/304 307/307/303
f 343/343/339 344/344/340 326/326/322
f 326/326/322 325/325/321 343/343/339
f 361/361/357 362/362/358 344/344/340
f 344/344/340 343/343/339 361/361/357
f 379/379/375 380/380/376 362/362/358
f 362/362/358 361/361/357 379/379/375
f 397/397/393 398/398/394 380/380/376
f 380/380/376 379/379/375 397/397/393
f 415/415/411 416/416/412 398/398/394
f 398/398/394 397/397/393 415/415/411
f 1/1/1 9/9/9 10/10/10
f 182/183/180 181/182/179 204/205/201
f 204/205/201 203/204/200 182/183/180
f 203/204/200 206/203/199 184/185/182
f 184/185/182 182/183/180 203/204/200
f 425/425/421 416/416/412 415/415/411
f 1/1/1 1000/1000/996 2/2/2
f 1/1/1 1001/1001/997 1000/1000/996
f 1/1/1 1002/1002/998 1001/1001/997
f 1/1/1 1003/1003/999 1002/1002/998
f 1/1/1 1004/1004/1000 1003/1003/999
f 1/1/1 1005/1005/1001 1004/1004/1000
f 1/1/1 1006/1006/1002 1005/1005/1001
f 1/1/1 1007/1007/1003 1008/1008/1004
f 1/1/1 1009/1009/1005 1007/1007/1003
f 1/1/1 1010/1010/1006 1009/1009/1005
f 1/1/1 1011/1011/1007 1010/1010/1006
f 1/1/1 1012/1012/1008 1011/1011/1007
f 1/1/1 1013/1013/1009 1012/1012/1008
f 1/1/1 1014/1014/17 1013/1013/1009
f 18/18/18 2/2/2 1000/1000/996
f 1000/1000/996 1015/1015/1010 18/18/18
f 1015/1015/1010 1000/1000/996 1001/1001/997
f 1001/1001/997 1016/1016/1011 1015/1015/1010
f 1016/1016/1011 1001/1001/997 1002/1002/998
f 1002/1002/998 1017/1017/1012 1016/1016/1011
f 1017/1017/1012 1002/1002/998 1003/1003/999
f 1003/1003/999 1018/1018/1013 1017/1017/1012
f 1018/1018/1013 1003/1003/999 1004/1004/1000
f 1004/1004/1000 1019/1019/1014 1018/1018/1013
f 1019/1019/1014 1004/1004/1000 1005/1005/1001
f 1005/1005/1001 1020/1020/1015 1019/1019/1014
f 1020/1020/1015 1005/1005/1001 1006/1006/1002
f 1006/1006/1002 1021/1021/1016 1020/1020/1015
f 1021/1021/1016 1006/1006/1002 1008/1008/1004
f 1008/1008/1004 1022/1022/1017 1021/1021/1016
f 1024/1023/1018 1007/1007/1003 1009/1009/1005
f 1009/1009/1005 1023/1024/1019 1024/1023/1018
f 1023/1024/1019 1009/1009/1005 1010/1010/1006
f 1010/1010/1006 1025/1025/1020 1023/1024/1019
f 1025/1025/1020 1010/1010/1006 1011/1011/1007
f 1011/1011/1007 1026/1026/1021 1025/1025/1020
f 1026/1026/1021 1011/1011/1007 1012/1012/1008
f 1012/1012/1008 1027/1027/1022 1026/1026/1021
f 1027/1027/1022 1012/1012/1008 1013/1013/1009
f 1013/1013/1009 1028/1028/1023 1027/1027/1022
f 1028/1028/1023 1013/1013/1009 1014/1014/17
f 1014/1014/17 1029/1029/33 1028/1028/1023
f 34/34/34 18/18/18 1015/1015/1010
f 1015/1015/1010 1030/1030/1024 34/34/34
f 1030/1030/1024 1015/1015/1010 1016/1016/1011
f 1016/1016/1011 1031/1031/1025 1030/1030/1024
f 1031/1031/1025 1016/1016/1011 1017/1017/1012
f 1017/1017/1012 1032/1032/1026 1031/1031/1025
f 1032/1032/1026 1017/1017/1012 1018/1018/1013
f 1018/1018/1013 1033/1033/1027 1032/1032/1026
f 1033/1033/1027 1018/1018/1013 1019/1019/1014
f 1019/1019/1014 1034/1034/1028 1033/1033/1027
f 1034/1034/1028 1019/1019/1014 1020/1020/1015
f 1020/1020/1015 1035/1035/1029 1034/1034/1028
f 1035/1035/1029 1020/1020/1015 1021/1021/1016
f 1021/1021/1016 1036/1036/1030 1035/1035/1029
f 1036/1036/1030 1021/1021/1016 1022/1022/1017
f 1022/1022/1017 1037/1037/1031 1036/1036/1030
f 1039/1038/1032 1024/1023/1018 1023/1024/1019
f 1023/1024/1019 1038/1039/1033 1039/1038/1032
f 1038/1039/1033 1023/1024/1019 1025/1025/1020
f 1025/1025/1020 1040/1040/1034 1038/1039/1033
f 1040/1040/1034 1025/1025/1020 1026/1026/1021
f 1026/1026/1021 1041/1041/1035 1040/1040/1034
f 1041/1041/1035 1026/1026/1021 1027/1027/1022
f 1027/1027/1022 1042/1042/1036 1041/1041/1035
f 1042/1042/1036 1027/1027/1022 1028/1028/1023
f 1028/1028/1023 1043/1043/1037 1042/1042/1036
f 1043/1043/1037 1028/1028/1023 1029/1029/33
f 1029/1029/33 1044/1044/49 1043/1043/1037
f 50/50/50 34/34/34 1030/1030/1024
f 1030/1030/1024 1045/1045/1038 50/50/50
f 1045/1045/1038 1030/1030/1024 1031/1031/1025
f 1031/1031/1025 1046/1046/1039 1045/1045/1038
f 1046/1046/1039 1031/1031/1025 1032/1032/1026
f 1032/1032/1026 1047/1047/1040 1046/1046/1039
f 1047/1047/1040 1032/1032/1026 1033/1033/1027
f 1033/1033/1027 1048/1048/1041 1047/1047/1040
f 1048/1048/1041 1033/1033/1027 1034/1034/1028
f 1034/1034/1028 1049/1049/1042 1048/1048/1041
f 1049/1049/1042 1034/1034/1028 1035/1035/1029
f 1035/1035/1029 1050/1050/1043 1049/1049/1042
f 1050/1050/1043 1035/1035/1029 1036/1036/1030
f 1036/1036/1030 1051/1051/1044 1050/1050/1043
f 1051/1051/1044 1036/1036/1030 1037/1037/1031
f 1037/1037/1031 1052/1052/1045 1051/1051/1044
f 1054/1053/1046 1039/1038/1032 1038/1039/1033
f 1038/1039/1033 1053/1054/1047 1054/1053/1046
f 1053/1054/1047 1038/1039/1033 1040/1040/1034
f 1040/1040/1034 1055/1055/1048 1053/1054/1047
f 1055/1055/1048 1040/1040/1034 1041/1041/1035
f 1041/1041/1035 1056/1056/1049 1055/1055/1048
f 1056/1056/1049 1041/1041/1035 1042/1042/1036
f 1042/1042/1036 1057/1057/1050 1056/1056/1049
f 1057/1057/1050 1042/1042/1036 1043/1043/1037
f 1043/1043/1037 1058/1058/1051 1057/1057/1050
f 1058/1058/1051 1043/1043/1037 1044/1044/49
f 1044/1044/49 1059/1059/65 1058/1058/1051
f 66/66/66 50/50/50 1045/1045/1038
f 1045/1045/1038 1060/1060/1052 66/66/66
f 1060/1060/1052 1045/1045/1038 1046/1046/1039
f 1046/1046/1039 1061/1061/1053 1060/1060/1052
f 1061/1061/1053 1046/1046/1039 1047/1047/1040
f 1047/1047/1040 1062/1062/1054 1061/1061/1053
f 1062/1062/1054 1047/1047/1040 1048/1048/1041
f 1048/1048/1041 1063/1063/1055 1062/1062/1054
f 1063/1063/1055 1048/1048/1041 1049/1049/1042
f 1049/1049/1042 1064/1064/1056 1063/1063/1055
f 1064/1064/1056 1049/1049/1042 1050/1050/1043
f 1050/1050/1043 1065/1065/1057 1064/1064/1056
f 1065/1065/1057 1050/1050/1043 1051/1051/1044
f 1051/1051/1044 1066/1066/1058 1065/1065/1057
f 1066/1066/1058 1051/1051/1044 1052/1052/1045
f 1052/1052/1045 1067/1067/1059 1066/1066/1058
f 1069/1068/1060 1054/1053/1046 1053/1054/1047
f 1053/1054/1047 1068/1069/1061 1069/1068/1060
f 1068/1069/1061 1053/1054/1047 1055/1055/1048
f 1055/1055/1048 1070/1070/1062 1068/1069/1061
f 1070/1070/1062 1055/1055/1048 1056/1056/1049
f 1056/1056/1049 1071/1071/1063 1070/1070/1062
f 1071/1071/1063 1056/1056/1049 1057/1057/1050
f 1057/1057/1050 1072/1072/1064 1071/1071/1063
f 1072/1072/1064 1057/1057/1050 1058/1058/1051
f 1058/1058/1051 1073/1073/1065 1072/1072/1064
f 1073/1073/1065 1058/1058/1051 1059/1059/65
f 1059/1059/65 1074/1074/1066 1073/1073/1065
f 82/82/82 66/66/66 1060/1060/1052
f 1060/1060/1052 1075/1075/1067 82/82/82
f 1075/1075/1067 1060/1060/1052 1061/1061/1053
f 1061/1061/1053 1076/1076/1068 1075/1075/1067
f 1076/1076/1068 1061/1061/1053 1062/1062/1054
f 1062/1062/1054 1077/1077/1069 1076/1076/1068
f 1077/1077/1069 1062/1062/1054 1063/1063/1055
f 1063/1063/1055 1078/1078/1070 1077/1077/1069
f 1078/1078/1070 1063/1063/1055 1064/1064/1056
f 1064/1064/1056 1079/1079/1071 1078/1078/1070
f 1079/1079/1071 1064/1064/1056 1065/1065/1057
f 1065/1065/1057 1080/1080/1072 1079/1079/1071
f 1080/1080/1072 1065/1065/1057 1066/1066/1058
f 1066/1066/1058 1081/1081/1073 1080/1080/1072
f 1081/1081/1073 1066/1066/1058 1067/1067/1059
f 1067/1067/1059 1082/1082/1074 1081/1081/1073
f 1084/1083/1075 1069/1068/1060 1068/1069/1061
f 1068/1069/1061 1083/1084/1076 1084/1083/1075
f 1083/1084/1076 1068/1069/1061 1070/1070/1062
f 1070/1070/1062 1085/1085/1077 1083/1084/1076
f 1085/1085/1077 1070/1070/1062 1071/1071/1063
f 1071/1071/1063 1086/1086/1078 1085/1085/1077
f 1086/1086/1078 1071/1071/1063 1072/1072/1064
f 1072/1072/1064 1087/1087/1079 1086/1086/1078
f 1087/1087/1079 1072/1072/1064 1073/1073/1065
f 1073/1073/1065 1088/1088/1080 1087/1087/1079
f 1088/1088/1080 1073/1073/1065 1074/1074/1066
f 1074/1074/1066 1089/1089/97 1088/1088/1080
f 98/98/98 82/82/82 1075/1075/1067
f 1075/1075/1067 1090/1090/1081 98/98/98
f 1090/1090/1081 1075/1075/1067 1076/1076/1068
f 1076/1076/1068 1091/1091/1082 1090/1090/1081
f 1091/1091/1082 1076/1076/1068 1077/1077/1069
f 1077/1077/1069 1092/1092/1083 1091/1091/1082
f 1092/1092/1083 1077/1077/1069 1078/1078/1070
f 1078/1078/1070 1093/1093/1084 1092/1092/1083
f 1093/1093/1084 1078/1078/1070 1079/1079/1071
f 1079/1079/1071 1094/1094/1085 1093/1093/1084
f 1094/1094/1085 1079/1079/1071 1080/1080/1072
f 1080/1080/1072 1095/1095/1086 1094/1094/1085
f 1095/1095/1086 1080/1080/1072 1081/1081/1073
f 1081/1081/1073 1096/1096/1087 1095/1095/1086
f 1096/1096/1087 1081/1081/1073 1082/1082/1074
f 1082/1082/1074 1097/1097/1088 1096/1096/1087
f 1099/1098/1089 1084/1083/1075 1083/1084/1076
f 1083/1084/1076 1098/1099/1090 1099/1098/1089
f 1098/1099/1090 1083/1084/1076 1085/1085/1077
f 1085/1085/1077 1100/1100/1091 1098/1099/1090
f 1100/1100/1091 1085/1085/1077 1086/1086/1078
f 1086/1086/1078 1101/1101/1092 1100/1100/1091
f 1101/1101/1092 1086/1086/1078 1087/1087/1079
f 1087/1087/1079 1102/1102/1093 1101/1101/1092
f 1102/1102/1093 1087/1087/1079 1088/1088/1080
f 1088/1088/1080 1103/1103/1094 1102/1102/1093
f 1103/1103/1094 1088/1088/1080 1089/1089/97
f 1089/1089/97 1104/1104/113 1103/1103/1094
f 114/114/114 98/98/98 1090/1090/1081
f 1090/1090/1081 1105/1105/1095 114/114/114
f 1105/1105/1095 1090/1090/1081 1091/1091/1082
f 1091/1091/1082 1106/1106/1096 1105/1105/1095
f 1106/1106/1096 1091/1091/1082 1092/1092/1083
f 1092/1092/1083 1107/1107/1097 1106/1106/1096
f 1107/1107/1097 1092/1092/1083 1093/1093/1084
f 1093/1093/1084 1108/1108/1098 1107/1107/1097
f 1108/1108/1098 1093/1093/1084 1094/1094/1085
f 1094/1094/1085 1109/1109/1099 1108/1108/1098
f 1109/1109/1099 1094/1094/1085 1095/1095/1086
f 1095/1095/1086 1110/1110/1100 1109/1109/1099
f 1110/1110/1100 1095/1095/1086 1096/1096/1087
f 1096/1096/1087 1111/1111/1101 1110/1110/1100
f 1111/1111/1101 1096/1096/1087 1097/1097/1088
f 1097/1097/1088 1112/1112/1102 1111/1111/1101
f 1114/1113/1103 1099/1098/1089 1098/1099/1090
f 1098/1099/1090 1113/1114/1104 1114/1113/1103
f 1113/1114/1104 1098/1099/1090 1100/1100/1091
f 1100/1100/1091 1115/1115/1105 1113/1114/1104
f 1115/1115/1105 1100/1100/1091 1101/1101/1092
f 1101/1101/1092 1116/1116/1106 1115/1115/1105
f 1116/1116/1106 1101/1101/1092 1102/1102/1093
f 1102/1102/1093 1117/1117/1107 1116/1116/1106
f 1117/1117/1107 1102/1102/1093 1103/1103/1094
f 1103/1103/1094 1118/1118/1108 1117/1117/1107
f 1118/1118/1108 1103/1103/1094 1104/1104/113
f 1104/1104/113 1119/1119/1109 1118/1118/1108
f 1121/1120/1110 1106/1106/1096 1107/1107/1097
f 1107/1107/1097 1120/1121/1111 1121/1120/1110
f 1120/1121/1111 1107/1107/1097 1108/1108/1098
f 1108/1108/1098 1122/1122/1112 1120/1121/1111
f 1122/1122/1112 1108/1108/1098 1109/1109/1099
f 1109/1109/1099 1123/1123/1113 1122/1122/1112
f 1123/1123/1113 1109/1109/1099 1110/1110/1100
f 1110/1110/1100 1124/1124/1114 1123/1123/1113
f 1124/1124/1114 1110/1110/1100 1111/1111/1101
f 1111/1111/1101 1125/1125/1115 1124/1124/1114
f 1125/1125/1115 1111/1111/1101 1112/1112/1102
f 1112/1112/1102 1126/1126/1116 1125/1125/1115
f 1128/1127/1117 1114/1113/1103 1113/1114/1104
f 1113/1114/1104 1127/1128/1118 1128/1127/1117
f 1127/1128/1118 1113/1114/1104 1115/1115/1105
f 1115/1115/1105 1129/1129/1119 1127/1128/1118
f 1129/1129/1119 1115/1115/1105 1116/1116/1106
f 1116/1116/1106 1130/1130/1120 1129/1129/1119
f 1130/1130/1120 1116/1116/1106 1117/1117/1107
f 1117/1117/1107 1131/1131/1121 1130/1130/1120
f 1131/1131/1121 1117/1117/1107 1118/1118/1108
f 1118/1118/1108 1132/1132/1122 1131/1131/1121
f 1132/1132/1122 1118/1118/1108 1119/1119/1109
f 1119/1119/1109 1133/1133/143 1132/1132/1122
f 1137/1134/146 1134/1135/145 1135/1136/1123
f 1135/1136/1123 1136/1137/1124 1137/1134/146
f 1136/1137/1124 1135/1136/1123 1121/1120/1110
f 1121/1120/1110 1138/1138/1125 1136/1137/1124
f 1138/1138/1125 1121/1120/1110 1120/1121/1111
f 1120/1121/1111 1139/1139/1126 1138/1138/1125
f 1139/1139/1126 1120/1121/1111 1122/1122/1112
f 1122/1122/1112 1140/1140/1127 1139/1139/1126
f 1140/1140/1127 1122/1122/1112 1123/1123/1113
f 1123/1123/1113 1141/1141/1128 1140/1140/1127
f 1141/1141/1128 1123/1123/1113 1124/1124/1114
f 1124/1124/1114 1142/1142/1129 1141/1141/1128
f 1142/1142/1129 1124/1124/1114 1125/1125/1115
f 1125/1125/1115 1143/1143/1130 1142/1142/1129
f 1143/1143/1130 1125/1125/1115 1126/1126/1116
f 1126/1126/1116 1144/1144/1131 1143/1143/1130
f 1146/1145/1132 1128/1127/1117 1127/1128/1118
f 1127/1128/1118 1145/1146/1133 1146/1145/1132
f 1145/1146/1133 1127/1128/1118 1129/1129/1119
f 1129/1129/1119 1147/1147/1134 1145/1146/1133
f 1147/1147/1134 1129/1129/1119 1130/1130/1120
f 1130/1130/1120 1148/1148/1135 1147/1147/1134
f 1148/1148/1135 1130/1130/1120 1131/1131/1121
f 1131/1131/1121 1149/1149/1136 1148/1148/1135
f 1149/1149/1136 1131/1131/1121 1132/1132/1122
f 1132/1132/1122 1150/1150/1137 1149/1149/1136
f 1150/1150/1137 1132/1132/1122 1133/1133/143
f 1133/1133/143 1151/1151/161 1150/1150/1137
f 163/164/164 162/163/163 1152/1152/1138
f 1152/1152/1138 1153/1153/1139 163/164/164
f 1153/1153/1139 1152/1152/1138 1154/1154/1125
f 1154/1154/1125 1155/1155/1140 1153/1153/1139
f 1155/1155/1140 1154/1154/1125 1156/1156/1141
f 1156/1156/1141 1157/1157/1142 1155/1155/1140
f 1157/1157/1142 1156/1156/1141 1158/1158/1143
f 1158/1158/1143 1159/1159/1144 1157/1157/1142
f 1159/1159/1144 1158/1158/1143 1160/1160/1128
f 1160/1160/1128 1161/1161/1145 1159/1159/1144
f 1161/1161/1145 1160/1160/1128 1162/1162/1129
f 1162/1162/1129 1163/1163/1146 1161/1161/1145
f 1163/1163/1146 1162/1162/1129 1164/1164/1147
f 1164/1164/1147 1165/1165/1148 1163/1163/1146
f 1165/1165/1148 1164/1164/1147 1166/1166/1149
f 1166/1166/1149 1167/1167/1150 1165/1165/1148
f 1171/1168/1151 1168/1169/1132 1169/1170/1133
f 1169/1170/1133 1170/1171/1152 1171/1168/1151
f 1170/1171/1152 1169/1170/1133 1172/1172/1153
f 1172/1172/1153 1173/1173/1154 1170/1171/1152
f 1173/1173/1154 1172/1172/1153 1174/1174/1155
f 1174/1174/1155 1175/1175/1156 1173/1173/1154
f 1175/1175/1156 1174/1174/1155 1176/1176/1157
f 1176/1176/1157 1177/1177/1158 1175/1175/1156
f 1177/1177/1158 1176/1176/1157 1178/1178/1159
f 1178/1178/1159 1179/1179/1160 1177/1177/1158
f 1179/1179/1160 1178/1178/1159 1180/1180/188
f 1180/1180/188 1181/1181/189 1179/1179/1160
f 194/194/190 163/164/164 1153/1153/1139
f 1153/1153/1139 1182/1182/1161 194/194/190
f 1182/1182/1161 1153/1153/1139 1155/1155/1140
f 1155/1155/1140 1183/1183/1162 1182/1182/1161
f 1183/1183/1162 1155/1155/1140 1157/1157/1142
f 1157/1157/1142 1184/1184/1163 1183/1183/1162
f 1184/1184/1163 1157/1157/1142 1159/1159/1144
f 1159/1159/1144 1185/1185/1164 1184/1184/1163
f 1185/1185/1164 1159/1159/1144 1161/1161/1145
f 1161/1161/1145 1186/1186/1165 1185/1185/1164
f 1186/1186/1165 1161/1161/1145 1163/1163/1146
f 1163/1163/1146 1187/1187/1166 1186/1186/1165
f 1187/1187/1166 1163/1163/1146 1165/1165/1148
f 1165/1165/1148 1188/1188/1167 1187/1187/1166
f 1188/1188/1167 1165/1165/1148 1167/1167/1150
f 1167/1167/1150 1189/1189/1168 1188/1188/1167
f 1193/1190/1169 1190/1191/1170 1191/1192/1171
f 1191/1192/1171 1192/1193/1172 1193/1190/1169
f 1191/1192/1171 1173/1173/1154 1175/1175/1156
f 1175/1175/1156 1194/1194/1173 1191/1192/1171
f 1194/1194/1173 1175/1175/1156 1177/1177/1158
f 1177/1177/1158 1195/1195/1174 1194/1194/1173
f 1195/1195/1174 1177/1177/1158 1179/1179/1160
f 1179/1179/1160 1196/1196/1175 1195/1195/1174
f 1196/1196/1175 1179/1179/1160 1181/1181/189
f 1181/1181/189 1197/1197/206 1196/1196/1175
f 1201/1198/1176 1198/1199/1177 1199/1200/1178
f 1199/1200/1178 1200/1201/1179 1201/1198/1176
f 1200/1201/1179 1199/1200/1178 1202/1202/211
f 1202/1202/211 1203/1203/212 1200/1201/1179
f 1206/1204/1180 1194/1194/1173 1204/1205/1181
f 1204/1205/1181 1205/1206/1182 1206/1204/1180
f 1205/1206/1182 1204/1205/1181 1207/1207/1183
f 1207/1207/1183 1208/1208/1184 1205/1206/1182
f 1208/1208/1184 1207/1207/1183 1209/1209/1185
f 1209/1209/1185 1210/1210/1186 1208/1208/1184
f 1210/1210/1186 1209/1209/1185 1201/1198/1176
f 1201/1198/1176 1211/1211/1187 1210/1210/1186
f 1211/1211/1187 1201/1198/1176 1200/1201/1179
f 1200/1201/1179 1212/1212/1188 1211/1211/1187
f 1212/1212/1188 1200/1201/1179 1203/1203/212
f 1203/1203/212 1213/1213/222 1212/1212/1188
f 227/227/223 194/194/190 1182/1182/1161
f 1182/1182/1161 1214/1214/1189 227/227/223
f 1214/1214/1189 1182/1182/1161 1183/1183/1162
f 1183/1183/1162 1215/1215/1190 1214/1214/1189
f 1215/1215/1190 1183/1183/1162 1184/1184/1163
f 1184/1184/1163 1216/1216/1191 1215/1215/1190
f 1216/1216/1191 1184/1184/1163 1185/1185/1164
f 1185/1185/1164 1217/1217/1192 1216/1216/1191
f 1217/1217/1192 1185/1185/1164 1186/1186/1165
f 1186/1186/1165 1218/1218/1193 1217/1217/1192
f 1218/1218/1193 1186/1186/1165 1187/1187/1166
f 1187/1187/1166 1219/1219/1194 1218/1218/1193
f 1219/1219/1194 1187/1187/1166 1188/1188/1167
f 1188/1188/1167 1220/1220/1195 1219/1219/1194
f 1220/1220/1195 1188/1188/1167 1189/1189/1168
f 1189/1189/1168 1221/1221/1196 1220/1220/1195
f 1223/1222/1197 1193/1190/1169 1192/1193/1172
f 1192/1193/1172 1222/1223/1198 1223/1222/1197
f 1222/1223/1198 1192/1193/1172 1206/1204/1180
f 1206/1204/1180 1224/1224/1199 1222/1223/1198
f 1224/1224/1199 1206/1204/1180 1205/1206/1182
f 1205/1206/1182 1225/1225/1200 1224/1224/1199
f 1225/1225/1200 1205/1206/1182 1208/1208/1184
f 1208/1208/1184 1226/1226/1201 1225/1225/1200
f 1226/1226/1201 1208/1208/1184 1210/1210/1186
f 1210/1210/1186 1227/1227/1202 1226/1226/1201
f 1227/1227/1202 1210/1210/1186 1211/1211/1187
f 1211/1211/1187 1228/1228/1203 1227/1227/1202
f 1228/1228/1203 1211/1211/1187 1212/1212/1188
f 1212/1212/1188 1229/1229/1204 1228/1228/1203
f 1229/1229/1204 1212/1212/1188 1213/1213/222
f 1213/1213/222 1230/1230/240 1229/1229/1204
f 245/245/241 227/227/223 1214/1214/1189
f 1214/1214/1189 1231/1231/1205 245/245/241
f 1231/1231/1205 1214/1214/1189 1215/1215/1190
f 1215/1215/1190 1232/1232/1206 1231/1231/1205
f 1232/1232/1206 1215/1215/1190 1216/1216/1191
f 1216/1216/1191 1233/1233/1207 1232/1232/1206
f 1233/1233/1207 1216/1216/1191 1217/1217/1192
f 1217/1217/1192 1234/1234/1208 1233/1233/1207
f 1234/1234/1208 1217/1217/1192 1218/1218/1193
f 1218/1218/1193 1235/1235/1209 1234/1234/1208
f 1235/1235/1209 1218/1218/1193 1219/1219/1194
f 1219/1219/1194 1236/1236/1210 1235/1235/1209
f 1236/1236/1210 1219/1219/1194 1220/1220/1195
f 1220/1220/1195 1237/1237/1211 1236/1236/1210
f 1220/1220/1195 1221/1221/1196 1238/1238/1212
f 1238/1238/1212 1237/1237/1211 1220/1220/1195
f 1240/1239/1213 1223/1222/1197 1222/1223/1198
f 1222/1223/1198 1239/1240/1214 1240/1239/1213
f 1239/1240/1214 1222/1223/1198 1224/1224/1199
f 1224/1224/1199 1241/1241/1215 1239/1240/1214
f 1241/1241/1215 1224/1224/1199 1225/1225/1200
f 1225/1225/1200 1242/1242/1216 1241/1241/1215
f 1242/1242/1216 1225/1225/1200 1226/1226/1201
f 1226/1226/1201 1243/1243/1217 1242/1242/1216
f 1243/1243/1217 1226/1226/1201 1227/1227/1202
f 1227/1227/1202 1244/1244/1218 1243/1243/1217
f 1244/1244/1218 1227/1227/1202 1228/1228/1203
f 1228/1228/1203 1245/1245/1219 1244/1244/1218
f 1245/1245/1219 1228/1228/1203 1229/1229/1204
f 1229/1229/1204 1246/1246/1220 1245/1245/1219
f 1246/1246/1220 1229/1229/1204 1230/1230/240
f 1230/1230/240 1247/1247/258 1246/1246/1220
f 263/263/259 245/245/241 1231/1231/1205
f 1231/1231/1205 1248/1248/1221 263/263/259
f 1248/1248/1221 1231/1231/1205 1232/1232/1206
f 1232/1232/1206 1249/1249/1222 1248/1248/1221
f 1249/1249/1222 1232/1232/1206 1233/1233/1207
f 1233/1233/1207 1250/1250/1223 1249/1249/1222
f 1250/1250/1223 1233/1233/1207 1234/1234/1208
f 1234/1234/1208 1251/1251/1224 1250/1250/1223
f 1251/1251/1224 1234/1234/1208 1235/1235/1209
f 1235/1235/1209 1252/1252/1225 1251/1251/1224
f 1252/1252/1225 1235/1235/1209 1236/1236/1210
f 1236/1236/1210 1253/1253/1226 1252/1252/1225
f 1253/1253/1226 1236/1236/1210 1237/1237/1211
f 1237/1237/1211 1254/1254/1227 1253/1253/1226
f 1237/1237/1211 1238/1238/1212 1255/1255/1228
f 1255/1255/1228 1254/1254/1227 1237/1237/1211
f 1257/1256/1229 1240/1239/1213 1239/1240/1214
f 1239/1240/1214 1256/1257/1230 1257/1256/1229
f 1256/1257/1230 1239/1240/1214 1241/1241/1215
f 1241/1241/1215 1258/1258/1231 1256/1257/1230
f 1258/1258/1231 1241/1241/1215 1242/1242/1216
f 1242/1242/1216 1259/1259/1232 1258/1258/1231
f 1259/1259/1232 1242/1242/1216 1243/1243/1217
f 1243/1243/1217 1260/1260/1233 1259/1259/1232
f 1260/1260/1233 1243/1243/1217 1244/1244/1218
f 1244/1244/1218 1261/1261/1234 1260/1260/1233
f 1261/1261/1234 1244/1244/1218 1245/1245/1219
f 1245/1245/1219 1262/1262/1235 1261/1261/1234
f 1262/1262/1235 1245/1245/1219 1246/1246/1220
f 1246/1246/1220 1263/1263/1236 1262/1262/1235
f 1263/1263/1236 1246/1246/1220 1247/1247/258
f 1247/1247/258 1264/1264/1237 1263/1263/1236
f 281/281/277 263/263/259 1248/1248/1221
f 1248/1248/1221 1265/1265/1238 281/281/277
f 1265/1265/1238 1248/1248/1221 1249/1249/1222
f 1249/1249/1222 1266/1266/1239 1265/1265/1238
f 1266/1266/1239 1249/1249/1222 1250/1250/1223
f 1250/1250/1223 1267/1267/1240 1266/1266/1239
f 1267/1267/1240 1250/1250/1223 1251/1251/1224
f 1251/1251/1224 1268/1268/1241 1267/1267/1240
f 1268/1268/1241 1251/1251/1224 1252/1252/1225
f 1252/1252/1225 1269/1269/1242 1268/1268/1241
f 1269/1269/1242 1252/1252/1225 1253/1253/1226
f 1253/1253/1226 1270/1270/1243 1269/1269/1242
f 1270/1270/1243 1253/1253/1226 1254/1254/1227
f 1254/1254/1227 1271/1271/1244 1270/1270/1243
f 1254/1254/1227 1255/1255/1228 1272/1272/1245
f 1272/1272/1245 1271/1271/1244 1254/1254/1227
f 1274/1273/1246 1257/1256/1229 1256/1257/1230
f 1256/1257/1230 1273/1274/1247 1274/1273/1246
f 1273/1274/1247 1256/1257/1230 1258/1258/1231
f 1258/1258/1231 1275/1275/1248 1273/1274/1247
f 1275/1275/1248 1258/1258/1231 1259/1259/1232
f 1259/1259/1232 1276/1276/1249 1275/1275/1248
f 1276/1276/1249 1259/1259/1232 1260/1260/1233
f 1260/1260/1233 1277/1277/1250 1276/1276/1249
f 1277/1277/1250 1260/1260/1233 1261/1261/1234
f 1261/1261/1234 1278/1278/1251 1277/1277/1250
f 1278/1278/1251 1261/1261/1234 1262/1262/1235
f 1262/1262/1235 1279/1279/1252 1278/1278/1251
f 1279/1279/1252 1262/1262/1235 1263/1263/1236
f 1263/1263/1236 1280/1280/1253 1279/1279/1252
f 1280/1280/1253 1263/1263/1236 1264/1264/1237
f 1264/1264/1237 1281/1281/294 1280/1280/1253
f 299/299/295 281/281/277 1265/1265/1238
f 1265/1265/1238 1282/1282/1254 299/299/295
f 1282/1282/1254 1265/1265/1238 1266/1266/1239
f 1266/1266/1239 1283/1283/1255 1282/1282/1254
f 1283/1283/1255 1266/1266/1239 1267/1267/1240
f 1267/1267/1240 1284/1284/1256 1283/1283/1255
f 1284/1284/1256 1267/1267/1240 1268/1268/1241
f 1268/1268/1241 1285/1285/1257 1284/1284/1256
f 1285/1285/1257 1268/1268/1241 1269/1269/1242
f 1269/1269/1242 1286/1286/1258 1285/1285/1257
f 1286/1286/1258 1269/1269/1242 1270/1270/1243
f 1270/1270/1243 1287/1287/1259 1286/1286/1258
f 1287/1287/1259 1270/1270/1243 1271/1271/1244
f 1271/1271/1244 1288/1288/1260 1287/1287/1259
f 1271/1271/1244 1272/1272/1245 1289/1289/1261
f 1289/1289/1261 1288/1288/1260 1271/1271/1244
f 1291/1290/1262 1274/1273/1246 1273/1274/1247
f 1273/1274/1247 1290/1291/1263 1291/1290/1262
f 1290/1291/1263 1273/1274/1247 1275/1275/1248
f 1275/1275/1248 1292/1292/1264 1290/1291/1263
f 1292/1292/1264 1275/1275/1248 1276/1276/1249
f 1276/1276/1249 1293/1293/1265 1292/1292/1264
f 1293/1293/1265 1276/1276/1249 1277/1277/1250
f 1277/1277/1250 1294/1294/1266 1293/1293/1265
f 1294/1294/1266 1277/1277/1250 1278/1278/1251
f 1278/1278/1251 1295/1295/1267 1294/1294/1266
f 1295/1295/1267 1278/1278/1251 1279/1279/1252
f 1279/1279/1252 1296/1296/1268 1295/1295/1267
f 1296/1296/1268 1279/1279/1252 1280/1280/1253
f 1280/1280/1253 1297/1297/1269 1296/1296/1268
f 1297/1297/1269 1280/1280/1253 1281/1281/294
f 1281/1281/294 1298/1298/312 1297/1297/1269
f 317/317/313 299/299/295 1282/1282/1254
f 1282/1282/1254 1299/1299/1270 317/317/313
f 1299/1299/1270 1282/1282/1254 1283/1283/1255
f 1283/1283/1255 1300/1300/1271 1299/1299/1270
f 1300/1300/1271 1283/1283/1255 1284/1284/1256
f 1284/1284/1256 1301/1301/1272 1300/1300/1271
f 1301/1301/1272 1284/1284/1256 1285/1285/1257
f 1285/1285/1257 1302/1302/1273 1301/1301/1272
f 1302/1302/1273 1285/1285/1257 1286/1286/1258
f 1286/1286/1258 1303/1303/1274 1302/1302/1273
f 1303/1303/1274 1286/1286/1258 1287/1287/1259
f 1287/1287/1259 1304/1304/1275 1303/1303/1274
f 1304/1304/1275 1287/1287/1259 1288/1288/1260
f 1288/1288/1260 1305/1305/1276 1304/1304/1275
f 1288/1288/1260 1289/1289/1261 1306/1306/1277
f 1306/1306/1277 1305/1305/1276 1288/1288/1260
f 1308/1307/1278 1291/1290/1262 1290/1291/1263
f 1290/1291/1263 1307/1308/1279 1308/1307/1278
f 1307/1308/1279 1290/1291/1263 1292/1292/1264
f 1292/1292/1264 1309/1309/1280 1307/1308/1279
f 1309/1309/1280 1292/1292/1264 1293/1293/1265
f 1293/1293/1265 1310/1310/1281 1309/1309/1280
f 1310/1310/1281 1293/1293/1265 1294/1294/1266
f 1294/1294/1266 1311/1311/1282 1310/1310/1281
f 1311/1311/1282 1294/1294/1266 1295/1295/1267
f 1295/1295/1267 1312/1312/1283 1311/1311/1282
f 1312/1312/1283 1295/1295/1267 1296/1296/1268
f 1296/1296/1268 1313/1313/1284 1312/1312/1283
f 1313/1313/1284 1296/1296/1268 1297/1297/1269
f 1297/1297/1269 1314/1314/1285 1313/1313/1284
f 1314/1314/1285 1297/1297/1269 1298/1298/312
f 1298/1298/312 1315/1315/330 1314/1314/1285
f 335/335/331 317/317/313 1299/1299/1270
f 1299/1299/1270 1316/1316/1286 335/335/331
f 1316/1316/1286 1299/1299/1270 1300/1300/1271
f 1300/1300/1271 1317/1317/1287 1316/1316/1286
f 1317/1317/1287 1300/1300/1271 1301/1301/1272
f 1301/1301/1272 1318/1318/1288 1317/1317/1287
f 1318/1318/1288 1301/1301/1272 1302/1302/1273
f 1302/1302/1273 1319/1319/1289 1318/1318/1288
f 1319/1319/1289 1302/1302/1273 1303/1303/1274
f 1303/1303/1274 1320/1320/1290 1319/1319/1289
f 1320/1320/1290 1303/1303/1274 1304/1304/1275
f 1304/1304/1275 1321/1321/1291 1320/1320/1290
f 1321/1321/1291 1304/1304/1275 1305/1305/1276
f 1305/1305/1276 1322/1322/1292 1321/1321/1291
f 1322/1322/1292 1305/1305/1276 1306/1306/1277
f 1306/1306/1277 1323/1323/1293 1322/1322/1292
f 1325/1324/1294 1308/1307/1278 1307/1308/1279
f 1307/1308/1279 1324/1325/1295 1325/1324/1294
f 1324/1325/1295 1307/1308/1279 1309/1309/1280
f 1309/1309/1280 1326/1326/1296 1324/1325/1295
f 1326/1326/1296 1309/1309/1280 1310/1310/1281
f 1310/1310/1281 1327/1327/1297 1326/1326/1296
f 1327/1327/1297 1310/1310/1281 1311/1311/1282
f 1311/1311/1282 1328/1328/1298 1327/1327/1297
f 1328/1328/1298 1311/1311/1282 1312/1312/1283
f 1312/1312/1283 1329/1329/1299 1328/1328/1298
f 1329/1329/1299 1312/1312/1283 1313/1313/1284
f 1313/1313/1284 1330/1330/1300 1329/1329/1299
f 1330/1330/1300 1313/1313/1284 1314/1314/1285
f 1314/1314/1285 1331/1331/1301 1330/1330/1300
f 1331/1331/1301 1314/1314/1285 1315/1315/330
f 1315/1315/330 1332/1332/348 1331/1331/1301
f 353/353/349 335/335/331 1316/1316/1286
f 1316/1316/1286 1333/1333/1302 353/353/349
f 1333/1333/1302 1316/1316/1286 1317/1317/1287
f 1317/1317/1287 1334/1334/1303 1333/1333/1302
f 1334/1334/1303 1317/1317/1287 1318/1318/1288
f 1318/1318/1288 1335/1335/1304 1334/1334/1303
f 1335/1335/1304 1318/1318/1288 1319/1319/1289
f 1319/1319/1289 1336/1336/1305 1335/1335/1304
f 1336/1336/1305 1319/1319/1289 1320/1320/1290
f 1320/1320/1290 1337/1337/1306 1336/1336/1305
f 1337/1337/1306 1320/1320/1290 1321/1321/1291
f 1321/1321/1291 1338/1338/1307 1337/1337/1306
f 1338/1338/1307 1321/1321/1291 1322/1322/1292
f 1322/1322/1292 1339/1339/1308 1338/1338/1307
f 1339/1339/1308 1322/1322/1292 1323/1323/1293
f 1323/1323/1293 1340/1340/1309 1339/1339/1308
f 1342/1341/1310 1325/1324/1294 1324/1325/1295
f 1324/1325/1295 1341/1342/1311 1342/1341/1310
f 1341/1342/1311 1324/1325/1295 1326/1326/1296
f 1326/1326/1296 1343/1343/1312 1341/1342/1311
f 1343/1343/1312 1326/1326/1296 1327/1327/1297
f 1327/1327/1297 1344/1344/1313 1343/1343/1312
f 1344/1344/1313 1327/1327/1297 1328/1328/1298
f 1328/1328/1298 1345/1345/1314 1344/1344/1313
f 1345/1345/1314 1328/1328/1298 1329/1329/1299
f 1329/1329/1299 1346/1346/1315 1345/1345/1314
f 1346/1346/1315 1329/1329/1299 1330/1330/1300
f 1330/1330/1300 1347/1347/1316 1346/1346/1315
f 1347/1347/1316 1330/1330/1300 1331/1331/1301
f 1331/1331/1301 1348/1348/1317 1347/1347/1316
f 1348/1348/1317 1331/1331/1301 1332/1332/348
f 1332/1332/348 1349/1349/1318 1348/1348/1317
f 371/371/367 353/353/349 1333/1333/1302
f 1333/1333/1302 1350/1350/1319 371/371/367
f 1350/1350/1319 1333/1333/1302 1334/1334/1303
f 1334/1334/1303 1351/1351/1320 1350/1350/1319
f 1351/1351/1320 1334/1334/1303 1335/1335/1304
f 1335/1335/1304 1352/1352/1321 1351/1351/1320
f 1352/1352/1321 1335/1335/1304 1336/1336/1305
f 1336/1336/1305 1353/1353/1322 1352/1352/1321
f 1353/1353/1322 1336/1336/1305 1337/1337/1306
f 1337/1337/1306 1354/1354/1323 1353/1353/1322
f 1354/1354/1323 1337/1337/1306 1338/1338/1307
f 1338/1338/1307 1355/1355/1324 1354/1354/1323
f 1355/1355/1324 1338/1338/1307 1339/1339/1308
f 1339/1339/1308 1356/1356/1325 1355/1355/1324
f 1356/1356/1325 1339/1339/1308 1340/1340/1309
f 1340/1340/1309 1357/1357/1326 1356/1356/1325
f 1359/1358/1327 1342/1341/1310 1341/1342/1311
f 1341/1342/1311 1358/1359/1328 1359/1358/1327
f 1358/1359/1328 1341/1342/1311 1343/1343/1312
f 1343/1343/1312 1360/1360/1329 1358/1359/1328
f 1360/1360/1329 1343/1343/1312 1344/1344/1313
f 1344/1344/1313 1361/1361/1330 1360/1360/1329
f 1361/1361/1330 1344/1344/1313 1345/1345/1314
f 1345/1345/1314 1362/1362/1331 1361/1361/1330
f 1362/1362/1331 1345/1345/1314 1346/1346/1315
f 1346/1346/1315 1363/1363/1332 1362/1362/1331
f 1363/1363/1332 1346/1346/1315 1347/1347/1316
f 1347/1347/1316 1364/1364/1333 1363/1363/1332
f 1364/1364/1333 1347/1347/1316 1348/1348/1317
f 1348/1348/1317 1365/1365/1334 1364/1364/1333
f 1365/1365/1334 1348/1348/1317 1349/1349/1318
f 1349/1349/1318 1366/1366/384 1365/1365/1334
f 389/389/385 371/371/367 1350/1350/1319
f 1350/1350/1319 1367/1367/1335 389/389/385
f 1367/1367/1335 1350/1350/1319 1351/1351/1320
f 1351/1351/1320 1368/1368/1336 1367/1367/1335
f 1368/1368/1336 1351/1351/1320 1352/1352/1321
f 1352/1352/1321 1369/1369/1337 1368/1368/1336
f 1369/1369/1337 1352/1352/1321 1353/1353/1322
f 1353/1353/1322 1370/1370/1338 1369/1369/1337
f 1370/1370/1338 1353/1353/1322 1354/1354/1323
f 1354/1354/1323 1371/1371/1339 1370/1370/1338
f 1371/1371/1339 1354/1354/1323 1355/1355/1324
f 1355/1355/1324 1372/1372/1340 1371/1371/1339
f 1372/1372/1340 1355/1355/1324 1356/1356/1325
f 1356/1356/1325 1373/1373/1341 1372/1372/1340
f 1373/1373/1341 1356/1356/1325 1357/1357/1326
f 1357/1357/1326 1374/1374/1342 1373/1373/1341
f 1376/1375/1343 1359/1358/1327 1358/1359/1328
f 1358/1359/1328 1375/1376/1344 1376/1375/1343
f 1375/1376/1344 1358/1359/1328 1360/1360/1329
f 1360/1360/1329 1377/1377/1345 1375/1376/1344
f 1377/1377/1345 1360/1360/1329 1361/1361/1330
f 1361/1361/1330 1378/1378/1346 1377/1377/1345
f 1378/1378/1346 1361/1361/1330 1362/1362/1331
f 1362/1362/1331 1379/1379/1347 1378/1378/1346
f 1379/1379/1347 1362/1362/1331 1363/1363/1332
f 1363/1363/1332 1380/1380/1348 1379/1379/1347
f 1380/1380/1348 1363/1363/1332 1364/1364/1333
f 1364/1364/1333 1381/1381/1349 1380/1380/1348
f 1381/1381/1349 1364/1364/1333 1365/1365/1334
f 1365/1365/1334 1382/1382/1350 1381/1381/1349
f 1382/1382/1350 1365/1365/1334 1366/1366/384
f 1366/1366/384 1383/1383/402 1382/1382/1350
f 407/407/403 389/389/385 1367/1367/1335
f 1367/1367/1335 1384/1384/1351 407/407/403
f 1384/1384/1351 1367/1367/1335 1368/1368/1336
f 1368/1368/1336 1385/1385/1352 1384/1384/1351
f 1385/1385/1352 1368/1368/1336 1369/1369/1337
f 1369/1369/1337 1386/1386/1353 1385/1385/1352
f 1386/1386/1353 1369/1369/1337 1370/1370/1338
f 1370/1370/1338 1387/1387/1354 1386/1386/1353
f 1387/1387/1354 1370/1370/1338 1371/1371/1339
f 1371/1371/1339 1388/1388/1355 1387/1387/1354
f 1388/1388/1355 1371/1371/1339 1372/1372/1340
f 1372/1372/1340 1389/1389/1356 1388/1388/1355
f 1389/1389/1356 1372/1372/1340 1373/1373/1341
f 1373/1373/1341 1390/1390/1357 1389/1389/1356
f 1390/1390/1357 1373/1373/1341 1374/1374/1342
f 1374/1374/1342 1391/1391/1358 1390/1390/1357
f 1393/1392/1359 1376/1375/1343 1375/1376/1344
f 1375/1376/1344 1392/1393/1360 1393/1392/1359
f 1392/1393/1360 1375/1376/1344 1377/1377/1345
f 1377/1377/1345 1394/1394/1361 1392/1393/1360
f 1394/1394/1361 1377/1377/1345 1378/1378/1346
f 1378/1378/1346 1395/1395/1362 1394/1394/1361
f 1395/1395/1362 1378/1378/1346 1379/1379/1347
f 1379/1379/1347 1396/1396/1363 1395/1395/1362
f 1396/1396/1363 1379/1379/1347 1380/1380/1348
f 1380/1380/1348 1397/1397/1364 1396/1396/1363
f 1397/1397/1364 1380/1380/1348 1381/1381/1349
f 1381/1381/1349 1398/1398/1365 1397/1397/1364
f 1398/1398/1365 1381/1381/1349 1382/1382/1350
f 1382/1382/1350 1399/1399/1366 1398/1398/1365
f 1399/1399/1366 1382/1382/1350 1383/1383/402
f 1383/1383/402 1400/1400/420 1399/1399/1366
f 425/425/421 407/407/403 1384/1384/1351
f 425/425/421 1384/1384/1351 1385/1385/1352
f 425/425/421 1385/1385/1352 1386/1386/1353
f 425/425/421 1386/1386/1353 1387/1387/1354
f 425/425/421 1387/1387/1354 1388/1388/1355
f 425/425/421 1388/1388/1355 1389/1389/1356
f 425/425/421 1389/1389/1356 1390/1390/1357
f 425/425/421 1390/1390/1357 1391/1391/1358
f 425/425/421 1393/1392/1359 1392/1393/1360
f 425/425/421 1392/1393/1360 1394/1394/1361
f 425/425/421 1394/1394/1361 1395/1395/1362
f 425/425/421 1395/1395/1362 1396/1396/1363
f 425/425/421 1396/1396/1363 1397/1397/1364
f 425/425/421 1397/1397/1364 1398/1398/1365
f 425/425/421 1398/1398/1365 1399/1399/1366
f 425/425/421 1399/1399/1366 1400/1400/420
f 1401/426/1367 1402/428/1368 1403/427/1369
f 1401/426/1367 1404/429/1370 1402/428/1368
f 1401/426/1367 1405/430/1371 1404/429/1370
f 1401/426/1367 1406/431/1372 1405/430/1371
f 1401/426/1367 1407/432/1373 1406/431/1372
f 1401/426/1367 1408/433/1374 1407/432/1373
f 1401/426/1367 1409/434/1375 1408/433/1374
f 1401/426/1367 1410/435/1376 1409/434/1375
f 1401/426/1367 1411/436/1377 1410/435/1376
f 1401/426/1367 1412/437/1378 1411/436/1377
f 1401/426/1367 1413/438/1379 1412/437/1378
f 1401/426/1367 1414/439/1380 1413/438/1379
f 1418/442/1381 1415/441/1382 1416/440/1383
f 1416/440/1383 1417/443/1384 1418/442/1381
f 1417/443/1384 1416/440/1383 1403/427/1369
f 1403/427/1369 1419/444/1385 1417/443/1384
f 1419/444/1385 1403/427/1369 1402/428/1368
f 1402/428/1368 1420/445/1386 1419/444/1385
f 1420/445/1386 1402/428/1368 1404/429/1370
f 1404/429/1370 1421/446/1387 1420/445/1386
f 1421/446/1387 1404/429/1370 1405/430/1371
f 1405/430/1371 1422/447/1388 1421/446/1387
f 1422/447/1388 1405/430/1371 1406/431/1372
f 1406/431/1372 1423/448/1389 1422/447/1388
f 1423/448/1389 1406/431/1372 1407/432/1373
f 1407/432/1373 1424/449/1390 1423/448/1389
f 1424/449/1390 1407/432/1373 1408/433/1374
f 1408/433/1374 1425/450/1391 1424/449/1390
f 1425/450/1391 1408/433/1374 1409/434/1375
f 1409/434/1375 1426/451/1392 1425/450/1391
f 1426/451/1392 1409/434/1375 1410/435/1376
f 1410/435/1376 1427/452/1393 1426/451/1392
f 1427/452/1393 1410/435/1376 1411/436/1377
f 1411/436/1377 1428/453/1394 1427/452/1393
f 1428/453/1394 1411/436/1377 1412/437/1378
f 1412/437/1378 1429/454/1395 1428/453/1394
f 1429/454/1395 1412/437/1378 1413/438/1379
f 1413/438/1379 1430/455/1396 1429/454/1395
f 1430/455/1396 1413/438/1379 1414/439/1380
f 1414/439/1380 1431/456/1397 1430/455/1396
f 1431/456/1397 1414/439/1380 1432/457/1398
f 1432/457/1398 1433/458/1399 1431/456/1397
f 1433/458/1399 1432/457/1398 1434/459/1400
f 1434/459/1400 1435/460/1401 1433/458/1399
f 1435/460/1401 1434/459/1400 1436/461/1402
f 1436/461/1402 1437/462/1403 1435/460/1401
f 1439/463/1404 1418/442/1381 1417/443/1384
f 1417/443/1384 1438/464/1405 1439/463/1404
f 1438/464/1405 1417/443/1384 1419/444/1385
f 1419/444/1385 1440/465/1406 1438/464/1405
f 1440/465/1406 1419/444/1385 1420/445/1386
f 1420/445/1386 1441/466/1407 1440/465/1406
f 1441/466/1407 1420/445/1386 1421/446/1387
f 1421/446/1387 1442/467/1408 1441/466/1407
f 1442/467/1408 1421/446/1387 1422/447/1388
f 1422/447/1388 1443/468/1409 1442/467/1408
f 1443/468/1409 1422/447/1388 1423/448/1389
f 1423/448/1389 1444/469/1410 1443/468/1409
f 1444/469/1410 1423/448/1389 1424/449/1390
f 1424/449/1390 1445/470/1411 1444/469/1410
f 1445/470/1411 1424/449/1390 1425/450/1391
f 1425/450/1391 1446/471/1412 1445/470/1411
f 1446/471/1412 1425/450/1391 1426/451/1392
f 1426/451/1392 1447/472/1413 1446/471/1412
f 1447/472/1413 1426/451/1392 1427/452/1393
f 1427/452/1393 1448/473/1414 1447/472/1413
f 1448/473/1414 1427/452/1393 1428/453/1394
f 1428/453/1394 1449/474/1415 1448/473/1414
f 1449/474/1415 1428/453/1394 1429/454/1395
f 1429/454/1395 1450/475/1416 1449/474/1415
f 1450/475/1416 1429/454/1395 1430/455/1396
f 1430/455/1396 1451/476/1417 1450/475/1416
f 1451/476/1417 1430/455/1396 1431/456/1397
f 1431/456/1397 1452/477/1418 1451/476/1417
f 1452/477/1418 1431/456/1397 1433/458/1399
f 1433/458/1399 1453/478/1419 1452/477/1418
f 1453/478/1419 1433/458/1399 1435/460/1401
f 1435/460/1401 1454/479/1420 1453/478/1419
f 1454/479/1420 1435/460/1401 1437/462/1403
f 1437/462/1403 1455/480/1421 1454/479/1420
f 1457/481/1422 1439/463/1404 1438/464/1405
f 1438/464/1405 1456/482/1423 1457/481/1422
f 1456/482/1423 1438/464/1405 1440/465/1406
f 1440/465/1406 1458/483/1424 1456/482/1423
f 1458/483/1424 1440/465/1406 1441/466/1407
f 1441/466/1407 1459/484/1425 1458/483/1424
f 1459/484/1425 1441/466/1407 1442/467/1408
f 1442/467/1408 1460/485/1426 1459/484/1425
f 1460/485/1426 1442/467/1408 1443/468/1409
f 1443/468/1409 1461/486/1427 1460/485/1426
f 1461/486/1427 1443/468/1409 1444/469/1410
f 1444/469/1410 1462/487/1428 1461/486/1427
f 1462/487/1428 1444/469/1410 1445/470/1411
f 1445/470/1411 1463/488/1429 1462/487/1428
f 1463/488/1429 1445/470/1411 1446/471/1412
f 1446/471/1412 1464/489/1430 1463/488/1429
f 1464/489/1430 1446/471/1412 1447/472/1413
f 1447/472/1413 1465/490/1431 1464/489/1430
f 1465/490/1431 1447/472/1413 1448/473/1414
f 1448/473/1414 1466/491/1432 1465/490/1431
f 1466/491/1432 1448/473/1414 1449/474/1415
f 1449/474/1415 1467/492/1433 1466/491/1432
f 1467/492/1433 1449/474/1415 1450/475/1416
f 1450/475/1416 1468/493/1434 1467/492/1433
f 1468/493/1434 1450/475/1416 1451/476/1417
f 1451/476/1417 1469/494/1435 1468/493/1434
f 1469/494/1435 1451/476/1417 1452/477/1418
f 1452/477/1418 1470/495/1436 1469/494/1435
f 1470/495/1436 1452/477/1418 1453/478/1419
f 1453/478/1419 1471/496/1437 1470/495/1436
f 1471/496/1437 1453/478/1419 1454/479/1420
f 1454/479/1420 1472/497/1438 1471/496/1437
f 1472/497/1438 1454/479/1420 1455/480/1421
f 1455/480/1421 1473/498/1439 1472/497/1438
f 1475/499/1440 1457/481/1422 1456/482/1423
f 1456/482/1423 1474/500/1441 1475/499/1440
f 1474/500/1441 1456/482/1423 1458/483/1424
f 1458/483/1424 1476/501/1442 1474/500/1441
f 1476/501/1442 1458/483/1424 1459/484/1425
f 1459/484/1425 1477/502/1443 1476/501/1442
f 1477/502/1443 1459/484/1425 1460/485/1426
f 1460/485/1426 1478/503/1444 1477/502/1443
f 1478/503/1444 1460/485/1426 1461/486/1427
f 1461/486/1427 1479/504/1445 1478/503/1444
f 1479/504/1445 1461/486/1427 1462/487/1428
f 1462/487/1428 1480/505/1446 1479/504/1445
f 1480/505/1446 1462/487/1428 1463/488/1429
f 1463/488/1429 1481/506/1447 1480/505/1446
f 1481/506/1447 1463/488/1429 1464/489/1430
f 1464/489/1430 1482/507/1448 1481/506/1447
f 1482/507/1448 1464/489/1430 1465/490/1431
f 1465/490/1431 1483/508/1449 1482/507/1448
f 1483/508/1449 1465/490/1431 1466/491/1432
f 1466/491/1432 1484/509/1450 1483/508/1449
f 1484/509/1450 1466/491/1432 1467/492/1433
f 1467/492/1433 1485/510/1451 1484/509/1450
f 1485/510/1451 1467/492/1433 1468/493/1434
f 1468/493/1434 1486/511/1452 1485/510/1451
f 1486/511/1452 1468/493/1434 1469/494/1435
f 1469/494/1435 1487/512/1453 1486/511/1452
f 1487/512/1453 1469/494/1435 1470/495/1436
f 1470/495/1436 1488/513/1454 1487/512/1453
f 1488/513/1454 1470/495/1436 1471/496/1437
f 1471/496/1437 1489/514/1455 1488/513/1454
f 1489/514/1455 1471/496/1437 1472/497/1438
f 1472/497/1438 1490/515/1456 1489/514/1455
f 1490/515/1456 1472/497/1438 1473/498/1439
f 1473/498/1439 1491/516/1457 1490/515/1456
f 1493/517/1458 1475/499/1440 1474/500/1441
f 1474/500/1441 1492/518/1459 1493/517/1458
f 1492/518/1459 1474/500/1441 1476/501/1442
f 1476/501/1442 1494/519/1460 1492/518/1459
f 1494/519/1460 1476/501/1442 1477/502/1443
f 1477/502/1443 1495/520/1461 1494/519/1460
f 1495/520/1461 1477/502/1443 1478/503/1444
f 1478/503/1444 1496/521/1462 1495/520/1461
f 1496/521/1462 1478/503/1444 1479/504/1445
f 1479/504/1445 1497/522/1463 1496/521/1462
f 1497/522/1463 1479/504/1445 1480/505/1446
f 1480/505/1446 1498/523/1464 1497/522/1463
f 1498/523/1464 1480/505/1446 1481/506/1447
f 1481/506/1447 1499/524/1465 1498/523/1464
f 1499/524/1465 1481/506/1447 1482/507/1448
f 1482/507/1448 1500/525/1466 1499/524/1465
f 1500/525/1466 1482/507/1448 1483/508/1449
f 1483/508/1449 1501/526/1467 1500/525/1466
f 1501/526/1467 1483/508/1449 1484/509/1450
f 1484/509/1450 1502/527/1468 1501/526/1467
f 1502/527/1468 1484/509/1450 1485/510/1451
f 1485/510/1451 1503/528/1469 1502/527/1468
f 1503/528/1469 1485/510/1451 1486/511/1452
f 1486/511/1452 1504/529/1470 1503/528/1469
f 1504/529/1470 1486/511/1452 1487/512/1453
f 1487/512/1453 1505/530/1471 1504/529/1470
f 1505/530/1471 1487/512/1453 1488/513/1454
f 1488/513/1454 1506/531/1472 1505/530/1471
f 1506/531/1472 1488/513/1454 1489/514/1455
f 1489/514/1455 1507/532/1473 1506/531/1472
f 1507/532/1473 1489/514/1455 1490/515/1456
f 1490/515/1456 1508/533/1474 1507/532/1473
f 1508/533/1474 1490/515/1456 1491/516/1457
f 1491/516/1457 1509/534/1475 1508/533/1474
f 1511/535/1476 1492/518/1459 1494/519/1460
f 1494/519/1460 1510/536/1477 1511/535/1476
f 1510/536/1477 1494/519/1460 1495/520/1461
f 1495/520/1461 1512/537/1478 1510/536/1477
f 1512/537/1478 1495/520/1461 1496/521/1462
f 1496/521/1462 1513/538/1479 1512/537/1478
f 1513/538/1479 1496/521/1462 1497/522/1463
f 1497/522/1463 1514/539/1480 1513/538/1479
f 1514/539/1480 1497/522/1463 1498/523/1464
f 1498/523/1464 1515/540/1481 1514/539/1480
f 1515/540/1481 1498/523/1464 1499/524/1465
f 1499/524/1465 1516/541/1482 1515/540/1481
f 1516/541/1482 1499/524/1465 1500/525/1466
f 1500/525/1466 1517/542/1483 1516/541/1482
f 1517/542/1483 1500/525/1466 1501/526/1467
f 1501/526/1467 1518/543/1484 1517/542/1483
f 1518/543/1484 1501/526/1467 1502/527/1468
f 1502/527/1468 1519/544/1485 1518/543/1484
f 1519/544/1485 1502/527/1468 1503/528/1469
f 1503/528/1469 1520/545/1486 1519/544/1485
f 1520/545/1486 1503/528/1469 1504/529/1470
f 1504/529/1470 1521/546/1487 1520/545/1486
f 1521/546/1487 1504/529/1470 1505/530/1471
f 1505/530/1471 1522/547/1488 1521/546/1487
f 1522/547/1488 1505/530/1471 1506/531/1472
f 1506/531/1472 1523/548/1489 1522/547/1488
f 1523/548/1489 1506/531/1472 1507/532/1473
f 1507/532/1473 1524/549/1490 1523/548/1489
f 1524/549/1490 1507/532/1473 1508/533/1474
f 1508/533/1474 1525/550/1491 1524/549/1490
f 1525/550/1491 1508/533/1474 1509/534/1475
f 1509/534/1475 1526/551/1492 1525/550/1491
f 1528/552/1493 1510/536/1477 1512/537/1478
f 1512/537/1478 1527/553/1494 1528/552/1493
f 1527/553/1494 1512/537/1478 1513/538/1479
f 1513/538/1479 1529/554/1495 1527/553/1494
f 1529/554/1495 1513/538/1479 1514/539/1480
f 1514/539/1480 1530/555/1496 1529/554/1495
f 1530/555/1496 1514/539/1480 1515/540/1481
f 1515/540/1481 1531/556/1497 1530/555/1496
f 1531/556/1497 1515/540/1481 1516/541/1482
f 1516/541/1482 1532/557/1498 1531/556/1497
f 1532/557/1498 1516/541/1482 1517/542/1483
f 1517/542/1483 1533/558/1499 1532/557/1498
f 1533/558/1499 1517/542/1483 1518/543/1484
f 1518/543/1484 1534/559/1500 1533/558/1499
f 1534/559/1500 1518/543/1484 1519/544/1485
f 1519/544/1485 1535/560/1501 1534/559/1500
f 1535/560/1501 1519/544/1485 1520/545/1486
f 1520/545/1486 1536/561/1502 1535/560/1501
f 1536/561/1502 1520/545/1486 1521/546/1487
f 1521/546/1487 1537/562/1503 1536/561/1502
f 1537/562/1503 1521/546/1487 1522/547/1488
f 1522/547/1488 1538/563/1504 1537/562/1503
f 1538/563/1504 1522/547/1488 1523/548/1489
f 1523/548/1489 1539/564/1505 1538/563/1504
f 1539/564/1505 1523/548/1489 1524/549/1490
f 1524/549/1490 1540/565/1506 1539/564/1505
f 1540/565/1506 1524/549/1490 1525/550/1491
f 1525/550/1491 1541/566/1507 1540/565/1506
f 1541/566/1507 1525/550/1491 1526/551/1492
f 1526/551/1492 1542/567/1508 1541/566/1507
f 1544/568/1509 1527/553/1494 1529/554/1495
f 1529/554/1495 1543/569/1510 1544/568/1509
f 1543/569/1510 1529/554/1495 1530/555/1496
f 1530/555/1496 1545/570/1511 1543/569/1510
f 1545/570/1511 1530/555/1496 1531/556/1497
f 1531/556/1497 1546/571/1512 1545/570/1511
f 1546/571/1512 1531/556/1497 1532/557/1498
f 1532/557/1498 1547/572/1513 1546/571/1512
f 1547/572/1513 1532/557/1498 1533/558/1499
f 1533/558/1499 1548/573/1514 1547/572/1513
f 1548/573/1514 1533/558/1499 1534/559/1500
f 1534/559/1500 1549/574/1515 1548/573/1514
f 1549/574/1515 1534/559/1500 1535/560/1501
f 1535/560/1501 1550/575/1516 1549/574/1515
f 1550/575/1516 1535/560/1501 1536/561/1502
f 1536/561/1502 1551/576/1517 1550/575/1516
f 1551/576/1517 1536/561/1502 1537/562/1503
f 1537/562/1503 1552/577/1518 1551/576/1517
f 1552/577/1518 1537/562/1503 1538/563/1504
f 1538/563/1504 1553/578/1519 1552/577/1518
f 1553/578/1519 1538/563/1504 1539/564/1505
f 1539/564/1505 1554/579/1520 1553/578/1519
f 1554/579/1520 1539/564/1505 1540/565/1506
f 1540/565/1506 1555/580/1521 1554/579/1520
f 1555/580/1521 1540/565/1506 1541/566/1507
f 1541/566/1507 1556/581/1522 1555/580/1521
f 1556/581/1522 1541/566/1507 1542/567/1508
f 1542/567/1508 1557/582/1523 1556/581/1522
f 1559/583/1524 1544/568/1509 1543/569/1510
f 1543/569/1510 1558/584/1525 1559/583/1524
f 1558/584/1525 1543/569/1510 1545/570/1511
f 1545/570/1511 1560/585/1526 1558/584/1525
f 1560/585/1526 1545/570/1511 1546/571/1512
f 1546/571/1512 1561/586/1527 1560/585/1526
f 1561/586/1527 1546/571/1512 1547/572/1513
f 1547/572/1513 1562/587/1528 1561/586/1527
f 1562/587/1528 1547/572/1513 1548/573/1514
f 1548/573/1514 1563/588/1529 1562/587/1528
f 1563/588/1529 1548/573/1514 1549/574/1515
f 1549/574/1515 1564/589/1530 1563/588/1529
f 1564/589/1530 1549/574/1515 1550/575/1516
f 1550/575/1516 1565/590/1531 1564/589/1530
f 1565/590/1531 1550/575/1516 1551/576/1517
f 1551/576/1517 1566/591/1532 1565/590/1531
f 1566/591/1532 1551/576/1517 1552/577/1518
f 1552/577/1518 1567/592/1533 1566/591/1532
f 1567/592/1533 1552/577/1518 1553/578/1519
f 1553/578/1519 1568/593/1534 1567/592/1533
f 1568/593/1534 1553/578/1519 1554/579/1520
f 1554/579/1520 1569/594/1535 1568/593/1534
f 1569/594/1535 1554/579/1520 1555/580/1521
f 1555/580/1521 1570/595/1536 1569/594/1535
f 1570/595/1536 1555/580/1521 1556/581/1522
f 1556/581/1522 1571/596/1537 1570/595/1536
f 1571/596/1537 1556/581/1522 1557/582/1523
f 1557/582/1523 1572/597/1538 1571/596/1537
f 1574/598/1539 1559/583/1524 1558/584/1525
f 1558/584/1525 1573/599/1540 1574/598/1539
f 1573/599/1540 1558/584/1525 1560/585/1526
f 1560/585/1526 1575/600/1541 1573/599/1540
f 1575/600/1541 1560/585/1526 1561/586/1527
f 1561/586/1527 1576/601/1542 1575/600/1541
f 1576/601/1542 1561/586/1527 1562/587/1528
f 1562/587/1528 1577/602/1543 1576/601/1542
f 1577/602/1543 1562/587/1528 1563/588/1529
f 1563/588/1529 1578/603/1544 1577/602/1543
f 1578/603/1544 1563/588/1529 1564/589/1530
f 1564/589/1530 1579/604/1545 1578/603/1544
f 1579/604/1545 1564/589/1530 1565/590/1531
f 1565/590/1531 1580/605/1546 1579/604/1545
f 1580/605/1546 1565/590/1531 1566/591/1532
f 1566/591/1532 1581/606/1547 1580/605/1546
f 1581/606/1547 1566/591/1532 1567/592/1533
f 1567/592/1533 1582/607/1548 1581/606/1547
f 1582/607/1548 1567/592/1533 1568/593/1534
f 1568/593/1534 1583/608/1549 1582/607/1548
f 1583/608/1549 1568/593/1534 1569/594/1535
f 1569/594/1535 1584/609/1550 1583/608/1549
f 1584/609/1550 1569/594/1535 1570/595/1536
f 1570/595/1536 1585/610/1551 1584/609/1550
f 1585/610/1551 1570/595/1536 1571/596/1537
f 1571/596/1537 1586/611/1552 1585/610/1551
f 1586/611/1552 1571/596/1537 1572/597/1538
f 1572/597/1538 1587/612/1553 1586/611/1552
f 1589/613/1554 1574/598/1539 1573/599/1540
f 1573/599/1540 1588/614/1555 1589/613/1554
f 1588/614/1555 1573/599/1540 1575/600/1541
f 1575/600/1541 1590/615/1556 1588/614/1555
f 1590/615/1556 1575/600/1541 1576/601/1542
f 1576/601/1542 1591/616/1557 1590/615/1556
f 1591/616/1557 1576/601/1542 1577/602/1543
f 1577/602/1543 1592/617/1558 1591/616/1557
f 1592/617/1558 1577/602/1543 1578/603/1544
f 1578/603/1544 1593/618/1559 1592/617/1558
f 1593/618/1559 1578/603/1544 1579/604/1545
f 1579/604/1545 1594/619/1560 1593/618/1559
f 1594/619/1560 1579/604/1545 1580/605/1546
f 1580/605/1546 1595/620/1561 1594/619/1560
f 1595/620/1561 1580/605/1546 1581/606/1547
f 1581/606/1547 1596/621/1562 1595/620/1561
f 1596/621/1562 1581/606/1547 1582/607/1548
f 1582/607/1548 1597/622/1563 1596/621/1562
f 1597/622/1563 1582/607/1548 1583/608/1549
f 1583/608/1549 1598/623/1564 1597/622/1563
f 1598/623/1564 1583/608/1549 1584/609/1550
f 1584/609/1550 1599/624/1565 1598/623/1564
f 1599/624/1565 1584/609/1550 1585/610/1551
f 1585/610/1551 1600/625/1566 1599/624/1565
f 1600/625/1566 1585/610/1551 1586/611/1552
f 1586/611/1552 1601/626/1567 1600/625/1566
f 1601/626/1567 1586/611/1552 1587/612/1553
f 1587/612/1553 1602/627/1568 1601/626/1567
f 1605/629/1569 1602/627/1568 1603/628/1570
f 1603/628/1570 1604/630/1571 1605/629/1569
f 1607/631/1572 1589/613/1554 1588/614/1555
f 1588/614/1555 1606/632/1573 1607/631/1572
f 1606/632/1573 1588/614/1555 1590/615/1556
f 1590/615/1556 1608/633/1574 1606/632/1573
f 1608/633/1574 1590/615/1556 1591/616/1557
f 1591/616/1557 1609/634/1575 1608/633/1574
f 1609/634/1575 1591/616/1557 1592/617/1558
f 1592/617/1558 1610/635/1576 1609/634/1575
f 1610/635/1576 1592/617/1558 1593/618/1559
f 1593/618/1559 1611/636/1577 1610/635/1576
f 1611/636/1577 1593/618/1559 1594/619/1560
f 1594/619/1560 1612/637/1578 1611/636/1577
f 1612/637/1578 1594/619/1560 1595/620/1561
f 1595/620/1561 1613/638/1579 1612/637/1578
f 1613/638/1579 1595/620/1561 1596/621/1562
f 1596/621/1562 1614/639/1580 1613/638/1579
f 1614/639/1580 1596/621/1562 1597/622/1563
f 1597/622/1563 1615/640/1581 1614/639/1580
f 1615/640/1581 1597/622/1563 1598/623/1564
f 1598/623/1564 1616/641/1582 1615/640/1581
f 1616/641/1582 1598/623/1564 1599/624/1565
f 1599/624/1565 1617/642/1583 1616/641/1582
f 1617/642/1583 1599/624/1565 1600/625/1566
f 1600/625/1566 1618/643/1584 1617/642/1583
f 1618/643/1584 1600/625/1566 1601/626/1567
f 1601/626/1567 1619/644/1585 1618/643/1584
f 1619/644/1585 1601/626/1567 1602/627/1568
f 1602/627/1568 1605/629/1569 1619/644/1585
f 1621/645/1586 1605/629/1569 1604/630/1571
f 1604/630/1571 1620/646/1587 1621/645/1586
f 1623/647/1588 1607/631/1572 1606/632/1573
f 1606/632/1573 1622/648/1589 1623/647/1588
f 1622/648/1589 1606/632/1573 1608/633/1574
f 1608/633/1574 1624/649/1590 1622/648/1589
f 1624/649/1590 1608/633/1574 1609/634/1575
f 1609/634/1575 1625/650/1591 1624/649/1590
f 1625/650/1591 1609/634/1575 1610/635/1576
f 1610/635/1576 1626/651/1592 1625/650/1591
f 1626/651/1592 1610/635/1576 1611/636/1577
f 1611/636/1577 1627/652/1593 1626/651/1592
f 1627/652/1593 1611/636/1577 1612/637/1578
f 1612/637/1578 1628/653/1594 1627/652/1593
f 1628/653/1594 1612/637/1578 1613/638/1579
f 1613/638/1579 1629/654/1595 1628/653/1594
f 1629/654/1595 1613/638/1579 1614/639/1580
f 1614/639/1580 1630/655/1596 1629/654/1595
f 1630/655/1596 1614/639/1580 1615/640/1581
f 1615/640/1581 1631/656/1597 1630/655/1596
f 1631/656/1597 1615/640/1581 1616/641/1582
f 1616/641/1582 1632/657/1598 1631/656/1597
f 1632/657/1598 1616/641/1582 1617/642/1583
f 1617/642/1583 1633/658/1599 1632/657/1598
f 1633/658/1599 1617/642/1583 1618/643/1584
f 1618/643/1584 1634/659/1600 1633/658/1599
f 1634/659/1600 1618/643/1584 1619/644/1585
f 1619/644/1585 1635/660/1601 1634/659/1600
f 1635/660/1601 1619/644/1585 1605/629/1569
f 1605/629/1569 1621/645/1586 1635/660/1601
f 1637/661/1602 1621/645/1586 1620/646/1587
f 1620/646/1587 1636/662/1603 1637/661/1602
f 1639/663/1604 1623/647/1588 1622/648/1589
f 1622/648/1589 1638/664/1605 1639/663/1604
f 1638/664/1605 1622/648/1589 1624/649/1590
f 1624/649/1590 1640/665/1606 1638/664/1605
f 1640/665/1606 1624/649/1590 1625/650/1591
f 1625/650/1591 1641/666/1607 1640/665/1606
f 1641/666/1607 1625/650/1591 1626/651/1592
f 1626/651/1592 1642/667/1608 1641/666/1607
f 1642/667/1608 1626/651/1592 1627/652/1593
f 1627/652/1593 1643/668/1609 1642/667/1608
f 1643/668/1609 1627/652/1593 1628/653/1594
f 1628/653/1594 1644/669/1610 1643/668/1609
f 1644/669/1610 1628/653/1594 1629/654/1595
f 1629/654/1595 1645/670/1611 1644/669/1610
f 1645/670/1611 1629/654/1595 1630/655/1596
f 1630/655/1596 1646/671/1612 1645/670/1611
f 1646/671/1612 1630/655/1596 1631/656/1597
f 1631/656/1597 1647/672/1613 1646/671/1612
f 1647/672/1613 1631/656/1597 1632/657/1598
f 1632/657/1598 1648/673/1614 1647/672/1613
f 1648/673/1614 1632/657/1598 1633/658/1599
f 1633/658/1599 1649/674/1615 1648/673/1614
f 1649/674/1615 1633/658/1599 1634/659/1600
f 1634/659/1600 1650/675/1616 1649/674/1615
f 1650/675/1616 1634/659/1600 1635/660/1601
f 1635/660/1601 1651/676/1617 1650/675/1616
f 1651/676/1617 1635/660/1601 1621/645/1586
f 1621/645/1586 1637/661/1602 1651/676/1617
f 1652/677/1618 1637/661/1602 1636/662/1603
f 1652/677/1618 1639/663/1604 1638/664/1605
f 1652/677/1618 1638/664/1605 1640/665/1606
f 1652/677/1618 1640/665/1606 1641/666/1607
f 1652/677/1618 1641/666/1607 1642/667/1608
f 1652/677/1618 1642/667/1608 1643/668/1609
f 1652/677/1618 1643/668/1609 1644/669/1610
f 1652/677/1618 1644/669/1610 1645/670/1611
f 1652/677/1618 1645/670/1611 1646/671/1612
f 1652/677/1618 1646/671/1612 1647/672/1613
f 1652/677/1618 1647/672/1613 1648/673/1614
f 1652/677/1618 1648/673/1614 1649/674/1615
f 1652/677/1618 1649/674/1615 1650/675/1616
f 1652/677/1618 1650/675/1616 1651/676/1617
f 1652/677/1618 1651/676/1617 1637/661/1602
f 678/678/674 1653/1401/1619 679/679/675
f 678/678/674 1654/1402/1620 1653/1401/1619
f 678/678/674 1655/1403/1621 1654/1402/1620
f 678/678/674 1656/1404/1622 1655/1403/1621
f 678/678/674 1657/1405/1623 1656/1404/1622
f 678/678/674 1658/1406/1624 1657/1405/1623
f 685/685/681 1659/1407/1625 1660/1408/1626
f 685/685/681 1661/1409/1627 1659/1407/1625
f 685/685/681 1662/1410/1628 1661/1409/1627
f 685/685/681 1663/1411/1629 1662/1410/1628
f 685/685/681 1664/1412/1630 1663/1411/1629
f 685/685/681 1665/1413/1631 1664/1412/1630
f 685/685/681 1666/1414/1632 1665/1413/1631
f 685/685/681 1667/1415/1633 1666/1414/1632
f 685/685/681 1668/1416/1634 1667/1415/1633
f 685/685/681 697/697/693 1668/1416/1634
f 698/698/694 679/679/675 1653/1401/1619
f 1653/1401/1619 1669/1417/1635 698/698/694
f 1669/1417/1635 1653/1401/1619 1654/1402/1620
f 1654/1402/1620 1670/1418/1636 1669/1417/1635
f 1670/1418/1636 1654/1402/1620 1655/1403/1621
f 1655/1403/1621 1671/1419/1637 1670/1418/1636
f 1671/1419/1637 1655/1403/1621 1656/1404/1622
f 1656/1404/1622 1672/1420/1638 1671/1419/1637
f 1672/1420/1638 1656/1404/1622 1657/1405/1623
f 1657/1405/1623 1673/1421/1639 1672/1420/1638
f 1673/1421/1639 1657/1405/1623 1658/1406/1624
f 1658/1406/1624 1674/1422/1640 1673/1421/1639
f 1676/1423/1641 1660/1408/1626 1659/1407/1625
f 1659/1407/1625 1675/1424/1642 1676/1423/1641
f 1675/1424/1642 1659/1407/1625 1661/1409/1627
f 1661/1409/1627 1677/1425/1643 1675/1424/1642
f 1677/1425/1643 1661/1409/1627 1662/1410/1628
f 1662/1410/1628 1678/1426/1644 1677/1425/1643
f 1678/1426/1644 1662/1410/1628 1663/1411/1629
f 1663/1411/1629 1679/1427/1645 1678/1426/1644
f 1679/1427/1645 1663/1411/1629 1664/1412/1630
f 1664/1412/1630 1680/1428/1646 1679/1427/1645
f 1680/1428/1646 1664/1412/1630 1665/1413/1631
f 1665/1413/1631 1681/1429/1647 1680/1428/1646
f 1681/1429/1647 1665/1413/1631 1666/1414/1632
f 1666/1414/1632 1682/1430/1648 1681/1429/1647
f 1682/1430/1648 1666/1414/1632 1667/1415/1633
f 1667/1415/1633 1683/1431/1649 1682/1430/1648
f 1683/1431/1649 1667/1415/1633 1668/1416/1634
f 1668/1416/1634 1684/1432/1650 1683/1431/1649
f 1684/1432/1650 1668/1416/1634 697/697/693
f 697/697/693 715/715/711 1684/1432/1650
f 716/716/712 698/698/694 1669/1417/1635
f 1669/1417/1635 1685/1433/1651 716/716/712
f 1685/1433/1651 1669/1417/1635 1670/1418/1636
f 1670/1418/1636 1686/1434/1652 1685/1433/1651
f 1686/1434/1652 1670/1418/1636 1671/1419/1637
f 1671/1419/1637 1687/1435/1653 1686/1434/1652
f 1687/1435/1653 1671/1419/1637 1672/1420/1638
f 1672/1420/1638 1688/1436/1654 1687/1435/1653
f 1688/1436/1654 1672/1420/1638 1673/1421/1639
f 1673/1421/1639 1689/1437/1655 1688/1436/1654
f 1689/1437/1655 1673/1421/1639 1674/1422/1640
f 1674/1422/1640 1690/1438/1656 1689/1437/1655
f 1692/1439/1657 1676/1423/1641 1675/1424/1642
f 1675/1424/1642 1691/1440/1658 1692/1439/1657
f 1691/1440/1658 1675/1424/1642 1677/1425/1643
f 1677/1425/1643 1693/1441/1659 1691/1440/1658
f 1693/1441/1659 1677/1425/1643 1678/1426/1644
f 1678/1426/1644 1694/1442/1660 1693/1441/1659
f 1694/1442/1660 1678/1426/1644 1679/1427/1645
f 1679/1427/1645 1695/1443/1661 1694/1442/1660
f 1695/1443/1661 1679/1427/1645 1680/1428/1646
f 1680/1428/1646 1696/1444/1662 1695/1443/1661
f 1696/1444/1662 1680/1428/1646 1681/1429/1647
f 1681/1429/1647 1697/1445/1663 1696/1444/1662
f 1697/1445/1663 1681/1429/1647 1682/1430/1648
f 1682/1430/1648 1698/1446/1664 1697/1445/1663
f 1698/1446/1664 1682/1430/1648 1683/1431/1649
f 1683/1431/1649 1699/1447/1665 1698/1446/1664
f 1699/1447/1665 1683/1431/1649 1684/1432/1650
f 1684/1432/1650 1700/1448/1666 1699/1447/1665
f 1700/1448/1666 1684/1432/1650 715/715/711
f 715/715/711 733/733/729 1700/1448/1666
f 734/734/730 716/716/712 1685/1433/1651
f 1685/1433/1651 1701/1449/1667 734/734/730
f 1701/1449/1667 1685/1433/1651 1686/1434/1652
f 1686/1434/1652 1702/1450/1668 1701/1449/1667
f 1702/1450/1668 1686/1434/1652 1687/1435/1653
f 1687/1435/1653 1703/1451/1669 1702/1450/1668
f 1703/1451/1669 1687/1435/1653 1688/1436/1654
f 1688/1436/1654 1704/1452/1670 1703/1451/1669
f 1704/1452/1670 1688/1436/1654 1689/1437/1655
f 1689/1437/1655 1705/1453/1671 1704/1452/1670
f 1705/1453/1671 1689/1437/1655 1690/1438/1656
f 1690/1438/1656 1706/1454/1672 1705/1453/1671
f 1708/1455/1673 1692/1439/1657 1691/1440/1658
f 1691/1440/1658 1707/1456/1674 1708/1455/1673
f 1707/1456/1674 1691/1440/1658 1693/1441/1659
f 1693/1441/1659 1709/1457/1675 1707/1456/1674
f 1709/1457/1675 1693/1441/1659 1694/1442/1660
f 1694/1442/1660 1710/1458/1676 1709/1457/1675
f 1710/1458/1676 1694/1442/1660 1695/1443/1661
f 1695/1443/1661 1711/1459/1677 1710/1458/1676
f 1711/1459/1677 1695/1443/1661 1696/1444/1662
f 1696/1444/1662 1712/1460/1678 1711/1459/1677
f 1712/1460/1678 1696/1444/1662 1697/1445/1663
f 1697/1445/1663 1713/1461/1679 1712/1460/1678
f 1713/1461/1679 1697/1445/1663 1698/1446/1664
f 1698/1446/1664 1714/1462/1680 1713/1461/1679
f 1714/1462/1680 1698/1446/1664 1699/1447/1665
f 1699/1447/1665 1715/1463/1681 1714/1462/1680
f 1715/1463/1681 1699/1447/1665 1700/1448/1666
f 1700/1448/1666 1716/1464/1682 1715/1463/1681
f 1716/1464/1682 1700/1448/1666 733/733/729
f 733/733/729 751/751/747 1716/1464/1682
f 752/752/748 734/734/730 1701/1449/1667
f 1701/1449/1667 1717/1465/1683 752/752/748
f 1717/1465/1683 1701/1449/1667 1702/1450/1668
f 1702/1450/1668 1718/1466/1684 1717/1465/1683
f 1718/1466/1684 1702/1450/1668 1703/1451/1669
f 1703/1451/1669 1719/1467/1685 1718/1466/1684
f 1719/1467/1685 1703/1451/1669 1704/1452/1670
f 1704/1452/1670 1720/1468/1686 1719/1467/1685
f 1720/1468/1686 1704/1452/1670 1705/1453/1671
f 1705/1453/1671 1721/1469/1687 1720/1468/1686
f 1721/1469/1687 1705/1453/1671 1706/1454/1672
f 1706/1454/1672 1722/1470/1688 1721/1469/1687
f 1724/1471/1689 1708/1455/1673 1707/1456/1674
f 1707/1456/1674 1723/1472/1690 1724/1471/1689
f 1723/1472/1690 1707/1456/1674 1709/1457/1675
f 1709/1457/1675 1725/1473/1691 1723/1472/1690
f 1725/1473/1691 1709/1457/1675 1710/1458/1676
f 1710/1458/1676 1726/1474/1692 1725/1473/1691
f 1726/1474/1692 1710/1458/1676 1711/1459/1677
f 1711/1459/1677 1727/1475/1693 1726/1474/1692
f 1727/1475/1693 1711/1459/1677 1712/1460/1678
f 1712/1460/1678 1728/1476/1694 1727/1475/1693
f 1728/1476/1694 1712/1460/1678 1713/1461/1679
f 1713/1461/1679 1729/1477/1695 1728/1476/1694
f 1729/1477/1695 1713/1461/1679 1714/1462/1680
f 1714/1462/1680 1730/1478/1696 1729/1477/1695
f 1730/1478/1696 1714/1462/1680 1715/1463/1681
f 1715/1463/1681 1731/1479/1697 1730/1478/1696
f 1731/1479/1697 1715/1463/1681 1716/1464/1682
f 1716/1464/1682 1732/1480/1698 1731/1479/1697
f 1732/1480/1698 1716/1464/1682 751/751/747
f 751/751/747 769/769/765 1732/1480/1698
f 770/770/766 752/752/748 1717/1465/1683
f 1717/1465/1683 1733/1481/1699 770/770/766
f 1733/1481/1699 1717/1465/1683 1718/1466/1684
f 1718/1466/1684 1734/1482/1700 1733/1481/1699
f 1734/1482/1700 1718/1466/1684 1719/1467/1685
f 1719/1467/1685 1735/1483/1701 1734/1482/1700
f 1735/1483/1701 1719/1467/1685 1720/1468/1686
f 1720/1468/1686 1736/1484/1702 1735/1483/1701
f 1736/1484/1702 1720/1468/1686 1721/1469/1687
f 1721/1469/1687 1737/1485/1703 1736/1484/1702
f 1737/1485/1703 1721/1469/1687 1722/1470/1688
f 1722/1470/1688 1738/1486/1704 1737/1485/1703
f 1740/1487/1705 1724/1471/1689 1723/1472/1690
f 1723/1472/1690 1739/1488/1706 1740/1487/1705
f 1739/1488/1706 1723/1472/1690 1725/1473/1691
f 1725/1473/1691 1741/1489/1707 1739/1488/1706
f 1741/1489/1707 1725/1473/1691 1726/1474/1692
f 1726/1474/1692 1742/1490/1708 1741/1489/1707
f 1742/1490/1708 1726/1474/1692 1727/1475/1693
f 1727/1475/1693 1743/1491/1709 1742/1490/1708
f 1743/1491/1709 1727/1475/1693 1728/1476/1694
f 1728/1476/1694 1744/1492/1710 1743/1491/1709
f 1744/1492/1710 1728/1476/1694 1729/1477/1695
f 1729/1477/1695 1745/1493/1711 1744/1492/1710
f 1745/1493/1711 1729/1477/1695 1730/1478/1696
f 1730/1478/1696 1746/1494/1712 1745/1493/1711
f 1746/1494/1712 1730/1478/1696 1731/1479/1697
f 1731/1479/1697 1747/1495/1713 1746/1494/1712
f 1747/1495/1713 1731/1479/1697 1732/1480/1698
f 1732/1480/1698 1748/1496/1714 1747/1495/1713
f 1748/1496/1714 1732/1480/1698 769/769/765
f 769/769/765 787/787/783 1748/1496/1714
f 788/788/784 770/770/766 1733/1481/1699
f 1733/1481/1699 1749/1497/1715 788/788/784
f 1749/1497/1715 1733/1481/1699 1734/1482/1700
f 1734/1482/1700 1750/1498/1716 1749/1497/1715
f 1750/1498/1716 1734/1482/1700 1735/1483/1701
f 1735/1483/1701 1751/1499/1717 1750/1498/1716
f 1751/1499/1717 1735/1483/1701 1736/1484/1702
f 1736/1484/1702 1752/1500/1718 1751/1499/1717
f 1752/1500/1718 1736/1484/1702 1737/1485/1703
f 1737/1485/1703 1753/1501/1719 1752/1500/1718
f 1753/1501/1719 1737/1485/1703 1738/1486/1704
f 1738/1486/1704 1754/1502/1720 1753/1501/1719
f 1756/1503/1721 1740/1487/1705 1739/1488/1706
f 1739/1488/1706 1755/1504/1722 1756/1503/1721
f 1755/1504/1722 1739/1488/1706 1741/1489/1707
f 1741/1489/1707 1757/1505/1723 1755/1504/1722
f 1757/1505/1723 1741/1489/1707 1742/1490/1708
f 1742/1490/1708 1758/1506/1724 1757/1505/1723
f 1758/1506/1724 1742/1490/1708 1743/1491/1709
f 1743/1491/1709 1759/1507/1725 1758/1506/1724
f 1759/1507/1725 1743/1491/1709 1744/1492/1710
f 1744/1492/1710 1760/1508/1726 1759/1507/1725
f 1760/1508/1726 1744/1492/1710 1745/1493/1711
f 1745/1493/1711 1761/1509/1727 1760/1508/1726
f 1761/1509/1727 1745/1493/1711 1746/1494/1712
f 1746/1494/1712 1762/1510/1728 1761/1509/1727
f 1762/1510/1728 1746/1494/1712 1747/1495/1713
f 1747/1495/1713 1763/1511/1729 1762/1510/1728
f 1763/1511/1729 1747/1495/1713 1748/1496/1714
f 1748/1496/1714 1764/1512/1730 1763/1511/1729
f 1764/1512/1730 1748/1496/1714 787/787/783
f 787/787/783 805/805/801 1764/1512/1730
f 806/806/802 788/788/784 1749/1497/1715
f 1749/1497/1715 1765/1513/1731 806/806/802
f 1765/1513/1731 1749/1497/1715 1750/1498/1716
f 1750/1498/1716 1766/1514/1732 1765/1513/1731
f 1766/1514/1732 1750/1498/1716 1751/1499/1717
f 1751/1499/1717 1767/1515/1733 1766/1514/1732
f 1767/1515/1733 1751/1499/1717 1752/1500/1718
f 1752/1500/1718 1768/1516/1734 1767/1515/1733
f 1768/1516/1734 1752/1500/1718 1753/1501/1719
f 1753/1501/1719 1769/1517/1735 1768/1516/1734
f 1769/1517/1735 1753/1501/1719 1754/1502/1720
f 1754/1502/1720 1770/1518/1736 1769/1517/1735
f 1772/1519/1737 1756/1503/1721 1755/1504/1722
f 1755/1504/1722 1771/1520/1738 1772/1519/1737
f 1771/1520/1738 1755/1504/1722 1757/1505/1723
f 1757/1505/1723 1773/1521/1739 1771/1520/1738
f 1773/1521/1739 1757/1505/1723 1758/1506/1724
f 1758/1506/1724 1774/1522/1740 1773/1521/1739
f 1774/1522/1740 1758/1506/1724 1759/1507/1725
f 1759/1507/1725 1775/1523/1741 1774/1522/1740
f 1775/1523/1741 1759/1507/1725 1760/1508/1726
f 1760/1508/1726 1776/1524/1742 1775/1523/1741
f 1776/1524/1742 1760/1508/1726 1761/1509/1727
f 1761/1509/1727 1777/1525/1743 1776/1524/1742
f 1777/1525/1743 1761/1509/1727 1762/1510/1728
f 1762/1510/1728 1778/1526/1744 1777/1525/1743
f 1778/1526/1744 1762/1510/1728 1763/1511/1729
f 1763/1511/1729 1779/1527/1745 1778/1526/1744
f 1779/1527/1745 1763/1511/1729 1764/1512/1730
f 1764/1512/1730 1780/1528/1746 1779/1527/1745
f 1780/1528/1746 1764/1512/1730 805/805/801
f 805/805/801 823/823/819 1780/1528/1746
f 824/824/820 806/806/802 1765/1513/1731
f 1765/1513/1731 1781/1529/1747 824/824/820
f 1781/1529/1747 1765/1513/1731 1766/1514/1732
f 1766/1514/1732 1782/1530/1748 1781/1529/1747
f 1782/1530/1748 1766/1514/1732 1767/1515/1733
f 1767/1515/1733 1783/1531/1749 1782/1530/1748
f 1783/1531/1749 1767/1515/1733 1768/1516/1734
f 1768/1516/1734 1784/1532/1750 1783/1531/1749
f 1784/1532/1750 1768/1516/1734 1769/1517/1735
f 1769/1517/1735 1785/1533/1751 1784/1532/1750
f 1785/1533/1751 1769/1517/1735 1770/1518/1736
f 1770/1518/1736 1786/1534/1752 1785/1533/1751
f 1788/1535/1753 1772/1519/1737 1771/1520/1738
f 1771/1520/1738 1787/1536/1754 1788/1535/1753
f 1787/1536/1754 1771/1520/1738 1773/1521/1739
f 1773/1521/1739 1789/1537/1755 1787/1536/1754
f 1789/1537/1755 1773/1521/1739 1774/1522/1740
f 1774/1522/1740 1790/1538/1756 1789/1537/1755
f 1790/1538/1756 1774/1522/1740 1775/1523/1741
f 1775/1523/1741 1791/1539/1757 1790/1538/1756
f 1791/1539/1757 1775/1523/1741 1776/1524/1742
f 1776/1524/1742 1792/1540/1758 1791/1539/1757
f 1792/1540/1758 1776/1524/1742 1777/1525/1743
f 1777/1525/1743 1793/1541/1759 1792/1540/1758
f 1793/1541/1759 1777/1525/1743 1778/1526/1744
f 1778/1526/1744 1794/1542/1760 1793/1541/1759
f 1794/1542/1760 1778/1526/1744 1779/1527/1745
f 1779/1527/1745 1795/1543/1761 1794/1542/1760
f 1795/1543/1761 1779/1527/1745 1780/1528/1746
f 1780/1528/1746 1796/1544/1762 1795/1543/1761
f 1796/1544/1762 1780/1528/1746 823/823/819
f 823/823/819 841/841/837 1796/1544/1762
f 1798/1545/1763 1784/1532/1750 1785/1533/1751
f 1785/1533/1751 1797/1546/1764 1798/1545/1763
f 1797/1546/1764 1785/1533/1751 1786/1534/1752
f 1786/1534/1752 1799/1547/1765 1797/1546/1764
f 1801/1548/1766 1788/1535/1753 1787/1536/1754
f 1787/1536/1754 1800/1549/1767 1801/1548/1766
f 1800/1549/1767 1787/1536/1754 1789/1537/1755
f 1789/1537/1755 1802/1550/1768 1800/1549/1767
f 1802/1550/1768 1789/1537/1755 1790/1538/1756
f 1790/1538/1756 1803/1551/1769 1802/1550/1768
f 1803/1551/1769 1790/1538/1756 1791/1539/1757
f 1791/1539/1757 1804/1552/1770 1803/1551/1769
f 1804/1552/1770 1791/1539/1757 1792/1540/1758
f 1792/1540/1758 1805/1553/1771 1804/1552/1770
f 1805/1553/1771 1792/1540/1758 1793/1541/1759
f 1793/1541/1759 1806/1554/1772 1805/1553/1771
f 1806/1554/1772 1793/1541/1759 1794/1542/1760
f 1794/1542/1760 1807/1555/1773 1806/1554/1772
f 1807/1555/1773 1794/1542/1760 1795/1543/1761
f 1795/1543/1761 1808/1556/1774 1807/1555/1773
f 1808/1556/1774 1795/1543/1761 1796/1544/1762
f 1796/1544/1762 1809/1557/1775 1808/1556/1774
f 1809/1557/1775 1796/1544/1762 841/841/837
f 841/841/837 855/855/851 1809/1557/1775
f 1811/1558/1776 1801/1548/1766 1800/1549/1767
f 1800/1549/1767 1810/1559/1777 1811/1558/1776
f 1810/1559/1777 1800/1549/1767 1802/1550/1768
f 1802/1550/1768 1812/1560/1778 1810/1559/1777
f 1812/1560/1778 1802/1550/1768 1803/1551/1769
f 1803/1551/1769 1813/1561/1779 1812/1560/1778
f 1813/1561/1779 1803/1551/1769 1804/1552/1770
f 1804/1552/1770 1814/1562/1780 1813/1561/1779
f 1814/1562/1780 1804/1552/1770 1805/1553/1771
f 1805/1553/1771 1815/1563/1781 1814/1562/1780
f 1816/862/1782 1817/864/1783 1818/863/1784
f 1816/862/1782 1819/865/1785 1817/864/1783
f 1816/862/1782 1820/866/1786 1819/865/1785
f 1816/862/1782 1821/867/1787 1820/866/1786
f 1816/862/1782 1822/868/1788 1821/867/1787
f 1816/862/1782 1823/869/1789 1822/868/1788
f 1816/862/1782 1824/870/1790 1823/869/1789
f 1816/862/1782 1825/871/1791 1824/870/1790
f 1816/862/1782 1826/872/1792 1825/871/1791
f 1816/862/1782 1827/873/1793 1826/872/1792
f 1816/862/1782 1828/874/1794 1827/873/1793
f 1816/862/1782 1829/875/1795 1828/874/1794
f 1816/862/1782 1830/876/1796 1829/875/1795
f 1816/862/1782 1831/877/1797 1830/876/1796
f 1816/862/1782 1832/878/1798 1831/877/1797
f 1816/862/1782 1833/879/1799 1832/878/1798
f 1816/862/1782 1834/880/1800 1833/879/1799
f 1816/862/1782 1835/881/1801 1834/880/1800
f 1816/862/1782 1836/882/1802 1835/881/1801
f 1816/862/1782 1837/883/1803 1836/882/1802
f 1816/862/1782 1838/884/1804 1837/883/1803
f 1816/862/1782 1839/885/1805 1838/884/1804
f 1816/862/1782 1840/886/1806 1839/885/1805
f 1816/862/1782 1841/887/1807 1840/886/1806
f 1816/862/1782 1842/888/1808 1841/887/1807
f 1816/862/1782 1843/889/1809 1842/888/1808
f 1816/862/1782 1844/890/1810 1843/889/1809
f 1816/862/1782 1845/891/1811 1844/890/1810
f 1816/862/1782 1846/892/1812 1845/891/1811
f 1816/862/1782 1847/893/1813 1846/892/1812
f 1816/862/1782 1848/894/1814 1847/893/1813
f 1816/862/1782 1818/863/1784 1848/894/1814
f 1850/895/1815 1818/863/1784 1817/864/1783
f 1817/864/1783 1849/896/1816 1850/895/1815
f 1849/896/1816 1817/864/1783 1819/865/1785
f 1819/865/1785 1851/897/1817 1849/896/1816
f 1851/897/1817 1819/865/1785 1820/866/1786
f 1820/866/1786 1852/898/1818 1851/897/1817
f 1852/898/1818 1820/866/1786 1821/867/1787
f 1821/867/1787 1853/899/1819 1852/898/1818
f 1853/899/1819 1821/867/1787 1822/868/1788
f 1822/868/1788 1854/900/1820 1853/899/1819
f 1854/900/1820 1822/868/1788 1823/869/1789
f 1823/869/1789 1855/901/1821 1854/900/1820
f 1855/901/1821 1823/869/1789 1824/870/1790
f 1824/870/1790 1856/902/1822 1855/901/1821
f 1856/902/1822 1824/870/1790 1825/871/1791
f 1825/871/1791 1857/903/1823 1856/902/1822
f 1857/903/1823 1825/871/1791 1826/872/1792
f 1826/872/1792 1858/904/1824 1857/903/1823
f 1858/904/1824 1826/872/1792 1827/873/1793
f 1827/873/1793 1859/905/1825 1858/904/1824
f 1859/905/1825 1827/873/1793 1828/874/1794
f 1828/874/1794 1860/906/1826 1859/905/1825
f 1860/906/1826 1828/874/1794 1829/875/1795
f 1829/875/1795 1861/907/1827 1860/906/1826
f 1861/907/1827 1829/875/1795 1830/876/1796
f 1830/876/1796 1862/908/1828 1861/907/1827
f 1862/908/1828 1830/876/1796 1831/877/1797
f 1831/877/1797 1863/909/1829 1862/908/1828
f 1863/909/1829 1831/877/1797 1832/878/1798
f 1832/878/1798 1864/910/1830 1863/909/1829
f 1864/910/1830 1832/878/1798 1833/879/1799
f 1833/879/1799 1865/911/1831 1864/910/1830
f 1865/911/1831 1833/879/1799 1834/880/1800
f 1834/880/1800 1866/912/1832 1865/911/1831
f 1866/912/1832 1834/880/1800 1835/881/1801
f 1835/881/1801 1867/913/1833 1866/912/1832
f 1867/913/1833 1835/881/1801 1836/882/1802
f 1836/882/1802 1868/914/1834 1867/913/1833
f 1868/914/1834 1836/882/1802 1837/883/1803
f 1837/883/1803 1869/915/1835 1868/914/1834
f 1869/915/1835 1837/883/1803 1838/884/1804
f 1838/884/1804 1870/916/1836 1869/915/1835
f 1870/916/1836 1838/884/1804 1839/885/1805
f 1839/885/1805 1871/917/1837 1870/916/1836
f 1871/917/1837 1839/885/1805 1840/886/1806
f 1840/886/1806 1872/918/1838 1871/917/1837
f 1872/918/1838 1840/886/1806 1841/887/1807
f 1841/887/1807 1873/919/1839 1872/918/1838
f 1873/919/1839 1841/887/1807 1842/888/1808
f 1842/888/1808 1874/920/1840 1873/919/1839
f 1874/920/1840 1842/888/1808 1843/889/1809
f 1843/889/1809 1875/921/1841 1874/920/1840
f 1875/921/1841 1843/889/1809 1844/890/1810
f 1844/890/1810 1876/922/1842 1875/921/1841
f 1876/922/1842 1844/890/1810 1845/891/1811
f 1845/891/1811 1877/923/1843 1876/922/1842
f 1877/923/1843 1845/891/1811 1846/892/1812
f 1846/892/1812 1878/924/1844 1877/923/1843
f 1878/924/1844 1846/892/1812 1847/893/1813
f 1847/893/1813 1879/925/1845 1878/924/1844
f 1879/925/1845 1847/893/1813 1848/894/1814
f 1848/894/1814 1880/926/1846 1879/925/1845
f 1880/926/1846 1848/894/1814 1818/863/1784
f 1818/863/1784 1850/895/1815 1880/926/1846
f 1882/927/1847 1850/895/1815 1849/896/1816
f 1849/896/1816 1881/928/1848 1882/927/1847
f 1881/928/1848 1849/896/1816 1851/897/1817
f 1851/897/1817 1883/929/1849 1881/928/1848
f 1883/929/1849 1851/897/1817 1852/898/1818
f 1852/898/1818 1884/930/1850 1883/929/1849
f 1884/930/1850 1852/898/1818 1853/899/1819
f 1853/899/1819 1885/931/1851 1884/930/1850
f 1885/931/1851 1853/899/1819 1854/900/1820
f 1854/900/1820 1886/932/1852 1885/931/1851
f 1886/932/1852 1854/900/1820 1855/901/1821
f 1855/901/1821 1887/933/1853 1886/932/1852
f 1887/933/1853 1855/901/1821 1856/902/1822
f 1856/902/1822 1888/934/1854 1887/933/1853
f 1888/934/1854 1856/902/1822 1857/903/1823
f 1857/903/1823 1889/935/1855 1888/934/1854
f 1889/935/1855 1857/903/1823 1858/904/1824
f 1858/904/1824 1890/936/1856 1889/935/1855
f 1890/936/1856 1858/904/1824 1859/905/1825
f 1859/905/1825 1891/937/1857 1890/936/1856
f 1891/937/1857 1859/905/1825 1860/906/1826
f 1860/906/1826 1892/938/1858 1891/937/1857
f 1892/938/1858 1860/906/1826 1861/907/1827
f 1861/907/1827 1893/939/1859 1892/938/1858
f 1893/939/1859 1861/907/1827 1862/908/1828
f 1862/908/1828 1894/940/1860 1893/939/1859
f 1894/940/1860 1862/908/1828 1863/909/1829
f 1863/909/1829 1895/941/1861 1894/940/1860
f 1895/941/1861 1863/909/1829 1864/910/1830
f 1864/910/1830 1896/942/1862 1895/941/1861
f 1896/942/1862 1864/910/1830 1865/911/1831
f 1865/911/1831 1897/943/1863 1896/942/1862
f 1897/943/1863 1865/911/1831 1866/912/1832
f 1866/912/1832 1898/944/1864 1897/943/1863
f 1898/944/1864 1866/912/1832 1867/913/1833
f 1867/913/1833 1899/945/1865 1898/944/1864
f 1899/945/1865 1867/913/1833 1868/914/1834
f 1868/914/1834 1900/946/1866 1899/945/1865
f 1900/946/1866 1868/914/1834 1869/915/1835
f 1869/915/1835 1901/947/1867 1900/946/1866
f 1901/947/1867 1869/915/1835 1870/916/1836
f 1870/916/1836 1902/948/1868 1901/947/1867
f 1902/948/1868 1870/916/1836 1871/917/1837
f 1871/917/1837 1903/949/1869 1902/948/1868
f 1903/949/1869 1871/917/1837 1872/918/1838
f 1872/918/1838 1904/950/1870 1903/949/1869
f 1904/950/1870 1872/918/1838 1873/919/1839
f 1873/919/1839 1905/951/1871 1904/950/1870
f 1905/951/1871 1873/919/1839 1874/920/1840
f 1874/920/1840 1906/952/1872 1905/951/1871
f 1906/952/1872 1874/920/1840 1875/921/1841
f 1875/921/1841 1907/953/1873 1906/952/1872
f 1907/953/1873 1875/921/1841 1876/922/1842
f 1876/922/1842 1908/954/1874 1907/953/1873
f 1908/954/1874 1876/922/1842 1877/923/1843
f 1877/923/1843 1909/955/1875 1908/954/1874
f 1909/955/1875 1877/923/1843 1878/924/1844
f 1878/924/1844 1910/956/1876 1909/955/1875
f 1910/956/1876 1878/924/1844 1879/925/1845
f 1879/925/1845 1911/957/1877 1910/956/1876
f 1911/957/1877 1879/925/1845 1880/926/1846
f 1880/926/1846 1912/958/1878 1911/957/1877
f 1912/958/1878 1880/926/1846 1850/895/1815
f 1850/895/1815 1882/927/1847 1912/958/1878
f 1914/959/1879 1882/927/1847 1881/928/1848
f 1881/928/1848 1913/960/1880 1914/959/1879
f 1913/960/1880 1881/928/1848 1883/929/1849
f 1883/929/1849 1915/961/1881 1913/960/1880
f 1915/961/1881 1883/929/1849 1884/930/1850
f 1884/930/1850 1916/962/1882 1915/961/1881
f 1916/962/1882 1884/930/1850 1885/931/1851
f 1885/931/1851 1917/963/1883 1916/962/1882
f 1917/963/1883 1885/931/1851 1886/932/1852
f 1886/932/1852 1918/964/1884 1917/963/1883
f 1918/964/1884 1886/932/1852 1887/933/1853
f 1887/933/1853 1919/965/1885 1918/964/1884
f 1919/965/1885 1887/933/1853 1888/934/1854
f 1888/934/1854 1920/966/1886 1919/965/1885
f 1920/966/1886 1888/934/1854 1889/935/1855
f 1889/935/1855 1921/967/1887 1920/966/1886
f 1921/967/1887 1889/935/1855 1890/936/1856
f 1890/936/1856 1922/968/1888 1921/967/1887
f 1922/968/1888 1890/936/1856 1891/937/1857
f 1891/937/1857 1923/969/1889 1922/968/1888
f 1923/969/1889 1891/937/1857 1892/938/1858
f 1892/938/1858 1924/970/1890 1923/969/1889
f 1924/970/1890 1892/938/1858 1893/939/1859
f 1893/939/1859 1925/971/1891 1924/970/1890
f 1925/971/1891 1893/939/1859 1894/940/1860
f 1894/940/1860 1926/972/1892 1925/971/1891
f 1926/972/1892 1894/940/1860 1895/941/1861
f 1895/941/1861 1927/973/1893 1926/972/1892
f 1927/973/1893 1895/941/1861 1896/942/1862
f 1896/942/1862 1928/974/1894 1927/973/1893
f 1928/974/1894 1896/942/1862 1897/943/1863
f 1897/943/1863 1929/975/1895 1928/974/1894
f 1929/975/1895 1897/943/1863 1898/944/1864
f 1898/944/1864 1930/976/1896 1929/975/1895
f 1930/976/1896 1898/944/1864 1899/945/1865
f 1899/945/1865 1931/977/1897 1930/976/1896
f 1931/977/1897 1899/945/1865 1900/946/1866
f 1900/946/1866 1932/978/1898 1931/977/1897
f 1932/978/1898 1900/946/1866 1901/947/1867
f 1901/947/1867 1933/979/1899 1932/978/1898
f 1933/979/1899 1901/947/1867 1902/948/1868
f 1902/948/1868 1934/980/1900 1933/979/1899
f 1934/980/1900 1902/948/1868 1903/949/1869
f 1903/949/1869 1935/981/1901 1934/980/1900
f 1935/981/1901 1903/949/1869 1904/950/1870
f 1904/950/1870 1936/982/1902 1935/981/1901
f 1936/982/1902 1904/950/1870 1905/951/1871
f 1905/951/1871 1937/983/1903 1936/982/1902
f 1937/983/1903 1905/951/1871 1906/952/1872
f 1906/952/1872 1938/984/1904 1937/983/1903
f 1938/984/1904 1906/952/1872 1907/953/1873
f 1907/953/1873 1939/985/1905 1938/984/1904
f 1939/985/1905 1907/953/1873 1908/954/1874
f 1908/954/1874 1940/986/1906 1939/985/1905
f 1940/986/1906 1908/954/1874 1909/955/1875
f 1909/955/1875 1941/987/1907 1940/986/1906
f 1941/987/1907 1909/955/1875 1910/956/1876
f 1910/956/1876 1942/988/1908 1941/987/1907
f 1942/988/1908 1910/956/1876 1911/957/1877
f 1911/957/1877 1943/989/1909 1942/988/1908
f 1943/989/1909 1911/957/1877 1912/958/1878
f 1912/958/1878 1944/990/1910 1943/989/1909
f 1944/990/1910 1912/958/1878 1882/927/1847
f 1882/927/1847 1914/959/1879 1944/990/1910
f 1197/1197/206 1945/1564/988 1946/1565/1911
f 1946/1565/1911 1196/1196/1175 1197/1197/206
f 1950/1566/989 1947/1567/992 1948/1568/1912
f 1948/1568/1912 1949/1569/1913 1950/1566/989
f 1949/1569/1913 1948/1568/1912 1951/1570/1914
f 1951/1570/1914 1952/1571/1915 1949/1569/1913
f 1199/1200/1178 1948/1568/1912 1947/1567/992
f 1947/1567/992 1202/1202/211 1199/1200/1178
f 1948/1568/1912 1199/1200/1178 1198/1199/1177
f 1198/1199/1177 1951/1570/1914 1948/1568/1912
f 1192/1193/1172 1191/1192/1171 1194/1194/1173
f 1194/1194/1173 1206/1204/1180 1192/1193/1172
f 1953/1572/1916 1195/1195/1174 1196/1196/1175
f 1196/1196/1175 1946/1565/1911 1953/1572/1916
f 1952/1571/1915 1953/1572/1916 1946/1565/1911
f 1946/1565/1911 1949/1569/1913 1952/1571/1915
f 1949/1569/1913 1946/1565/1911 1945/1564/988
f 1945/1564/988 1950/1566/989 1949/1569/1913
f 1195/1195/1174 1953/1572/1916 1204/1205/1181
f 1204/1205/1181 1194/1194/1173 1195/1195/1174
f 1953/1572/1916 1952/1571/1915 1207/1207/1183
f 1207/1207/1183 1204/1205/1181 1953/1572/1916
f 1207/1207/1183 1952/1571/1915 1951/1570/1914
f 1951/1570/1914 1209/1209/1185 1207/1207/1183
f 1209/1209/1185 1951/1570/1914 1198/1199/1177
f 1198/1199/1177 1201/1198/1176 1209/1209/1185
f 1022/1022/1017 1008/1008/1004 1007/1007/1003
f 1007/1007/1003 1024/1023/1018 1022/1022/1017
f 1037/1037/1031 1022/1022/1017 1024/1023/1018
f 1024/1023/1018 1039/1038/1032 1037/1037/1031
f 1052/1052/1045 1037/1037/1031 1039/1038/1032
f 1039/1038/1032 1054/1053/1046 1052/1052/1045
f 1067/1067/1059 1052/1052/1045 1054/1053/1046
f 1054/1053/1046 1069/1068/1060 1067/1067/1059
f 1082/1082/1074 1067/1067/1059 1069/1068/1060
f 1069/1068/1060 1084/1083/1075 1082/1082/1074
f 1097/1097/1088 1082/1082/1074 1084/1083/1075
f 1084/1083/1075 1099/1098/1089 1097/1097/1088
f 1112/1112/1102 1097/1097/1088 1099/1098/1089
f 1099/1098/1089 1114/1113/1103 1112/1112/1102
f 1126/1126/1116 1112/1112/1102 1114/1113/1103
f 1114/1113/1103 1128/1127/1117 1126/1126/1116
f 1144/1144/1131 1126/1126/1116 1128/1127/1117
f 1128/1127/1117 1146/1145/1132 1144/1144/1131
f 1167/1167/1150 1166/1166/1149 1168/1169/1132
f 1168/1169/1132 1171/1168/1151 1167/1167/1150
f 1189/1189/1168 1167/1167/1150 1171/1168/1151
f 1171/1168/1151 1193/1190/1169 1189/1189/1168
f 1221/1221/1196 1189/1189/1168 1193/1190/1169
f 1193/1190/1169 1223/1222/1197 1221/1221/1196
f 1240/1239/1213 1238/1238/1212 1221/1221/1196
f 1221/1221/1196 1223/1222/1197 1240/1239/1213
f 1257/1256/1229 1255/1255/1228 1238/1238/1212
f 1238/1238/1212 1240/1239/1213 1257/1256/1229
f 1274/1273/1246 1272/1272/1245 1255/1255/1228
f 1255/1255/1228 1257/1256/1229 1274/1273/1246
f 1291/1290/1262 1289/1289/1261 1272/1272/1245
f 1272/1272/1245 1274/1273/1246 1291/1290/1262
f 1308/1307/1278 1306/1306/1277 1289/1289/1261
f 1289/1289/1261 1291/1290/1262 1308/1307/1278
f 1323/1323/1293 1306/1306/1277 1308/1307/1278
f 1308/1307/1278 1325/1324/1294 1323/1323/1293
f 1340/1340/1309 1323/1323/1293 1325/1324/1294
f 1325/1324/1294 1342/1341/1310 1340/1340/1309
f 1357/1357/1326 1340/1340/1309 1342/1341/1310
f 1342/1341/1310 1359/1358/1327 1357/1357/1326
f 1374/1374/1342 1357/1357/1326 1359/1358/1327
f 1359/1358/1327 1376/1375/1343 1374/1374/1342
f 1391/1391/1358 1374/1374/1342 1376/1375/1343
f 1376/1375/1343 1393/1392/1359 1391/1391/1358
f 1/1/1 1008/1008/1004 1006/1006/1002
f 1170/1171/1152 1190/1191/1170 1193/1190/1169
f 1193/1190/1169 1171/1168/1151 1170/1171/1152
f 1190/1191/1170 1170/1171/1152 1173/1173/1154
f 1173/1173/1154 1191/1192/1171 1190/1191/1170
f 425/425/421 1391/1391/1358 1393/1392/1359
